{
    "predict_GPE_f1": 0.754259408665939,
    "predict_GPE_number": 20409,
    "predict_GPE_precision": 0.7312842221506465,
    "predict_GPE_recall": 0.7787250722720368,
    "predict_actor_f1": 0.6353331490185237,
    "predict_actor_number": 1638,
    "predict_actor_precision": 0.5805962607377463,
    "predict_actor_recall": 0.7014652014652014,
    "predict_airplane_f1": 0.5195901145268234,
    "predict_airplane_number": 794,
    "predict_airplane_precision": 0.4982658959537572,
    "predict_airplane_recall": 0.5428211586901763,
    "predict_airport_f1": 0.7007874015748031,
    "predict_airport_number": 364,
    "predict_airport_precision": 0.6708542713567839,
    "predict_airport_recall": 0.7335164835164835,
    "predict_artist/author_f1": 0.4975758415292977,
    "predict_artist/author_number": 3464,
    "predict_artist/author_precision": 0.47829560585885483,
    "predict_artist/author_recall": 0.5184757505773672,
    "predict_astronomything_f1": 0.5944827586206897,
    "predict_astronomything_number": 678,
    "predict_astronomything_precision": 0.5582901554404145,
    "predict_astronomything_recall": 0.6356932153392331,
    "predict_athlete_f1": 0.7479568486433474,
    "predict_athlete_number": 2907,
    "predict_athlete_precision": 0.7125506072874493,
    "predict_athlete_recall": 0.7870657034743722,
    "predict_attack/battle/war/militaryconflict_f1": 0.5875660300690776,
    "predict_attack/battle/war/militaryconflict_number": 1099,
    "predict_attack/battle/war/militaryconflict_precision": 0.5308370044052864,
    "predict_attack/battle/war/militaryconflict_recall": 0.6578707916287534,
    "predict_award_f1": 0.446313706086096,
    "predict_award_number": 941,
    "predict_award_precision": 0.41759259259259257,
    "predict_award_recall": 0.47927736450584485,
    "predict_biologything_f1": 0.49262152777777773,
    "predict_biologything_number": 1875,
    "predict_biologything_precision": 0.41529454811562383,
    "predict_biologything_recall": 0.6053333333333333,
    "predict_bodiesofwater_f1": 0.6195737963693765,
    "predict_bodiesofwater_number": 1169,
    "predict_bodiesofwater_precision": 0.575091575091575,
    "predict_bodiesofwater_recall": 0.6715141146278871,
    "predict_broadcastprogram_f1": 0.3343419062027232,
    "predict_broadcastprogram_number": 605,
    "predict_broadcastprogram_precision": 0.3082287308228731,
    "predict_broadcastprogram_recall": 0.3652892561983471,
    "predict_car_f1": 0.5900079302141158,
    "predict_car_number": 688,
    "predict_car_precision": 0.6492146596858639,
    "predict_car_recall": 0.5406976744186046,
    "predict_chemicalthing_f1": 0.4175050301810865,
    "predict_chemicalthing_number": 1014,
    "predict_chemicalthing_precision": 0.4260780287474333,
    "predict_chemicalthing_recall": 0.40927021696252464,
    "predict_company_f1": 0.5667419469868061,
    "predict_company_number": 3903,
    "predict_company_precision": 0.5286031042128603,
    "predict_company_recall": 0.6108121957468614,
    "predict_currency_f1": 0.6475164572112507,
    "predict_currency_number": 799,
    "predict_currency_precision": 0.6204128440366973,
    "predict_currency_recall": 0.6770963704630788,
    "predict_director_f1": 0.4434719183078045,
    "predict_director_number": 554,
    "predict_director_precision": 0.37209302325581395,
    "predict_director_recall": 0.5487364620938628,
    "predict_disaster_f1": 0.31805929919137466,
    "predict_disaster_number": 207,
    "predict_disaster_precision": 0.3597560975609756,
    "predict_disaster_recall": 0.28502415458937197,
    "predict_disease_f1": 0.4932781799379524,
    "predict_disease_number": 750,
    "predict_disease_precision": 0.4028716216216216,
    "predict_disease_recall": 0.636,
    "predict_education_f1": 0.6656165616561657,
    "predict_education_number": 2082,
    "predict_education_precision": 0.6261642675698561,
    "predict_education_recall": 0.7103746397694525,
    "predict_educationaldegree_f1": 0.4024844720496894,
    "predict_educationaldegree_number": 367,
    "predict_educationaldegree_precision": 0.3698630136986301,
    "predict_educationaldegree_recall": 0.44141689373297005,
    "predict_election_f1": 0.07494145199063232,
    "predict_election_number": 184,
    "predict_election_precision": 0.06584362139917696,
    "predict_election_recall": 0.08695652173913043,
    "predict_film_f1": 0.512,
    "predict_film_number": 759,
    "predict_film_precision": 0.48036951501154734,
    "predict_film_recall": 0.5480895915678524,
    "predict_food_f1": 0.40454545454545454,
    "predict_food_number": 432,
    "predict_food_precision": 0.30067567567567566,
    "predict_food_recall": 0.6180555555555556,
    "predict_game_f1": 0.5194274028629857,
    "predict_game_number": 496,
    "predict_game_precision": 0.5269709543568465,
    "predict_game_recall": 0.5120967741935484,
    "predict_god_f1": 0.448943661971831,
    "predict_god_number": 635,
    "predict_god_precision": 0.5089820359281437,
    "predict_god_recall": 0.4015748031496063,
    "predict_government/governmentagency_f1": 0.23220973782771534,
    "predict_government/governmentagency_number": 1535,
    "predict_government/governmentagency_precision": 0.20816115702479338,
    "predict_government/governmentagency_recall": 0.2625407166123778,
    "predict_hospital_f1": 0.5847347994825356,
    "predict_hospital_number": 364,
    "predict_hospital_precision": 0.5525672371638142,
    "predict_hospital_recall": 0.6208791208791209,
    "predict_hotel_f1": 0.5457627118644067,
    "predict_hotel_number": 265,
    "predict_hotel_precision": 0.49538461538461537,
    "predict_hotel_recall": 0.6075471698113207,
    "predict_island_f1": 0.5312,
    "predict_island_number": 646,
    "predict_island_precision": 0.5496688741721855,
    "predict_island_recall": 0.5139318885448917,
    "predict_language_f1": 0.5771958537915984,
    "predict_language_number": 753,
    "predict_language_precision": 0.4898148148148148,
    "predict_language_recall": 0.702523240371846,
    "predict_law_f1": 0.3733794295592048,
    "predict_law_number": 488,
    "predict_law_precision": 0.32286995515695066,
    "predict_law_recall": 0.4426229508196721,
    "predict_library_f1": 0.55906432748538,
    "predict_library_number": 357,
    "predict_library_precision": 0.4799196787148594,
    "predict_library_recall": 0.6694677871148459,
    "predict_livingthing_f1": 0.5410526315789473,
    "predict_livingthing_number": 865,
    "predict_livingthing_precision": 0.4966183574879227,
    "predict_livingthing_recall": 0.5942196531791908,
    "predict_loss": 0.5273036956787109,
    "predict_media/newspaper_f1": 0.5156985871271587,
    "predict_media/newspaper_number": 1234,
    "predict_media/newspaper_precision": 0.5,
    "predict_media/newspaper_recall": 0.5324149108589952,
    "predict_medical_f1": 0.4005602240896359,
    "predict_medical_number": 397,
    "predict_medical_precision": 0.45110410094637227,
    "predict_medical_recall": 0.3602015113350126,
    "predict_mountain_f1": 0.5582067968185104,
    "predict_mountain_number": 681,
    "predict_mountain_precision": 0.5498575498575499,
    "predict_mountain_recall": 0.566813509544787,
    "predict_music_f1": 0.6028531983433042,
    "predict_music_number": 1041,
    "predict_music_precision": 0.5786219081272085,
    "predict_music_recall": 0.6292026897214217,
    "predict_other_f1": 0.4328055039860216,
    "predict_other_number": 21035,
    "predict_other_precision": 0.4003232323232323,
    "predict_other_recall": 0.47102448300451627,
    "predict_overall_accuracy": 0.896682496357434,
    "predict_overall_f1": 0.547169084730098,
    "predict_overall_precision": 0.5127198917456022,
    "predict_overall_recall": 0.586580935474549,
    "predict_painting_f1": 0.0,
    "predict_painting_number": 58,
    "predict_painting_precision": 0.0,
    "predict_painting_recall": 0.0,
    "predict_park_f1": 0.3953488372093023,
    "predict_park_number": 458,
    "predict_park_precision": 0.33484848484848484,