{
    "predict_GPE_f1": 0.7587729711762193,
    "predict_GPE_number": 20409,
    "predict_GPE_precision": 0.7360541710811185,
    "predict_GPE_recall": 0.7829388995051203,
    "predict_actor_f1": 0.660058309037901,
    "predict_actor_number": 1638,
    "predict_actor_precision": 0.6316964285714286,
    "predict_actor_recall": 0.6910866910866911,
    "predict_airplane_f1": 0.524317912218268,
    "predict_airplane_number": 794,
    "predict_airplane_precision": 0.49551569506726456,
    "predict_airplane_recall": 0.5566750629722922,
    "predict_airport_f1": 0.6439909297052154,
    "predict_airport_number": 364,
    "predict_airport_precision": 0.5482625482625483,
    "predict_airport_recall": 0.7802197802197802,
    "predict_artist/author_f1": 0.5251154734411085,
    "predict_artist/author_number": 3464,
    "predict_artist/author_precision": 0.5251154734411085,
    "predict_artist/author_recall": 0.5251154734411085,
    "predict_astronomything_f1": 0.5892735913102513,
    "predict_astronomything_number": 678,
    "predict_astronomything_precision": 0.5459119496855346,
    "predict_astronomything_recall": 0.640117994100295,
    "predict_athlete_f1": 0.7694321714940271,
    "predict_athlete_number": 2907,
    "predict_athlete_precision": 0.7337702871410736,
    "predict_athlete_recall": 0.8087375300997592,
    "predict_attack/battle/war/militaryconflict_f1": 0.5874641540352314,
    "predict_attack/battle/war/militaryconflict_number": 1099,
    "predict_attack/battle/war/militaryconflict_precision": 0.5342771982116244,
    "predict_attack/battle/war/militaryconflict_recall": 0.6524112829845314,
    "predict_award_f1": 0.4145124716553288,
    "predict_award_number": 941,
    "predict_award_precision": 0.3615506329113924,
    "predict_award_recall": 0.485653560042508,
    "predict_biologything_f1": 0.5110552763819096,
    "predict_biologything_number": 1875,
    "predict_biologything_precision": 0.4831353919239905,
    "predict_biologything_recall": 0.5424,
    "predict_bodiesofwater_f1": 0.6191480388021932,
    "predict_bodiesofwater_number": 1169,
    "predict_bodiesofwater_precision": 0.610648918469218,
    "predict_bodiesofwater_recall": 0.6278870829769033,
    "predict_broadcastprogram_f1": 0.35166666666666674,
    "predict_broadcastprogram_number": 605,
    "predict_broadcastprogram_precision": 0.3546218487394958,
    "predict_broadcastprogram_recall": 0.3487603305785124,
    "predict_car_f1": 0.5910326086956521,
    "predict_car_number": 688,
    "predict_car_precision": 0.5548469387755102,
    "predict_car_recall": 0.6322674418604651,
    "predict_chemicalthing_f1": 0.33031674208144796,
    "predict_chemicalthing_number": 1014,
    "predict_chemicalthing_precision": 0.38726790450928383,
    "predict_chemicalthing_recall": 0.2879684418145957,
    "predict_company_f1": 0.5687103594080337,
    "predict_company_number": 3903,
    "predict_company_precision": 0.5250487963565387,
    "predict_company_recall": 0.6202920830130668,
    "predict_currency_f1": 0.6748329621380847,
    "predict_currency_number": 799,
    "predict_currency_precision": 0.6078234704112337,
    "predict_currency_recall": 0.7584480600750939,
    "predict_director_f1": 0.41200545702592084,
    "predict_director_number": 554,
    "predict_director_precision": 0.33114035087719296,
    "predict_director_recall": 0.5451263537906137,
    "predict_disaster_f1": 0.36697247706422015,
    "predict_disaster_number": 207,
    "predict_disaster_precision": 0.34934497816593885,
    "predict_disaster_recall": 0.3864734299516908,
    "predict_disease_f1": 0.5041908446163765,
    "predict_disease_number": 750,
    "predict_disease_precision": 0.48813982521847693,
    "predict_disease_recall": 0.5213333333333333,
    "predict_education_f1": 0.6616575591985429,
    "predict_education_number": 2082,
    "predict_education_precision": 0.629004329004329,
    "predict_education_recall": 0.6978866474543708,
    "predict_educationaldegree_f1": 0.3920335429769392,
    "predict_educationaldegree_number": 367,
    "predict_educationaldegree_precision": 0.3185689948892675,
    "predict_educationaldegree_recall": 0.5095367847411444,
    "predict_election_f1": 0.20425531914893616,
    "predict_election_number": 184,
    "predict_election_precision": 0.16783216783216784,
    "predict_election_recall": 0.2608695652173913,
    "predict_film_f1": 0.46270396270396275,
    "predict_film_number": 759,
    "predict_film_precision": 0.4148380355276907,
    "predict_film_recall": 0.5230566534914362,
    "predict_food_f1": 0.3838951310861423,
    "predict_food_number": 432,
    "predict_food_precision": 0.3223270440251572,
    "predict_food_recall": 0.47453703703703703,
    "predict_game_f1": 0.21709633649932153,
    "predict_game_number": 496,
    "predict_game_precision": 0.33195020746887965,
    "predict_game_recall": 0.16129032258064516,
    "predict_god_f1": 0.5029940119760479,
    "predict_god_number": 635,
    "predict_god_precision": 0.43548387096774194,
    "predict_god_recall": 0.5952755905511811,
    "predict_government/governmentagency_f1": 0.3041156142004398,
    "predict_government/governmentagency_number": 1535,
    "predict_government/governmentagency_precision": 0.2936893203883495,
    "predict_government/governmentagency_recall": 0.31530944625407165,
    "predict_hospital_f1": 0.5545335085413928,
    "predict_hospital_number": 364,
    "predict_hospital_precision": 0.5314861460957179,
    "predict_hospital_recall": 0.5796703296703297,
    "predict_hotel_f1": 0.5438282647584973,
    "predict_hotel_number": 265,
    "predict_hotel_precision": 0.5170068027210885,
    "predict_hotel_recall": 0.5735849056603773,
    "predict_island_f1": 0.48714285714285716,
    "predict_island_number": 646,
    "predict_island_precision": 0.45225464190981435,
    "predict_island_recall": 0.5278637770897833,
    "predict_language_f1": 0.61301775147929,
    "predict_language_number": 753,
    "predict_language_precision": 0.5528281750266809,
    "predict_language_recall": 0.6879150066401063,
    "predict_law_f1": 0.42823156225218084,
    "predict_law_number": 488,
    "predict_law_precision": 0.34928848641655885,
    "predict_law_recall": 0.5532786885245902,
    "predict_library_f1": 0.536352800953516,
    "predict_library_number": 357,
    "predict_library_precision": 0.46680497925311204,
    "predict_library_recall": 0.6302521008403361,
    "predict_livingthing_f1": 0.5399278722308088,
    "predict_livingthing_number": 865,
    "predict_livingthing_precision": 0.48698884758364314,
    "predict_livingthing_recall": 0.6057803468208093,
    "predict_loss": 0.6005697846412659,
    "predict_media/newspaper_f1": 0.511166253101737,
    "predict_media/newspaper_number": 1234,
    "predict_media/newspaper_precision": 0.5219594594594594,
    "predict_media/newspaper_recall": 0.5008103727714749,
    "predict_medical_f1": 0.29777777777777775,
    "predict_medical_number": 397,
    "predict_medical_precision": 0.21091290661070305,
    "predict_medical_recall": 0.5062972292191436,
    "predict_mountain_f1": 0.5025641025641026,
    "predict_mountain_number": 681,
    "predict_mountain_precision": 0.5014619883040936,
    "predict_mountain_recall": 0.5036710719530103,
    "predict_music_f1": 0.5660018993352326,
    "predict_music_number": 1041,
    "predict_music_precision": 0.5596244131455399,
    "predict_music_recall": 0.5725264169068204,
    "predict_other_f1": 0.4400363886485167,
    "predict_other_number": 21035,
    "predict_other_precision": 0.41258217525172675,
    "predict_other_recall": 0.47140480152127406,
    "predict_overall_accuracy": 0.8962460398630265,
    "predict_overall_f1": 0.5540296489449033,
    "predict_overall_precision": 0.520581135773789,
    "predict_overall_recall": 0.592071584857367,
    "predict_painting_f1": 0.0,
    "predict_painting_number": 58,
    "predict_painting_precision": 0.0,
    "predict_painting_recall": 0.0,
    "predict_park_f1": 0.34108527131782945,
    "predict_park_number": 458,