{
    "predict_GPE_f1": 0.7395326882227992,
    "predict_GPE_number": 20409,
    "predict_GPE_precision": 0.7134010290970356,
    "predict_GPE_recall": 0.7676515262874222,
    "predict_actor_f1": 0.6254567600487211,
    "predict_actor_number": 1638,
    "predict_actor_precision": 0.6239368165249088,
    "predict_actor_recall": 0.626984126984127,
    "predict_airplane_f1": 0.49524940617577196,
    "predict_airplane_number": 794,
    "predict_airplane_precision": 0.46853932584269664,
    "predict_airplane_recall": 0.5251889168765743,
    "predict_airport_f1": 0.591812865497076,
    "predict_airport_number": 364,
    "predict_airport_precision": 0.515274949083503,
    "predict_airport_recall": 0.695054945054945,
    "predict_artist/author_f1": 0.5390571933161254,
    "predict_artist/author_number": 3464,
    "predict_artist/author_precision": 0.5091095714652296,
    "predict_artist/author_recall": 0.5727482678983834,
    "predict_astronomything_f1": 0.5988286969253294,
    "predict_astronomything_number": 678,
    "predict_astronomything_precision": 0.5944767441860465,
    "predict_astronomything_recall": 0.6032448377581121,
    "predict_athlete_f1": 0.7665822784810126,
    "predict_athlete_number": 2907,
    "predict_athlete_precision": 0.7524850894632207,
    "predict_athlete_recall": 0.7812177502579979,
    "predict_attack/battle/war/militaryconflict_f1": 0.6036113499570077,
    "predict_attack/battle/war/militaryconflict_number": 1099,
    "predict_attack/battle/war/militaryconflict_precision": 0.5721271393643031,
    "predict_attack/battle/war/militaryconflict_recall": 0.6387625113739763,
    "predict_award_f1": 0.44596443228454175,
    "predict_award_number": 941,
    "predict_award_precision": 0.39057507987220447,
    "predict_award_recall": 0.5196599362380446,
    "predict_biologything_f1": 0.5389048991354467,
    "predict_biologything_number": 1875,
    "predict_biologything_precision": 0.49017038007863695,
    "predict_biologything_recall": 0.5984,
    "predict_bodiesofwater_f1": 0.5979550102249488,
    "predict_bodiesofwater_number": 1169,
    "predict_bodiesofwater_precision": 0.572884012539185,
    "predict_bodiesofwater_recall": 0.6253207869974337,
    "predict_broadcastprogram_f1": 0.38403990024937656,
    "predict_broadcastprogram_number": 605,
    "predict_broadcastprogram_precision": 0.3862876254180602,
    "predict_broadcastprogram_recall": 0.38181818181818183,
    "predict_car_f1": 0.5563612392880686,
    "predict_car_number": 688,
    "predict_car_precision": 0.5090470446320868,
    "predict_car_recall": 0.6133720930232558,
    "predict_chemicalthing_f1": 0.47500000000000003,
    "predict_chemicalthing_number": 1014,
    "predict_chemicalthing_precision": 0.4634146341463415,
    "predict_chemicalthing_recall": 0.48717948717948717,
    "predict_company_f1": 0.5397509578544061,
    "predict_company_number": 3903,
    "predict_company_precision": 0.5066307035288828,
    "predict_company_recall": 0.5775044837304637,
    "predict_currency_f1": 0.6648106904231625,
    "predict_currency_number": 799,
    "predict_currency_precision": 0.5987963891675026,
    "predict_currency_recall": 0.7471839799749687,
    "predict_director_f1": 0.47573587907716786,
    "predict_director_number": 554,
    "predict_director_precision": 0.42532005689900426,
    "predict_director_recall": 0.5397111913357401,
    "predict_disaster_f1": 0.42142857142857143,
    "predict_disaster_number": 207,
    "predict_disaster_precision": 0.3342776203966006,
    "predict_disaster_recall": 0.5700483091787439,
    "predict_disease_f1": 0.5305073859987154,
    "predict_disease_number": 750,
    "predict_disease_precision": 0.5117719950433705,
    "predict_disease_recall": 0.5506666666666666,
    "predict_education_f1": 0.6234946603044762,
    "predict_education_number": 2082,
    "predict_education_precision": 0.5916343251401466,
    "predict_education_recall": 0.6589817483189241,
    "predict_educationaldegree_f1": 0.4447086801426873,
    "predict_educationaldegree_number": 367,
    "predict_educationaldegree_precision": 0.39451476793248946,
    "predict_educationaldegree_recall": 0.5095367847411444,
    "predict_election_f1": 0.1743119266055046,
    "predict_election_number": 184,
    "predict_election_precision": 0.15079365079365079,
    "predict_election_recall": 0.20652173913043478,
    "predict_film_f1": 0.5329577464788732,
    "predict_film_number": 759,
    "predict_film_precision": 0.4655511811023622,
    "predict_film_recall": 0.6231884057971014,
    "predict_food_f1": 0.400752587017874,
    "predict_food_number": 432,
    "predict_food_precision": 0.3375594294770206,
    "predict_food_recall": 0.4930555555555556,
    "predict_game_f1": 0.4569842738205365,
    "predict_game_number": 496,
    "predict_game_precision": 0.4222222222222222,
    "predict_game_recall": 0.49798387096774194,
    "predict_god_f1": 0.5381708238851096,
    "predict_god_number": 635,
    "predict_god_precision": 0.5174418604651163,
    "predict_god_recall": 0.5606299212598426,
    "predict_government/governmentagency_f1": 0.28154205607476634,
    "predict_government/governmentagency_number": 1535,
    "predict_government/governmentagency_precision": 0.25516146109052407,
    "predict_government/governmentagency_recall": 0.31400651465798046,
    "predict_hospital_f1": 0.5483870967741936,
    "predict_hospital_number": 364,
    "predict_hospital_precision": 0.4722222222222222,
    "predict_hospital_recall": 0.6538461538461539,
    "predict_hotel_f1": 0.4574132492113565,
    "predict_hotel_number": 265,
    "predict_hotel_precision": 0.39295392953929537,
    "predict_hotel_recall": 0.5471698113207547,
    "predict_island_f1": 0.4847277556440903,
    "predict_island_number": 646,
    "predict_island_precision": 0.42441860465116277,
    "predict_island_recall": 0.565015479876161,
    "predict_language_f1": 0.6175478065241845,
    "predict_language_number": 753,
    "predict_language_precision": 0.535609756097561,
    "predict_language_recall": 0.7290836653386454,
    "predict_law_f1": 0.41216216216216217,
    "predict_law_number": 488,
    "predict_law_precision": 0.3505747126436782,
    "predict_law_recall": 0.5,
    "predict_library_f1": 0.4893882646691636,
    "predict_library_number": 357,
    "predict_library_precision": 0.44144144144144143,
    "predict_library_recall": 0.5490196078431373,
    "predict_livingthing_f1": 0.49973190348525465,
    "predict_livingthing_number": 865,
    "predict_livingthing_precision": 0.466,
    "predict_livingthing_recall": 0.5387283236994219,
    "predict_loss": 0.613879382610321,
    "predict_media/newspaper_f1": 0.4882005899705015,
    "predict_media/newspaper_number": 1234,
    "predict_media/newspaper_precision": 0.4479025710419486,
    "predict_media/newspaper_recall": 0.5364667747163695,
    "predict_medical_f1": 0.39999999999999997,
    "predict_medical_number": 397,
    "predict_medical_precision": 0.37527593818984545,
    "predict_medical_recall": 0.4282115869017632,
    "predict_mountain_f1": 0.533235938641344,
    "predict_mountain_number": 681,
    "predict_mountain_precision": 0.5305232558139535,
    "predict_mountain_recall": 0.5359765051395007,
    "predict_music_f1": 0.5829428303655106,
    "predict_music_number": 1041,
    "predict_music_precision": 0.5690759377859104,
    "predict_music_recall": 0.5975024015369836,
    "predict_other_f1": 0.4352401682128442,
    "predict_other_number": 21035,
    "predict_other_precision": 0.3917674807882523,
    "predict_other_recall": 0.4895650106964583,
    "predict_overall_accuracy": 0.8980515800376525,
    "predict_overall_f1": 0.5435668161735492,
    "predict_overall_precision": 0.5068694930233804,
    "predict_overall_recall": 0.5859926516121042,
    "predict_painting_f1": 0.20202020202020202,
    "predict_painting_number": 58,
    "predict_painting_precision": 0.24390243902439024,
    "predict_painting_recall": 0.1724137931034483,
    "predict_park_f1": 0.37868696479543296,