{
    "predict_GPE_f1": 0.7652672675567551,
    "predict_GPE_number": 20409,
    "predict_GPE_precision": 0.7529997628645957,
    "predict_GPE_recall": 0.777941104414719,
    "predict_actor_f1": 0.7140758154569499,
    "predict_actor_number": 1638,
    "predict_actor_precision": 0.6883852691218131,
    "predict_actor_recall": 0.7417582417582418,
    "predict_airplane_f1": 0.5499704316972207,
    "predict_airplane_number": 794,
    "predict_airplane_precision": 0.5183946488294314,
    "predict_airplane_recall": 0.5856423173803527,
    "predict_airport_f1": 0.7314439946018895,
    "predict_airport_number": 364,
    "predict_airport_precision": 0.7188328912466844,
    "predict_airport_recall": 0.7445054945054945,
    "predict_artist/author_f1": 0.6036302237230899,
    "predict_artist/author_number": 3464,
    "predict_artist/author_precision": 0.5888004391984628,
    "predict_artist/author_recall": 0.6192263279445728,
    "predict_astronomything_f1": 0.6365591397849463,
    "predict_astronomything_number": 678,
    "predict_astronomything_precision": 0.6192468619246861,
    "predict_astronomything_recall": 0.6548672566371682,
    "predict_athlete_f1": 0.7900826446280992,
    "predict_athlete_number": 2907,
    "predict_athlete_precision": 0.7604199809099587,
    "predict_athlete_recall": 0.8221534227726178,
    "predict_attack/battle/war/militaryconflict_f1": 0.5993091537132988,
    "predict_attack/battle/war/militaryconflict_number": 1099,
    "predict_attack/battle/war/militaryconflict_precision": 0.5702547247329499,
    "predict_attack/battle/war/militaryconflict_recall": 0.6314831665150137,
    "predict_award_f1": 0.4254716981132075,
    "predict_award_number": 941,
    "predict_award_precision": 0.3825275657336726,
    "predict_award_recall": 0.47927736450584485,
    "predict_biologything_f1": 0.5275459098497496,
    "predict_biologything_number": 1875,
    "predict_biologything_precision": 0.5514834205933682,
    "predict_biologything_recall": 0.5056,
    "predict_bodiesofwater_f1": 0.5984784446322908,
    "predict_bodiesofwater_number": 1169,
    "predict_bodiesofwater_precision": 0.5914786967418546,
    "predict_bodiesofwater_recall": 0.6056458511548332,
    "predict_broadcastprogram_f1": 0.454054054054054,
    "predict_broadcastprogram_number": 605,
    "predict_broadcastprogram_precision": 0.4260869565217391,
    "predict_broadcastprogram_recall": 0.4859504132231405,
    "predict_car_f1": 0.6025824964131995,
    "predict_car_number": 688,
    "predict_car_precision": 0.5949008498583569,
    "predict_car_recall": 0.6104651162790697,
    "predict_chemicalthing_f1": 0.46608695652173915,
    "predict_chemicalthing_number": 1014,
    "predict_chemicalthing_precision": 0.416796267496112,
    "predict_chemicalthing_recall": 0.5285996055226825,
    "predict_company_f1": 0.5650557620817843,
    "predict_company_number": 3903,
    "predict_company_precision": 0.5311091073038774,
    "predict_company_recall": 0.603638227004868,
    "predict_currency_f1": 0.5961871750433275,
    "predict_currency_number": 799,
    "predict_currency_precision": 0.5536480686695279,
    "predict_currency_recall": 0.6458072590738423,
    "predict_director_f1": 0.5656716417910447,
    "predict_director_number": 554,
    "predict_director_precision": 0.4821882951653944,
    "predict_director_recall": 0.6841155234657039,
    "predict_disaster_f1": 0.34261241970021417,
    "predict_disaster_number": 207,
    "predict_disaster_precision": 0.3076923076923077,
    "predict_disaster_recall": 0.3864734299516908,
    "predict_disease_f1": 0.5099730458221023,
    "predict_disease_number": 750,
    "predict_disease_precision": 0.4280542986425339,
    "predict_disease_recall": 0.6306666666666667,
    "predict_education_f1": 0.6310033285782217,
    "predict_education_number": 2082,
    "predict_education_precision": 0.6247645951035782,
    "predict_education_recall": 0.6373679154658982,
    "predict_educationaldegree_f1": 0.40811724915445324,
    "predict_educationaldegree_number": 367,
    "predict_educationaldegree_precision": 0.34807692307692306,
    "predict_educationaldegree_recall": 0.49318801089918257,
    "predict_election_f1": 0.16226415094339622,
    "predict_election_number": 184,
    "predict_election_precision": 0.12427745664739884,
    "predict_election_recall": 0.23369565217391305,
    "predict_film_f1": 0.5977142857142856,
    "predict_film_number": 759,
    "predict_film_precision": 0.5277497477295661,
    "predict_film_recall": 0.689064558629776,
    "predict_food_f1": 0.40286298568507156,
    "predict_food_number": 432,
    "predict_food_precision": 0.3608058608058608,
    "predict_food_recall": 0.45601851851851855,
    "predict_game_f1": 0.5578512396694214,
    "predict_game_number": 496,
    "predict_game_precision": 0.5720338983050848,
    "predict_game_recall": 0.5443548387096774,
    "predict_god_f1": 0.5425616547334924,
    "predict_god_number": 635,
    "predict_god_precision": 0.5482315112540193,
    "predict_god_recall": 0.537007874015748,
    "predict_government/governmentagency_f1": 0.29326792041428185,
    "predict_government/governmentagency_number": 1535,
    "predict_government/governmentagency_precision": 0.2521087160262418,
    "predict_government/governmentagency_recall": 0.3504885993485342,
    "predict_hospital_f1": 0.6208651399491094,
    "predict_hospital_number": 364,
    "predict_hospital_precision": 0.5781990521327014,
    "predict_hospital_recall": 0.6703296703296703,
    "predict_hotel_f1": 0.6156787762906311,
    "predict_hotel_number": 265,
    "predict_hotel_precision": 0.624031007751938,
    "predict_hotel_recall": 0.6075471698113207,
    "predict_island_f1": 0.5329153605015674,
    "predict_island_number": 646,
    "predict_island_precision": 0.5396825396825397,
    "predict_island_recall": 0.5263157894736842,
    "predict_language_f1": 0.59688995215311,
    "predict_language_number": 753,
    "predict_language_precision": 0.5429815016322089,
    "predict_language_recall": 0.6626826029216467,
    "predict_law_f1": 0.4397163120567376,
    "predict_law_number": 488,
    "predict_law_precision": 0.3875,
    "predict_law_recall": 0.5081967213114754,
    "predict_library_f1": 0.5571245186136071,
    "predict_library_number": 357,
    "predict_library_precision": 0.514218009478673,
    "predict_library_recall": 0.6078431372549019,
    "predict_livingthing_f1": 0.5392592592592592,
    "predict_livingthing_number": 865,
    "predict_livingthing_precision": 0.4706896551724138,
    "predict_livingthing_recall": 0.63121387283237,
    "predict_loss": 0.5164499282836914,
    "predict_media/newspaper_f1": 0.5162064825930373,
    "predict_media/newspaper_number": 1234,
    "predict_media/newspaper_precision": 0.5098814229249012,
    "predict_media/newspaper_recall": 0.5226904376012966,
    "predict_medical_f1": 0.41402714932126694,
    "predict_medical_number": 397,
    "predict_medical_precision": 0.3757700205338809,
    "predict_medical_recall": 0.4609571788413098,
    "predict_mountain_f1": 0.5753803596127247,
    "predict_mountain_number": 681,
    "predict_mountain_precision": 0.5437908496732026,
    "predict_mountain_recall": 0.6108663729809104,
    "predict_music_f1": 0.636697247706422,
    "predict_music_number": 1041,
    "predict_music_precision": 0.6093064091308165,
    "predict_music_recall": 0.6666666666666666,
    "predict_other_f1": 0.46593290248582836,
    "predict_other_number": 21035,
    "predict_other_precision": 0.4346144350259238,
    "predict_other_recall": 0.5021155217494652,
    "predict_overall_accuracy": 0.9025475162151188,
    "predict_overall_f1": 0.5747950819672131,
    "predict_overall_precision": 0.5450734722582078,
    "predict_overall_recall": 0.6079449283738596,
    "predict_painting_f1": 0.0,
    "predict_painting_number": 58,
    "predict_painting_precision": 0.0,
    "predict_painting_recall": 0.0,
    "predict_park_f1": 0.4234800838574424,
    "predict_park_number": 458,