{
    "predict_GPE_f1": 0.7940501809066617,
    "predict_GPE_number": 20409,
    "predict_GPE_precision": 0.7673919005393546,
    "predict_GPE_recall": 0.8226272722818364,
    "predict_actor_f1": 0.7761373907803555,
    "predict_actor_number": 1638,
    "predict_actor_precision": 0.7662105889351577,
    "predict_actor_recall": 0.7863247863247863,
    "predict_airplane_f1": 0.5797933409873708,
    "predict_airplane_number": 794,
    "predict_airplane_precision": 0.5327004219409283,
    "predict_airplane_recall": 0.6360201511335013,
    "predict_airport_f1": 0.7894002789400278,
    "predict_airport_number": 364,
    "predict_airport_precision": 0.8016997167138811,
    "predict_airport_recall": 0.7774725274725275,
    "predict_artist/author_f1": 0.6584582441113491,
    "predict_artist/author_number": 3464,
    "predict_artist/author_precision": 0.6137724550898204,
    "predict_artist/author_recall": 0.710161662817552,
    "predict_astronomything_f1": 0.6528866714183892,
    "predict_astronomything_number": 678,
    "predict_astronomything_precision": 0.6317241379310344,
    "predict_astronomything_recall": 0.6755162241887905,
    "predict_athlete_f1": 0.7861741782446627,
    "predict_athlete_number": 2907,
    "predict_athlete_precision": 0.7746243739565943,
    "predict_athlete_recall": 0.7980736154110767,
    "predict_attack/battle/war/militaryconflict_f1": 0.6796032772746873,
    "predict_attack/battle/war/militaryconflict_number": 1099,
    "predict_attack/battle/war/militaryconflict_precision": 0.6459016393442623,
    "predict_attack/battle/war/militaryconflict_recall": 0.7170154686078253,
    "predict_award_f1": 0.5320293398533008,
    "predict_award_number": 941,
    "predict_award_precision": 0.4927536231884058,
    "predict_award_recall": 0.5781083953241233,
    "predict_biologything_f1": 0.5668241178105029,
    "predict_biologything_number": 1875,
    "predict_biologything_precision": 0.5916473317865429,
    "predict_biologything_recall": 0.544,
    "predict_bodiesofwater_f1": 0.671503426037888,
    "predict_bodiesofwater_number": 1169,
    "predict_bodiesofwater_precision": 0.6349085365853658,
    "predict_bodiesofwater_recall": 0.7125748502994012,
    "predict_broadcastprogram_f1": 0.5284621920135939,
    "predict_broadcastprogram_number": 605,
    "predict_broadcastprogram_precision": 0.5437062937062938,
    "predict_broadcastprogram_recall": 0.5140495867768595,
    "predict_car_f1": 0.6296028880866426,
    "predict_car_number": 688,
    "predict_car_precision": 0.6255380200860832,
    "predict_car_recall": 0.6337209302325582,
    "predict_chemicalthing_f1": 0.5157984628522629,
    "predict_chemicalthing_number": 1014,
    "predict_chemicalthing_precision": 0.45481927710843373,
    "predict_chemicalthing_recall": 0.5956607495069034,
    "predict_company_f1": 0.6243559718969556,
    "predict_company_number": 3903,
    "predict_company_precision": 0.5749406944144921,
    "predict_company_recall": 0.6830643095055086,
    "predict_currency_f1": 0.6876758581879572,
    "predict_currency_number": 799,
    "predict_currency_precision": 0.6247443762781186,
    "predict_currency_recall": 0.7647058823529411,
    "predict_director_f1": 0.6335299073294018,
    "predict_director_number": 554,
    "predict_director_precision": 0.593996840442338,
    "predict_director_recall": 0.6787003610108303,
    "predict_disaster_f1": 0.464367816091954,
    "predict_disaster_number": 207,
    "predict_disaster_precision": 0.44298245614035087,
    "predict_disaster_recall": 0.48792270531400966,
    "predict_disease_f1": 0.5599078341013825,
    "predict_disease_number": 750,
    "predict_disease_precision": 0.49290060851926976,
    "predict_disease_recall": 0.648,
    "predict_education_f1": 0.7317073170731708,
    "predict_education_number": 2082,
    "predict_education_precision": 0.7149404216315307,
    "predict_education_recall": 0.7492795389048992,
    "predict_educationaldegree_f1": 0.49607182940516287,
    "predict_educationaldegree_number": 367,
    "predict_educationaldegree_precision": 0.4217557251908397,
    "predict_educationaldegree_recall": 0.6021798365122616,
    "predict_election_f1": 0.1732283464566929,
    "predict_election_number": 184,
    "predict_election_precision": 0.16751269035532995,
    "predict_election_recall": 0.1793478260869565,
    "predict_film_f1": 0.6517285531370038,
    "predict_film_number": 759,
    "predict_film_precision": 0.6338729763387297,
    "predict_film_recall": 0.6706192358366272,
    "predict_food_f1": 0.45338983050847453,
    "predict_food_number": 432,
    "predict_food_precision": 0.41796875,
    "predict_food_recall": 0.49537037037037035,
    "predict_game_f1": 0.6162464985994398,
    "predict_game_number": 496,
    "predict_game_precision": 0.5739130434782609,
    "predict_game_recall": 0.6653225806451613,
    "predict_god_f1": 0.5560704355885079,
    "predict_god_number": 635,
    "predict_god_precision": 0.6756756756756757,
    "predict_god_recall": 0.47244094488188976,
    "predict_government/governmentagency_f1": 0.37071860308932175,
    "predict_government/governmentagency_number": 1535,
    "predict_government/governmentagency_precision": 0.38253638253638256,
    "predict_government/governmentagency_recall": 0.35960912052117266,
    "predict_hospital_f1": 0.7104930467762327,
    "predict_hospital_number": 364,
    "predict_hospital_precision": 0.65807962529274,
    "predict_hospital_recall": 0.771978021978022,
    "predict_hotel_f1": 0.6258741258741259,
    "predict_hotel_number": 265,
    "predict_hotel_precision": 0.5830618892508144,
    "predict_hotel_recall": 0.6754716981132075,
    "predict_island_f1": 0.5907172995780591,
    "predict_island_number": 646,
    "predict_island_precision": 0.6493506493506493,
    "predict_island_recall": 0.541795665634675,
    "predict_language_f1": 0.6426312460468058,
    "predict_language_number": 753,
    "predict_language_precision": 0.6135265700483091,
    "predict_language_recall": 0.6746347941567065,
    "predict_law_f1": 0.5228628230616301,
    "predict_law_number": 488,
    "predict_law_precision": 0.5077220077220077,
    "predict_law_recall": 0.5389344262295082,
    "predict_library_f1": 0.6990553306342779,
    "predict_library_number": 357,
    "predict_library_precision": 0.6744791666666666,
    "predict_library_recall": 0.7254901960784313,
    "predict_livingthing_f1": 0.5104353011329755,
    "predict_livingthing_number": 865,
    "predict_livingthing_precision": 0.5270935960591133,
    "predict_livingthing_recall": 0.49479768786127165,
    "predict_loss": 0.33978599309921265,
    "predict_media/newspaper_f1": 0.5814121037463976,
    "predict_media/newspaper_number": 1234,
    "predict_media/newspaper_precision": 0.5233463035019456,
    "predict_media/newspaper_recall": 0.6539708265802269,
    "predict_medical_f1": 0.43443708609271525,
    "predict_medical_number": 397,
    "predict_medical_precision": 0.4581005586592179,
    "predict_medical_recall": 0.41309823677581864,
    "predict_mountain_f1": 0.6487317448116834,
    "predict_mountain_number": 681,
    "predict_mountain_precision": 0.6806451612903226,
    "predict_mountain_recall": 0.6196769456681351,
    "predict_music_f1": 0.7277179236043095,
    "predict_music_number": 1041,
    "predict_music_precision": 0.7422577422577422,
    "predict_music_recall": 0.7137367915465899,
    "predict_other_f1": 0.523927053338818,
    "predict_other_number": 21035,
    "predict_other_precision": 0.504466839765876,
    "predict_other_recall": 0.5449488946993106,
    "predict_overall_accuracy": 0.9153871542819422,
    "predict_overall_f1": 0.6289032399190642,
    "predict_overall_precision": 0.6066951225360894,
    "predict_overall_recall": 0.6527989926928952,
    "predict_painting_f1": 0.0,
    "predict_painting_number": 58,
    "predict_painting_precision": 0.0,
    "predict_painting_recall": 0.0,
    "predict_park_f1": 0.6094609460946095,
    "predict_park_number": 458,
    "predict_park_precision": 0.614190687361419,