{
    "predict_accuracy": 0.9230740000043428,
    "predict_f1": 0.6625678301910602,
    "predict_loss": 0.4024409353733063,
    "predict_precision": 0.6484246094869236,
    "predict_recall": 0.6773417826033109,
    "predict_runtime": 154.3386,
    "predict_samples_per_second": 243.925,
    "predict_steps_per_second": 7.626
}