{
    "predict_GPE_f1": 0.7871900826446282,
    "predict_GPE_number": 20409,
    "predict_GPE_precision": 0.7405727614357911,
    "predict_GPE_recall": 0.8400705571071586,
    "predict_actor_f1": 0.7105263157894738,
    "predict_actor_number": 1638,
    "predict_actor_precision": 0.6818181818181818,
    "predict_actor_recall": 0.7417582417582418,
    "predict_airplane_f1": 0.5345188284518828,
    "predict_airplane_number": 794,
    "predict_airplane_precision": 0.45706618962432916,
    "predict_airplane_recall": 0.6435768261964736,
    "predict_airport_f1": 0.7658321060382917,
    "predict_airport_number": 364,
    "predict_airport_precision": 0.8253968253968254,
    "predict_airport_recall": 0.7142857142857143,
    "predict_artist/author_f1": 0.6139809817527628,
    "predict_artist/author_number": 3464,
    "predict_artist/author_precision": 0.5532654006484483,
    "predict_artist/author_recall": 0.6896651270207852,
    "predict_astronomything_f1": 0.23397075365579303,
    "predict_astronomything_number": 678,
    "predict_astronomything_precision": 0.4928909952606635,
    "predict_astronomything_recall": 0.15339233038348082,
    "predict_athlete_f1": 0.7950000000000002,
    "predict_athlete_number": 2907,
    "predict_athlete_precision": 0.7710960232783706,
    "predict_athlete_recall": 0.8204334365325078,
    "predict_attack/battle/war/militaryconflict_f1": 0.6299212598425197,
    "predict_attack/battle/war/militaryconflict_number": 1099,
    "predict_attack/battle/war/militaryconflict_precision": 0.5357142857142857,
    "predict_attack/battle/war/militaryconflict_recall": 0.7643312101910829,
    "predict_award_f1": 0.5355898456943753,
    "predict_award_number": 941,
    "predict_award_precision": 0.5037453183520599,
    "predict_award_recall": 0.5717321997874601,
    "predict_biologything_f1": 0.5262126408623223,
    "predict_biologything_number": 1875,
    "predict_biologything_precision": 0.4866334390575442,
    "predict_biologything_recall": 0.5728,
    "predict_bodiesofwater_f1": 0.6362573099415205,
    "predict_bodiesofwater_number": 1169,
    "predict_bodiesofwater_precision": 0.5845272206303725,
    "predict_bodiesofwater_recall": 0.69803250641574,
    "predict_broadcastprogram_f1": 0.47127393838467946,
    "predict_broadcastprogram_number": 605,
    "predict_broadcastprogram_precision": 0.4748322147651007,
    "predict_broadcastprogram_recall": 0.4677685950413223,
    "predict_car_f1": 0.6306695464362851,
    "predict_car_number": 688,
    "predict_car_precision": 0.6248216833095578,
    "predict_car_recall": 0.6366279069767442,
    "predict_chemicalthing_f1": 0.4348717948717949,
    "predict_chemicalthing_number": 1014,
    "predict_chemicalthing_precision": 0.452991452991453,
    "predict_chemicalthing_recall": 0.4181459566074951,
    "predict_company_f1": 0.626770538243626,
    "predict_company_number": 3903,
    "predict_company_precision": 0.5810899540380827,
    "predict_company_recall": 0.6802459646425826,
    "predict_currency_f1": 0.6057988895743368,
    "predict_currency_number": 799,
    "predict_currency_precision": 0.597323600973236,
    "predict_currency_recall": 0.6145181476846058,
    "predict_director_f1": 0.20378457059679764,
    "predict_director_number": 554,
    "predict_director_precision": 0.5263157894736842,
    "predict_director_recall": 0.1263537906137184,
    "predict_disaster_f1": 0.015444015444015443,
    "predict_disaster_number": 207,
    "predict_disaster_precision": 0.038461538461538464,
    "predict_disaster_recall": 0.00966183574879227,
    "predict_disease_f1": 0.5099828864803195,
    "predict_disease_number": 750,
    "predict_disease_precision": 0.4456630109670987,
    "predict_disease_recall": 0.596,
    "predict_education_f1": 0.7405316396142084,
    "predict_education_number": 2082,
    "predict_education_precision": 0.7256800368833564,
    "predict_education_recall": 0.7560038424591738,
    "predict_educationaldegree_f1": 0.4746666666666667,
    "predict_educationaldegree_number": 367,
    "predict_educationaldegree_precision": 0.46475195822454307,
    "predict_educationaldegree_recall": 0.48501362397820164,
    "predict_election_f1": 0.14970059880239517,
    "predict_election_number": 184,
    "predict_election_precision": 0.16666666666666666,
    "predict_election_recall": 0.1358695652173913,
    "predict_film_f1": 0.5415124272871498,
    "predict_film_number": 759,
    "predict_film_precision": 0.45229681978798586,
    "predict_film_recall": 0.6745718050065876,
    "predict_food_f1": 0.4621938232161874,
    "predict_food_number": 432,
    "predict_food_precision": 0.4280078895463511,
    "predict_food_recall": 0.5023148148148148,
    "predict_game_f1": 0.553811659192825,
    "predict_game_number": 496,
    "predict_game_precision": 0.6237373737373737,
    "predict_game_recall": 0.49798387096774194,
    "predict_god_f1": 0.14606741573033707,
    "predict_god_number": 635,
    "predict_god_precision": 0.6753246753246753,
    "predict_god_recall": 0.08188976377952756,
    "predict_government/governmentagency_f1": 0.3376991150442478,
    "predict_government/governmentagency_number": 1535,
    "predict_government/governmentagency_precision": 0.3697674418604651,
    "predict_government/governmentagency_recall": 0.31074918566775245,
    "predict_hospital_f1": 0.7216494845360826,
    "predict_hospital_number": 364,
    "predict_hospital_precision": 0.6796116504854369,
    "predict_hospital_recall": 0.7692307692307693,
    "predict_hotel_f1": 0.6021505376344085,
    "predict_hotel_number": 265,
    "predict_hotel_precision": 0.7,
    "predict_hotel_recall": 0.5283018867924528,
    "predict_island_f1": 0.5562130177514792,
    "predict_island_number": 646,
    "predict_island_precision": 0.6126629422718808,
    "predict_island_recall": 0.5092879256965944,
    "predict_language_f1": 0.6291834002677377,
    "predict_language_number": 753,
    "predict_language_precision": 0.6342780026990553,
    "predict_language_recall": 0.6241699867197875,
    "predict_law_f1": 0.5225066195939981,
    "predict_law_number": 488,
    "predict_law_precision": 0.45891472868217054,
    "predict_law_recall": 0.6065573770491803,
    "predict_library_f1": 0.6704067321178121,
    "predict_library_number": 357,
    "predict_library_precision": 0.6713483146067416,
    "predict_library_recall": 0.6694677871148459,
    "predict_livingthing_f1": 0.3561442236938926,
    "predict_livingthing_number": 865,
    "predict_livingthing_precision": 0.4898785425101215,
    "predict_livingthing_recall": 0.27976878612716766,
    "predict_loss": 0.36496657133102417,
    "predict_media/newspaper_f1": 0.6027017665396605,
    "predict_media/newspaper_number": 1234,
    "predict_media/newspaper_precision": 0.5263157894736842,
    "predict_media/newspaper_recall": 0.7050243111831442,
    "predict_medical_f1": 0.0,
    "predict_medical_number": 397,
    "predict_medical_precision": 0.0,
    "predict_medical_recall": 0.0,
    "predict_mountain_f1": 0.5833333333333333,
    "predict_mountain_number": 681,
    "predict_mountain_precision": 0.5912518853695324,
    "predict_mountain_recall": 0.5756240822320118,
    "predict_music_f1": 0.6482817140432754,
    "predict_music_number": 1041,
    "predict_music_precision": 0.5805471124620061,
    "predict_music_recall": 0.733909702209414,
    "predict_other_f1": 0.5123781631812566,
    "predict_other_number": 21035,
    "predict_other_precision": 0.4938908738035376,
    "predict_other_recall": 0.5323033040171143,
    "predict_overall_accuracy": 0.9101095049801641,
    "predict_overall_f1": 0.6035302748264557,
    "predict_overall_precision": 0.5842939829353845,
    "predict_overall_recall": 0.6240762911282666,
    "predict_painting_f1": 0.0,
    "predict_painting_number": 58,
    "predict_painting_precision": 0.0,
    "predict_painting_recall": 0.0,
    "predict_park_f1": 0.4671916010498688,
    "predict_park_number": 458,
    "predict_park_precision": 0.5855263157894737,