{
    "predict_GPE_f1": 0.7515335209641336,
    "predict_GPE_number": 20409,
    "predict_GPE_precision": 0.7381627445421037,
    "predict_GPE_recall": 0.7653976186976333,
    "predict_actor_f1": 0.6635916359163592,
    "predict_actor_number": 1638,
    "predict_actor_precision": 0.6685254027261462,
    "predict_actor_recall": 0.6587301587301587,
    "predict_airplane_f1": 0.4997278170930866,
    "predict_airplane_number": 794,
    "predict_airplane_precision": 0.44007670182166825,
    "predict_airplane_recall": 0.5780856423173804,
    "predict_airport_f1": 0.5144927536231885,
    "predict_airport_number": 364,
    "predict_airport_precision": 0.3837837837837838,
    "predict_airport_recall": 0.7802197802197802,
    "predict_artist/author_f1": 0.5158505328477,
    "predict_artist/author_number": 3464,
    "predict_artist/author_precision": 0.4841732084071917,
    "predict_artist/author_recall": 0.5519630484988453,
    "predict_astronomything_f1": 0.4992805755395684,
    "predict_astronomything_number": 678,
    "predict_astronomything_precision": 0.48735955056179775,
    "predict_astronomything_recall": 0.5117994100294986,
    "predict_athlete_f1": 0.7341296928327644,
    "predict_athlete_number": 2907,
    "predict_athlete_precision": 0.7284117846258042,
    "predict_athlete_recall": 0.739938080495356,
    "predict_attack/battle/war/militaryconflict_f1": 0.5847089487402258,
    "predict_attack/battle/war/militaryconflict_number": 1099,
    "predict_attack/battle/war/militaryconflict_precision": 0.5594347464671654,
    "predict_attack/battle/war/militaryconflict_recall": 0.6123748862602366,
    "predict_award_f1": 0.396421845574388,
    "predict_award_number": 941,
    "predict_award_precision": 0.3558748943364328,
    "predict_award_recall": 0.44739638682252925,
    "predict_biologything_f1": 0.49949083503054986,
    "predict_biologything_number": 1875,
    "predict_biologything_precision": 0.4778373112518266,
    "predict_biologything_recall": 0.5232,
    "predict_bodiesofwater_f1": 0.6201117318435755,
    "predict_bodiesofwater_number": 1169,
    "predict_bodiesofwater_precision": 0.581151832460733,
    "predict_bodiesofwater_recall": 0.6646706586826348,
    "predict_broadcastprogram_f1": 0.34625322997416025,
    "predict_broadcastprogram_number": 605,
    "predict_broadcastprogram_precision": 0.36151079136690645,
    "predict_broadcastprogram_recall": 0.3322314049586777,
    "predict_car_f1": 0.5348189415041784,
    "predict_car_number": 688,
    "predict_car_precision": 0.5133689839572193,
    "predict_car_recall": 0.5581395348837209,
    "predict_chemicalthing_f1": 0.466773418734988,
    "predict_chemicalthing_number": 1014,
    "predict_chemicalthing_precision": 0.39285714285714285,
    "predict_chemicalthing_recall": 0.5749506903353058,
    "predict_company_f1": 0.5471898197242843,
    "predict_company_number": 3903,
    "predict_company_precision": 0.506544502617801,
    "predict_company_recall": 0.5949269792467333,
    "predict_currency_f1": 0.5870930896630497,
    "predict_currency_number": 799,
    "predict_currency_precision": 0.5399159663865546,
    "predict_currency_recall": 0.6433041301627034,
    "predict_director_f1": 0.43266724587315375,
    "predict_director_number": 554,
    "predict_director_precision": 0.41708542713567837,
    "predict_director_recall": 0.44945848375451264,
    "predict_disaster_f1": 0.35460992907801425,
    "predict_disaster_number": 207,
    "predict_disaster_precision": 0.3472222222222222,
    "predict_disaster_recall": 0.36231884057971014,
    "predict_disease_f1": 0.484586262844781,
    "predict_disease_number": 750,
    "predict_disease_precision": 0.40764331210191085,
    "predict_disease_recall": 0.5973333333333334,
    "predict_education_f1": 0.6451319381255687,
    "predict_education_number": 2082,
    "predict_education_precision": 0.6127917026793431,
    "predict_education_recall": 0.681075888568684,
    "predict_educationaldegree_f1": 0.4271653543307086,
    "predict_educationaldegree_number": 367,
    "predict_educationaldegree_precision": 0.33436055469953774,
    "predict_educationaldegree_recall": 0.5912806539509536,
    "predict_election_f1": 0.15384615384615388,
    "predict_election_number": 184,
    "predict_election_precision": 0.11221945137157108,
    "predict_election_recall": 0.24456521739130435,
    "predict_film_f1": 0.4932038834951456,
    "predict_film_number": 759,
    "predict_film_precision": 0.4847328244274809,
    "predict_film_recall": 0.5019762845849802,
    "predict_food_f1": 0.366504854368932,
    "predict_food_number": 432,
    "predict_food_precision": 0.3852040816326531,
    "predict_food_recall": 0.34953703703703703,
    "predict_game_f1": 0.46758767268862916,
    "predict_game_number": 496,
    "predict_game_precision": 0.4943820224719101,
    "predict_game_recall": 0.4435483870967742,
    "predict_god_f1": 0.5614783226723525,
    "predict_god_number": 635,
    "predict_god_precision": 0.5116580310880829,
    "predict_god_recall": 0.6220472440944882,
    "predict_government/governmentagency_f1": 0.31230448383733056,
    "predict_government/governmentagency_number": 1535,
    "predict_government/governmentagency_precision": 0.26032159930465015,
    "predict_government/governmentagency_recall": 0.390228013029316,
    "predict_hospital_f1": 0.5934065934065934,
    "predict_hospital_number": 364,
    "predict_hospital_precision": 0.5340659340659341,
    "predict_hospital_recall": 0.6675824175824175,
    "predict_hotel_f1": 0.5258215962441315,
    "predict_hotel_number": 265,
    "predict_hotel_precision": 0.44919786096256686,
    "predict_hotel_recall": 0.6339622641509434,
    "predict_island_f1": 0.4547339322736697,
    "predict_island_number": 646,
    "predict_island_precision": 0.4107365792759051,
    "predict_island_recall": 0.5092879256965944,
    "predict_language_f1": 0.5657510227936879,
    "predict_language_number": 753,
    "predict_language_precision": 0.5052192066805845,
    "predict_language_recall": 0.6427622841965471,
    "predict_law_f1": 0.3927157561361837,
    "predict_law_number": 488,
    "predict_law_precision": 0.32,
    "predict_law_recall": 0.5081967213114754,
    "predict_library_f1": 0.4897435897435897,
    "predict_library_number": 357,
    "predict_library_precision": 0.4515366430260047,
    "predict_library_recall": 0.5350140056022409,
    "predict_livingthing_f1": 0.4685351665785299,
    "predict_livingthing_number": 865,
    "predict_livingthing_precision": 0.4317738791423002,
    "predict_livingthing_recall": 0.5121387283236994,
    "predict_loss": 0.5172532200813293,
    "predict_media/newspaper_f1": 0.5081510934393638,
    "predict_media/newspaper_number": 1234,
    "predict_media/newspaper_precision": 0.49882903981264637,
    "predict_media/newspaper_recall": 0.5178282009724473,
    "predict_medical_f1": 0.24531024531024534,
    "predict_medical_number": 397,
    "predict_medical_precision": 0.28716216216216217,
    "predict_medical_recall": 0.2141057934508816,
    "predict_mountain_f1": 0.572567783094099,
    "predict_mountain_number": 681,
    "predict_mountain_precision": 0.6265270506108203,
    "predict_mountain_recall": 0.527165932452276,
    "predict_music_f1": 0.59140292867265,
    "predict_music_number": 1041,
    "predict_music_precision": 0.5817843866171004,
    "predict_music_recall": 0.6013448607108549,
    "predict_other_f1": 0.411007816071934,
    "predict_other_number": 21035,
    "predict_other_precision": 0.37913721079691515,
    "predict_other_recall": 0.4487283099595912,
    "predict_overall_accuracy": 0.8945729566344645,
    "predict_overall_f1": 0.5324712297039735,
    "predict_overall_precision": 0.49999546908557085,
    "predict_overall_recall": 0.5694587788465508,
    "predict_painting_f1": 0.0,
    "predict_painting_number": 58,
    "predict_painting_precision": 0.0,
    "predict_painting_recall": 0.0,
    "predict_park_f1": 0.3215859030837004,
    "predict_park_number": 458,