{
    "predict_GPE_f1": 0.761991245226786,
    "predict_GPE_number": 20409,
    "predict_GPE_precision": 0.7259860685922179,
    "predict_GPE_recall": 0.8017541280807486,
    "predict_actor_f1": 0.6596130592503023,
    "predict_actor_number": 1638,
    "predict_actor_precision": 0.6532934131736527,
    "predict_actor_recall": 0.666056166056166,
    "predict_airplane_f1": 0.5199063231850117,
    "predict_airplane_number": 794,
    "predict_airplane_precision": 0.48577680525164113,
    "predict_airplane_recall": 0.5591939546599496,
    "predict_airport_f1": 0.6032432432432432,
    "predict_airport_number": 364,
    "predict_airport_precision": 0.49732620320855614,
    "predict_airport_recall": 0.7664835164835165,
    "predict_artist/author_f1": 0.5618072120106637,
    "predict_artist/author_number": 3464,
    "predict_artist/author_precision": 0.5465465465465466,
    "predict_artist/author_recall": 0.5779445727482679,
    "predict_astronomything_f1": 0.588235294117647,
    "predict_astronomything_number": 678,
    "predict_astronomything_precision": 0.56,
    "predict_astronomything_recall": 0.6194690265486725,
    "predict_athlete_f1": 0.763642623515235,
    "predict_athlete_number": 2907,
    "predict_athlete_precision": 0.7643004824259132,
    "predict_athlete_recall": 0.7629858961128311,
    "predict_attack/battle/war/militaryconflict_f1": 0.6409232134931203,
    "predict_attack/battle/war/militaryconflict_number": 1099,
    "predict_attack/battle/war/militaryconflict_precision": 0.6256499133448874,
    "predict_attack/battle/war/militaryconflict_recall": 0.6569608735213831,
    "predict_award_f1": 0.4596983879355174,
    "predict_award_number": 941,
    "predict_award_precision": 0.45010183299389,
    "predict_award_recall": 0.46971307120085015,
    "predict_biologything_f1": 0.5247735748534897,
    "predict_biologything_number": 1875,
    "predict_biologything_precision": 0.5242150079829697,
    "predict_biologything_recall": 0.5253333333333333,
    "predict_bodiesofwater_f1": 0.6320032245062474,
    "predict_bodiesofwater_number": 1169,
    "predict_bodiesofwater_precision": 0.5975609756097561,
    "predict_bodiesofwater_recall": 0.6706586826347305,
    "predict_broadcastprogram_f1": 0.4389438943894389,
    "predict_broadcastprogram_number": 605,
    "predict_broadcastprogram_precision": 0.4382207578253707,
    "predict_broadcastprogram_recall": 0.4396694214876033,
    "predict_car_f1": 0.5467224546722455,
    "predict_car_number": 688,
    "predict_car_precision": 0.5254691689008043,
    "predict_car_recall": 0.5697674418604651,
    "predict_chemicalthing_f1": 0.4625788999098287,
    "predict_chemicalthing_number": 1014,
    "predict_chemicalthing_precision": 0.4260797342192691,
    "predict_chemicalthing_recall": 0.5059171597633136,
    "predict_company_f1": 0.5530809205642168,
    "predict_company_number": 3903,
    "predict_company_precision": 0.5348169418521177,
    "predict_company_recall": 0.5726364335126826,
    "predict_currency_f1": 0.6229116945107399,
    "predict_currency_number": 799,
    "predict_currency_precision": 0.5952109464082098,
    "predict_currency_recall": 0.6533166458072591,
    "predict_director_f1": 0.5251908396946565,
    "predict_director_number": 554,
    "predict_director_precision": 0.455026455026455,
    "predict_director_recall": 0.6209386281588448,
    "predict_disaster_f1": 0.33189655172413796,
    "predict_disaster_number": 207,
    "predict_disaster_precision": 0.29961089494163423,
    "predict_disaster_recall": 0.3719806763285024,
    "predict_disease_f1": 0.548948948948949,
    "predict_disease_number": 750,
    "predict_disease_precision": 0.4994535519125683,
    "predict_disease_recall": 0.6093333333333333,
    "predict_education_f1": 0.6852316822643232,
    "predict_education_number": 2082,
    "predict_education_precision": 0.6528925619834711,
    "predict_education_recall": 0.7209414024975984,
    "predict_educationaldegree_f1": 0.39913700107874867,
    "predict_educationaldegree_number": 367,
    "predict_educationaldegree_precision": 0.33035714285714285,
    "predict_educationaldegree_recall": 0.5040871934604905,
    "predict_election_f1": 0.20276497695852533,
    "predict_election_number": 184,
    "predict_election_precision": 0.176,
    "predict_election_recall": 0.2391304347826087,
    "predict_film_f1": 0.5374331550802139,
    "predict_film_number": 759,
    "predict_film_precision": 0.5454545454545454,
    "predict_film_recall": 0.5296442687747036,
    "predict_food_f1": 0.37625754527162975,
    "predict_food_number": 432,
    "predict_food_precision": 0.33274021352313166,
    "predict_food_recall": 0.43287037037037035,
    "predict_game_f1": 0.5355648535564854,
    "predict_game_number": 496,
    "predict_game_precision": 0.5565217391304348,
    "predict_game_recall": 0.5161290322580645,
    "predict_god_f1": 0.533538936006168,
    "predict_god_number": 635,
    "predict_god_precision": 0.5226586102719033,
    "predict_god_recall": 0.5448818897637795,
    "predict_government/governmentagency_f1": 0.3198482932996207,
    "predict_government/governmentagency_number": 1535,
    "predict_government/governmentagency_precision": 0.3106200122774708,
    "predict_government/governmentagency_recall": 0.32964169381107494,
    "predict_hospital_f1": 0.6095717884130982,
    "predict_hospital_number": 364,
    "predict_hospital_precision": 0.5627906976744186,
    "predict_hospital_recall": 0.6648351648351648,
    "predict_hotel_f1": 0.5129151291512914,
    "predict_hotel_number": 265,
    "predict_hotel_precision": 0.5018050541516246,
    "predict_hotel_recall": 0.5245283018867924,
    "predict_island_f1": 0.5976095617529881,
    "predict_island_number": 646,
    "predict_island_precision": 0.6157635467980296,
    "predict_island_recall": 0.5804953560371517,
    "predict_language_f1": 0.5612185120093732,
    "predict_language_number": 753,
    "predict_language_precision": 0.5020964360587002,
    "predict_language_recall": 0.6361221779548473,
    "predict_law_f1": 0.4844167408726625,
    "predict_law_number": 488,
    "predict_law_precision": 0.4283464566929134,
    "predict_law_recall": 0.5573770491803278,
    "predict_library_f1": 0.5447852760736197,
    "predict_library_number": 357,
    "predict_library_precision": 0.4847161572052402,
    "predict_library_recall": 0.6218487394957983,
    "predict_livingthing_f1": 0.5260915867944621,
    "predict_livingthing_number": 865,
    "predict_livingthing_precision": 0.4876604146100691,
    "predict_livingthing_recall": 0.5710982658959538,
    "predict_loss": 0.6673308610916138,
    "predict_media/newspaper_f1": 0.49713193116634796,
    "predict_media/newspaper_number": 1234,
    "predict_media/newspaper_precision": 0.4706734250543085,
    "predict_media/newspaper_recall": 0.526742301458671,
    "predict_medical_f1": 0.3369434416365824,
    "predict_medical_number": 397,
    "predict_medical_precision": 0.3225806451612903,
    "predict_medical_recall": 0.3526448362720403,
    "predict_mountain_f1": 0.5579268292682926,
    "predict_mountain_number": 681,
    "predict_mountain_precision": 0.5800316957210776,
    "predict_mountain_recall": 0.5374449339207048,
    "predict_music_f1": 0.6245939675174014,
    "predict_music_number": 1041,
    "predict_music_precision": 0.604129263913824,
    "predict_music_recall": 0.6464937560038425,
    "predict_other_f1": 0.4526828371922087,
    "predict_other_number": 21035,
    "predict_other_precision": 0.43793609172925646,
    "predict_other_recall": 0.46845733301640125,
    "predict_overall_accuracy": 0.9005812905649397,
    "predict_overall_f1": 0.5669541691146339,
    "predict_overall_precision": 0.5434377277416546,
    "predict_overall_recall": 0.5925979441027123,
    "predict_painting_f1": 0.030303030303030304,
    "predict_painting_number": 58,
    "predict_painting_precision": 0.02702702702702703,
    "predict_painting_recall": 0.034482758620689655,
    "predict_park_f1": 0.40425531914893614,