{
    "predict_GPE_f1": 0.7476757462077965,
    "predict_GPE_number": 20409,
    "predict_GPE_precision": 0.7128132219655233,
    "predict_GPE_recall": 0.7861237689254741,
    "predict_actor_f1": 0.608841259209645,
    "predict_actor_number": 1638,
    "predict_actor_precision": 0.6743323442136498,
    "predict_actor_recall": 0.554945054945055,
    "predict_airplane_f1": 0.49918962722852517,
    "predict_airplane_number": 794,
    "predict_airplane_precision": 0.4370860927152318,
    "predict_airplane_recall": 0.5818639798488665,
    "predict_airport_f1": 0.6126126126126126,
    "predict_airport_number": 364,
    "predict_airport_precision": 0.5190839694656488,
    "predict_airport_recall": 0.7472527472527473,
    "predict_artist/author_f1": 0.5387453874538745,
    "predict_artist/author_number": 3464,
    "predict_artist/author_precision": 0.511549441993252,
    "predict_artist/author_recall": 0.5689953810623557,
    "predict_astronomything_f1": 0.5815602836879432,
    "predict_astronomything_number": 678,
    "predict_astronomything_precision": 0.5166093928980527,
    "predict_astronomything_recall": 0.6651917404129793,
    "predict_athlete_f1": 0.764378478664193,
    "predict_athlete_number": 2907,
    "predict_athlete_precision": 0.7498345466578424,
    "predict_athlete_recall": 0.7794977640178878,
    "predict_attack/battle/war/militaryconflict_f1": 0.6119982736296936,
    "predict_attack/battle/war/militaryconflict_number": 1099,
    "predict_attack/battle/war/militaryconflict_precision": 0.5821018062397373,
    "predict_attack/battle/war/militaryconflict_recall": 0.6451319381255687,
    "predict_award_f1": 0.4448724121328839,
    "predict_award_number": 941,
    "predict_award_precision": 0.40669014084507044,
    "predict_award_recall": 0.4909670563230606,
    "predict_biologything_f1": 0.5327829043224867,
    "predict_biologything_number": 1875,
    "predict_biologything_precision": 0.48907712884529647,
    "predict_biologything_recall": 0.5850666666666666,
    "predict_bodiesofwater_f1": 0.5870129870129871,
    "predict_bodiesofwater_number": 1169,
    "predict_bodiesofwater_precision": 0.5942156003505696,
    "predict_bodiesofwater_recall": 0.5799828913601369,
    "predict_broadcastprogram_f1": 0.4350547730829421,
    "predict_broadcastprogram_number": 605,
    "predict_broadcastprogram_precision": 0.413075780089153,
    "predict_broadcastprogram_recall": 0.45950413223140496,
    "predict_car_f1": 0.5510597302504817,
    "predict_car_number": 688,
    "predict_car_precision": 0.4936708860759494,
    "predict_car_recall": 0.623546511627907,
    "predict_chemicalthing_f1": 0.467396477867682,
    "predict_chemicalthing_number": 1014,
    "predict_chemicalthing_precision": 0.45170193192272307,
    "predict_chemicalthing_recall": 0.48422090729783035,
    "predict_company_f1": 0.552747791952895,
    "predict_company_number": 3903,
    "predict_company_precision": 0.5302424099788186,
    "predict_company_recall": 0.5772482705611068,
    "predict_currency_f1": 0.6390854654327709,
    "predict_currency_number": 799,
    "predict_currency_precision": 0.5655105973025049,
    "predict_currency_recall": 0.7346683354192741,
    "predict_director_f1": 0.4947368421052632,
    "predict_director_number": 554,
    "predict_director_precision": 0.4812286689419795,
    "predict_director_recall": 0.5090252707581228,
    "predict_disaster_f1": 0.25754527162977864,
    "predict_disaster_number": 207,
    "predict_disaster_precision": 0.2206896551724138,
    "predict_disaster_recall": 0.30917874396135264,
    "predict_disease_f1": 0.5165975103734439,
    "predict_disease_number": 750,
    "predict_disease_precision": 0.4227504244482173,
    "predict_disease_recall": 0.664,
    "predict_education_f1": 0.647945205479452,
    "predict_education_number": 2082,
    "predict_education_precision": 0.6174934725848564,
    "predict_education_recall": 0.6815561959654178,
    "predict_educationaldegree_f1": 0.45161290322580644,
    "predict_educationaldegree_number": 367,
    "predict_educationaldegree_precision": 0.3815789473684211,
    "predict_educationaldegree_recall": 0.553133514986376,
    "predict_election_f1": 0.1673469387755102,
    "predict_election_number": 184,
    "predict_election_precision": 0.13398692810457516,
    "predict_election_recall": 0.22282608695652173,
    "predict_film_f1": 0.5282051282051282,
    "predict_film_number": 759,
    "predict_film_precision": 0.5143570536828964,
    "predict_film_recall": 0.5428194993412385,
    "predict_food_f1": 0.3544575725026853,
    "predict_food_number": 432,
    "predict_food_precision": 0.3306613226452906,
    "predict_food_recall": 0.3819444444444444,
    "predict_game_f1": 0.5129682997118156,
    "predict_game_number": 496,
    "predict_game_precision": 0.48990825688073397,
    "predict_game_recall": 0.5383064516129032,
    "predict_god_f1": 0.5436241610738255,
    "predict_god_number": 635,
    "predict_god_precision": 0.47368421052631576,
    "predict_god_recall": 0.6377952755905512,
    "predict_government/governmentagency_f1": 0.3200228180262407,
    "predict_government/governmentagency_number": 1535,
    "predict_government/governmentagency_precision": 0.2846270928462709,
    "predict_government/governmentagency_recall": 0.36547231270358305,
    "predict_hospital_f1": 0.6004672897196262,
    "predict_hospital_number": 364,
    "predict_hospital_precision": 0.5223577235772358,
    "predict_hospital_recall": 0.7060439560439561,
    "predict_hotel_f1": 0.5337837837837838,
    "predict_hotel_number": 265,
    "predict_hotel_precision": 0.4831804281345566,
    "predict_hotel_recall": 0.5962264150943396,
    "predict_island_f1": 0.5014792899408282,
    "predict_island_number": 646,
    "predict_island_precision": 0.4801699716713881,
    "predict_island_recall": 0.5247678018575851,
    "predict_language_f1": 0.6183976261127597,
    "predict_language_number": 753,
    "predict_language_precision": 0.5590128755364807,
    "predict_language_recall": 0.6918990703851262,
    "predict_law_f1": 0.3518360375747224,
    "predict_law_number": 488,
    "predict_law_precision": 0.30161054172767204,
    "predict_law_recall": 0.42213114754098363,
    "predict_library_f1": 0.5368421052631578,
    "predict_library_number": 357,
    "predict_library_precision": 0.5062034739454094,
    "predict_library_recall": 0.5714285714285714,
    "predict_livingthing_f1": 0.4892367906066537,
    "predict_livingthing_number": 865,
    "predict_livingthing_precision": 0.42408821034775235,
    "predict_livingthing_recall": 0.5780346820809249,
    "predict_loss": 0.7394781708717346,
    "predict_media/newspaper_f1": 0.5118521494576135,
    "predict_media/newspaper_number": 1234,
    "predict_media/newspaper_precision": 0.5075697211155379,
    "predict_media/newspaper_recall": 0.5162074554294975,
    "predict_medical_f1": 0.4483159117305459,
    "predict_medical_number": 397,
    "predict_medical_precision": 0.41594827586206895,
    "predict_medical_recall": 0.48614609571788414,
    "predict_mountain_f1": 0.5417236662106704,
    "predict_mountain_number": 681,
    "predict_mountain_precision": 0.5070422535211268,
    "predict_mountain_recall": 0.5814977973568282,
    "predict_music_f1": 0.5977891156462586,
    "predict_music_number": 1041,
    "predict_music_precision": 0.5362318840579711,
    "predict_music_recall": 0.675312199807877,
    "predict_other_f1": 0.44527616121844105,
    "predict_other_number": 21035,
    "predict_other_precision": 0.4085675718596157,
    "predict_other_recall": 0.4892322319942952,
    "predict_overall_accuracy": 0.8985151793488764,
    "predict_overall_f1": 0.5546768788894207,
    "predict_overall_precision": 0.5172487679451467,
    "predict_overall_recall": 0.5979441027122983,
    "predict_painting_f1": 0.0,
    "predict_painting_number": 58,
    "predict_painting_precision": 0.0,
    "predict_painting_recall": 0.0,
    "predict_park_f1": 0.37960339943342775,
    "predict_park_number": 458,