{
    "predict_GPE_f1": 0.7800214056368177,
    "predict_GPE_number": 20409,
    "predict_GPE_precision": 0.7579034941763727,
    "predict_GPE_recall": 0.8034690577686315,
    "predict_actor_f1": 0.7410358565737052,
    "predict_actor_number": 1638,
    "predict_actor_precision": 0.744,
    "predict_actor_recall": 0.7380952380952381,
    "predict_airplane_f1": 0.559610705596107,
    "predict_airplane_number": 794,
    "predict_airplane_precision": 0.5411764705882353,
    "predict_airplane_recall": 0.5793450881612091,
    "predict_airport_f1": 0.735064935064935,
    "predict_airport_number": 364,
    "predict_airport_precision": 0.6970443349753694,
    "predict_airport_recall": 0.7774725274725275,
    "predict_artist/author_f1": 0.6063348416289592,
    "predict_artist/author_number": 3464,
    "predict_artist/author_precision": 0.5774353617132411,
    "predict_artist/author_recall": 0.6382794457274826,
    "predict_astronomything_f1": 0.6718309859154931,
    "predict_astronomything_number": 678,
    "predict_astronomything_precision": 0.6428571428571429,
    "predict_astronomything_recall": 0.7035398230088495,
    "predict_athlete_f1": 0.7732468861968947,
    "predict_athlete_number": 2907,
    "predict_athlete_precision": 0.7670954637779283,
    "predict_athlete_recall": 0.7794977640178878,
    "predict_attack/battle/war/militaryconflict_f1": 0.644678979771328,
    "predict_attack/battle/war/militaryconflict_number": 1099,
    "predict_attack/battle/war/militaryconflict_precision": 0.6238297872340426,
    "predict_attack/battle/war/militaryconflict_recall": 0.6669699727024567,
    "predict_award_f1": 0.527263631815908,
    "predict_award_number": 941,
    "predict_award_precision": 0.498109640831758,
    "predict_award_recall": 0.5600425079702445,
    "predict_biologything_f1": 0.5473093598571793,
    "predict_biologything_number": 1875,
    "predict_biologything_precision": 0.5244379276637341,
    "predict_biologything_recall": 0.5722666666666667,
    "predict_bodiesofwater_f1": 0.653910149750416,
    "predict_bodiesofwater_number": 1169,
    "predict_bodiesofwater_precision": 0.6364372469635627,
    "predict_bodiesofwater_recall": 0.6723695466210436,
    "predict_broadcastprogram_f1": 0.47292993630573255,
    "predict_broadcastprogram_number": 605,
    "predict_broadcastprogram_precision": 0.45622119815668205,
    "predict_broadcastprogram_recall": 0.4909090909090909,
    "predict_car_f1": 0.6087591240875913,
    "predict_car_number": 688,
    "predict_car_precision": 0.6114369501466276,
    "predict_car_recall": 0.6061046511627907,
    "predict_chemicalthing_f1": 0.49837284983728497,
    "predict_chemicalthing_number": 1014,
    "predict_chemicalthing_precision": 0.4714160070360598,
    "predict_chemicalthing_recall": 0.5285996055226825,
    "predict_company_f1": 0.5834965719882469,
    "predict_company_number": 3903,
    "predict_company_precision": 0.5587338804220399,
    "predict_company_recall": 0.6105559825775044,
    "predict_currency_f1": 0.6930232558139535,
    "predict_currency_number": 799,
    "predict_currency_precision": 0.6471226927252985,
    "predict_currency_recall": 0.7459324155193993,
    "predict_director_f1": 0.6061674008810573,
    "predict_director_number": 554,
    "predict_director_precision": 0.5920826161790017,
    "predict_director_recall": 0.6209386281588448,
    "predict_disaster_f1": 0.41255605381165916,
    "predict_disaster_number": 207,
    "predict_disaster_precision": 0.38493723849372385,
    "predict_disaster_recall": 0.4444444444444444,
    "predict_disease_f1": 0.5569306930693069,
    "predict_disease_number": 750,
    "predict_disease_precision": 0.5196304849884527,
    "predict_disease_recall": 0.6,
    "predict_education_f1": 0.7087129175426303,
    "predict_education_number": 2082,
    "predict_education_precision": 0.6898590268303775,
    "predict_education_recall": 0.7286263208453411,
    "predict_educationaldegree_f1": 0.4767726161369193,
    "predict_educationaldegree_number": 367,
    "predict_educationaldegree_precision": 0.43237250554323725,
    "predict_educationaldegree_recall": 0.5313351498637602,
    "predict_election_f1": 0.21390374331550804,
    "predict_election_number": 184,
    "predict_election_precision": 0.21052631578947367,
    "predict_election_recall": 0.21739130434782608,
    "predict_film_f1": 0.6390605686032139,
    "predict_film_number": 759,
    "predict_film_precision": 0.6018626309662398,
    "predict_film_recall": 0.6811594202898551,
    "predict_food_f1": 0.37599093997734995,
    "predict_food_number": 432,
    "predict_food_precision": 0.36807095343680707,
    "predict_food_recall": 0.38425925925925924,
    "predict_game_f1": 0.5898709036742801,
    "predict_game_number": 496,
    "predict_game_precision": 0.5812133072407045,
    "predict_game_recall": 0.5987903225806451,
    "predict_god_f1": 0.6048265460030166,
    "predict_god_number": 635,
    "predict_god_precision": 0.5803183791606368,
    "predict_god_recall": 0.631496062992126,
    "predict_government/governmentagency_f1": 0.3629984051036683,
    "predict_government/governmentagency_number": 1535,
    "predict_government/governmentagency_precision": 0.355625,
    "predict_government/governmentagency_recall": 0.3706840390879479,
    "predict_hospital_f1": 0.6344485749690211,
    "predict_hospital_number": 364,
    "predict_hospital_precision": 0.5778781038374717,
    "predict_hospital_recall": 0.7032967032967034,
    "predict_hotel_f1": 0.588235294117647,
    "predict_hotel_number": 265,
    "predict_hotel_precision": 0.5574324324324325,
    "predict_hotel_recall": 0.6226415094339622,
    "predict_island_f1": 0.5752773375594296,
    "predict_island_number": 646,
    "predict_island_precision": 0.5892857142857143,
    "predict_island_recall": 0.5619195046439629,
    "predict_language_f1": 0.6364179104477612,
    "predict_language_number": 753,
    "predict_language_precision": 0.5780911062906724,
    "predict_language_recall": 0.7078353253652059,
    "predict_law_f1": 0.5238095238095237,
    "predict_law_number": 488,
    "predict_law_precision": 0.4893238434163701,
    "predict_law_recall": 0.5635245901639344,
    "predict_library_f1": 0.6482213438735178,
    "predict_library_number": 357,
    "predict_library_precision": 0.6119402985074627,
    "predict_library_recall": 0.6890756302521008,
    "predict_livingthing_f1": 0.5340259740259741,
    "predict_livingthing_number": 865,
    "predict_livingthing_precision": 0.4849056603773585,
    "predict_livingthing_recall": 0.5942196531791908,
    "predict_loss": 0.703538179397583,
    "predict_media/newspaper_f1": 0.534685598377282,
    "predict_media/newspaper_number": 1234,
    "predict_media/newspaper_precision": 0.5353371242891958,
    "predict_media/newspaper_recall": 0.534035656401945,
    "predict_medical_f1": 0.42168674698795183,
    "predict_medical_number": 397,
    "predict_medical_precision": 0.40415704387990764,
    "predict_medical_recall": 0.44080604534005036,
    "predict_mountain_f1": 0.6263817243920413,
    "predict_mountain_number": 681,
    "predict_mountain_precision": 0.628698224852071,
    "predict_mountain_recall": 0.6240822320117474,
    "predict_music_f1": 0.6778868630201028,
    "predict_music_number": 1041,
    "predict_music_precision": 0.6602914389799636,
    "predict_music_recall": 0.696445725264169,
    "predict_other_f1": 0.5018317518829499,
    "predict_other_number": 21035,
    "predict_other_precision": 0.481276187150838,
    "predict_other_recall": 0.5242215355360114,
    "predict_overall_accuracy": 0.909668705635066,
    "predict_overall_f1": 0.6070149966187994,
    "predict_overall_precision": 0.5856745346382652,
    "predict_overall_recall": 0.629969450522231,
    "predict_painting_f1": 0.5573770491803278,
    "predict_painting_number": 58,
    "predict_painting_precision": 0.53125,
    "predict_painting_recall": 0.5862068965517241,
    "predict_park_f1": 0.5191919191919192,
    "predict_park_number": 458,