{
    "predict_GPE_f1": 0.7535508185137205,
    "predict_GPE_number": 20409,
    "predict_GPE_precision": 0.7255738002358705,
    "predict_GPE_recall": 0.7837718653535205,
    "predict_actor_f1": 0.6481597005614473,
    "predict_actor_number": 1638,
    "predict_actor_precision": 0.6626275510204082,
    "predict_actor_recall": 0.6343101343101343,
    "predict_airplane_f1": 0.4879807692307692,
    "predict_airplane_number": 794,
    "predict_airplane_precision": 0.4666666666666667,
    "predict_airplane_recall": 0.5113350125944585,
    "predict_airport_f1": 0.6685314685314685,
    "predict_airport_number": 364,
    "predict_airport_precision": 0.6809116809116809,
    "predict_airport_recall": 0.6565934065934066,
    "predict_artist/author_f1": 0.5551737304314623,
    "predict_artist/author_number": 3464,
    "predict_artist/author_precision": 0.496471659458229,
    "predict_artist/author_recall": 0.6296189376443418,
    "predict_astronomything_f1": 0.5288796102992345,
    "predict_astronomything_number": 678,
    "predict_astronomything_precision": 0.5006587615283268,
    "predict_astronomything_recall": 0.56047197640118,
    "predict_athlete_f1": 0.7829702311658074,
    "predict_athlete_number": 2907,
    "predict_athlete_precision": 0.7578879587894398,
    "predict_athlete_recall": 0.8097695218438252,
    "predict_attack/battle/war/militaryconflict_f1": 0.5646873771136454,
    "predict_attack/battle/war/militaryconflict_number": 1099,
    "predict_attack/battle/war/militaryconflict_precision": 0.49722991689750695,
    "predict_attack/battle/war/militaryconflict_recall": 0.6533212010919017,
    "predict_award_f1": 0.4230396902226525,
    "predict_award_number": 941,
    "predict_award_precision": 0.3884444444444444,
    "predict_award_recall": 0.46439957492029754,
    "predict_biologything_f1": 0.5136729222520108,
    "predict_biologything_number": 1875,
    "predict_biologything_precision": 0.5164420485175202,
    "predict_biologything_recall": 0.5109333333333334,
    "predict_bodiesofwater_f1": 0.6361007847996696,
    "predict_bodiesofwater_number": 1169,
    "predict_bodiesofwater_precision": 0.6150159744408946,
    "predict_bodiesofwater_recall": 0.6586826347305389,
    "predict_broadcastprogram_f1": 0.41061946902654867,
    "predict_broadcastprogram_number": 605,
    "predict_broadcastprogram_precision": 0.4419047619047619,
    "predict_broadcastprogram_recall": 0.3834710743801653,
    "predict_car_f1": 0.5643212508884151,
    "predict_car_number": 688,
    "predict_car_precision": 0.5521557719054242,
    "predict_car_recall": 0.5770348837209303,
    "predict_chemicalthing_f1": 0.47796456156292594,
    "predict_chemicalthing_number": 1014,
    "predict_chemicalthing_precision": 0.44313395113732096,
    "predict_chemicalthing_recall": 0.5187376725838264,
    "predict_company_f1": 0.5320255258804065,
    "predict_company_number": 3903,
    "predict_company_precision": 0.49374862908532574,
    "predict_company_recall": 0.576735844222393,
    "predict_currency_f1": 0.5855694692903995,
    "predict_currency_number": 799,
    "predict_currency_precision": 0.5592255125284739,
    "predict_currency_recall": 0.6145181476846058,
    "predict_director_f1": 0.4282685512367491,
    "predict_director_number": 554,
    "predict_director_precision": 0.3519163763066202,
    "predict_director_recall": 0.5469314079422383,
    "predict_disaster_f1": 0.40380047505938244,
    "predict_disaster_number": 207,
    "predict_disaster_precision": 0.397196261682243,
    "predict_disaster_recall": 0.4106280193236715,
    "predict_disease_f1": 0.49416539827498734,
    "predict_disease_number": 750,
    "predict_disease_precision": 0.3988533988533989,
    "predict_disease_recall": 0.6493333333333333,
    "predict_education_f1": 0.6261019135669749,
    "predict_education_number": 2082,
    "predict_education_precision": 0.5667574931880109,
    "predict_education_recall": 0.6993275696445725,
    "predict_educationaldegree_f1": 0.4133611691022965,
    "predict_educationaldegree_number": 367,
    "predict_educationaldegree_precision": 0.3350253807106599,
    "predict_educationaldegree_recall": 0.5395095367847411,
    "predict_election_f1": 0.08498583569405099,
    "predict_election_number": 184,
    "predict_election_precision": 0.08875739644970414,
    "predict_election_recall": 0.08152173913043478,
    "predict_film_f1": 0.5037812681791739,
    "predict_film_number": 759,
    "predict_film_precision": 0.4510416666666667,
    "predict_film_recall": 0.5704874835309618,
    "predict_food_f1": 0.4179775280898877,
    "predict_food_number": 432,
    "predict_food_precision": 0.40611353711790393,
    "predict_food_recall": 0.4305555555555556,
    "predict_game_f1": 0.5234001910219674,
    "predict_game_number": 496,
    "predict_game_precision": 0.49727767695099817,
    "predict_game_recall": 0.5524193548387096,
    "predict_god_f1": 0.4355400696864111,
    "predict_god_number": 635,
    "predict_god_precision": 0.4873294346978557,
    "predict_god_recall": 0.3937007874015748,
    "predict_government/governmentagency_f1": 0.29303831624392873,
    "predict_government/governmentagency_number": 1535,
    "predict_government/governmentagency_precision": 0.25011515430677106,
    "predict_government/governmentagency_recall": 0.3537459283387622,
    "predict_hospital_f1": 0.5475910693301997,
    "predict_hospital_number": 364,
    "predict_hospital_precision": 0.4784394250513347,
    "predict_hospital_recall": 0.6401098901098901,
    "predict_hotel_f1": 0.5373665480427047,
    "predict_hotel_number": 265,
    "predict_hotel_precision": 0.5084175084175084,
    "predict_hotel_recall": 0.569811320754717,
    "predict_island_f1": 0.5453137103020913,
    "predict_island_number": 646,
    "predict_island_precision": 0.5457364341085271,
    "predict_island_recall": 0.544891640866873,
    "predict_language_f1": 0.6165137614678898,
    "predict_language_number": 753,
    "predict_language_precision": 0.5714285714285714,
    "predict_language_recall": 0.6693227091633466,
    "predict_law_f1": 0.3589329021827001,
    "predict_law_number": 488,
    "predict_law_precision": 0.2963951935914553,
    "predict_law_recall": 0.45491803278688525,
    "predict_library_f1": 0.480304955527319,
    "predict_library_number": 357,
    "predict_library_precision": 0.43953488372093025,
    "predict_library_recall": 0.5294117647058824,
    "predict_livingthing_f1": 0.49354672173464115,
    "predict_livingthing_number": 865,
    "predict_livingthing_precision": 0.4458955223880597,
    "predict_livingthing_recall": 0.5526011560693641,
    "predict_loss": 0.5058671236038208,
    "predict_media/newspaper_f1": 0.530232558139535,
    "predict_media/newspaper_number": 1234,
    "predict_media/newspaper_precision": 0.4746957078795644,
    "predict_media/newspaper_recall": 0.600486223662885,
    "predict_medical_f1": 0.39448275862068966,
    "predict_medical_number": 397,
    "predict_medical_precision": 0.43597560975609756,
    "predict_medical_recall": 0.3602015113350126,
    "predict_mountain_f1": 0.5624012638230648,
    "predict_mountain_number": 681,
    "predict_mountain_precision": 0.6085470085470085,
    "predict_mountain_recall": 0.5227606461086637,
    "predict_music_f1": 0.5537459283387622,
    "predict_music_number": 1041,
    "predict_music_precision": 0.5370036101083032,
    "predict_music_recall": 0.5715658021133525,
    "predict_other_f1": 0.43297244960830916,
    "predict_other_number": 21035,
    "predict_other_precision": 0.40304805604490146,
    "predict_other_recall": 0.46769669598288566,
    "predict_overall_accuracy": 0.8973502096511171,
    "predict_overall_f1": 0.5480893774644522,
    "predict_overall_precision": 0.5104199122252588,
    "predict_overall_recall": 0.5917619617718697,
    "predict_painting_f1": 0.0,
    "predict_painting_number": 58,
    "predict_painting_precision": 0.0,
    "predict_painting_recall": 0.0,
    "predict_park_f1": 0.3493150684931507,
    "predict_park_number": 458,