{
    "predict_GPE_f1": 0.7682363804247462,
    "predict_GPE_number": 20409,
    "predict_GPE_precision": 0.74326553051127,
    "predict_GPE_recall": 0.7949434073202999,
    "predict_actor_f1": 0.6624803767660911,
    "predict_actor_number": 1638,
    "predict_actor_precision": 0.6819650937297996,
    "predict_actor_recall": 0.6440781440781441,
    "predict_airplane_f1": 0.48477466504263095,
    "predict_airplane_number": 794,
    "predict_airplane_precision": 0.4693396226415094,
    "predict_airplane_recall": 0.5012594458438288,
    "predict_airport_f1": 0.6960000000000001,
    "predict_airport_number": 364,
    "predict_airport_precision": 0.6761658031088082,
    "predict_airport_recall": 0.717032967032967,
    "predict_artist/author_f1": 0.5438907849829352,
    "predict_artist/author_number": 3464,
    "predict_artist/author_precision": 0.515928515928516,
    "predict_artist/author_recall": 0.5750577367205543,
    "predict_astronomything_f1": 0.568745808182428,
    "predict_astronomything_number": 678,
    "predict_astronomything_precision": 0.5215252152521526,
    "predict_astronomything_recall": 0.6253687315634219,
    "predict_athlete_f1": 0.7703454085930919,
    "predict_athlete_number": 2907,
    "predict_athlete_precision": 0.7549537648612946,
    "predict_athlete_recall": 0.7863777089783281,
    "predict_attack/battle/war/militaryconflict_f1": 0.6092150170648465,
    "predict_attack/battle/war/militaryconflict_number": 1099,
    "predict_attack/battle/war/militaryconflict_precision": 0.5734939759036145,
    "predict_attack/battle/war/militaryconflict_recall": 0.6496815286624203,
    "predict_award_f1": 0.4679393049437103,
    "predict_award_number": 941,
    "predict_award_precision": 0.4337568058076225,
    "predict_award_recall": 0.5079702444208289,
    "predict_biologything_f1": 0.5236625514403292,
    "predict_biologything_number": 1875,
    "predict_biologything_precision": 0.505712866368604,
    "predict_biologything_recall": 0.5429333333333334,
    "predict_bodiesofwater_f1": 0.6227804244261584,
    "predict_bodiesofwater_number": 1169,
    "predict_bodiesofwater_precision": 0.6307017543859649,
    "predict_bodiesofwater_recall": 0.6150556030795552,
    "predict_broadcastprogram_f1": 0.4254980079681275,
    "predict_broadcastprogram_number": 605,
    "predict_broadcastprogram_precision": 0.4107692307692308,
    "predict_broadcastprogram_recall": 0.4413223140495868,
    "predict_car_f1": 0.5394366197183099,
    "predict_car_number": 688,
    "predict_car_precision": 0.523224043715847,
    "predict_car_recall": 0.5566860465116279,
    "predict_chemicalthing_f1": 0.44770642201834865,
    "predict_chemicalthing_number": 1014,
    "predict_chemicalthing_precision": 0.41852487135506006,
    "predict_chemicalthing_recall": 0.4812623274161736,
    "predict_company_f1": 0.5461328027853767,
    "predict_company_number": 3903,
    "predict_company_precision": 0.5305629379077071,
    "predict_company_recall": 0.5626441199077633,
    "predict_currency_f1": 0.6291879613855764,
    "predict_currency_number": 799,
    "predict_currency_precision": 0.5758835758835759,
    "predict_currency_recall": 0.6933667083854819,
    "predict_director_f1": 0.5020850708924104,
    "predict_director_number": 554,
    "predict_director_precision": 0.4666666666666667,
    "predict_director_recall": 0.5433212996389891,
    "predict_disaster_f1": 0.34309623430962344,
    "predict_disaster_number": 207,
    "predict_disaster_precision": 0.3025830258302583,
    "predict_disaster_recall": 0.3961352657004831,
    "predict_disease_f1": 0.5074298293891029,
    "predict_disease_number": 750,
    "predict_disease_precision": 0.4320524835988753,
    "predict_disease_recall": 0.6146666666666667,
    "predict_education_f1": 0.6878599401059663,
    "predict_education_number": 2082,
    "predict_education_precision": 0.6609119079238601,
    "predict_education_recall": 0.7170989433237271,
    "predict_educationaldegree_f1": 0.44183313748531133,
    "predict_educationaldegree_number": 367,
    "predict_educationaldegree_precision": 0.3884297520661157,
    "predict_educationaldegree_recall": 0.5122615803814714,
    "predict_election_f1": 0.12612612612612614,
    "predict_election_number": 184,
    "predict_election_precision": 0.1076923076923077,
    "predict_election_recall": 0.15217391304347827,
    "predict_film_f1": 0.5490716180371352,
    "predict_film_number": 759,
    "predict_film_precision": 0.5527369826435247,
    "predict_film_recall": 0.5454545454545454,
    "predict_food_f1": 0.3611111111111111,
    "predict_food_number": 432,
    "predict_food_precision": 0.3353174603174603,
    "predict_food_recall": 0.3912037037037037,
    "predict_game_f1": 0.5063291139240506,
    "predict_game_number": 496,
    "predict_game_precision": 0.4896421845574388,
    "predict_game_recall": 0.5241935483870968,
    "predict_god_f1": 0.5429740791268759,
    "predict_god_number": 635,
    "predict_god_precision": 0.4789410348977136,
    "predict_god_recall": 0.6267716535433071,
    "predict_government/governmentagency_f1": 0.31154822335025384,
    "predict_government/governmentagency_number": 1535,
    "predict_government/governmentagency_precision": 0.3036487322201608,
    "predict_government/governmentagency_recall": 0.3198697068403909,
    "predict_hospital_f1": 0.6025791324736226,
    "predict_hospital_number": 364,
    "predict_hospital_precision": 0.5255623721881391,
    "predict_hospital_recall": 0.7060439560439561,
    "predict_hotel_f1": 0.5514705882352942,
    "predict_hotel_number": 265,
    "predict_hotel_precision": 0.5376344086021505,
    "predict_hotel_recall": 0.5660377358490566,
    "predict_island_f1": 0.5171898355754858,
    "predict_island_number": 646,
    "predict_island_precision": 0.5,
    "predict_island_recall": 0.5356037151702786,
    "predict_language_f1": 0.6025255562236921,
    "predict_language_number": 753,
    "predict_language_precision": 0.5505494505494506,
    "predict_language_recall": 0.6653386454183267,
    "predict_law_f1": 0.36658141517476556,
    "predict_law_number": 488,
    "predict_law_precision": 0.31386861313868614,
    "predict_law_recall": 0.4405737704918033,
    "predict_library_f1": 0.5533596837944663,
    "predict_library_number": 357,
    "predict_library_precision": 0.5223880597014925,
    "predict_library_recall": 0.5882352941176471,
    "predict_livingthing_f1": 0.4877049180327868,
    "predict_livingthing_number": 865,
    "predict_livingthing_precision": 0.43790248390064396,
    "predict_livingthing_recall": 0.5502890173410404,
    "predict_loss": 0.7364395260810852,
    "predict_media/newspaper_f1": 0.5045795170691091,
    "predict_media/newspaper_number": 1234,
    "predict_media/newspaper_precision": 0.5188356164383562,
    "predict_media/newspaper_recall": 0.49108589951377635,
    "predict_medical_f1": 0.42606516290726815,
    "predict_medical_number": 397,
    "predict_medical_precision": 0.4239401496259352,
    "predict_medical_recall": 0.4282115869017632,
    "predict_mountain_f1": 0.576437587657784,
    "predict_mountain_number": 681,
    "predict_mountain_precision": 0.5516778523489932,
    "predict_mountain_recall": 0.6035242290748899,
    "predict_music_f1": 0.6086572438162544,
    "predict_music_number": 1041,
    "predict_music_precision": 0.5633687653311529,
    "predict_music_recall": 0.6618635926993276,
    "predict_other_f1": 0.45593861160204924,
    "predict_other_number": 21035,
    "predict_other_precision": 0.43061189993238674,
    "predict_other_recall": 0.4844307107202282,
    "predict_overall_accuracy": 0.9005313477819976,
    "predict_overall_f1": 0.5658105820884539,
    "predict_overall_precision": 0.53922182845067,
    "predict_overall_recall": 0.5951574949428229,
    "predict_painting_f1": 0.021739130434782608,
    "predict_painting_number": 58,
    "predict_painting_precision": 0.029411764705882353,
    "predict_painting_recall": 0.017241379310344827,
    "predict_park_f1": 0.4591520165460186,