{
    "predict_GPE_f1": 0.7749712704331715,
    "predict_GPE_number": 20409,
    "predict_GPE_precision": 0.7432298695456591,
    "predict_GPE_recall": 0.8095448086628448,
    "predict_actor_f1": 0.6517831255436359,
    "predict_actor_number": 1638,
    "predict_actor_precision": 0.620651573716179,
    "predict_actor_recall": 0.6862026862026862,
    "predict_airplane_f1": 0.521288837744534,
    "predict_airplane_number": 794,
    "predict_airplane_precision": 0.4798728813559322,
    "predict_airplane_recall": 0.570528967254408,
    "predict_airport_f1": 0.782608695652174,
    "predict_airport_number": 364,
    "predict_airport_precision": 0.7994269340974212,
    "predict_airport_recall": 0.7664835164835165,
    "predict_artist/author_f1": 0.5097772949483976,
    "predict_artist/author_number": 3464,
    "predict_artist/author_precision": 0.48128205128205126,
    "predict_artist/author_recall": 0.5418591224018475,
    "predict_astronomything_f1": 0.601115760111576,
    "predict_astronomything_number": 678,
    "predict_astronomything_precision": 0.5701058201058201,
    "predict_astronomything_recall": 0.6356932153392331,
    "predict_athlete_f1": 0.6539910928400138,
    "predict_athlete_number": 2907,
    "predict_athlete_precision": 0.6513135448652337,
    "predict_athlete_recall": 0.6566907464740283,
    "predict_attack/battle/war/militaryconflict_f1": 0.5927750410509033,
    "predict_attack/battle/war/militaryconflict_number": 1099,
    "predict_attack/battle/war/militaryconflict_precision": 0.5400149588631264,
    "predict_attack/battle/war/militaryconflict_recall": 0.6569608735213831,
    "predict_award_f1": 0.46100691016781836,
    "predict_award_number": 941,
    "predict_award_precision": 0.4304147465437788,
    "predict_award_recall": 0.4962805526036132,
    "predict_biologything_f1": 0.5239481344270972,
    "predict_biologything_number": 1875,
    "predict_biologything_precision": 0.5199579831932774,
    "predict_biologything_recall": 0.528,
    "predict_bodiesofwater_f1": 0.63610776035384,
    "predict_bodiesofwater_number": 1169,
    "predict_bodiesofwater_precision": 0.6001517450682853,
    "predict_bodiesofwater_recall": 0.6766467065868264,
    "predict_broadcastprogram_f1": 0.37178423236514524,
    "predict_broadcastprogram_number": 605,
    "predict_broadcastprogram_precision": 0.37333333333333335,
    "predict_broadcastprogram_recall": 0.3702479338842975,
    "predict_car_f1": 0.5393258426966292,
    "predict_car_number": 688,
    "predict_car_precision": 0.5564142194744977,
    "predict_car_recall": 0.5232558139534884,
    "predict_chemicalthing_f1": 0.4601198709082527,
    "predict_chemicalthing_number": 1014,
    "predict_chemicalthing_precision": 0.43203463203463205,
    "predict_chemicalthing_recall": 0.4921104536489152,
    "predict_company_f1": 0.5678666836280372,
    "predict_company_number": 3903,
    "predict_company_precision": 0.5639211723092471,
    "predict_company_recall": 0.5718677940046119,
    "predict_currency_f1": 0.6440468846391116,
    "predict_currency_number": 799,
    "predict_currency_precision": 0.635036496350365,
    "predict_currency_recall": 0.6533166458072591,
    "predict_director_f1": 0.505019305019305,
    "predict_director_number": 554,
    "predict_director_precision": 0.44129554655870445,
    "predict_director_recall": 0.5902527075812274,
    "predict_disaster_f1": 0.43121149897330596,
    "predict_disaster_number": 207,
    "predict_disaster_precision": 0.375,
    "predict_disaster_recall": 0.5072463768115942,
    "predict_disease_f1": 0.508034610630408,
    "predict_disease_number": 750,
    "predict_disease_precision": 0.4735023041474654,
    "predict_disease_recall": 0.548,
    "predict_education_f1": 0.6816647919010124,
    "predict_education_number": 2082,
    "predict_education_precision": 0.6411341515023276,
    "predict_education_recall": 0.7276657060518732,
    "predict_educationaldegree_f1": 0.40514469453376206,
    "predict_educationaldegree_number": 367,
    "predict_educationaldegree_precision": 0.3339222614840989,
    "predict_educationaldegree_recall": 0.5149863760217984,
    "predict_election_f1": 0.18232044198895025,
    "predict_election_number": 184,
    "predict_election_precision": 0.1853932584269663,
    "predict_election_recall": 0.1793478260869565,
    "predict_film_f1": 0.5232216343327455,
    "predict_film_number": 759,
    "predict_film_precision": 0.4723991507430998,
    "predict_film_recall": 0.5862977602108037,
    "predict_food_f1": 0.3864628820960699,
    "predict_food_number": 432,
    "predict_food_precision": 0.365702479338843,
    "predict_food_recall": 0.4097222222222222,
    "predict_game_f1": 0.48403707518022654,
    "predict_game_number": 496,
    "predict_game_precision": 0.49473684210526314,
    "predict_game_recall": 0.4737903225806452,
    "predict_god_f1": 0.486873508353222,
    "predict_god_number": 635,
    "predict_god_precision": 0.4919614147909968,
    "predict_god_recall": 0.4818897637795276,
    "predict_government/governmentagency_f1": 0.3312702623047451,
    "predict_government/governmentagency_number": 1535,
    "predict_government/governmentagency_precision": 0.302475780409042,
    "predict_government/governmentagency_recall": 0.36612377850162864,
    "predict_hospital_f1": 0.6577344701583434,
    "predict_hospital_number": 364,
    "predict_hospital_precision": 0.5908096280087527,
    "predict_hospital_recall": 0.7417582417582418,
    "predict_hotel_f1": 0.6032315978456014,
    "predict_hotel_number": 265,
    "predict_hotel_precision": 0.5753424657534246,
    "predict_hotel_recall": 0.6339622641509434,
    "predict_island_f1": 0.5485008818342151,
    "predict_island_number": 646,
    "predict_island_precision": 0.6372950819672131,
    "predict_island_recall": 0.48142414860681115,
    "predict_language_f1": 0.6250812215724496,
    "predict_language_number": 753,
    "predict_language_precision": 0.6119592875318066,
    "predict_language_recall": 0.6387782204515272,
    "predict_law_f1": 0.4976700838769804,
    "predict_law_number": 488,
    "predict_law_precision": 0.4564102564102564,
    "predict_law_recall": 0.5471311475409836,
    "predict_library_f1": 0.6262886597938144,
    "predict_library_number": 357,
    "predict_library_precision": 0.5799522673031027,
    "predict_library_recall": 0.680672268907563,
    "predict_livingthing_f1": 0.45297297297297295,
    "predict_livingthing_number": 865,
    "predict_livingthing_precision": 0.42538071065989846,
    "predict_livingthing_recall": 0.484393063583815,
    "predict_loss": 0.6199977397918701,
    "predict_media/newspaper_f1": 0.5342902711323765,
    "predict_media/newspaper_number": 1234,
    "predict_media/newspaper_precision": 0.5259026687598116,
    "predict_media/newspaper_recall": 0.5429497568881686,
    "predict_medical_f1": 0.3835616438356164,
    "predict_medical_number": 397,
    "predict_medical_precision": 0.42042042042042044,
    "predict_medical_recall": 0.3526448362720403,
    "predict_mountain_f1": 0.6018854242204495,
    "predict_mountain_number": 681,
    "predict_mountain_precision": 0.5945558739255015,
    "predict_mountain_recall": 0.6093979441997063,
    "predict_music_f1": 0.5147956787224048,
    "predict_music_number": 1041,
    "predict_music_precision": 0.5036764705882353,
    "predict_music_recall": 0.526416906820365,
    "predict_other_f1": 0.46947655254252185,
    "predict_other_number": 21035,
    "predict_other_precision": 0.4365166932287197,
    "predict_other_recall": 0.507820299500832,
    "predict_overall_accuracy": 0.9009222043441536,
    "predict_overall_f1": 0.5661224469790171,
    "predict_overall_precision": 0.5390689903015934,
    "predict_overall_recall": 0.5960347603517319,
    "predict_painting_f1": 0.10204081632653061,
    "predict_painting_number": 58,
    "predict_painting_precision": 0.125,
    "predict_painting_recall": 0.08620689655172414,
    "predict_park_f1": 0.6114519427402864,
    "predict_park_number": 458,