{
    "predict_GPE_f1": 0.7828840841984952,
    "predict_GPE_number": 20409,
    "predict_GPE_precision": 0.7615231389262056,
    "predict_GPE_recall": 0.8054779754030085,
    "predict_actor_f1": 0.7566037735849058,
    "predict_actor_number": 1638,
    "predict_actor_precision": 0.7801556420233463,
    "predict_actor_recall": 0.7344322344322345,
    "predict_airplane_f1": 0.572468162522741,
    "predict_airplane_number": 794,
    "predict_airplane_precision": 0.552046783625731,
    "predict_airplane_recall": 0.5944584382871536,
    "predict_airport_f1": 0.7294117647058823,
    "predict_airport_number": 364,
    "predict_airport_precision": 0.6957605985037406,
    "predict_airport_recall": 0.7664835164835165,
    "predict_artist/author_f1": 0.6261655834981633,
    "predict_artist/author_number": 3464,
    "predict_artist/author_precision": 0.6131710016602103,
    "predict_artist/author_recall": 0.6397228637413395,
    "predict_astronomything_f1": 0.6834381551362684,
    "predict_astronomything_number": 678,
    "predict_astronomything_precision": 0.649402390438247,
    "predict_astronomything_recall": 0.7212389380530974,
    "predict_athlete_f1": 0.7911262798634813,
    "predict_athlete_number": 2907,
    "predict_athlete_precision": 0.7849644429393837,
    "predict_athlete_recall": 0.7973856209150327,
    "predict_attack/battle/war/militaryconflict_f1": 0.6396201985325852,
    "predict_attack/battle/war/militaryconflict_number": 1099,
    "predict_attack/battle/war/militaryconflict_precision": 0.6083743842364532,
    "predict_attack/battle/war/militaryconflict_recall": 0.6742493175614195,
    "predict_award_f1": 0.512506380806534,
    "predict_award_number": 941,
    "predict_award_precision": 0.4931237721021611,
    "predict_award_recall": 0.5334750265674814,
    "predict_biologything_f1": 0.5658953722334005,
    "predict_biologything_number": 1875,
    "predict_biologything_precision": 0.5354593050928129,
    "predict_biologything_recall": 0.6,
    "predict_bodiesofwater_f1": 0.6491372226787181,
    "predict_bodiesofwater_number": 1169,
    "predict_bodiesofwater_precision": 0.6245059288537549,
    "predict_bodiesofwater_recall": 0.6757912745936698,
    "predict_broadcastprogram_f1": 0.49878147847278637,
    "predict_broadcastprogram_number": 605,
    "predict_broadcastprogram_precision": 0.4904153354632588,
    "predict_broadcastprogram_recall": 0.5074380165289256,
    "predict_car_f1": 0.6051051051051051,
    "predict_car_number": 688,
    "predict_car_precision": 0.6257763975155279,
    "predict_car_recall": 0.5857558139534884,
    "predict_chemicalthing_f1": 0.4860362567368937,
    "predict_chemicalthing_number": 1014,
    "predict_chemicalthing_precision": 0.48296007789678674,
    "predict_chemicalthing_recall": 0.4891518737672584,
    "predict_company_f1": 0.5804178202869369,
    "predict_company_number": 3903,
    "predict_company_precision": 0.5703685382141974,
    "predict_company_recall": 0.5908275685370228,
    "predict_currency_f1": 0.6813186813186813,
    "predict_currency_number": 799,
    "predict_currency_precision": 0.6333333333333333,
    "predict_currency_recall": 0.737171464330413,
    "predict_director_f1": 0.6291739894551845,
    "predict_director_number": 554,
    "predict_director_precision": 0.613013698630137,
    "predict_director_recall": 0.6462093862815884,
    "predict_disaster_f1": 0.4116331096196868,
    "predict_disaster_number": 207,
    "predict_disaster_precision": 0.38333333333333336,
    "predict_disaster_recall": 0.4444444444444444,
    "predict_disease_f1": 0.5554245283018868,
    "predict_disease_number": 750,
    "predict_disease_precision": 0.4978858350951374,
    "predict_disease_recall": 0.628,
    "predict_education_f1": 0.7025390170044258,
    "predict_education_number": 2082,
    "predict_education_precision": 0.6820443238353686,
    "predict_education_recall": 0.7243035542747358,
    "predict_educationaldegree_f1": 0.4847746650426309,
    "predict_educationaldegree_number": 367,
    "predict_educationaldegree_precision": 0.43832599118942733,
    "predict_educationaldegree_recall": 0.5422343324250681,
    "predict_election_f1": 0.22784810126582278,
    "predict_election_number": 184,
    "predict_election_precision": 0.2132701421800948,
    "predict_election_recall": 0.24456521739130435,
    "predict_film_f1": 0.6645077720207253,
    "predict_film_number": 759,
    "predict_film_precision": 0.6535031847133758,
    "predict_film_recall": 0.6758893280632411,
    "predict_food_f1": 0.4044943820224719,
    "predict_food_number": 432,
    "predict_food_precision": 0.3930131004366812,
    "predict_food_recall": 0.4166666666666667,
    "predict_game_f1": 0.5852216748768473,
    "predict_game_number": 496,
    "predict_game_precision": 0.5722543352601156,
    "predict_game_recall": 0.5987903225806451,
    "predict_god_f1": 0.6045418950665622,
    "predict_god_number": 635,
    "predict_god_precision": 0.6012461059190031,
    "predict_god_recall": 0.6078740157480315,
    "predict_government/governmentagency_f1": 0.35962732919254664,
    "predict_government/governmentagency_number": 1535,
    "predict_government/governmentagency_precision": 0.34362017804154305,
    "predict_government/governmentagency_recall": 0.3771986970684039,
    "predict_hospital_f1": 0.5987730061349694,
    "predict_hospital_number": 364,
    "predict_hospital_precision": 0.541019955654102,
    "predict_hospital_recall": 0.6703296703296703,
    "predict_hotel_f1": 0.5931283905967449,
    "predict_hotel_number": 265,
    "predict_hotel_precision": 0.5694444444444444,
    "predict_hotel_recall": 0.6188679245283019,
    "predict_island_f1": 0.6049004594180704,
    "predict_island_number": 646,
    "predict_island_precision": 0.5984848484848485,
    "predict_island_recall": 0.6114551083591331,
    "predict_language_f1": 0.6580341377280753,
    "predict_language_number": 753,
    "predict_language_precision": 0.5909090909090909,
    "predict_language_recall": 0.7423638778220452,
    "predict_law_f1": 0.5062560153994226,
    "predict_law_number": 488,
    "predict_law_precision": 0.47731397459165154,
    "predict_law_recall": 0.5389344262295082,
    "predict_library_f1": 0.6342710997442454,
    "predict_library_number": 357,
    "predict_library_precision": 0.5835294117647059,
    "predict_library_recall": 0.6946778711484594,
    "predict_livingthing_f1": 0.5288311688311688,
    "predict_livingthing_number": 865,
    "predict_livingthing_precision": 0.480188679245283,
    "predict_livingthing_recall": 0.5884393063583815,
    "predict_loss": 0.6712640523910522,
    "predict_media/newspaper_f1": 0.5476374903175834,
    "predict_media/newspaper_number": 1234,
    "predict_media/newspaper_precision": 0.5244807121661721,
    "predict_media/newspaper_recall": 0.5729335494327391,
    "predict_medical_f1": 0.4292565947242206,
    "predict_medical_number": 397,
    "predict_medical_precision": 0.4096109839816934,
    "predict_medical_recall": 0.4508816120906801,
    "predict_mountain_f1": 0.6160583941605839,
    "predict_mountain_number": 681,
    "predict_mountain_precision": 0.6124818577648766,
    "predict_mountain_recall": 0.6196769456681351,
    "predict_music_f1": 0.6755637367694433,
    "predict_music_number": 1041,
    "predict_music_precision": 0.6484098939929329,
    "predict_music_recall": 0.7050912584053795,
    "predict_other_f1": 0.5031973238058394,
    "predict_other_number": 21035,
    "predict_other_precision": 0.48262615680111753,
    "predict_other_recall": 0.5256001901592584,
    "predict_overall_accuracy": 0.9104829901395575,
    "predict_overall_f1": 0.6098254564584088,
    "predict_overall_precision": 0.5873428612399025,
    "predict_overall_recall": 0.634097758328861,
    "predict_painting_f1": 0.4081632653061224,
    "predict_painting_number": 58,
    "predict_painting_precision": 0.33707865168539325,
    "predict_painting_recall": 0.5172413793103449,
    "predict_park_f1": 0.5394190871369295,
    "predict_park_number": 458,