{
    "predict_GPE_f1": 0.7540890477430351,
    "predict_GPE_number": 20409,
    "predict_GPE_precision": 0.7294166132429709,
    "predict_GPE_recall": 0.780488999951002,
    "predict_actor_f1": 0.6710791366906476,
    "predict_actor_number": 1638,
    "predict_actor_precision": 0.6347305389221557,
    "predict_actor_recall": 0.7118437118437119,
    "predict_airplane_f1": 0.5343137254901961,
    "predict_airplane_number": 794,
    "predict_airplane_precision": 0.5202863961813843,
    "predict_airplane_recall": 0.5491183879093199,
    "predict_airport_f1": 0.6109725685785535,
    "predict_airport_number": 364,
    "predict_airport_precision": 0.5593607305936074,
    "predict_airport_recall": 0.6730769230769231,
    "predict_artist/author_f1": 0.5631040363843093,
    "predict_artist/author_number": 3464,
    "predict_artist/author_precision": 0.5545912653975364,
    "predict_artist/author_recall": 0.5718822170900693,
    "predict_astronomything_f1": 0.5881552076242342,
    "predict_astronomything_number": 678,
    "predict_astronomything_precision": 0.5461441213653603,
    "predict_astronomything_recall": 0.6371681415929203,
    "predict_athlete_f1": 0.765271105010295,
    "predict_athlete_number": 2907,
    "predict_athlete_precision": 0.7634371790482711,
    "predict_athlete_recall": 0.7671138630890952,
    "predict_attack/battle/war/militaryconflict_f1": 0.6292134831460674,
    "predict_attack/battle/war/militaryconflict_number": 1099,
    "predict_attack/battle/war/militaryconflict_precision": 0.5991769547325103,
    "predict_attack/battle/war/militaryconflict_recall": 0.6624203821656051,
    "predict_award_f1": 0.456795889771135,
    "predict_award_number": 941,
    "predict_award_precision": 0.4075,
    "predict_award_recall": 0.5196599362380446,
    "predict_biologything_f1": 0.5199585277345775,
    "predict_biologything_number": 1875,
    "predict_biologything_precision": 0.5057992939989914,
    "predict_biologything_recall": 0.5349333333333334,
    "predict_bodiesofwater_f1": 0.6168371361132966,
    "predict_bodiesofwater_number": 1169,
    "predict_bodiesofwater_precision": 0.5710123816460306,
    "predict_bodiesofwater_recall": 0.6706586826347305,
    "predict_broadcastprogram_f1": 0.39419795221843,
    "predict_broadcastprogram_number": 605,
    "predict_broadcastprogram_precision": 0.4074074074074074,
    "predict_broadcastprogram_recall": 0.38181818181818183,
    "predict_car_f1": 0.5787598004276552,
    "predict_car_number": 688,
    "predict_car_precision": 0.5678321678321678,
    "predict_car_recall": 0.5901162790697675,
    "predict_chemicalthing_f1": 0.4695177434030937,
    "predict_chemicalthing_number": 1014,
    "predict_chemicalthing_precision": 0.4358108108108108,
    "predict_chemicalthing_recall": 0.5088757396449705,
    "predict_company_f1": 0.5534313725490196,
    "predict_company_number": 3903,
    "predict_company_precision": 0.530420483908856,
    "predict_company_recall": 0.5785293364078914,
    "predict_currency_f1": 0.6490649064906491,
    "predict_currency_number": 799,
    "predict_currency_precision": 0.5789990186457311,
    "predict_currency_recall": 0.7384230287859824,
    "predict_director_f1": 0.5255102040816327,
    "predict_director_number": 554,
    "predict_director_precision": 0.4967845659163987,
    "predict_director_recall": 0.5577617328519856,
    "predict_disaster_f1": 0.3788187372708758,
    "predict_disaster_number": 207,
    "predict_disaster_precision": 0.3274647887323944,
    "predict_disaster_recall": 0.4492753623188406,
    "predict_disease_f1": 0.5034324942791761,
    "predict_disease_number": 750,
    "predict_disease_precision": 0.4408817635270541,
    "predict_disease_recall": 0.5866666666666667,
    "predict_education_f1": 0.6424642464246425,
    "predict_education_number": 2082,
    "predict_education_precision": 0.5927730410069022,
    "predict_education_recall": 0.7012487992315082,
    "predict_educationaldegree_f1": 0.43553629469122424,
    "predict_educationaldegree_number": 367,
    "predict_educationaldegree_precision": 0.36151079136690645,
    "predict_educationaldegree_recall": 0.547683923705722,
    "predict_election_f1": 0.20044543429844097,
    "predict_election_number": 184,
    "predict_election_precision": 0.16981132075471697,
    "predict_election_recall": 0.24456521739130435,
    "predict_film_f1": 0.5317989097516657,
    "predict_film_number": 759,
    "predict_film_precision": 0.492152466367713,
    "predict_film_recall": 0.5783926218708827,
    "predict_food_f1": 0.3425641025641026,
    "predict_food_number": 432,
    "predict_food_precision": 0.30755064456721914,
    "predict_food_recall": 0.38657407407407407,
    "predict_game_f1": 0.5397727272727273,
    "predict_game_number": 496,
    "predict_game_precision": 0.5089285714285714,
    "predict_game_recall": 0.5745967741935484,
    "predict_god_f1": 0.5229283990345936,
    "predict_god_number": 635,
    "predict_god_precision": 0.5345394736842105,
    "predict_god_recall": 0.5118110236220472,
    "predict_government/governmentagency_f1": 0.2846025569760979,
    "predict_government/governmentagency_number": 1535,
    "predict_government/governmentagency_precision": 0.2481822588463403,
    "predict_government/governmentagency_recall": 0.33355048859934855,
    "predict_hospital_f1": 0.5491803278688525,
    "predict_hospital_number": 364,
    "predict_hospital_precision": 0.5461956521739131,
    "predict_hospital_recall": 0.5521978021978022,
    "predict_hotel_f1": 0.5403377110694183,
    "predict_hotel_number": 265,
    "predict_hotel_precision": 0.5373134328358209,
    "predict_hotel_recall": 0.5433962264150943,
    "predict_island_f1": 0.5431918008784773,
    "predict_island_number": 646,
    "predict_island_precision": 0.5152777777777777,
    "predict_island_recall": 0.5743034055727554,
    "predict_language_f1": 0.6,
    "predict_language_number": 753,
    "predict_language_precision": 0.5410885805763074,
    "predict_language_recall": 0.6733067729083665,
    "predict_law_f1": 0.4379811804961506,
    "predict_law_number": 488,
    "predict_law_precision": 0.37591776798825255,
    "predict_law_recall": 0.5245901639344263,
    "predict_library_f1": 0.5298701298701298,
    "predict_library_number": 357,
    "predict_library_precision": 0.4939467312348668,
    "predict_library_recall": 0.5714285714285714,
    "predict_livingthing_f1": 0.49773299748110833,
    "predict_livingthing_number": 865,
    "predict_livingthing_precision": 0.44107142857142856,
    "predict_livingthing_recall": 0.5710982658959538,
    "predict_loss": 0.516946017742157,
    "predict_media/newspaper_f1": 0.5275888133030989,
    "predict_media/newspaper_number": 1234,
    "predict_media/newspaper_precision": 0.4943342776203966,
    "predict_media/newspaper_recall": 0.5656401944894651,
    "predict_medical_f1": 0.39274924471299094,
    "predict_medical_number": 397,
    "predict_medical_precision": 0.49056603773584906,
    "predict_medical_recall": 0.327455919395466,
    "predict_mountain_f1": 0.534153005464481,
    "predict_mountain_number": 681,
    "predict_mountain_precision": 0.49936143039591313,
    "predict_mountain_recall": 0.5741556534508077,
    "predict_music_f1": 0.607359105728924,
    "predict_music_number": 1041,
    "predict_music_precision": 0.5895117540687161,
    "predict_music_recall": 0.6263208453410183,
    "predict_other_f1": 0.4484140969162996,
    "predict_other_number": 21035,
    "predict_other_precision": 0.4177713933921609,
    "predict_other_recall": 0.4839077727596862,
    "predict_overall_accuracy": 0.9005606620241593,
    "predict_overall_f1": 0.560225612449458,
    "predict_overall_precision": 0.5288247422680412,
    "predict_overall_recall": 0.5955909672625191,
    "predict_painting_f1": 0.0,
    "predict_painting_number": 58,
    "predict_painting_precision": 0.0,
    "predict_painting_recall": 0.0,
    "predict_park_f1": 0.38217821782178224,
    "predict_park_number": 458,