{
    "predict_GPE_f1": 0.7620408066090517,
    "predict_GPE_number": 20409,
    "predict_GPE_precision": 0.741131795869223,
    "predict_GPE_recall": 0.7841638492821794,
    "predict_actor_f1": 0.6310782241014798,
    "predict_actor_number": 1638,
    "predict_actor_precision": 0.5563839701770736,
    "predict_actor_recall": 0.7289377289377289,
    "predict_airplane_f1": 0.526378896882494,
    "predict_airplane_number": 794,
    "predict_airplane_precision": 0.5022883295194508,
    "predict_airplane_recall": 0.552896725440806,
    "predict_airport_f1": 0.6737683089214381,
    "predict_airport_number": 364,
    "predict_airport_precision": 0.6537467700258398,
    "predict_airport_recall": 0.695054945054945,
    "predict_artist/author_f1": 0.5259965337954939,
    "predict_artist/author_number": 3464,
    "predict_artist/author_precision": 0.5263005780346821,
    "predict_artist/author_recall": 0.5256928406466512,
    "predict_astronomything_f1": 0.6065808297567955,
    "predict_astronomything_number": 678,
    "predict_astronomything_precision": 0.5888888888888889,
    "predict_astronomything_recall": 0.6253687315634219,
    "predict_athlete_f1": 0.7579437697554483,
    "predict_athlete_number": 2907,
    "predict_athlete_precision": 0.7338917525773195,
    "predict_athlete_recall": 0.783625730994152,
    "predict_attack/battle/war/militaryconflict_f1": 0.6268656716417911,
    "predict_attack/battle/war/militaryconflict_number": 1099,
    "predict_attack/battle/war/militaryconflict_precision": 0.5898876404494382,
    "predict_attack/battle/war/militaryconflict_recall": 0.6687898089171974,
    "predict_award_f1": 0.4414920797138477,
    "predict_award_number": 941,
    "predict_award_precision": 0.4251968503937008,
    "predict_award_recall": 0.45908607863974493,
    "predict_biologything_f1": 0.4882882882882883,
    "predict_biologything_number": 1875,
    "predict_biologything_precision": 0.4226120857699805,
    "predict_biologything_recall": 0.5781333333333334,
    "predict_bodiesofwater_f1": 0.6319218241042346,
    "predict_bodiesofwater_number": 1169,
    "predict_bodiesofwater_precision": 0.602952602952603,
    "predict_bodiesofwater_recall": 0.6638152266894782,
    "predict_broadcastprogram_f1": 0.3244094488188976,
    "predict_broadcastprogram_number": 605,
    "predict_broadcastprogram_precision": 0.3097744360902256,
    "predict_broadcastprogram_recall": 0.34049586776859503,
    "predict_car_f1": 0.5897035881435257,
    "predict_car_number": 688,
    "predict_car_precision": 0.6363636363636364,
    "predict_car_recall": 0.5494186046511628,
    "predict_chemicalthing_f1": 0.38428417653390745,
    "predict_chemicalthing_number": 1014,
    "predict_chemicalthing_precision": 0.42298578199052134,
    "predict_chemicalthing_recall": 0.3520710059171598,
    "predict_company_f1": 0.568381132969898,
    "predict_company_number": 3903,
    "predict_company_precision": 0.5287761852260199,
    "predict_company_recall": 0.6143991801178581,
    "predict_currency_f1": 0.6209430496019595,
    "predict_currency_number": 799,
    "predict_currency_precision": 0.6079136690647482,
    "predict_currency_recall": 0.6345431789737171,
    "predict_director_f1": 0.481994459833795,
    "predict_director_number": 554,
    "predict_director_precision": 0.39101123595505616,
    "predict_director_recall": 0.628158844765343,
    "predict_disaster_f1": 0.3598971722365039,
    "predict_disaster_number": 207,
    "predict_disaster_precision": 0.38461538461538464,
    "predict_disaster_recall": 0.33816425120772947,
    "predict_disease_f1": 0.4775124930594114,
    "predict_disease_number": 750,
    "predict_disease_precision": 0.40913415794481445,
    "predict_disease_recall": 0.5733333333333334,
    "predict_education_f1": 0.6753069577080492,
    "predict_education_number": 2082,
    "predict_education_precision": 0.6411917098445595,
    "predict_education_recall": 0.7132564841498559,
    "predict_educationaldegree_f1": 0.3960880195599022,
    "predict_educationaldegree_number": 367,
    "predict_educationaldegree_precision": 0.35920177383592017,
    "predict_educationaldegree_recall": 0.44141689373297005,
    "predict_election_f1": 0.12340425531914895,
    "predict_election_number": 184,
    "predict_election_precision": 0.10139860139860139,
    "predict_election_recall": 0.15760869565217392,
    "predict_film_f1": 0.5021224984839296,
    "predict_film_number": 759,
    "predict_film_precision": 0.4651685393258427,
    "predict_film_recall": 0.5454545454545454,
    "predict_food_f1": 0.4114189756507137,
    "predict_food_number": 432,
    "predict_food_precision": 0.3227931488801054,
    "predict_food_recall": 0.5671296296296297,
    "predict_game_f1": 0.5109170305676856,
    "predict_game_number": 496,
    "predict_game_precision": 0.5571428571428572,
    "predict_game_recall": 0.4717741935483871,
    "predict_god_f1": 0.46822742474916385,
    "predict_god_number": 635,
    "predict_god_precision": 0.49910873440285203,
    "predict_god_recall": 0.4409448818897638,
    "predict_government/governmentagency_f1": 0.24201885071450288,
    "predict_government/governmentagency_number": 1535,
    "predict_government/governmentagency_precision": 0.22690992018244013,
    "predict_government/governmentagency_recall": 0.25928338762214986,
    "predict_hospital_f1": 0.5844504021447721,
    "predict_hospital_number": 364,
    "predict_hospital_precision": 0.5706806282722513,
    "predict_hospital_recall": 0.5989010989010989,
    "predict_hotel_f1": 0.5154639175257731,
    "predict_hotel_number": 265,
    "predict_hotel_precision": 0.47318611987381703,
    "predict_hotel_recall": 0.5660377358490566,
    "predict_island_f1": 0.5072697899838449,
    "predict_island_number": 646,
    "predict_island_precision": 0.5304054054054054,
    "predict_island_recall": 0.48606811145510836,
    "predict_language_f1": 0.570281124497992,
    "predict_language_number": 753,
    "predict_language_precision": 0.502020202020202,
    "predict_language_recall": 0.6600265604249668,
    "predict_law_f1": 0.39215686274509803,
    "predict_law_number": 488,
    "predict_law_precision": 0.3357664233576642,
    "predict_law_recall": 0.4713114754098361,
    "predict_library_f1": 0.5651672433679354,
    "predict_library_number": 357,
    "predict_library_precision": 0.4803921568627451,
    "predict_library_recall": 0.6862745098039216,
    "predict_livingthing_f1": 0.5433280170122275,
    "predict_livingthing_number": 865,
    "predict_livingthing_precision": 0.5029527559055118,
    "predict_livingthing_recall": 0.5907514450867052,
    "predict_loss": 0.5144129991531372,
    "predict_media/newspaper_f1": 0.5179628898539281,
    "predict_media/newspaper_number": 1234,
    "predict_media/newspaper_precision": 0.5050038491147036,
    "predict_media/newspaper_recall": 0.5316045380875203,
    "predict_medical_f1": 0.37719298245614036,
    "predict_medical_number": 397,
    "predict_medical_precision": 0.44947735191637633,
    "predict_medical_recall": 0.3249370277078086,
    "predict_mountain_f1": 0.5667655786350149,
    "predict_mountain_number": 681,
    "predict_mountain_precision": 0.5727136431784108,
    "predict_mountain_recall": 0.5609397944199707,
    "predict_music_f1": 0.6118928733545166,
    "predict_music_number": 1041,
    "predict_music_precision": 0.5800344234079173,
    "predict_music_recall": 0.6474543707973103,
    "predict_other_f1": 0.4414422241529105,
    "predict_other_number": 21035,
    "predict_other_precision": 0.4063987202559488,
    "predict_other_recall": 0.4830995959115759,
    "predict_overall_accuracy": 0.8984684937039522,
    "predict_overall_f1": 0.5530054962913374,
    "predict_overall_precision": 0.521735150621985,
    "predict_overall_recall": 0.5882632209057508,
    "predict_painting_f1": 0.0303030303030303,
    "predict_painting_number": 58,
    "predict_painting_precision": 0.125,
    "predict_painting_recall": 0.017241379310344827,
    "predict_park_f1": 0.44626593806921677,