{
    "predict_GPE_f1": 0.7593096742829364,
    "predict_GPE_number": 20409,
    "predict_GPE_precision": 0.7534127634942839,
    "predict_GPE_recall": 0.7652996227154687,
    "predict_actor_f1": 0.6399777592438142,
    "predict_actor_number": 1638,
    "predict_actor_precision": 0.5875446656457376,
    "predict_actor_recall": 0.7026862026862026,
    "predict_airplane_f1": 0.4931506849315068,
    "predict_airplane_number": 794,
    "predict_airplane_precision": 0.4364694471387003,
    "predict_airplane_recall": 0.5667506297229219,
    "predict_airport_f1": 0.6624843161856964,
    "predict_airport_number": 364,
    "predict_airport_precision": 0.6096997690531177,
    "predict_airport_recall": 0.7252747252747253,
    "predict_artist/author_f1": 0.5440160743438403,
    "predict_artist/author_number": 3464,
    "predict_artist/author_precision": 0.4814403200711269,
    "predict_artist/author_recall": 0.6252886836027713,
    "predict_astronomything_f1": 0.6229508196721312,
    "predict_astronomything_number": 678,
    "predict_astronomything_precision": 0.5801526717557252,
    "predict_astronomything_recall": 0.672566371681416,
    "predict_athlete_f1": 0.7463780183180683,
    "predict_athlete_number": 2907,
    "predict_athlete_precision": 0.723369916074887,
    "predict_athlete_recall": 0.7708978328173375,
    "predict_attack/battle/war/militaryconflict_f1": 0.5962325962325963,
    "predict_attack/battle/war/militaryconflict_number": 1099,
    "predict_attack/battle/war/militaryconflict_precision": 0.5420699925539836,
    "predict_attack/battle/war/militaryconflict_recall": 0.6624203821656051,
    "predict_award_f1": 0.42089249492900604,
    "predict_award_number": 941,
    "predict_award_precision": 0.40252182347235693,
    "predict_award_recall": 0.4410201912858661,
    "predict_biologything_f1": 0.5072504975831674,
    "predict_biologything_number": 1875,
    "predict_biologything_precision": 0.5432399512789281,
    "predict_biologything_recall": 0.47573333333333334,
    "predict_bodiesofwater_f1": 0.6138211382113821,
    "predict_bodiesofwater_number": 1169,
    "predict_bodiesofwater_precision": 0.5848179705654531,
    "predict_bodiesofwater_recall": 0.6458511548331908,
    "predict_broadcastprogram_f1": 0.4427001569858713,
    "predict_broadcastprogram_number": 605,
    "predict_broadcastprogram_precision": 0.42152466367713004,
    "predict_broadcastprogram_recall": 0.46611570247933887,
    "predict_car_f1": 0.5817409766454351,
    "predict_car_number": 688,
    "predict_car_precision": 0.5668965517241379,
    "predict_car_recall": 0.5973837209302325,
    "predict_chemicalthing_f1": 0.4849015317286652,
    "predict_chemicalthing_number": 1014,
    "predict_chemicalthing_precision": 0.4358772619984264,
    "predict_chemicalthing_recall": 0.5463510848126233,
    "predict_company_f1": 0.5496849248666991,
    "predict_company_number": 3903,
    "predict_company_precision": 0.5214991952172914,
    "predict_company_recall": 0.5810914681014604,
    "predict_currency_f1": 0.6677667766776677,
    "predict_currency_number": 799,
    "predict_currency_precision": 0.5956820412168793,
    "predict_currency_recall": 0.7596996245306633,
    "predict_director_f1": 0.44952681388012616,
    "predict_director_number": 554,
    "predict_director_precision": 0.39915966386554624,
    "predict_director_recall": 0.5144404332129964,
    "predict_disaster_f1": 0.40816326530612246,
    "predict_disaster_number": 207,
    "predict_disaster_precision": 0.38461538461538464,
    "predict_disaster_recall": 0.43478260869565216,
    "predict_disease_f1": 0.47991865785460097,
    "predict_disease_number": 750,
    "predict_disease_precision": 0.38783894823336074,
    "predict_disease_recall": 0.6293333333333333,
    "predict_education_f1": 0.635843240863056,
    "predict_education_number": 2082,
    "predict_education_precision": 0.5869918699186992,
    "predict_education_recall": 0.6935638808837656,
    "predict_educationaldegree_f1": 0.3780630105017503,
    "predict_educationaldegree_number": 367,
    "predict_educationaldegree_precision": 0.3306122448979592,
    "predict_educationaldegree_recall": 0.44141689373297005,
    "predict_election_f1": 0.17955112219451372,
    "predict_election_number": 184,
    "predict_election_precision": 0.16589861751152074,
    "predict_election_recall": 0.1956521739130435,
    "predict_film_f1": 0.53765932792584,
    "predict_film_number": 759,
    "predict_film_precision": 0.47983453981385726,
    "predict_film_recall": 0.61133069828722,
    "predict_food_f1": 0.41002685765443153,
    "predict_food_number": 432,
    "predict_food_precision": 0.3343065693430657,
    "predict_food_recall": 0.5300925925925926,
    "predict_game_f1": 0.5148895292987512,
    "predict_game_number": 496,
    "predict_game_precision": 0.4917431192660551,
    "predict_game_recall": 0.5403225806451613,
    "predict_god_f1": 0.4673024523160763,
    "predict_god_number": 635,
    "predict_god_precision": 0.4117647058823529,
    "predict_god_recall": 0.5401574803149606,
    "predict_government/governmentagency_f1": 0.2867948313898519,
    "predict_government/governmentagency_number": 1535,
    "predict_government/governmentagency_precision": 0.2777777777777778,
    "predict_government/governmentagency_recall": 0.2964169381107492,
    "predict_hospital_f1": 0.6181818181818183,
    "predict_hospital_number": 364,
    "predict_hospital_precision": 0.5271317829457365,
    "predict_hospital_recall": 0.7472527472527473,
    "predict_hotel_f1": 0.5767918088737201,
    "predict_hotel_number": 265,
    "predict_hotel_precision": 0.5264797507788161,
    "predict_hotel_recall": 0.6377358490566037,
    "predict_island_f1": 0.5386620330147698,
    "predict_island_number": 646,
    "predict_island_precision": 0.6138613861386139,
    "predict_island_recall": 0.47987616099071206,
    "predict_language_f1": 0.5943678849610545,
    "predict_language_number": 753,
    "predict_language_precision": 0.5414847161572053,
    "predict_language_recall": 0.6586985391766268,
    "predict_law_f1": 0.39015817223198596,
    "predict_law_number": 488,
    "predict_law_precision": 0.3415384615384615,
    "predict_law_recall": 0.45491803278688525,
    "predict_library_f1": 0.58777633289987,
    "predict_library_number": 357,
    "predict_library_precision": 0.5485436893203883,
    "predict_library_recall": 0.6330532212885154,
    "predict_livingthing_f1": 0.5470653377630122,
    "predict_livingthing_number": 865,
    "predict_livingthing_precision": 0.5249734325185972,
    "predict_livingthing_recall": 0.5710982658959538,
    "predict_loss": 0.5141681432723999,
    "predict_media/newspaper_f1": 0.5342560553633218,
    "predict_media/newspaper_number": 1234,
    "predict_media/newspaper_precision": 0.46618357487922707,
    "predict_media/newspaper_recall": 0.6256077795786061,
    "predict_medical_f1": 0.40266963292547275,
    "predict_medical_number": 397,
    "predict_medical_precision": 0.3605577689243028,
    "predict_medical_recall": 0.45591939546599497,
    "predict_mountain_f1": 0.555128205128205,
    "predict_mountain_number": 681,
    "predict_mountain_precision": 0.4926052332195677,
    "predict_mountain_recall": 0.6358296622613803,
    "predict_music_f1": 0.5628688152519291,
    "predict_music_number": 1041,
    "predict_music_precision": 0.5335628227194492,
    "predict_music_recall": 0.595581171950048,
    "predict_other_f1": 0.42548800412761195,
    "predict_other_number": 21035,
    "predict_other_precision": 0.3883678034614026,
    "predict_other_recall": 0.4704540052293796,
    "predict_overall_accuracy": 0.8974327238142389,
    "predict_overall_f1": 0.5528950092688446,
    "predict_overall_precision": 0.518209634182665,
    "predict_overall_recall": 0.592556661024646,
    "predict_painting_f1": 0.02898550724637681,
    "predict_painting_number": 58,
    "predict_painting_precision": 0.09090909090909091,
    "predict_painting_recall": 0.017241379310344827,