{
    "predict_GPE_f1": 0.7716124709879645,
    "predict_GPE_number": 20409,
    "predict_GPE_precision": 0.7540216984661429,
    "predict_GPE_recall": 0.7900436082120633,
    "predict_actor_f1": 0.5932885906040269,
    "predict_actor_number": 1638,
    "predict_actor_precision": 0.5294681360804984,
    "predict_actor_recall": 0.6746031746031746,
    "predict_airplane_f1": 0.4980237154150197,
    "predict_airplane_number": 794,
    "predict_airplane_precision": 0.45138178096212894,
    "predict_airplane_recall": 0.5554156171284634,
    "predict_airport_f1": 0.6881443298969073,
    "predict_airport_number": 364,
    "predict_airport_precision": 0.6480582524271845,
    "predict_airport_recall": 0.7335164835164835,
    "predict_artist/author_f1": 0.5049277710274065,
    "predict_artist/author_number": 3464,
    "predict_artist/author_precision": 0.47425817905148365,
    "predict_artist/author_recall": 0.539838337182448,
    "predict_astronomything_f1": 0.610752688172043,
    "predict_astronomything_number": 678,
    "predict_astronomything_precision": 0.5941422594142259,
    "predict_astronomything_recall": 0.6283185840707964,
    "predict_athlete_f1": 0.6365665236051503,
    "predict_athlete_number": 2907,
    "predict_athlete_precision": 0.6353666895133653,
    "predict_athlete_recall": 0.6377708978328174,
    "predict_attack/battle/war/militaryconflict_f1": 0.6046915725456126,
    "predict_attack/battle/war/militaryconflict_number": 1099,
    "predict_attack/battle/war/militaryconflict_precision": 0.5785536159600998,
    "predict_attack/battle/war/militaryconflict_recall": 0.6333030027297544,
    "predict_award_f1": 0.48807711821410454,
    "predict_award_number": 941,
    "predict_award_precision": 0.4669902912621359,
    "predict_award_recall": 0.5111583421891605,
    "predict_biologything_f1": 0.5434116445352399,
    "predict_biologything_number": 1875,
    "predict_biologything_precision": 0.5213130818226359,
    "predict_biologything_recall": 0.5674666666666667,
    "predict_bodiesofwater_f1": 0.6333195535345184,
    "predict_bodiesofwater_number": 1169,
    "predict_bodiesofwater_precision": 0.6128,
    "predict_bodiesofwater_recall": 0.6552609067579127,
    "predict_broadcastprogram_f1": 0.4045422285308729,
    "predict_broadcastprogram_number": 605,
    "predict_broadcastprogram_precision": 0.35447761194029853,
    "predict_broadcastprogram_recall": 0.47107438016528924,
    "predict_car_f1": 0.5615227736233854,
    "predict_car_number": 688,
    "predict_car_precision": 0.5274584929757343,
    "predict_car_recall": 0.6002906976744186,
    "predict_chemicalthing_f1": 0.46373951652688705,
    "predict_chemicalthing_number": 1014,
    "predict_chemicalthing_precision": 0.46396841066140176,
    "predict_chemicalthing_recall": 0.4635108481262327,
    "predict_company_f1": 0.5564936677427365,
    "predict_company_number": 3903,
    "predict_company_precision": 0.5398699108648518,
    "predict_company_recall": 0.574173712528824,
    "predict_currency_f1": 0.6084262701363072,
    "predict_currency_number": 799,
    "predict_currency_precision": 0.6024539877300613,
    "predict_currency_recall": 0.6145181476846058,
    "predict_director_f1": 0.4445876288659794,
    "predict_director_number": 554,
    "predict_director_precision": 0.3456913827655311,
    "predict_director_recall": 0.6227436823104693,
    "predict_disaster_f1": 0.33606557377049184,
    "predict_disaster_number": 207,
    "predict_disaster_precision": 0.2918149466192171,
    "predict_disaster_recall": 0.3961352657004831,
    "predict_disease_f1": 0.4965859714463066,
    "predict_disease_number": 750,
    "predict_disease_precision": 0.4645760743321719,
    "predict_disease_recall": 0.5333333333333333,
    "predict_education_f1": 0.6872389791183293,
    "predict_education_number": 2082,
    "predict_education_precision": 0.664721723518851,
    "predict_education_recall": 0.7113352545629202,
    "predict_educationaldegree_f1": 0.3671291355389541,
    "predict_educationaldegree_number": 367,
    "predict_educationaldegree_precision": 0.3017543859649123,
    "predict_educationaldegree_recall": 0.46866485013623976,
    "predict_election_f1": 0.23057644110275688,
    "predict_election_number": 184,
    "predict_election_precision": 0.21395348837209302,
    "predict_election_recall": 0.25,
    "predict_film_f1": 0.4264792032806093,
    "predict_film_number": 759,
    "predict_film_precision": 0.38396624472573837,
    "predict_film_recall": 0.4795783926218709,
    "predict_food_f1": 0.3596673596673597,
    "predict_food_number": 432,
    "predict_food_precision": 0.3264150943396226,
    "predict_food_recall": 0.40046296296296297,
    "predict_game_f1": 0.44423617619493905,
    "predict_game_number": 496,
    "predict_game_precision": 0.415061295971979,
    "predict_game_recall": 0.4778225806451613,
    "predict_god_f1": 0.49464138499587795,
    "predict_god_number": 635,
    "predict_god_precision": 0.5190311418685121,
    "predict_god_recall": 0.47244094488188976,
    "predict_government/governmentagency_f1": 0.3242724656220019,
    "predict_government/governmentagency_number": 1535,
    "predict_government/governmentagency_precision": 0.3184673366834171,
    "predict_government/governmentagency_recall": 0.33029315960912053,
    "predict_hospital_f1": 0.6410891089108911,
    "predict_hospital_number": 364,
    "predict_hospital_precision": 0.5833333333333334,
    "predict_hospital_recall": 0.7115384615384616,
    "predict_hotel_f1": 0.5929648241206029,
    "predict_hotel_number": 265,
    "predict_hotel_precision": 0.5331325301204819,
    "predict_hotel_recall": 0.6679245283018868,
    "predict_island_f1": 0.5674074074074074,
    "predict_island_number": 646,
    "predict_island_precision": 0.5440340909090909,
    "predict_island_recall": 0.5928792569659442,
    "predict_language_f1": 0.6105849582172702,
    "predict_language_number": 753,
    "predict_language_precision": 0.525911708253359,
    "predict_language_recall": 0.7277556440903055,
    "predict_law_f1": 0.5009940357852882,
    "predict_law_number": 488,
    "predict_law_precision": 0.4864864864864865,
    "predict_law_recall": 0.5163934426229508,
    "predict_library_f1": 0.6276041666666666,
    "predict_library_number": 357,
    "predict_library_precision": 0.5863746958637469,
    "predict_library_recall": 0.6750700280112045,
    "predict_livingthing_f1": 0.4868282402528978,
    "predict_livingthing_number": 865,
    "predict_livingthing_precision": 0.44724104549854793,
    "predict_livingthing_recall": 0.5341040462427745,
    "predict_loss": 0.6269768476486206,
    "predict_media/newspaper_f1": 0.5318095238095237,
    "predict_media/newspaper_number": 1234,
    "predict_media/newspaper_precision": 0.5017972681524083,
    "predict_media/newspaper_recall": 0.5656401944894651,
    "predict_medical_f1": 0.41247002398081534,
    "predict_medical_number": 397,
    "predict_medical_precision": 0.39359267734553777,
    "predict_medical_recall": 0.4332493702770781,
    "predict_mountain_f1": 0.5760233918128657,
    "predict_mountain_number": 681,
    "predict_mountain_precision": 0.5735080058224163,
    "predict_mountain_recall": 0.57856093979442,
    "predict_music_f1": 0.5202257761053622,
    "predict_music_number": 1041,
    "predict_music_precision": 0.5096774193548387,
    "predict_music_recall": 0.5312199807877042,
    "predict_other_f1": 0.4466484422655491,
    "predict_other_number": 21035,
    "predict_other_precision": 0.4255639745135182,
    "predict_other_recall": 0.46993106726883765,
    "predict_overall_accuracy": 0.899751806083031,
    "predict_overall_f1": 0.5555343277732874,
    "predict_overall_precision": 0.528724485514206,
    "predict_overall_recall": 0.5852082731288445,
    "predict_painting_f1": 0.052173913043478265,
    "predict_painting_number": 58,
    "predict_painting_precision": 0.05263157894736842,
    "predict_painting_recall": 0.05172413793103448,
    "predict_park_f1": 0.56,
    "predict_park_number": 458,