{
    "predict_GPE_f1": 0.742660968261753,
    "predict_GPE_number": 20409,
    "predict_GPE_precision": 0.7095046854082999,
    "predict_GPE_recall": 0.7790680582096134,
    "predict_actor_f1": 0.6193471099131477,
    "predict_actor_number": 1638,
    "predict_actor_precision": 0.6078777189888301,
    "predict_actor_recall": 0.6312576312576312,
    "predict_airplane_f1": 0.48410123296560675,
    "predict_airplane_number": 794,
    "predict_airplane_precision": 0.499330655957162,
    "predict_airplane_recall": 0.46977329974811083,
    "predict_airport_f1": 0.6174661746617466,
    "predict_airport_number": 364,
    "predict_airport_precision": 0.5590200445434298,
    "predict_airport_recall": 0.6895604395604396,
    "predict_artist/author_f1": 0.533090625406319,
    "predict_artist/author_number": 3464,
    "predict_artist/author_precision": 0.48497752543174827,
    "predict_artist/author_recall": 0.5918013856812933,
    "predict_astronomything_f1": 0.594632768361582,
    "predict_astronomything_number": 678,
    "predict_astronomything_precision": 0.5704607046070461,
    "predict_astronomything_recall": 0.6209439528023599,
    "predict_athlete_f1": 0.7447698744769874,
    "predict_athlete_number": 2907,
    "predict_athlete_precision": 0.7252281616688396,
    "predict_athlete_recall": 0.7653938768489852,
    "predict_attack/battle/war/militaryconflict_f1": 0.6155913978494623,
    "predict_attack/battle/war/militaryconflict_number": 1099,
    "predict_attack/battle/war/militaryconflict_precision": 0.6063548102383054,
    "predict_attack/battle/war/militaryconflict_recall": 0.6251137397634213,
    "predict_award_f1": 0.42902494331065755,
    "predict_award_number": 941,
    "predict_award_precision": 0.37420886075949367,
    "predict_award_recall": 0.5026567481402763,
    "predict_biologything_f1": 0.5429588205388917,
    "predict_biologything_number": 1875,
    "predict_biologything_precision": 0.5186983972802331,
    "predict_biologything_recall": 0.5696,
    "predict_bodiesofwater_f1": 0.5817409766454352,
    "predict_bodiesofwater_number": 1169,
    "predict_bodiesofwater_precision": 0.5775716694772344,
    "predict_bodiesofwater_recall": 0.5859709153122327,
    "predict_broadcastprogram_f1": 0.38643533123028395,
    "predict_broadcastprogram_number": 605,
    "predict_broadcastprogram_precision": 0.3695324283559578,
    "predict_broadcastprogram_recall": 0.4049586776859504,
    "predict_car_f1": 0.5425867507886436,
    "predict_car_number": 688,
    "predict_car_precision": 0.593103448275862,
    "predict_car_recall": 0.5,
    "predict_chemicalthing_f1": 0.4719324391455539,
    "predict_chemicalthing_number": 1014,
    "predict_chemicalthing_precision": 0.4754754754754755,
    "predict_chemicalthing_recall": 0.46844181459566075,
    "predict_company_f1": 0.5264434740417274,
    "predict_company_number": 3903,
    "predict_company_precision": 0.4998848191660908,
    "predict_company_recall": 0.5559825775044838,
    "predict_currency_f1": 0.649379932356257,
    "predict_currency_number": 799,
    "predict_currency_precision": 0.5907692307692308,
    "predict_currency_recall": 0.72090112640801,
    "predict_director_f1": 0.494077834179357,
    "predict_director_number": 554,
    "predict_director_precision": 0.46496815286624205,
    "predict_director_recall": 0.5270758122743683,
    "predict_disaster_f1": 0.3648351648351648,
    "predict_disaster_number": 207,
    "predict_disaster_precision": 0.3346774193548387,
    "predict_disaster_recall": 0.40096618357487923,
    "predict_disease_f1": 0.5219185146982981,
    "predict_disease_number": 750,
    "predict_disease_precision": 0.4255677039529016,
    "predict_disease_recall": 0.6746666666666666,
    "predict_education_f1": 0.6407982261640798,
    "predict_education_number": 2082,
    "predict_education_precision": 0.5951400329489291,
    "predict_education_recall": 0.6940441882804995,
    "predict_educationaldegree_f1": 0.4167664670658683,
    "predict_educationaldegree_number": 367,
    "predict_educationaldegree_precision": 0.3717948717948718,
    "predict_educationaldegree_recall": 0.47411444141689374,
    "predict_election_f1": 0.17733990147783255,
    "predict_election_number": 184,
    "predict_election_precision": 0.16216216216216217,
    "predict_election_recall": 0.1956521739130435,
    "predict_film_f1": 0.5356711003627569,
    "predict_film_number": 759,
    "predict_film_precision": 0.4949720670391061,
    "predict_film_recall": 0.5836627140974967,
    "predict_food_f1": 0.36563876651982374,
    "predict_food_number": 432,
    "predict_food_precision": 0.3487394957983193,
    "predict_food_recall": 0.38425925925925924,
    "predict_game_f1": 0.5116713352007469,
    "predict_game_number": 496,
    "predict_game_precision": 0.4765217391304348,
    "predict_game_recall": 0.5524193548387096,
    "predict_god_f1": 0.49244712990936557,
    "predict_god_number": 635,
    "predict_god_precision": 0.4731494920174166,
    "predict_god_recall": 0.5133858267716536,
    "predict_government/governmentagency_f1": 0.3190218936593688,
    "predict_government/governmentagency_number": 1535,
    "predict_government/governmentagency_precision": 0.2830474268415742,
    "predict_government/governmentagency_recall": 0.36547231270358305,
    "predict_hospital_f1": 0.59727385377943,
    "predict_hospital_number": 364,
    "predict_hospital_precision": 0.5440180586907449,
    "predict_hospital_recall": 0.6620879120879121,
    "predict_hotel_f1": 0.5261437908496732,
    "predict_hotel_number": 265,
    "predict_hotel_precision": 0.46397694524495675,
    "predict_hotel_recall": 0.6075471698113207,
    "predict_island_f1": 0.5011600928074247,
    "predict_island_number": 646,
    "predict_island_precision": 0.500772797527048,
    "predict_island_recall": 0.5015479876160991,
    "predict_language_f1": 0.6095346197502838,
    "predict_language_number": 753,
    "predict_language_precision": 0.5322101090188305,
    "predict_language_recall": 0.7131474103585658,
    "predict_law_f1": 0.42085661080074493,
    "predict_law_number": 488,
    "predict_law_precision": 0.3856655290102389,
    "predict_law_recall": 0.46311475409836067,
    "predict_library_f1": 0.5054678007290401,
    "predict_library_number": 357,
    "predict_library_precision": 0.44635193133047213,
    "predict_library_recall": 0.5826330532212886,
    "predict_livingthing_f1": 0.48132780082987553,
    "predict_livingthing_number": 865,
    "predict_livingthing_precision": 0.4003067484662577,
    "predict_livingthing_recall": 0.6034682080924856,
    "predict_loss": 0.6676731705665588,
    "predict_media/newspaper_f1": 0.4968944099378882,
    "predict_media/newspaper_number": 1234,
    "predict_media/newspaper_precision": 0.47690014903129657,
    "predict_media/newspaper_recall": 0.5186385737439222,
    "predict_medical_f1": 0.4008574490889603,
    "predict_medical_number": 397,
    "predict_medical_precision": 0.34888059701492535,
    "predict_medical_recall": 0.47103274559193953,
    "predict_mountain_f1": 0.5339308578745198,
    "predict_mountain_number": 681,
    "predict_mountain_precision": 0.4733257661748014,
    "predict_mountain_recall": 0.6123348017621145,
    "predict_music_f1": 0.5924579736483417,
    "predict_music_number": 1041,
    "predict_music_precision": 0.5620689655172414,
    "predict_music_recall": 0.6263208453410183,
    "predict_other_f1": 0.4217401129943503,
    "predict_other_number": 21035,
    "predict_other_precision": 0.4019384018953263,
    "predict_other_recall": 0.44359400998336107,
    "predict_overall_accuracy": 0.8963730682457272,
    "predict_overall_f1": 0.5442171591002799,
    "predict_overall_precision": 0.5134128371514081,
    "predict_overall_recall": 0.5789538868017999,
    "predict_painting_f1": 0.16363636363636364,
    "predict_painting_number": 58,
    "predict_painting_precision": 0.17307692307692307,
    "predict_painting_recall": 0.15517241379310345,
    "predict_park_f1": 0.41851106639839036,