{
    "predict_GPE_f1": 0.7558050278257532,
    "predict_GPE_number": 20409,
    "predict_GPE_precision": 0.7403543399595846,
    "predict_GPE_recall": 0.771914351511588,
    "predict_actor_f1": 0.673398730525101,
    "predict_actor_number": 1638,
    "predict_actor_precision": 0.638402625820569,
    "predict_actor_recall": 0.7124542124542125,
    "predict_airplane_f1": 0.5422222222222222,
    "predict_airplane_number": 794,
    "predict_airplane_precision": 0.5467349551856594,
    "predict_airplane_recall": 0.5377833753148614,
    "predict_airport_f1": 0.6375757575757576,
    "predict_airport_number": 364,
    "predict_airport_precision": 0.5704989154013015,
    "predict_airport_recall": 0.7225274725274725,
    "predict_artist/author_f1": 0.5801991150442479,
    "predict_artist/author_number": 3464,
    "predict_artist/author_precision": 0.5567940552016986,
    "predict_artist/author_recall": 0.6056581986143187,
    "predict_astronomything_f1": 0.6053333333333334,
    "predict_astronomything_number": 678,
    "predict_astronomything_precision": 0.5523114355231143,
    "predict_astronomything_recall": 0.6696165191740413,
    "predict_athlete_f1": 0.7634840871021775,
    "predict_athlete_number": 2907,
    "predict_athlete_precision": 0.7440417890956579,
    "predict_athlete_recall": 0.783969728242174,
    "predict_attack/battle/war/militaryconflict_f1": 0.611065235342692,
    "predict_attack/battle/war/militaryconflict_number": 1099,
    "predict_attack/battle/war/militaryconflict_precision": 0.5593348450491308,
    "predict_attack/battle/war/militaryconflict_recall": 0.6733393994540491,
    "predict_award_f1": 0.45615671641791045,
    "predict_award_number": 941,
    "predict_award_precision": 0.40648379052369077,
    "predict_award_recall": 0.5196599362380446,
    "predict_biologything_f1": 0.5247399137274804,
    "predict_biologything_number": 1875,
    "predict_biologything_precision": 0.5004840271055179,
    "predict_biologything_recall": 0.5514666666666667,
    "predict_bodiesofwater_f1": 0.6139720558882236,
    "predict_bodiesofwater_number": 1169,
    "predict_bodiesofwater_precision": 0.5755988023952096,
    "predict_bodiesofwater_recall": 0.6578272027373824,
    "predict_broadcastprogram_f1": 0.4423728813559323,
    "predict_broadcastprogram_number": 605,
    "predict_broadcastprogram_precision": 0.4539130434782609,
    "predict_broadcastprogram_recall": 0.43140495867768597,
    "predict_car_f1": 0.5281320330082521,
    "predict_car_number": 688,
    "predict_car_precision": 0.5457364341085271,
    "predict_car_recall": 0.5116279069767442,
    "predict_chemicalthing_f1": 0.48499210110584523,
    "predict_chemicalthing_number": 1014,
    "predict_chemicalthing_precision": 0.4044795783926219,
    "predict_chemicalthing_recall": 0.6055226824457594,
    "predict_company_f1": 0.5591371491604363,
    "predict_company_number": 3903,
    "predict_company_precision": 0.5359492481203008,
    "predict_company_recall": 0.5844222393031002,
    "predict_currency_f1": 0.658413055711874,
    "predict_currency_number": 799,
    "predict_currency_precision": 0.598159509202454,
    "predict_currency_recall": 0.7321652065081352,
    "predict_director_f1": 0.5553745928338762,
    "predict_director_number": 554,
    "predict_director_precision": 0.5059347181008902,
    "predict_director_recall": 0.6155234657039711,
    "predict_disaster_f1": 0.3695652173913043,
    "predict_disaster_number": 207,
    "predict_disaster_precision": 0.2956521739130435,
    "predict_disaster_recall": 0.4927536231884058,
    "predict_disease_f1": 0.5269461077844311,
    "predict_disease_number": 750,
    "predict_disease_precision": 0.4452621895124195,
    "predict_disease_recall": 0.6453333333333333,
    "predict_education_f1": 0.6547833935018049,
    "predict_education_number": 2082,
    "predict_education_precision": 0.6174468085106383,
    "predict_education_recall": 0.696926032660903,
    "predict_educationaldegree_f1": 0.3978378378378379,
    "predict_educationaldegree_number": 367,
    "predict_educationaldegree_precision": 0.32974910394265233,
    "predict_educationaldegree_recall": 0.5013623978201635,
    "predict_election_f1": 0.174468085106383,
    "predict_election_number": 184,
    "predict_election_precision": 0.14335664335664336,
    "predict_election_recall": 0.22282608695652173,
    "predict_film_f1": 0.5659500290528762,
    "predict_film_number": 759,
    "predict_film_precision": 0.5062370062370062,
    "predict_film_recall": 0.6416337285902504,
    "predict_food_f1": 0.3951310861423221,
    "predict_food_number": 432,
    "predict_food_precision": 0.33176100628930816,
    "predict_food_recall": 0.48842592592592593,
    "predict_game_f1": 0.5230460921843687,
    "predict_game_number": 496,
    "predict_game_precision": 0.5199203187250996,
    "predict_game_recall": 0.5262096774193549,
    "predict_god_f1": 0.5255140898705254,
    "predict_god_number": 635,
    "predict_god_precision": 0.5088495575221239,
    "predict_god_recall": 0.5433070866141733,
    "predict_government/governmentagency_f1": 0.29753086419753083,
    "predict_government/governmentagency_number": 1535,
    "predict_government/governmentagency_precision": 0.28269794721407626,
    "predict_government/governmentagency_recall": 0.31400651465798046,
    "predict_hospital_f1": 0.5041322314049588,
    "predict_hospital_number": 364,
    "predict_hospital_precision": 0.505524861878453,
    "predict_hospital_recall": 0.5027472527472527,
    "predict_hotel_f1": 0.5139116202945989,
    "predict_hotel_number": 265,
    "predict_hotel_precision": 0.45375722543352603,
    "predict_hotel_recall": 0.5924528301886792,
    "predict_island_f1": 0.5166240409207161,
    "predict_island_number": 646,
    "predict_island_precision": 0.5749525616698292,
    "predict_island_recall": 0.46904024767801855,
    "predict_language_f1": 0.6422947131608548,
    "predict_language_number": 753,
    "predict_language_precision": 0.5570731707317074,
    "predict_language_recall": 0.7583001328021248,
    "predict_law_f1": 0.44405897658282745,
    "predict_law_number": 488,
    "predict_law_precision": 0.3849624060150376,
    "predict_law_recall": 0.5245901639344263,
    "predict_library_f1": 0.5861182519280206,
    "predict_library_number": 357,
    "predict_library_precision": 0.5415676959619953,
    "predict_library_recall": 0.6386554621848739,
    "predict_livingthing_f1": 0.5026947574718276,
    "predict_livingthing_number": 865,
    "predict_livingthing_precision": 0.4362244897959184,
    "predict_livingthing_recall": 0.5930635838150289,
    "predict_loss": 0.520618736743927,
    "predict_media/newspaper_f1": 0.5151953690303908,
    "predict_media/newspaper_number": 1234,
    "predict_media/newspaper_precision": 0.465359477124183,
    "predict_media/newspaper_recall": 0.5769854132901134,
    "predict_medical_f1": 0.2758620689655173,
    "predict_medical_number": 397,
    "predict_medical_precision": 0.3048780487804878,
    "predict_medical_recall": 0.2518891687657431,
    "predict_mountain_f1": 0.5250529287226535,
    "predict_mountain_number": 681,
    "predict_mountain_precision": 0.5054347826086957,
    "predict_mountain_recall": 0.5462555066079295,
    "predict_music_f1": 0.6215469613259669,
    "predict_music_number": 1041,
    "predict_music_precision": 0.596816976127321,
    "predict_music_recall": 0.6484149855907781,
    "predict_other_f1": 0.443166721115104,
    "predict_other_number": 21035,
    "predict_other_precision": 0.40892282958199355,
    "predict_other_recall": 0.4836700736867126,
    "predict_overall_accuracy": 0.9005411191960515,
    "predict_overall_f1": 0.5605522282001827,
    "predict_overall_precision": 0.5272006473963211,
    "predict_overall_recall": 0.5984085373405441,
    "predict_painting_f1": 0.16949152542372883,
    "predict_painting_number": 58,
    "predict_painting_precision": 0.16666666666666666,
    "predict_painting_recall": 0.1724137931034483,
    "predict_park_f1": 0.407826982492276,