{
    "predict_GPE_f1": 0.7693657379964434,
    "predict_GPE_number": 20409,
    "predict_GPE_precision": 0.74538270697418,
    "predict_GPE_recall": 0.7949434073202999,
    "predict_actor_f1": 0.6771749014852985,
    "predict_actor_number": 1638,
    "predict_actor_precision": 0.6724864539434076,
    "predict_actor_recall": 0.681929181929182,
    "predict_airplane_f1": 0.5132743362831859,
    "predict_airplane_number": 794,
    "predict_airplane_precision": 0.5152284263959391,
    "predict_airplane_recall": 0.5113350125944585,
    "predict_airport_f1": 0.6890547263681592,
    "predict_airport_number": 364,
    "predict_airport_precision": 0.6295454545454545,
    "predict_airport_recall": 0.760989010989011,
    "predict_artist/author_f1": 0.5898740959014198,
    "predict_artist/author_number": 3464,
    "predict_artist/author_precision": 0.5502248875562219,
    "predict_artist/author_recall": 0.6356812933025404,
    "predict_astronomything_f1": 0.6423791821561338,
    "predict_astronomything_number": 678,
    "predict_astronomything_precision": 0.6476761619190404,
    "predict_astronomything_recall": 0.6371681415929203,
    "predict_athlete_f1": 0.7681982447083118,
    "predict_athlete_number": 2907,
    "predict_athlete_precision": 0.768595041322314,
    "predict_athlete_recall": 0.7678018575851393,
    "predict_attack/battle/war/militaryconflict_f1": 0.613390928725702,
    "predict_attack/battle/war/militaryconflict_number": 1099,
    "predict_attack/battle/war/militaryconflict_precision": 0.5838815789473685,
    "predict_attack/battle/war/militaryconflict_recall": 0.6460418562329391,
    "predict_award_f1": 0.46118928733545167,
    "predict_award_number": 941,
    "predict_award_precision": 0.40253565768621236,
    "predict_award_recall": 0.5398512221041445,
    "predict_biologything_f1": 0.5163142782563298,
    "predict_biologything_number": 1875,
    "predict_biologything_precision": 0.5056237218813906,
    "predict_biologything_recall": 0.5274666666666666,
    "predict_bodiesofwater_f1": 0.63954893274265,
    "predict_bodiesofwater_number": 1169,
    "predict_bodiesofwater_precision": 0.604261796042618,
    "predict_bodiesofwater_recall": 0.679213002566296,
    "predict_broadcastprogram_f1": 0.3671586715867159,
    "predict_broadcastprogram_number": 605,
    "predict_broadcastprogram_precision": 0.4154488517745303,
    "predict_broadcastprogram_recall": 0.32892561983471075,
    "predict_car_f1": 0.535305985205111,
    "predict_car_number": 688,
    "predict_car_precision": 0.4981226533166458,
    "predict_car_recall": 0.5784883720930233,
    "predict_chemicalthing_f1": 0.4826224328593997,
    "predict_chemicalthing_number": 1014,
    "predict_chemicalthing_precision": 0.40250329380764166,
    "predict_chemicalthing_recall": 0.6025641025641025,
    "predict_company_f1": 0.5652721774193549,
    "predict_company_number": 3903,
    "predict_company_precision": 0.5561616662534093,
    "predict_company_recall": 0.5746861388675378,
    "predict_currency_f1": 0.6543723973825104,
    "predict_currency_number": 799,
    "predict_currency_precision": 0.6235827664399093,
    "predict_currency_recall": 0.688360450563204,
    "predict_director_f1": 0.5588499550763701,
    "predict_director_number": 554,
    "predict_director_precision": 0.556350626118068,
    "predict_director_recall": 0.5613718411552346,
    "predict_disaster_f1": 0.3837953091684435,
    "predict_disaster_number": 207,
    "predict_disaster_precision": 0.3435114503816794,
    "predict_disaster_recall": 0.43478260869565216,
    "predict_disease_f1": 0.5114789108382275,
    "predict_disease_number": 750,
    "predict_disease_precision": 0.42653606411398043,
    "predict_disease_recall": 0.6386666666666667,
    "predict_education_f1": 0.6840390879478827,
    "predict_education_number": 2082,
    "predict_education_precision": 0.6633574007220217,
    "predict_education_recall": 0.7060518731988472,
    "predict_educationaldegree_f1": 0.43538998835855647,
    "predict_educationaldegree_number": 367,
    "predict_educationaldegree_precision": 0.3800813008130081,
    "predict_educationaldegree_recall": 0.5095367847411444,
    "predict_election_f1": 0.21052631578947367,
    "predict_election_number": 184,
    "predict_election_precision": 0.16774193548387098,
    "predict_election_recall": 0.2826086956521739,
    "predict_film_f1": 0.571043771043771,
    "predict_film_number": 759,
    "predict_film_precision": 0.5840220385674931,
    "predict_film_recall": 0.5586297760210803,
    "predict_food_f1": 0.44236176194939075,
    "predict_food_number": 432,
    "predict_food_precision": 0.3716535433070866,
    "predict_food_recall": 0.5462962962962963,
    "predict_game_f1": 0.555667001003009,
    "predict_game_number": 496,
    "predict_game_precision": 0.5528942115768463,
    "predict_game_recall": 0.5584677419354839,
    "predict_god_f1": 0.5410235580828594,
    "predict_god_number": 635,
    "predict_god_precision": 0.5587248322147651,
    "predict_god_recall": 0.5244094488188976,
    "predict_government/governmentagency_f1": 0.3137369033760186,
    "predict_government/governmentagency_number": 1535,
    "predict_government/governmentagency_precision": 0.28353498158863755,
    "predict_government/governmentagency_recall": 0.3511400651465798,
    "predict_hospital_f1": 0.5133418043202033,
    "predict_hospital_number": 364,
    "predict_hospital_precision": 0.47754137115839246,
    "predict_hospital_recall": 0.554945054945055,
    "predict_hotel_f1": 0.532347504621072,
    "predict_hotel_number": 265,
    "predict_hotel_precision": 0.5217391304347826,
    "predict_hotel_recall": 0.5433962264150943,
    "predict_island_f1": 0.5645784996133024,
    "predict_island_number": 646,
    "predict_island_precision": 0.5641421947449768,
    "predict_island_recall": 0.565015479876161,
    "predict_language_f1": 0.5890821835632873,
    "predict_language_number": 753,
    "predict_language_precision": 0.537199124726477,
    "predict_language_recall": 0.6520584329349269,
    "predict_law_f1": 0.4924977934686673,
    "predict_law_number": 488,
    "predict_law_precision": 0.4325581395348837,
    "predict_law_recall": 0.5717213114754098,
    "predict_library_f1": 0.6318537859007832,
    "predict_library_number": 357,
    "predict_library_precision": 0.5916870415647921,
    "predict_library_recall": 0.6778711484593838,
    "predict_livingthing_f1": 0.5350649350649351,
    "predict_livingthing_number": 865,
    "predict_livingthing_precision": 0.4858490566037736,
    "predict_livingthing_recall": 0.5953757225433526,
    "predict_loss": 0.7449474930763245,
    "predict_media/newspaper_f1": 0.5254365983295368,
    "predict_media/newspaper_number": 1234,
    "predict_media/newspaper_precision": 0.4942857142857143,
    "predict_media/newspaper_recall": 0.5607779578606159,
    "predict_medical_f1": 0.3392612859097127,
    "predict_medical_number": 397,
    "predict_medical_precision": 0.3712574850299401,
    "predict_medical_recall": 0.3123425692695214,
    "predict_mountain_f1": 0.5679190751445087,
    "predict_mountain_number": 681,
    "predict_mountain_precision": 0.5590327169274538,
    "predict_mountain_recall": 0.5770925110132159,
    "predict_music_f1": 0.6252852578731173,
    "predict_music_number": 1041,
    "predict_music_precision": 0.5956521739130435,
    "predict_music_recall": 0.6580211335254563,
    "predict_other_f1": 0.467007382169222,
    "predict_other_number": 21035,
    "predict_other_precision": 0.44715093518921273,
    "predict_other_recall": 0.4887092940337533,
    "predict_overall_accuracy": 0.9021631739289987,
    "predict_overall_f1": 0.5749318532951514,
    "predict_overall_precision": 0.5493765632934008,
    "predict_overall_recall": 0.6029806382363869,
    "predict_painting_f1": 0.2990654205607476,
    "predict_painting_number": 58,
    "predict_painting_precision": 0.32653061224489793,
    "predict_painting_recall": 0.27586206896551724,
    "predict_park_f1": 0.3954802259887006,