{
    "predict_GPE_f1": 0.7541268462206777,
    "predict_GPE_number": 20409,
    "predict_GPE_precision": 0.7240508612138155,
    "predict_GPE_recall": 0.7868097408006272,
    "predict_actor_f1": 0.6332629037126472,
    "predict_actor_number": 1638,
    "predict_actor_precision": 0.626268656716418,
    "predict_actor_recall": 0.6404151404151404,
    "predict_airplane_f1": 0.5110689437065149,
    "predict_airplane_number": 794,
    "predict_airplane_precision": 0.5133418043202033,
    "predict_airplane_recall": 0.5088161209068011,
    "predict_airport_f1": 0.6177215189873417,
    "predict_airport_number": 364,
    "predict_airport_precision": 0.5727699530516432,
    "predict_airport_recall": 0.6703296703296703,
    "predict_artist/author_f1": 0.5473654310467264,
    "predict_artist/author_number": 3464,
    "predict_artist/author_precision": 0.5387195974280123,
    "predict_artist/author_recall": 0.5562933025404158,
    "predict_astronomything_f1": 0.6273653566229984,
    "predict_astronomything_number": 678,
    "predict_astronomything_precision": 0.6192528735632183,
    "predict_astronomything_recall": 0.6356932153392331,
    "predict_athlete_f1": 0.756190792753864,
    "predict_athlete_number": 2907,
    "predict_athlete_precision": 0.7315112540192926,
    "predict_athlete_recall": 0.782593739250086,
    "predict_attack/battle/war/militaryconflict_f1": 0.6325023084025855,
    "predict_attack/battle/war/militaryconflict_number": 1099,
    "predict_attack/battle/war/militaryconflict_precision": 0.6419868791002812,
    "predict_attack/battle/war/militaryconflict_recall": 0.6232939035486806,
    "predict_award_f1": 0.4421699078812692,
    "predict_award_number": 941,
    "predict_award_precision": 0.42645607107601186,
    "predict_award_recall": 0.45908607863974493,
    "predict_biologything_f1": 0.5030826140567201,
    "predict_biologything_number": 1875,
    "predict_biologything_precision": 0.46788990825688076,
    "predict_biologything_recall": 0.544,
    "predict_bodiesofwater_f1": 0.6101980615254952,
    "predict_bodiesofwater_number": 1169,
    "predict_bodiesofwater_precision": 0.6013289036544851,
    "predict_bodiesofwater_recall": 0.6193327630453379,
    "predict_broadcastprogram_f1": 0.36565977742448325,
    "predict_broadcastprogram_number": 605,
    "predict_broadcastprogram_precision": 0.35222052067381315,
    "predict_broadcastprogram_recall": 0.38016528925619836,
    "predict_car_f1": 0.5294924554183813,
    "predict_car_number": 688,
    "predict_car_precision": 0.5012987012987012,
    "predict_car_recall": 0.561046511627907,
    "predict_chemicalthing_f1": 0.48205625606207564,
    "predict_chemicalthing_number": 1014,
    "predict_chemicalthing_precision": 0.47423664122137404,
    "predict_chemicalthing_recall": 0.490138067061144,
    "predict_company_f1": 0.5167688894688764,
    "predict_company_number": 3903,
    "predict_company_precision": 0.526595744680851,
    "predict_company_recall": 0.5073020753266718,
    "predict_currency_f1": 0.6348314606741573,
    "predict_currency_number": 799,
    "predict_currency_precision": 0.5759429153924567,
    "predict_currency_recall": 0.7071339173967459,
    "predict_director_f1": 0.5233968804159446,
    "predict_director_number": 554,
    "predict_director_precision": 0.5033333333333333,
    "predict_director_recall": 0.5451263537906137,
    "predict_disaster_f1": 0.3855932203389831,
    "predict_disaster_number": 207,
    "predict_disaster_precision": 0.3433962264150943,
    "predict_disaster_recall": 0.4396135265700483,
    "predict_disease_f1": 0.5224489795918367,
    "predict_disease_number": 750,
    "predict_disease_precision": 0.46424870466321244,
    "predict_disease_recall": 0.5973333333333334,
    "predict_education_f1": 0.6528640441683919,
    "predict_education_number": 2082,
    "predict_education_precision": 0.6264900662251656,
    "predict_education_recall": 0.6815561959654178,
    "predict_educationaldegree_f1": 0.4610244988864143,
    "predict_educationaldegree_number": 367,
    "predict_educationaldegree_precision": 0.3898305084745763,
    "predict_educationaldegree_recall": 0.5640326975476839,
    "predict_election_f1": 0.14726840855106887,
    "predict_election_number": 184,
    "predict_election_precision": 0.1308016877637131,
    "predict_election_recall": 0.16847826086956522,
    "predict_film_f1": 0.5189466923570969,
    "predict_film_number": 759,
    "predict_film_precision": 0.506265664160401,
    "predict_film_recall": 0.5322793148880105,
    "predict_food_f1": 0.4061302681992337,
    "predict_food_number": 432,
    "predict_food_precision": 0.3464052287581699,
    "predict_food_recall": 0.49074074074074076,
    "predict_game_f1": 0.4534231200897867,
    "predict_game_number": 496,
    "predict_game_precision": 0.5113924050632911,
    "predict_game_recall": 0.40725806451612906,
    "predict_god_f1": 0.4570475396163469,
    "predict_god_number": 635,
    "predict_god_precision": 0.4858156028368794,
    "predict_god_recall": 0.431496062992126,
    "predict_government/governmentagency_f1": 0.3075453677172875,
    "predict_government/governmentagency_number": 1535,
    "predict_government/governmentagency_precision": 0.30074719800747196,
    "predict_government/governmentagency_recall": 0.31465798045602605,
    "predict_hospital_f1": 0.5567010309278351,
    "predict_hospital_number": 364,
    "predict_hospital_precision": 0.5242718446601942,
    "predict_hospital_recall": 0.5934065934065934,
    "predict_hotel_f1": 0.45652173913043476,
    "predict_hotel_number": 265,
    "predict_hotel_precision": 0.43902439024390244,
    "predict_hotel_recall": 0.47547169811320755,
    "predict_island_f1": 0.5146831530139103,
    "predict_island_number": 646,
    "predict_island_precision": 0.5138888888888888,
    "predict_island_recall": 0.5154798761609907,
    "predict_language_f1": 0.6231038506417738,
    "predict_language_number": 753,
    "predict_language_precision": 0.5556711758584808,
    "predict_language_recall": 0.7091633466135459,
    "predict_law_f1": 0.40252707581227437,
    "predict_law_number": 488,
    "predict_law_precision": 0.3596774193548387,
    "predict_law_recall": 0.4569672131147541,
    "predict_library_f1": 0.5184275184275184,
    "predict_library_number": 357,
    "predict_library_precision": 0.4617067833698031,
    "predict_library_recall": 0.5910364145658263,
    "predict_livingthing_f1": 0.47634408602150535,
    "predict_livingthing_number": 865,
    "predict_livingthing_precision": 0.4452261306532663,
    "predict_livingthing_recall": 0.5121387283236994,
    "predict_loss": 0.679953396320343,
    "predict_media/newspaper_f1": 0.5082915541843425,
    "predict_media/newspaper_number": 1234,
    "predict_media/newspaper_precision": 0.48491537895511405,
    "predict_media/newspaper_recall": 0.534035656401945,
    "predict_medical_f1": 0.36084905660377364,
    "predict_medical_number": 397,
    "predict_medical_precision": 0.3392461197339246,
    "predict_medical_recall": 0.3853904282115869,
    "predict_mountain_f1": 0.5070621468926553,
    "predict_mountain_number": 681,
    "predict_mountain_precision": 0.4884353741496599,
    "predict_mountain_recall": 0.527165932452276,
    "predict_music_f1": 0.5571059431524548,
    "predict_music_number": 1041,
    "predict_music_precision": 0.6029082774049217,
    "predict_music_recall": 0.5177713736791547,
    "predict_other_f1": 0.4317805521994004,
    "predict_other_number": 21035,
    "predict_other_precision": 0.4078363413500148,
    "predict_other_recall": 0.458711671024483,
    "predict_overall_accuracy": 0.8976455234980794,
    "predict_overall_f1": 0.5508463274771194,
    "predict_overall_precision": 0.5282037680802493,
    "predict_overall_recall": 0.5755170705527805,
    "predict_painting_f1": 0.205607476635514,
    "predict_painting_number": 58,
    "predict_painting_precision": 0.22448979591836735,
    "predict_painting_recall": 0.1896551724137931,
    "predict_park_f1": 0.3875968992248062,