{
    "predict_GPE_f1": 0.7662795373370863,
    "predict_GPE_number": 20409,
    "predict_GPE_precision": 0.7407170294494239,
    "predict_GPE_recall": 0.7936694595521584,
    "predict_actor_f1": 0.7077534791252484,
    "predict_actor_number": 1638,
    "predict_actor_precision": 0.6617100371747212,
    "predict_actor_recall": 0.7606837606837606,
    "predict_airplane_f1": 0.5342381246144355,
    "predict_airplane_number": 794,
    "predict_airplane_precision": 0.5235792019347038,
    "predict_airplane_recall": 0.5453400503778337,
    "predict_airport_f1": 0.6434195725534309,
    "predict_airport_number": 364,
    "predict_airport_precision": 0.5447619047619048,
    "predict_airport_recall": 0.7857142857142857,
    "predict_artist/author_f1": 0.5958482462419471,
    "predict_artist/author_number": 3464,
    "predict_artist/author_precision": 0.5910252769099688,
    "predict_artist/author_recall": 0.6007505773672055,
    "predict_astronomything_f1": 0.6272108843537415,
    "predict_astronomything_number": 678,
    "predict_astronomything_precision": 0.5820707070707071,
    "predict_astronomything_recall": 0.6799410029498525,
    "predict_athlete_f1": 0.7780227234186875,
    "predict_athlete_number": 2907,
    "predict_athlete_precision": 0.7672240802675585,
    "predict_athlete_recall": 0.7891296869625043,
    "predict_attack/battle/war/militaryconflict_f1": 0.629805615550756,
    "predict_attack/battle/war/militaryconflict_number": 1099,
    "predict_attack/battle/war/militaryconflict_precision": 0.5995065789473685,
    "predict_attack/battle/war/militaryconflict_recall": 0.6633303002729755,
    "predict_award_f1": 0.4913793103448276,
    "predict_award_number": 941,
    "predict_award_precision": 0.44725370531822145,
    "predict_award_recall": 0.5451647183846972,
    "predict_biologything_f1": 0.5384002125963328,
    "predict_biologything_number": 1875,
    "predict_biologything_precision": 0.5365466101694916,
    "predict_biologything_recall": 0.5402666666666667,
    "predict_bodiesofwater_f1": 0.6195227765726682,
    "predict_bodiesofwater_number": 1169,
    "predict_bodiesofwater_precision": 0.6285211267605634,
    "predict_bodiesofwater_recall": 0.6107784431137725,
    "predict_broadcastprogram_f1": 0.4624808575803982,
    "predict_broadcastprogram_number": 605,
    "predict_broadcastprogram_precision": 0.43081312410841655,
    "predict_broadcastprogram_recall": 0.4991735537190083,
    "predict_car_f1": 0.584192439862543,
    "predict_car_number": 688,
    "predict_car_precision": 0.5541069100391134,
    "predict_car_recall": 0.6177325581395349,
    "predict_chemicalthing_f1": 0.4657534246575343,
    "predict_chemicalthing_number": 1014,
    "predict_chemicalthing_precision": 0.4114977307110439,
    "predict_chemicalthing_recall": 0.5364891518737672,
    "predict_company_f1": 0.5687492079584338,
    "predict_company_number": 3903,
    "predict_company_precision": 0.5626880641925778,
    "predict_company_recall": 0.5749423520368947,
    "predict_currency_f1": 0.6350592638802245,
    "predict_currency_number": 799,
    "predict_currency_precision": 0.6330845771144279,
    "predict_currency_recall": 0.6370463078848561,
    "predict_director_f1": 0.5460218408736349,
    "predict_director_number": 554,
    "predict_director_precision": 0.4807692307692308,
    "predict_director_recall": 0.631768953068592,
    "predict_disaster_f1": 0.31363636363636366,
    "predict_disaster_number": 207,
    "predict_disaster_precision": 0.296137339055794,
    "predict_disaster_recall": 0.3333333333333333,
    "predict_disease_f1": 0.5142857142857143,
    "predict_disease_number": 750,
    "predict_disease_precision": 0.4645161290322581,
    "predict_disease_recall": 0.576,
    "predict_education_f1": 0.666821669379214,
    "predict_education_number": 2082,
    "predict_education_precision": 0.6462370437133844,
    "predict_education_recall": 0.6887608069164265,
    "predict_educationaldegree_f1": 0.4026402640264027,
    "predict_educationaldegree_number": 367,
    "predict_educationaldegree_precision": 0.3376383763837638,
    "predict_educationaldegree_recall": 0.4986376021798365,
    "predict_election_f1": 0.1642512077294686,
    "predict_election_number": 184,
    "predict_election_precision": 0.14782608695652175,
    "predict_election_recall": 0.18478260869565216,
    "predict_film_f1": 0.6571056062581486,
    "predict_film_number": 759,
    "predict_film_precision": 0.6503225806451612,
    "predict_film_recall": 0.6640316205533597,
    "predict_food_f1": 0.42596810933940776,
    "predict_food_number": 432,
    "predict_food_precision": 0.4192825112107623,
    "predict_food_recall": 0.43287037037037035,
    "predict_game_f1": 0.5852156057494866,
    "predict_game_number": 496,
    "predict_game_precision": 0.5962343096234309,
    "predict_game_recall": 0.5745967741935484,
    "predict_god_f1": 0.5678233438485805,
    "predict_god_number": 635,
    "predict_god_precision": 0.5687203791469194,
    "predict_god_recall": 0.5669291338582677,
    "predict_government/governmentagency_f1": 0.30611591418507844,
    "predict_government/governmentagency_number": 1535,
    "predict_government/governmentagency_precision": 0.30100755667506296,
    "predict_government/governmentagency_recall": 0.31140065146579804,
    "predict_hospital_f1": 0.5624242424242425,
    "predict_hospital_number": 364,
    "predict_hospital_precision": 0.5032537960954447,
    "predict_hospital_recall": 0.6373626373626373,
    "predict_hotel_f1": 0.5466893039049237,
    "predict_hotel_number": 265,
    "predict_hotel_precision": 0.49691358024691357,
    "predict_hotel_recall": 0.6075471698113207,
    "predict_island_f1": 0.5457570715474209,
    "predict_island_number": 646,
    "predict_island_precision": 0.5899280575539568,
    "predict_island_recall": 0.5077399380804953,
    "predict_language_f1": 0.6125503742084052,
    "predict_language_number": 753,
    "predict_language_precision": 0.540650406504065,
    "predict_language_recall": 0.7065073041168659,
    "predict_law_f1": 0.46764452113891286,
    "predict_law_number": 488,
    "predict_law_precision": 0.4038748137108793,
    "predict_law_recall": 0.555327868852459,
    "predict_library_f1": 0.5591397849462365,
    "predict_library_number": 357,
    "predict_library_precision": 0.4875,
    "predict_library_recall": 0.6554621848739496,
    "predict_livingthing_f1": 0.49743589743589745,
    "predict_livingthing_number": 865,
    "predict_livingthing_precision": 0.4470046082949309,
    "predict_livingthing_recall": 0.5606936416184971,
    "predict_loss": 0.6425662636756897,
    "predict_media/newspaper_f1": 0.5162886597938144,
    "predict_media/newspaper_number": 1234,
    "predict_media/newspaper_precision": 0.5256087321578505,
    "predict_media/newspaper_recall": 0.5072933549432739,
    "predict_medical_f1": 0.3616352201257862,
    "predict_medical_number": 397,
    "predict_medical_precision": 0.4811715481171548,
    "predict_medical_recall": 0.28967254408060455,
    "predict_mountain_f1": 0.6005961251862891,
    "predict_mountain_number": 681,
    "predict_mountain_precision": 0.6096822995461422,
    "predict_mountain_recall": 0.591776798825257,
    "predict_music_f1": 0.6513849092645654,
    "predict_music_number": 1041,
    "predict_music_precision": 0.647673314339981,
    "predict_music_recall": 0.6551392891450528,
    "predict_other_f1": 0.46576620606922287,
    "predict_other_number": 21035,
    "predict_other_precision": 0.43717419408649233,
    "predict_other_recall": 0.49835987639648205,
    "predict_overall_accuracy": 0.9035963146569039,
    "predict_overall_f1": 0.579277957724986,
    "predict_overall_precision": 0.5537579761703089,
    "predict_overall_recall": 0.6072637575857656,
    "predict_painting_f1": 0.23214285714285715,
    "predict_painting_number": 58,
    "predict_painting_precision": 0.24074074074074073,
    "predict_painting_recall": 0.22413793103448276,
    "predict_park_f1": 0.4545454545454546,