{
    "predict_GPE_f1": 0.7514244684300736,
    "predict_GPE_number": 20409,
    "predict_GPE_precision": 0.7125411816384801,
    "predict_GPE_recall": 0.7947964133470528,
    "predict_actor_f1": 0.6239524195728575,
    "predict_actor_number": 1638,
    "predict_actor_precision": 0.5599223677826298,
    "predict_actor_recall": 0.7045177045177046,
    "predict_airplane_f1": 0.5330990041007616,
    "predict_airplane_number": 794,
    "predict_airplane_precision": 0.49835706462212487,
    "predict_airplane_recall": 0.5730478589420654,
    "predict_airport_f1": 0.6711590296495956,
    "predict_airport_number": 364,
    "predict_airport_precision": 0.6587301587301587,
    "predict_airport_recall": 0.6840659340659341,
    "predict_artist/author_f1": 0.5126729688998493,
    "predict_artist/author_number": 3464,
    "predict_artist/author_precision": 0.4878748370273794,
    "predict_artist/author_recall": 0.5401270207852193,
    "predict_astronomything_f1": 0.5440210249671484,
    "predict_astronomything_number": 678,
    "predict_astronomything_precision": 0.490521327014218,
    "predict_astronomything_recall": 0.6106194690265486,
    "predict_athlete_f1": 0.7562058194969589,
    "predict_athlete_number": 2907,
    "predict_athlete_precision": 0.7241813602015114,
    "predict_athlete_recall": 0.7911936704506364,
    "predict_attack/battle/war/militaryconflict_f1": 0.572379367720466,
    "predict_attack/battle/war/militaryconflict_number": 1099,
    "predict_attack/battle/war/militaryconflict_precision": 0.5272030651340996,
    "predict_attack/battle/war/militaryconflict_recall": 0.6260236578707916,
    "predict_award_f1": 0.433971526755032,
    "predict_award_number": 941,
    "predict_award_precision": 0.4032846715328467,
    "predict_award_recall": 0.46971307120085015,
    "predict_biologything_f1": 0.5199786893979755,
    "predict_biologything_number": 1875,
    "predict_biologything_precision": 0.5194252261841406,
    "predict_biologything_recall": 0.5205333333333333,
    "predict_bodiesofwater_f1": 0.6164098292378176,
    "predict_bodiesofwater_number": 1169,
    "predict_bodiesofwater_precision": 0.6006493506493507,
    "predict_bodiesofwater_recall": 0.6330196749358425,
    "predict_broadcastprogram_f1": 0.41871165644171776,
    "predict_broadcastprogram_number": 605,
    "predict_broadcastprogram_precision": 0.3905579399141631,
    "predict_broadcastprogram_recall": 0.4512396694214876,
    "predict_car_f1": 0.6091445427728613,
    "predict_car_number": 688,
    "predict_car_precision": 0.6182634730538922,
    "predict_car_recall": 0.6002906976744186,
    "predict_chemicalthing_f1": 0.5010761945759793,
    "predict_chemicalthing_number": 1014,
    "predict_chemicalthing_precision": 0.44461420932009166,
    "predict_chemicalthing_recall": 0.5739644970414202,
    "predict_company_f1": 0.5485365853658536,
    "predict_company_number": 3903,
    "predict_company_precision": 0.5233884105189667,
    "predict_company_recall": 0.5762234178836793,
    "predict_currency_f1": 0.5893491124260355,
    "predict_currency_number": 799,
    "predict_currency_precision": 0.5589225589225589,
    "predict_currency_recall": 0.623279098873592,
    "predict_director_f1": 0.4376068376068376,
    "predict_director_number": 554,
    "predict_director_precision": 0.4155844155844156,
    "predict_director_recall": 0.4620938628158845,
    "predict_disaster_f1": 0.17589576547231267,
    "predict_disaster_number": 207,
    "predict_disaster_precision": 0.27,
    "predict_disaster_recall": 0.13043478260869565,
    "predict_disease_f1": 0.46743295019157083,
    "predict_disease_number": 750,
    "predict_disease_precision": 0.39647168059424326,
    "predict_disease_recall": 0.5693333333333334,
    "predict_education_f1": 0.639524647887324,
    "predict_education_number": 2082,
    "predict_education_precision": 0.5901705930138099,
    "predict_education_recall": 0.6978866474543708,
    "predict_educationaldegree_f1": 0.384525205158265,
    "predict_educationaldegree_number": 367,
    "predict_educationaldegree_precision": 0.3374485596707819,
    "predict_educationaldegree_recall": 0.44686648501362397,
    "predict_election_f1": 0.15718157181571818,
    "predict_election_number": 184,
    "predict_election_precision": 0.15675675675675677,
    "predict_election_recall": 0.15760869565217392,
    "predict_film_f1": 0.5287356321839081,
    "predict_film_number": 759,
    "predict_film_precision": 0.4689092762487258,
    "predict_film_recall": 0.6060606060606061,
    "predict_food_f1": 0.36460176991150445,
    "predict_food_number": 432,
    "predict_food_precision": 0.29512893982808025,
    "predict_food_recall": 0.47685185185185186,
    "predict_game_f1": 0.471718249733191,
    "predict_game_number": 496,
    "predict_game_precision": 0.5011337868480725,
    "predict_game_recall": 0.44556451612903225,
    "predict_god_f1": 0.4692913385826772,
    "predict_god_number": 635,
    "predict_god_precision": 0.4692913385826772,
    "predict_god_recall": 0.4692913385826772,
    "predict_government/governmentagency_f1": 0.2663767328078282,
    "predict_government/governmentagency_number": 1535,
    "predict_government/governmentagency_precision": 0.228544776119403,
    "predict_government/governmentagency_recall": 0.31921824104234525,
    "predict_hospital_f1": 0.5833333333333335,
    "predict_hospital_number": 364,
    "predict_hospital_precision": 0.5397196261682243,
    "predict_hospital_recall": 0.6346153846153846,
    "predict_hotel_f1": 0.4948453608247423,
    "predict_hotel_number": 265,
    "predict_hotel_precision": 0.45425867507886436,
    "predict_hotel_recall": 0.5433962264150943,
    "predict_island_f1": 0.46006389776357826,
    "predict_island_number": 646,
    "predict_island_precision": 0.4752475247524752,
    "predict_island_recall": 0.4458204334365325,
    "predict_language_f1": 0.594900849858357,
    "predict_language_number": 753,
    "predict_language_precision": 0.5187747035573123,
    "predict_language_recall": 0.6972111553784861,
    "predict_law_f1": 0.37551695616211744,
    "predict_law_number": 488,
    "predict_law_precision": 0.31484049930651875,
    "predict_law_recall": 0.4651639344262295,
    "predict_library_f1": 0.5178335535006605,
    "predict_library_number": 357,
    "predict_library_precision": 0.49,
    "predict_library_recall": 0.5490196078431373,
    "predict_livingthing_f1": 0.5058889512058329,
    "predict_livingthing_number": 865,
    "predict_livingthing_precision": 0.4912854030501089,
    "predict_livingthing_recall": 0.5213872832369942,
    "predict_loss": 0.5054197311401367,
    "predict_media/newspaper_f1": 0.5394190871369294,
    "predict_media/newspaper_number": 1234,
    "predict_media/newspaper_precision": 0.4704463208685163,
    "predict_media/newspaper_recall": 0.6320907617504052,
    "predict_medical_f1": 0.391123439667129,
    "predict_medical_number": 397,
    "predict_medical_precision": 0.4351851851851852,
    "predict_medical_recall": 0.35516372795969775,
    "predict_mountain_f1": 0.5255376344086021,
    "predict_mountain_number": 681,
    "predict_mountain_precision": 0.48451053283767037,
    "predict_mountain_recall": 0.5741556534508077,
    "predict_music_f1": 0.5733819507748406,
    "predict_music_number": 1041,
    "predict_music_precision": 0.5455333911535126,
    "predict_music_recall": 0.6042267050912584,
    "predict_other_f1": 0.42893131795279765,
    "predict_other_number": 21035,
    "predict_other_precision": 0.4007515381756617,
    "predict_other_recall": 0.4613739006417875,
    "predict_overall_accuracy": 0.8979028374014987,
    "predict_overall_f1": 0.5475746760246245,
    "predict_overall_precision": 0.5109752063159966,
    "predict_overall_recall": 0.5898216571027536,
    "predict_painting_f1": 0.0,
    "predict_painting_number": 58,
    "predict_painting_precision": 0.0,
    "predict_painting_recall": 0.0,
    "predict_park_f1": 0.45999999999999996,
    "predict_park_number": 458,