{
    "predict_GPE_f1": 0.7444922150161529,
    "predict_GPE_number": 20409,
    "predict_GPE_precision": 0.7381984585741811,
    "predict_GPE_recall": 0.7508942133372531,
    "predict_actor_f1": 0.6807497768521275,
    "predict_actor_number": 1638,
    "predict_actor_precision": 0.6639582124201974,
    "predict_actor_recall": 0.6984126984126984,
    "predict_airplane_f1": 0.4887892376681614,
    "predict_airplane_number": 794,
    "predict_airplane_precision": 0.4404040404040404,
    "predict_airplane_recall": 0.5491183879093199,
    "predict_airport_f1": 0.5726405090137858,
    "predict_airport_number": 364,
    "predict_airport_precision": 0.46632124352331605,
    "predict_airport_recall": 0.7417582417582418,
    "predict_artist/author_f1": 0.5674180051288973,
    "predict_artist/author_number": 3464,
    "predict_artist/author_precision": 0.5328263624841572,
    "predict_artist/author_recall": 0.6068129330254042,
    "predict_astronomything_f1": 0.5890804597701149,
    "predict_astronomything_number": 678,
    "predict_astronomything_precision": 0.5742296918767507,
    "predict_astronomything_recall": 0.6047197640117994,
    "predict_athlete_f1": 0.7640833048822123,
    "predict_athlete_number": 2907,
    "predict_athlete_precision": 0.7583869874618774,
    "predict_athlete_recall": 0.7698658410732714,
    "predict_attack/battle/war/militaryconflict_f1": 0.5688003066308931,
    "predict_attack/battle/war/militaryconflict_number": 1099,
    "predict_attack/battle/war/militaryconflict_precision": 0.4913907284768212,
    "predict_attack/battle/war/militaryconflict_recall": 0.6751592356687898,
    "predict_award_f1": 0.42110266159695814,
    "predict_award_number": 941,
    "predict_award_precision": 0.38091143594153054,
    "predict_award_recall": 0.4707757704569607,
    "predict_biologything_f1": 0.5234454638124363,
    "predict_biologything_number": 1875,
    "predict_biologything_precision": 0.5012201073694486,
    "predict_biologything_recall": 0.5477333333333333,
    "predict_bodiesofwater_f1": 0.6335847558554982,
    "predict_bodiesofwater_number": 1169,
    "predict_bodiesofwater_precision": 0.5911111111111111,
    "predict_bodiesofwater_recall": 0.6826347305389222,
    "predict_broadcastprogram_f1": 0.4026845637583893,
    "predict_broadcastprogram_number": 605,
    "predict_broadcastprogram_precision": 0.4088586030664395,
    "predict_broadcastprogram_recall": 0.39669421487603307,
    "predict_car_f1": 0.6087591240875913,
    "predict_car_number": 688,
    "predict_car_precision": 0.6114369501466276,
    "predict_car_recall": 0.6061046511627907,
    "predict_chemicalthing_f1": 0.4568627450980392,
    "predict_chemicalthing_number": 1014,
    "predict_chemicalthing_precision": 0.45419103313840153,
    "predict_chemicalthing_recall": 0.45956607495069035,
    "predict_company_f1": 0.5462472016024507,
    "predict_company_number": 3903,
    "predict_company_precision": 0.5056719022687609,
    "predict_company_recall": 0.5939021265693056,
    "predict_currency_f1": 0.6510067114093959,
    "predict_currency_number": 799,
    "predict_currency_precision": 0.5884732052578362,
    "predict_currency_recall": 0.7284105131414268,
    "predict_director_f1": 0.4848920863309352,
    "predict_director_number": 554,
    "predict_director_precision": 0.40311004784689,
    "predict_director_recall": 0.6083032490974729,
    "predict_disaster_f1": 0.3870967741935484,
    "predict_disaster_number": 207,
    "predict_disaster_precision": 0.31875,
    "predict_disaster_recall": 0.4927536231884058,
    "predict_disease_f1": 0.4665542439572794,
    "predict_disease_number": 750,
    "predict_disease_precision": 0.4033041788143829,
    "predict_disease_recall": 0.5533333333333333,
    "predict_education_f1": 0.6201480816692843,
    "predict_education_number": 2082,
    "predict_education_precision": 0.5818947368421052,
    "predict_education_recall": 0.6637848222862632,
    "predict_educationaldegree_f1": 0.41182682154171063,
    "predict_educationaldegree_number": 367,
    "predict_educationaldegree_precision": 0.33620689655172414,
    "predict_educationaldegree_recall": 0.5313351498637602,
    "predict_election_f1": 0.16417910447761194,
    "predict_election_number": 184,
    "predict_election_precision": 0.125,
    "predict_election_recall": 0.2391304347826087,
    "predict_film_f1": 0.5540756526371869,
    "predict_film_number": 759,
    "predict_film_precision": 0.46511627906976744,
    "predict_film_recall": 0.6851119894598156,
    "predict_food_f1": 0.41493775933609955,
    "predict_food_number": 432,
    "predict_food_precision": 0.32341526520051744,
    "predict_food_recall": 0.5787037037037037,
    "predict_game_f1": 0.5510406342913775,
    "predict_game_number": 496,
    "predict_game_precision": 0.5419103313840156,
    "predict_game_recall": 0.5604838709677419,
    "predict_god_f1": 0.4328125,
    "predict_god_number": 635,
    "predict_god_precision": 0.4294573643410853,
    "predict_god_recall": 0.43622047244094486,
    "predict_government/governmentagency_f1": 0.27901234567901234,
    "predict_government/governmentagency_number": 1535,
    "predict_government/governmentagency_precision": 0.22465208747514911,
    "predict_government/governmentagency_recall": 0.36807817589576547,
    "predict_hospital_f1": 0.5406643757159221,
    "predict_hospital_number": 364,
    "predict_hospital_precision": 0.4636542239685658,
    "predict_hospital_recall": 0.6483516483516484,
    "predict_hotel_f1": 0.555765595463138,
    "predict_hotel_number": 265,
    "predict_hotel_precision": 0.5568181818181818,
    "predict_hotel_recall": 0.5547169811320755,
    "predict_island_f1": 0.48831587429492346,
    "predict_island_number": 646,
    "predict_island_precision": 0.5092436974789916,
    "predict_island_recall": 0.46904024767801855,
    "predict_language_f1": 0.5324103209565764,
    "predict_language_number": 753,
    "predict_language_precision": 0.5059808612440191,
    "predict_language_recall": 0.5617529880478087,
    "predict_law_f1": 0.3616692426584235,
    "predict_law_number": 488,
    "predict_law_precision": 0.2903225806451613,
    "predict_law_recall": 0.47950819672131145,
    "predict_library_f1": 0.49200492004920043,
    "predict_library_number": 357,
    "predict_library_precision": 0.43859649122807015,
    "predict_library_recall": 0.5602240896358543,
    "predict_livingthing_f1": 0.538038496791934,
    "predict_livingthing_number": 865,
    "predict_livingthing_precision": 0.44570994684889903,
    "predict_livingthing_recall": 0.6786127167630058,
    "predict_loss": 0.5238754153251648,
    "predict_media/newspaper_f1": 0.5580589254766031,
    "predict_media/newspaper_number": 1234,
    "predict_media/newspaper_precision": 0.4875832828588734,
    "predict_media/newspaper_recall": 0.6523500810372771,
    "predict_medical_f1": 0.3511269276393832,
    "predict_medical_number": 397,
    "predict_medical_precision": 0.33183856502242154,
    "predict_medical_recall": 0.37279596977329976,
    "predict_mountain_f1": 0.5574468085106383,
    "predict_mountain_number": 681,
    "predict_mountain_precision": 0.5390946502057613,
    "predict_mountain_recall": 0.5770925110132159,
    "predict_music_f1": 0.5962199312714777,
    "predict_music_number": 1041,
    "predict_music_precision": 0.5392385392385393,
    "predict_music_recall": 0.6666666666666666,
    "predict_other_f1": 0.427482198743935,
    "predict_other_number": 21035,
    "predict_other_precision": 0.3829306841273425,
    "predict_other_recall": 0.4837651533159021,
    "predict_overall_accuracy": 0.8970874671843345,
    "predict_overall_f1": 0.5421312478361702,
    "predict_overall_precision": 0.501531225594721,
    "predict_overall_recall": 0.589883581719853,
    "predict_painting_f1": 0.19834710743801653,
    "predict_painting_number": 58,
    "predict_painting_precision": 0.13043478260869565,
    "predict_painting_recall": 0.41379310344827586,
    "predict_park_f1": 0.23753976670201485,