{
    "predict_GPE_f1": 0.740587544065805,
    "predict_GPE_number": 20409,
    "predict_GPE_precision": 0.711620974662391,
    "predict_GPE_recall": 0.7720123474937528,
    "predict_actor_f1": 0.6167076167076168,
    "predict_actor_number": 1638,
    "predict_actor_precision": 0.6205191594561187,
    "predict_actor_recall": 0.612942612942613,
    "predict_airplane_f1": 0.4851063829787234,
    "predict_airplane_number": 794,
    "predict_airplane_precision": 0.4688601645123384,
    "predict_airplane_recall": 0.5025188916876574,
    "predict_airport_f1": 0.6193247962747381,
    "predict_airport_number": 364,
    "predict_airport_precision": 0.5373737373737374,
    "predict_airport_recall": 0.7307692307692307,
    "predict_artist/author_f1": 0.5299675645184035,
    "predict_artist/author_number": 3464,
    "predict_artist/author_precision": 0.5180590019299697,
    "predict_artist/author_recall": 0.5424364896073903,
    "predict_astronomything_f1": 0.5632716049382717,
    "predict_astronomything_number": 678,
    "predict_astronomything_precision": 0.5906148867313916,
    "predict_astronomything_recall": 0.5383480825958702,
    "predict_athlete_f1": 0.7431693989071039,
    "predict_athlete_number": 2907,
    "predict_athlete_precision": 0.7164750957854407,
    "predict_athlete_recall": 0.7719298245614035,
    "predict_attack/battle/war/militaryconflict_f1": 0.6122971818958155,
    "predict_attack/battle/war/militaryconflict_number": 1099,
    "predict_attack/battle/war/militaryconflict_precision": 0.5768302493966211,
    "predict_attack/battle/war/militaryconflict_recall": 0.6524112829845314,
    "predict_award_f1": 0.4659564613246873,
    "predict_award_number": 941,
    "predict_award_precision": 0.4129720853858785,
    "predict_award_recall": 0.5345377258235919,
    "predict_biologything_f1": 0.525076524605604,
    "predict_biologything_number": 1875,
    "predict_biologything_precision": 0.4700674536256324,
    "predict_biologything_recall": 0.5946666666666667,
    "predict_bodiesofwater_f1": 0.5876375952582557,
    "predict_bodiesofwater_number": 1169,
    "predict_bodiesofwater_precision": 0.5817267393126572,
    "predict_bodiesofwater_recall": 0.5936698032506416,
    "predict_broadcastprogram_f1": 0.4057724957555178,
    "predict_broadcastprogram_number": 605,
    "predict_broadcastprogram_precision": 0.41710296684118675,
    "predict_broadcastprogram_recall": 0.3950413223140496,
    "predict_car_f1": 0.5176322418136019,
    "predict_car_number": 688,
    "predict_car_precision": 0.45666666666666667,
    "predict_car_recall": 0.5973837209302325,
    "predict_chemicalthing_f1": 0.47698334965719885,
    "predict_chemicalthing_number": 1014,
    "predict_chemicalthing_precision": 0.47373540856031127,
    "predict_chemicalthing_recall": 0.480276134122288,
    "predict_company_f1": 0.5302149178255373,
    "predict_company_number": 3903,
    "predict_company_precision": 0.5233341652108809,
    "predict_company_recall": 0.5372790161414297,
    "predict_currency_f1": 0.641291810841984,
    "predict_currency_number": 799,
    "predict_currency_precision": 0.5946524064171123,
    "predict_currency_recall": 0.6958698372966208,
    "predict_director_f1": 0.4816326530612245,
    "predict_director_number": 554,
    "predict_director_precision": 0.4396423248882265,
    "predict_director_recall": 0.5324909747292419,
    "predict_disaster_f1": 0.40157480314960636,
    "predict_disaster_number": 207,
    "predict_disaster_precision": 0.3388704318936877,
    "predict_disaster_recall": 0.4927536231884058,
    "predict_disease_f1": 0.5188981422165279,
    "predict_disease_number": 750,
    "predict_disease_precision": 0.499383477188656,
    "predict_disease_recall": 0.54,
    "predict_education_f1": 0.6097277170118688,
    "predict_education_number": 2082,
    "predict_education_precision": 0.5914221218961625,
    "predict_education_recall": 0.6292026897214217,
    "predict_educationaldegree_f1": 0.4287425149700599,
    "predict_educationaldegree_number": 367,
    "predict_educationaldegree_precision": 0.38247863247863245,
    "predict_educationaldegree_recall": 0.4877384196185286,
    "predict_election_f1": 0.18141592920353983,
    "predict_election_number": 184,
    "predict_election_precision": 0.15298507462686567,
    "predict_election_recall": 0.22282608695652173,
    "predict_film_f1": 0.5208110992529349,
    "predict_film_number": 759,
    "predict_film_precision": 0.43766816143497755,
    "predict_film_recall": 0.6429512516469038,
    "predict_food_f1": 0.361328125,
    "predict_food_number": 432,
    "predict_food_precision": 0.3125,
    "predict_food_recall": 0.42824074074074076,
    "predict_game_f1": 0.4593781344032096,
    "predict_game_number": 496,
    "predict_game_precision": 0.45708582834331335,
    "predict_game_recall": 0.46169354838709675,
    "predict_god_f1": 0.5273865414710487,
    "predict_god_number": 635,
    "predict_god_precision": 0.5241057542768274,
    "predict_god_recall": 0.5307086614173229,
    "predict_government/governmentagency_f1": 0.2870456663560112,
    "predict_government/governmentagency_number": 1535,
    "predict_government/governmentagency_precision": 0.27434679334916867,
    "predict_government/governmentagency_recall": 0.3009771986970684,
    "predict_hospital_f1": 0.5261932479627474,
    "predict_hospital_number": 364,
    "predict_hospital_precision": 0.45656565656565656,
    "predict_hospital_recall": 0.6208791208791209,
    "predict_hotel_f1": 0.5,
    "predict_hotel_number": 265,
    "predict_hotel_precision": 0.4305177111716621,
    "predict_hotel_recall": 0.5962264150943396,
    "predict_island_f1": 0.4847222222222222,
    "predict_island_number": 646,
    "predict_island_precision": 0.43954659949622166,
    "predict_island_recall": 0.5402476780185759,
    "predict_language_f1": 0.5857694429123002,
    "predict_language_number": 753,
    "predict_language_precision": 0.5009433962264151,
    "predict_language_recall": 0.7051792828685259,
    "predict_law_f1": 0.4032114183764495,
    "predict_law_number": 488,
    "predict_law_precision": 0.3570300157977883,
    "predict_law_recall": 0.46311475409836067,
    "predict_library_f1": 0.46010638297872347,
    "predict_library_number": 357,
    "predict_library_precision": 0.4379746835443038,
    "predict_library_recall": 0.484593837535014,
    "predict_livingthing_f1": 0.4848800834202294,
    "predict_livingthing_number": 865,
    "predict_livingthing_precision": 0.4415954415954416,
    "predict_livingthing_recall": 0.5375722543352601,
    "predict_loss": 0.6746302247047424,
    "predict_media/newspaper_f1": 0.4990343762070297,
    "predict_media/newspaper_number": 1234,
    "predict_media/newspaper_precision": 0.47675276752767526,
    "predict_media/newspaper_recall": 0.5235008103727715,
    "predict_medical_f1": 0.3875598086124402,
    "predict_medical_number": 397,
    "predict_medical_precision": 0.3690205011389522,
    "predict_medical_recall": 0.4080604534005038,
    "predict_mountain_f1": 0.5432656132430399,
    "predict_mountain_number": 681,
    "predict_mountain_precision": 0.5570987654320988,
    "predict_mountain_recall": 0.5301027900146843,
    "predict_music_f1": 0.6044226044226044,
    "predict_music_number": 1041,
    "predict_music_precision": 0.6187122736418511,
    "predict_music_recall": 0.590778097982709,
    "predict_other_f1": 0.4328984156570364,
    "predict_other_number": 21035,
    "predict_other_precision": 0.3903808687015319,
    "predict_other_recall": 0.4858093653434752,
    "predict_overall_accuracy": 0.8960050116496969,
    "predict_overall_f1": 0.5403266861572923,
    "predict_overall_precision": 0.5095235047228902,
    "predict_overall_recall": 0.5750939190026009,
    "predict_painting_f1": 0.11904761904761904,
    "predict_painting_number": 58,
    "predict_painting_precision": 0.19230769230769232,
    "predict_painting_recall": 0.08620689655172414,
    "predict_park_f1": 0.37988826815642457,
    "predict_park_number": 458,