{
    "predict_accuracy": 0.9245179978589746,
    "predict_f1": 0.6694411054657118,
    "predict_loss": 0.6117126941680908,
    "predict_precision": 0.6554902775305125,
    "predict_recall": 0.6839986789415019,
    "predict_runtime": 155.9957,
    "predict_samples_per_second": 241.334,
    "predict_steps_per_second": 7.545
}