{
    "predict_GPE_f1": 0.750116986429574,
    "predict_GPE_number": 20409,
    "predict_GPE_precision": 0.7178361918409386,
    "predict_GPE_recall": 0.7854377970503209,
    "predict_actor_f1": 0.6319350473612989,
    "predict_actor_number": 1638,
    "predict_actor_precision": 0.708649468892261,
    "predict_actor_recall": 0.5702075702075702,
    "predict_airplane_f1": 0.48968209704406024,
    "predict_airplane_number": 794,
    "predict_airplane_precision": 0.4394394394394394,
    "predict_airplane_recall": 0.552896725440806,
    "predict_airport_f1": 0.6166097838452788,
    "predict_airport_number": 364,
    "predict_airport_precision": 0.5262135922330097,
    "predict_airport_recall": 0.7445054945054945,
    "predict_artist/author_f1": 0.5334217506631299,
    "predict_artist/author_number": 3464,
    "predict_artist/author_precision": 0.4933758586849853,
    "predict_artist/author_recall": 0.5805427251732102,
    "predict_astronomything_f1": 0.5783289817232378,
    "predict_astronomything_number": 678,
    "predict_astronomything_precision": 0.5187353629976581,
    "predict_astronomything_recall": 0.6533923303834809,
    "predict_athlete_f1": 0.7623642943305187,
    "predict_athlete_number": 2907,
    "predict_athlete_precision": 0.7638121546961326,
    "predict_athlete_recall": 0.760921912624699,
    "predict_attack/battle/war/militaryconflict_f1": 0.5948239287229529,
    "predict_attack/battle/war/militaryconflict_number": 1099,
    "predict_attack/battle/war/militaryconflict_precision": 0.5572337042925278,
    "predict_attack/battle/war/militaryconflict_recall": 0.637852593266606,
    "predict_award_f1": 0.4592378195851423,
    "predict_award_number": 941,
    "predict_award_precision": 0.4204946996466431,
    "predict_award_recall": 0.5058448459086079,
    "predict_biologything_f1": 0.5315055315055316,
    "predict_biologything_number": 1875,
    "predict_biologything_precision": 0.48401226456416996,
    "predict_biologything_recall": 0.5893333333333334,
    "predict_bodiesofwater_f1": 0.5834373699542239,
    "predict_bodiesofwater_number": 1169,
    "predict_bodiesofwater_precision": 0.5680713128038898,
    "predict_bodiesofwater_recall": 0.5996578272027374,
    "predict_broadcastprogram_f1": 0.3857142857142857,
    "predict_broadcastprogram_number": 605,
    "predict_broadcastprogram_precision": 0.3709923664122137,
    "predict_broadcastprogram_recall": 0.40165289256198344,
    "predict_car_f1": 0.5588052271313005,
    "predict_car_number": 688,
    "predict_car_precision": 0.4885745375408052,
    "predict_car_recall": 0.6526162790697675,
    "predict_chemicalthing_f1": 0.4646752015173068,
    "predict_chemicalthing_number": 1014,
    "predict_chemicalthing_precision": 0.4474885844748858,
    "predict_chemicalthing_recall": 0.4832347140039448,
    "predict_company_f1": 0.5500359971202304,
    "predict_company_number": 3903,
    "predict_company_precision": 0.5172647257955315,
    "predict_company_recall": 0.5872405841660261,
    "predict_currency_f1": 0.6334277620396601,
    "predict_currency_number": 799,
    "predict_currency_precision": 0.5786749482401656,
    "predict_currency_recall": 0.6996245306633292,
    "predict_director_f1": 0.46313799621928164,
    "predict_director_number": 554,
    "predict_director_precision": 0.4861111111111111,
    "predict_director_recall": 0.44223826714801445,
    "predict_disaster_f1": 0.3271221532091097,
    "predict_disaster_number": 207,
    "predict_disaster_precision": 0.286231884057971,
    "predict_disaster_recall": 0.38164251207729466,
    "predict_disease_f1": 0.5189664650907091,
    "predict_disease_number": 750,
    "predict_disease_precision": 0.441534144059869,
    "predict_disease_recall": 0.6293333333333333,
    "predict_education_f1": 0.648177141579065,
    "predict_education_number": 2082,
    "predict_education_precision": 0.606529928840519,
    "predict_education_recall": 0.6959654178674352,
    "predict_educationaldegree_f1": 0.4444444444444444,
    "predict_educationaldegree_number": 367,
    "predict_educationaldegree_precision": 0.3678571428571429,
    "predict_educationaldegree_recall": 0.5613079019073569,
    "predict_election_f1": 0.09958506224066391,
    "predict_election_number": 184,
    "predict_election_precision": 0.08053691275167785,
    "predict_election_recall": 0.13043478260869565,
    "predict_film_f1": 0.5281329923273658,
    "predict_film_number": 759,
    "predict_film_precision": 0.5130434782608696,
    "predict_film_recall": 0.544137022397892,
    "predict_food_f1": 0.3594377510040161,
    "predict_food_number": 432,
    "predict_food_precision": 0.3173758865248227,
    "predict_food_recall": 0.41435185185185186,
    "predict_game_f1": 0.48393574297188763,
    "predict_game_number": 496,
    "predict_game_precision": 0.482,
    "predict_game_recall": 0.48588709677419356,
    "predict_god_f1": 0.5372340425531914,
    "predict_god_number": 635,
    "predict_god_precision": 0.46490218642117376,
    "predict_god_recall": 0.6362204724409449,
    "predict_government/governmentagency_f1": 0.2981331847311228,
    "predict_government/governmentagency_number": 1535,
    "predict_government/governmentagency_precision": 0.26046738072054526,
    "predict_government/governmentagency_recall": 0.3485342019543974,
    "predict_hospital_f1": 0.6024096385542168,
    "predict_hospital_number": 364,
    "predict_hospital_precision": 0.5364806866952789,
    "predict_hospital_recall": 0.6868131868131868,
    "predict_hotel_f1": 0.5185185185185186,
    "predict_hotel_number": 265,
    "predict_hotel_precision": 0.46808510638297873,
    "predict_hotel_recall": 0.5811320754716981,
    "predict_island_f1": 0.5086206896551725,
    "predict_island_number": 646,
    "predict_island_precision": 0.4745308310991957,
    "predict_island_recall": 0.5479876160990712,
    "predict_language_f1": 0.5993150684931506,
    "predict_language_number": 753,
    "predict_language_precision": 0.5255255255255256,
    "predict_language_recall": 0.6972111553784861,
    "predict_law_f1": 0.35264900662251664,
    "predict_law_number": 488,
    "predict_law_precision": 0.29583333333333334,
    "predict_law_recall": 0.4364754098360656,
    "predict_library_f1": 0.4830287206266318,
    "predict_library_number": 357,
    "predict_library_precision": 0.45232273838630804,
    "predict_library_recall": 0.5182072829131653,
    "predict_livingthing_f1": 0.49110671936758893,
    "predict_livingthing_number": 865,
    "predict_livingthing_precision": 0.4288179465056083,
    "predict_livingthing_recall": 0.5745664739884393,
    "predict_loss": 0.7465554475784302,
    "predict_media/newspaper_f1": 0.49820931157978515,
    "predict_media/newspaper_number": 1234,
    "predict_media/newspaper_precision": 0.48944487881157156,
    "predict_media/newspaper_recall": 0.5072933549432739,
    "predict_medical_f1": 0.4256926952141058,
    "predict_medical_number": 397,
    "predict_medical_precision": 0.4256926952141058,
    "predict_medical_recall": 0.4256926952141058,
    "predict_mountain_f1": 0.547926580557444,
    "predict_mountain_number": 681,
    "predict_mountain_precision": 0.5101265822784811,
    "predict_mountain_recall": 0.591776798825257,
    "predict_music_f1": 0.6021897810218978,
    "predict_music_number": 1041,
    "predict_music_precision": 0.573414422241529,
    "predict_music_recall": 0.6340057636887608,
    "predict_other_f1": 0.4459776044017452,
    "predict_other_number": 21035,
    "predict_other_precision": 0.40699042836968463,
    "predict_other_recall": 0.49322557642025194,
    "predict_overall_accuracy": 0.8984478651631718,
    "predict_overall_f1": 0.5517353459937192,
    "predict_overall_precision": 0.5138491946900291,
    "predict_overall_recall": 0.5956528918796186,
    "predict_painting_f1": 0.0,
    "predict_painting_number": 58,
    "predict_painting_precision": 0.0,
    "predict_painting_recall": 0.0,
    "predict_park_f1": 0.4043392504930966,
    "predict_park_number": 458,