{
    "predict_GPE_f1": 0.7480582408968909,
    "predict_GPE_number": 20409,
    "predict_GPE_precision": 0.7259358288770054,
    "predict_GPE_recall": 0.7715713655740115,
    "predict_actor_f1": 0.7107536490914508,
    "predict_actor_number": 1638,
    "predict_actor_precision": 0.6940081442699244,
    "predict_actor_recall": 0.7283272283272283,
    "predict_airplane_f1": 0.5218404193360513,
    "predict_airplane_number": 794,
    "predict_airplane_precision": 0.48537378114842905,
    "predict_airplane_recall": 0.5642317380352645,
    "predict_airport_f1": 0.625,
    "predict_airport_number": 364,
    "predict_airport_precision": 0.5263157894736842,
    "predict_airport_recall": 0.7692307692307693,
    "predict_artist/author_f1": 0.5840902835122488,
    "predict_artist/author_number": 3464,
    "predict_artist/author_precision": 0.5581273014203051,
    "predict_artist/author_recall": 0.6125866050808314,
    "predict_astronomything_f1": 0.6596638655462185,
    "predict_astronomything_number": 678,
    "predict_astronomything_precision": 0.628,
    "predict_astronomything_recall": 0.6946902654867256,
    "predict_athlete_f1": 0.7770940170940169,
    "predict_athlete_number": 2907,
    "predict_athlete_precision": 0.7723411484879374,
    "predict_athlete_recall": 0.781905744754042,
    "predict_attack/battle/war/militaryconflict_f1": 0.6070826306913997,
    "predict_attack/battle/war/militaryconflict_number": 1099,
    "predict_attack/battle/war/militaryconflict_precision": 0.565593087195601,
    "predict_attack/battle/war/militaryconflict_recall": 0.6551410373066424,
    "predict_award_f1": 0.45286506469500926,
    "predict_award_number": 941,
    "predict_award_precision": 0.40065412919051513,
    "predict_award_recall": 0.5207226354941552,
    "predict_biologything_f1": 0.47826086956521735,
    "predict_biologything_number": 1875,
    "predict_biologything_precision": 0.48753462603878117,
    "predict_biologything_recall": 0.4693333333333333,
    "predict_bodiesofwater_f1": 0.6011115861479265,
    "predict_bodiesofwater_number": 1169,
    "predict_bodiesofwater_precision": 0.6008547008547008,
    "predict_bodiesofwater_recall": 0.6013686911890505,
    "predict_broadcastprogram_f1": 0.3834422657952069,
    "predict_broadcastprogram_number": 605,
    "predict_broadcastprogram_precision": 0.34196891191709844,
    "predict_broadcastprogram_recall": 0.43636363636363634,
    "predict_car_f1": 0.5423487544483986,
    "predict_car_number": 688,
    "predict_car_precision": 0.5313807531380753,
    "predict_car_recall": 0.5537790697674418,
    "predict_chemicalthing_f1": 0.46352646936223424,
    "predict_chemicalthing_number": 1014,
    "predict_chemicalthing_precision": 0.4014440433212996,
    "predict_chemicalthing_recall": 0.5483234714003945,
    "predict_company_f1": 0.5385087827048275,
    "predict_company_number": 3903,
    "predict_company_precision": 0.5172251061821614,
    "predict_company_recall": 0.5616192672303356,
    "predict_currency_f1": 0.6343411294922988,
    "predict_currency_number": 799,
    "predict_currency_precision": 0.5828092243186582,
    "predict_currency_recall": 0.6958698372966208,
    "predict_director_f1": 0.5343283582089552,
    "predict_director_number": 554,
    "predict_director_precision": 0.455470737913486,
    "predict_director_recall": 0.6462093862815884,
    "predict_disaster_f1": 0.3904555314533622,
    "predict_disaster_number": 207,
    "predict_disaster_precision": 0.3543307086614173,
    "predict_disaster_recall": 0.43478260869565216,
    "predict_disease_f1": 0.5301062573789846,
    "predict_disease_number": 750,
    "predict_disease_precision": 0.475635593220339,
    "predict_disease_recall": 0.5986666666666667,
    "predict_education_f1": 0.6347358997314235,
    "predict_education_number": 2082,
    "predict_education_precision": 0.5943000838222967,
    "predict_education_recall": 0.681075888568684,
    "predict_educationaldegree_f1": 0.4168421052631579,
    "predict_educationaldegree_number": 367,
    "predict_educationaldegree_precision": 0.33962264150943394,
    "predict_educationaldegree_recall": 0.5395095367847411,
    "predict_election_f1": 0.1603563474387528,
    "predict_election_number": 184,
    "predict_election_precision": 0.13584905660377358,
    "predict_election_recall": 0.1956521739130435,
    "predict_film_f1": 0.5593451568894953,
    "predict_film_number": 759,
    "predict_film_precision": 0.57991513437058,
    "predict_film_recall": 0.5401844532279315,
    "predict_food_f1": 0.39882121807465615,
    "predict_food_number": 432,
    "predict_food_precision": 0.3464163822525597,
    "predict_food_recall": 0.4699074074074074,
    "predict_game_f1": 0.5329341317365268,
    "predict_game_number": 496,
    "predict_game_precision": 0.5276679841897233,
    "predict_game_recall": 0.5383064516129032,
    "predict_god_f1": 0.5088940448569218,
    "predict_god_number": 635,
    "predict_god_precision": 0.5,
    "predict_god_recall": 0.5181102362204725,
    "predict_government/governmentagency_f1": 0.31025260029717683,
    "predict_government/governmentagency_number": 1535,
    "predict_government/governmentagency_precision": 0.28524590163934427,
    "predict_government/governmentagency_recall": 0.3400651465798046,
    "predict_hospital_f1": 0.5346784363177806,
    "predict_hospital_number": 364,
    "predict_hospital_precision": 0.49417249417249415,
    "predict_hospital_recall": 0.5824175824175825,
    "predict_hotel_f1": 0.4771371769383698,
    "predict_hotel_number": 265,
    "predict_hotel_precision": 0.5042016806722689,
    "predict_hotel_recall": 0.4528301886792453,
    "predict_island_f1": 0.5197103781174578,
    "predict_island_number": 646,
    "predict_island_precision": 0.541038525963149,
    "predict_island_recall": 0.5,
    "predict_language_f1": 0.5795964125560539,
    "predict_language_number": 753,
    "predict_language_precision": 0.501454898157129,
    "predict_language_recall": 0.6865869853917662,
    "predict_law_f1": 0.4472049689440994,
    "predict_law_number": 488,
    "predict_law_precision": 0.39436619718309857,
    "predict_law_recall": 0.5163934426229508,
    "predict_library_f1": 0.5524861878453039,
    "predict_library_number": 357,
    "predict_library_precision": 0.5449591280653951,
    "predict_library_recall": 0.5602240896358543,
    "predict_livingthing_f1": 0.531446540880503,
    "predict_livingthing_number": 865,
    "predict_livingthing_precision": 0.48609779482262705,
    "predict_livingthing_recall": 0.5861271676300578,
    "predict_loss": 0.6286834478378296,
    "predict_media/newspaper_f1": 0.48734916309848186,
    "predict_media/newspaper_number": 1234,
    "predict_media/newspaper_precision": 0.4689138576779026,
    "predict_media/newspaper_recall": 0.5072933549432739,
    "predict_medical_f1": 0.40098400984009835,
    "predict_medical_number": 397,
    "predict_medical_precision": 0.3918269230769231,
    "predict_medical_recall": 0.4105793450881612,
    "predict_mountain_f1": 0.5527859237536658,
    "predict_mountain_number": 681,
    "predict_mountain_precision": 0.5519765739385066,
    "predict_mountain_recall": 0.55359765051395,
    "predict_music_f1": 0.6122249388753056,
    "predict_music_number": 1041,
    "predict_music_precision": 0.6235059760956175,
    "predict_music_recall": 0.6013448607108549,
    "predict_other_f1": 0.4551434753152523,
    "predict_other_number": 21035,
    "predict_other_precision": 0.4212037861014481,
    "predict_other_recall": 0.49503208937485144,
    "predict_overall_accuracy": 0.9002577481884884,
    "predict_overall_f1": 0.5587823516829681,
    "predict_overall_precision": 0.5281668137038671,
    "predict_overall_recall": 0.5931655864261239,
    "predict_painting_f1": 0.2191780821917808,
    "predict_painting_number": 58,
    "predict_painting_precision": 0.18181818181818182,
    "predict_painting_recall": 0.27586206896551724,
    "predict_park_f1": 0.4503171247357293,
    "predict_park_number": 458,