{
    "predict_GPE_f1": 0.8097807918238693,
    "predict_GPE_number": 20409,
    "predict_GPE_precision": 0.7897899296660301,
    "predict_GPE_recall": 0.8308099367925915,
    "predict_actor_f1": 0.8177339901477833,
    "predict_actor_number": 1638,
    "predict_actor_precision": 0.8248447204968944,
    "predict_actor_recall": 0.8107448107448108,
    "predict_airplane_f1": 0.6295399515738499,
    "predict_airplane_number": 794,
    "predict_airplane_precision": 0.6060606060606061,
    "predict_airplane_recall": 0.654911838790932,
    "predict_airport_f1": 0.7828418230563002,
    "predict_airport_number": 364,
    "predict_airport_precision": 0.7643979057591623,
    "predict_airport_recall": 0.8021978021978022,
    "predict_artist/author_f1": 0.7317141653797558,
    "predict_artist/author_number": 3464,
    "predict_artist/author_precision": 0.7122164525826729,
    "predict_artist/author_recall": 0.7523094688221709,
    "predict_astronomything_f1": 0.743988684582744,
    "predict_astronomything_number": 678,
    "predict_astronomything_precision": 0.7146739130434783,
    "predict_astronomything_recall": 0.775811209439528,
    "predict_athlete_f1": 0.8472058078676347,
    "predict_athlete_number": 2907,
    "predict_athlete_precision": 0.8318965517241379,
    "predict_athlete_recall": 0.8630890952872377,
    "predict_attack/battle/war/militaryconflict_f1": 0.6986666666666668,
    "predict_attack/battle/war/militaryconflict_number": 1099,
    "predict_attack/battle/war/militaryconflict_precision": 0.6828844483058211,
    "predict_attack/battle/war/militaryconflict_recall": 0.7151956323930846,
    "predict_award_f1": 0.5964376590330789,
    "predict_award_number": 941,
    "predict_award_precision": 0.572265625,
    "predict_award_recall": 0.6227417640807651,
    "predict_biologything_f1": 0.6215351812366738,
    "predict_biologything_number": 1875,
    "predict_biologything_precision": 0.6212040490143846,
    "predict_biologything_recall": 0.6218666666666667,
    "predict_bodiesofwater_f1": 0.716344174557431,
    "predict_bodiesofwater_number": 1169,
    "predict_bodiesofwater_precision": 0.6904761904761905,
    "predict_bodiesofwater_recall": 0.7442258340461934,
    "predict_broadcastprogram_f1": 0.5686274509803921,
    "predict_broadcastprogram_number": 605,
    "predict_broadcastprogram_precision": 0.5621970920840065,
    "predict_broadcastprogram_recall": 0.5752066115702479,
    "predict_car_f1": 0.6617320503330867,
    "predict_car_number": 688,
    "predict_car_precision": 0.6742081447963801,
    "predict_car_recall": 0.6497093023255814,
    "predict_chemicalthing_f1": 0.5398230088495576,
    "predict_chemicalthing_number": 1014,
    "predict_chemicalthing_precision": 0.538235294117647,
    "predict_chemicalthing_recall": 0.5414201183431953,
    "predict_company_f1": 0.6453785705376075,
    "predict_company_number": 3903,
    "predict_company_precision": 0.6288283908604764,
    "predict_company_recall": 0.6628234691263131,
    "predict_currency_f1": 0.7105263157894738,
    "predict_currency_number": 799,
    "predict_currency_precision": 0.6804123711340206,
    "predict_currency_recall": 0.7434292866082604,
    "predict_director_f1": 0.7445652173913043,
    "predict_director_number": 554,
    "predict_director_precision": 0.7472727272727273,
    "predict_director_recall": 0.7418772563176895,
    "predict_disaster_f1": 0.46325167037861914,
    "predict_disaster_number": 207,
    "predict_disaster_precision": 0.4297520661157025,
    "predict_disaster_recall": 0.5024154589371981,
    "predict_disease_f1": 0.6253164556962025,
    "predict_disease_number": 750,
    "predict_disease_precision": 0.5951807228915663,
    "predict_disease_recall": 0.6586666666666666,
    "predict_education_f1": 0.7597448618001418,
    "predict_education_number": 2082,
    "predict_education_precision": 0.7475592747559274,
    "predict_education_recall": 0.7723342939481268,
    "predict_educationaldegree_f1": 0.5161290322580645,
    "predict_educationaldegree_number": 367,
    "predict_educationaldegree_precision": 0.47380410022779046,
    "predict_educationaldegree_recall": 0.5667574931880109,
    "predict_election_f1": 0.21798365122615804,
    "predict_election_number": 184,
    "predict_election_precision": 0.2185792349726776,
    "predict_election_recall": 0.21739130434782608,
    "predict_film_f1": 0.7245625405055087,
    "predict_film_number": 759,
    "predict_film_precision": 0.7130102040816326,
    "predict_film_recall": 0.7364953886693018,
    "predict_food_f1": 0.5681557846506301,
    "predict_food_number": 432,
    "predict_food_precision": 0.562358276643991,
    "predict_food_recall": 0.5740740740740741,
    "predict_game_f1": 0.6673387096774194,
    "predict_game_number": 496,
    "predict_game_precision": 0.6673387096774194,
    "predict_game_recall": 0.6673387096774194,
    "predict_god_f1": 0.6930846930846931,
    "predict_god_number": 635,
    "predict_god_precision": 0.6840490797546013,
    "predict_god_recall": 0.7023622047244095,
    "predict_government/governmentagency_f1": 0.41295811518324604,
    "predict_government/governmentagency_number": 1535,
    "predict_government/governmentagency_precision": 0.4148586456278764,
    "predict_government/governmentagency_recall": 0.41107491856677525,
    "predict_hospital_f1": 0.7265625,
    "predict_hospital_number": 364,
    "predict_hospital_precision": 0.6905940594059405,
    "predict_hospital_recall": 0.7664835164835165,
    "predict_hotel_f1": 0.6779661016949152,
    "predict_hotel_number": 265,
    "predict_hotel_precision": 0.6766917293233082,
    "predict_hotel_recall": 0.6792452830188679,
    "predict_island_f1": 0.6509062253743105,
    "predict_island_number": 646,
    "predict_island_precision": 0.6629213483146067,
    "predict_island_recall": 0.6393188854489165,
    "predict_language_f1": 0.7199001871490954,
    "predict_language_number": 753,
    "predict_language_precision": 0.6788235294117647,
    "predict_language_recall": 0.7662682602921647,
    "predict_law_f1": 0.6208251473477407,
    "predict_law_number": 488,
    "predict_law_precision": 0.5962264150943396,
    "predict_law_recall": 0.6475409836065574,
    "predict_library_f1": 0.6818181818181819,
    "predict_library_number": 357,
    "predict_library_precision": 0.6521739130434783,
    "predict_library_recall": 0.7142857142857143,
    "predict_livingthing_f1": 0.5796943231441049,
    "predict_livingthing_number": 865,
    "predict_livingthing_precision": 0.5491209927611168,
    "predict_livingthing_recall": 0.6138728323699422,
    "predict_loss": 0.3305467665195465,
    "predict_media/newspaper_f1": 0.5987509758001561,
    "predict_media/newspaper_number": 1234,
    "predict_media/newspaper_precision": 0.5775602409638554,
    "predict_media/newspaper_recall": 0.6215559157212318,
    "predict_medical_f1": 0.44688644688644685,
    "predict_medical_number": 397,
    "predict_medical_precision": 0.43364928909952605,
    "predict_medical_recall": 0.4609571788413098,
    "predict_mountain_f1": 0.6701107011070112,
    "predict_mountain_number": 681,
    "predict_mountain_precision": 0.6735905044510386,
    "predict_mountain_recall": 0.6666666666666666,
    "predict_music_f1": 0.756572541382668,
    "predict_music_number": 1041,
    "predict_music_precision": 0.7670286278381047,
    "predict_music_recall": 0.7463976945244957,
    "predict_other_f1": 0.5821266226158676,
    "predict_other_number": 21035,
    "predict_other_precision": 0.5739500069306473,
    "predict_other_recall": 0.5905395768956501,
    "predict_overall_accuracy": 0.9254766821489294,
    "predict_overall_f1": 0.672452986154164,
    "predict_overall_precision": 0.6571665008324549,
    "predict_overall_recall": 0.6884675721421789,
    "predict_painting_f1": 0.582089552238806,
    "predict_painting_number": 58,
    "predict_painting_precision": 0.5131578947368421,
    "predict_painting_recall": 0.6724137931034483,
    "predict_park_f1": 0.6411378555798688,