{
    "predict_GPE_f1": 0.7734987099675718,
    "predict_GPE_number": 20409,
    "predict_GPE_precision": 0.748191226302775,
    "predict_GPE_recall": 0.8005781762947719,
    "predict_actor_f1": 0.7220506485484867,
    "predict_actor_number": 1638,
    "predict_actor_precision": 0.730625,
    "predict_actor_recall": 0.7136752136752137,
    "predict_airplane_f1": 0.560615020697812,
    "predict_airplane_number": 794,
    "predict_airplane_precision": 0.5284280936454849,
    "predict_airplane_recall": 0.5969773299748111,
    "predict_airport_f1": 0.7348484848484849,
    "predict_airport_number": 364,
    "predict_airport_precision": 0.6799065420560748,
    "predict_airport_recall": 0.7994505494505495,
    "predict_artist/author_f1": 0.6066246920339448,
    "predict_artist/author_number": 3464,
    "predict_artist/author_precision": 0.5767829255596044,
    "predict_artist/author_recall": 0.6397228637413395,
    "predict_astronomything_f1": 0.6768166089965398,
    "predict_astronomything_number": 678,
    "predict_astronomything_precision": 0.6375488917861799,
    "predict_astronomything_recall": 0.7212389380530974,
    "predict_athlete_f1": 0.7819986310746064,
    "predict_athlete_number": 2907,
    "predict_athlete_precision": 0.7780047667688117,
    "predict_athlete_recall": 0.7860337117303061,
    "predict_attack/battle/war/militaryconflict_f1": 0.6523642732049038,
    "predict_attack/battle/war/militaryconflict_number": 1099,
    "predict_attack/battle/war/militaryconflict_precision": 0.6286919831223629,
    "predict_attack/battle/war/militaryconflict_recall": 0.6778889899909009,
    "predict_award_f1": 0.4923229321446261,
    "predict_award_number": 941,
    "predict_award_precision": 0.461038961038961,
    "predict_award_recall": 0.5281615302869288,
    "predict_biologything_f1": 0.5439223697650664,
    "predict_biologything_number": 1875,
    "predict_biologything_precision": 0.5218030377266046,
    "predict_biologything_recall": 0.568,
    "predict_bodiesofwater_f1": 0.6319356204997881,
    "predict_bodiesofwater_number": 1169,
    "predict_bodiesofwater_precision": 0.6258389261744967,
    "predict_bodiesofwater_recall": 0.6381522668947819,
    "predict_broadcastprogram_f1": 0.46640316205533594,
    "predict_broadcastprogram_number": 605,
    "predict_broadcastprogram_precision": 0.44696969696969696,
    "predict_broadcastprogram_recall": 0.48760330578512395,
    "predict_car_f1": 0.5822603719599428,
    "predict_car_number": 688,
    "predict_car_precision": 0.5732394366197183,
    "predict_car_recall": 0.5915697674418605,
    "predict_chemicalthing_f1": 0.48339483394833954,
    "predict_chemicalthing_number": 1014,
    "predict_chemicalthing_precision": 0.4540727902946274,
    "predict_chemicalthing_recall": 0.5167652859960552,
    "predict_company_f1": 0.569423558897243,
    "predict_company_number": 3903,
    "predict_company_precision": 0.5572725042923719,
    "predict_company_recall": 0.5821163207788881,
    "predict_currency_f1": 0.6771014492753624,
    "predict_currency_number": 799,
    "predict_currency_precision": 0.6306695464362851,
    "predict_currency_recall": 0.7309136420525657,
    "predict_director_f1": 0.6095954844778927,
    "predict_director_number": 554,
    "predict_director_precision": 0.6365422396856582,
    "predict_director_recall": 0.5848375451263538,
    "predict_disaster_f1": 0.41685144124168516,
    "predict_disaster_number": 207,
    "predict_disaster_precision": 0.38524590163934425,
    "predict_disaster_recall": 0.45410628019323673,
    "predict_disease_f1": 0.5635566687539136,
    "predict_disease_number": 750,
    "predict_disease_precision": 0.5312868949232585,
    "predict_disease_recall": 0.6,
    "predict_education_f1": 0.7067564429997678,
    "predict_education_number": 2082,
    "predict_education_precision": 0.6840449438202247,
    "predict_education_recall": 0.7310278578290106,
    "predict_educationaldegree_f1": 0.48641975308641977,
    "predict_educationaldegree_number": 367,
    "predict_educationaldegree_precision": 0.44469525959367945,
    "predict_educationaldegree_recall": 0.5367847411444142,
    "predict_election_f1": 0.20936639118457298,
    "predict_election_number": 184,
    "predict_election_precision": 0.2122905027932961,
    "predict_election_recall": 0.20652173913043478,
    "predict_film_f1": 0.6282131661442008,
    "predict_film_number": 759,
    "predict_film_precision": 0.5992822966507177,
    "predict_film_recall": 0.6600790513833992,
    "predict_food_f1": 0.37414965986394555,
    "predict_food_number": 432,
    "predict_food_precision": 0.36666666666666664,
    "predict_food_recall": 0.3819444444444444,
    "predict_game_f1": 0.5630081300813009,
    "predict_game_number": 496,
    "predict_game_precision": 0.5676229508196722,
    "predict_game_recall": 0.5584677419354839,
    "predict_god_f1": 0.5730158730158731,
    "predict_god_number": 635,
    "predict_god_precision": 0.5776,
    "predict_god_recall": 0.568503937007874,
    "predict_government/governmentagency_f1": 0.3551575046324892,
    "predict_government/governmentagency_number": 1535,
    "predict_government/governmentagency_precision": 0.3376394597768644,
    "predict_government/governmentagency_recall": 0.3745928338762215,
    "predict_hospital_f1": 0.6185044359949302,
    "predict_hospital_number": 364,
    "predict_hospital_precision": 0.5741176470588235,
    "predict_hospital_recall": 0.6703296703296703,
    "predict_hotel_f1": 0.57397504456328,
    "predict_hotel_number": 265,
    "predict_hotel_precision": 0.543918918918919,
    "predict_hotel_recall": 0.6075471698113207,
    "predict_island_f1": 0.5721077654516641,
    "predict_island_number": 646,
    "predict_island_precision": 0.586038961038961,
    "predict_island_recall": 0.5588235294117647,
    "predict_language_f1": 0.6381697772426249,
    "predict_language_number": 753,
    "predict_language_precision": 0.5837004405286343,
    "predict_language_recall": 0.703851261620186,
    "predict_law_f1": 0.5023518344308561,
    "predict_law_number": 488,
    "predict_law_precision": 0.4643478260869565,
    "predict_law_recall": 0.5471311475409836,
    "predict_library_f1": 0.657030223390276,
    "predict_library_number": 357,
    "predict_library_precision": 0.6188118811881188,
    "predict_library_recall": 0.7002801120448179,
    "predict_livingthing_f1": 0.5108910891089108,
    "predict_livingthing_number": 865,
    "predict_livingthing_precision": 0.44675324675324674,
    "predict_livingthing_recall": 0.5965317919075145,
    "predict_loss": 0.7114364504814148,
    "predict_media/newspaper_f1": 0.5446570972886763,
    "predict_media/newspaper_number": 1234,
    "predict_media/newspaper_precision": 0.5361067503924647,
    "predict_media/newspaper_recall": 0.553484602917342,
    "predict_medical_f1": 0.3689064558629776,
    "predict_medical_number": 397,
    "predict_medical_precision": 0.3867403314917127,
    "predict_medical_recall": 0.3526448362720403,
    "predict_mountain_f1": 0.6179941002949852,
    "predict_mountain_number": 681,
    "predict_mountain_precision": 0.6207407407407407,
    "predict_mountain_recall": 0.6152716593245228,
    "predict_music_f1": 0.6641473783656117,
    "predict_music_number": 1041,
    "predict_music_precision": 0.6533457249070632,
    "predict_music_recall": 0.675312199807877,
    "predict_other_f1": 0.494211649339447,
    "predict_other_number": 21035,
    "predict_other_precision": 0.4729136800034754,
    "predict_other_recall": 0.5175184216781554,
    "predict_overall_accuracy": 0.9090672208144148,
    "predict_overall_f1": 0.5999583072753805,
    "predict_overall_precision": 0.5779005947486183,
    "predict_overall_recall": 0.6237666680427693,
    "predict_painting_f1": 0.5084745762711865,
    "predict_painting_number": 58,
    "predict_painting_precision": 0.5,
    "predict_painting_recall": 0.5172413793103449,
    "predict_park_f1": 0.5101626016260162,
    "predict_park_number": 458,