{
    "predict_GPE_f1": 0.7368638808440214,
    "predict_GPE_number": 20409,
    "predict_GPE_precision": 0.693986231978179,
    "predict_GPE_recall": 0.7853887990592385,
    "predict_actor_f1": 0.6404334188765327,
    "predict_actor_number": 1638,
    "predict_actor_precision": 0.6008560727661851,
    "predict_actor_recall": 0.6855921855921856,
    "predict_airplane_f1": 0.4701055099648301,
    "predict_airplane_number": 794,
    "predict_airplane_precision": 0.43969298245614036,
    "predict_airplane_recall": 0.5050377833753149,
    "predict_airport_f1": 0.5366357069143447,
    "predict_airport_number": 364,
    "predict_airport_precision": 0.4297520661157025,
    "predict_airport_recall": 0.7142857142857143,
    "predict_artist/author_f1": 0.5117704415656776,
    "predict_artist/author_number": 3464,
    "predict_artist/author_precision": 0.49448183041722743,
    "predict_artist/author_recall": 0.5303117782909931,
    "predict_astronomything_f1": 0.5531315974665728,
    "predict_astronomything_number": 678,
    "predict_astronomything_precision": 0.5289367429340511,
    "predict_astronomything_recall": 0.5796460176991151,
    "predict_athlete_f1": 0.7439208452121415,
    "predict_athlete_number": 2907,
    "predict_athlete_precision": 0.7257853403141361,
    "predict_athlete_recall": 0.7629858961128311,
    "predict_attack/battle/war/militaryconflict_f1": 0.5878349638451723,
    "predict_attack/battle/war/militaryconflict_number": 1099,
    "predict_attack/battle/war/militaryconflict_precision": 0.5519169329073482,
    "predict_attack/battle/war/militaryconflict_recall": 0.6287534121929026,
    "predict_award_f1": 0.43254376930998967,
    "predict_award_number": 941,
    "predict_award_precision": 0.4195804195804196,
    "predict_award_recall": 0.4463336875664187,
    "predict_biologything_f1": 0.5055499495459131,
    "predict_biologything_number": 1875,
    "predict_biologything_precision": 0.4796553374820488,
    "predict_biologything_recall": 0.5344,
    "predict_bodiesofwater_f1": 0.5832349468713105,
    "predict_bodiesofwater_number": 1169,
    "predict_bodiesofwater_precision": 0.5400874635568513,
    "predict_bodiesofwater_recall": 0.6338751069289992,
    "predict_broadcastprogram_f1": 0.4272948822095857,
    "predict_broadcastprogram_number": 605,
    "predict_broadcastprogram_precision": 0.42012779552715657,
    "predict_broadcastprogram_recall": 0.43471074380165287,
    "predict_car_f1": 0.5046863734679163,
    "predict_car_number": 688,
    "predict_car_precision": 0.5007153075822603,
    "predict_car_recall": 0.5087209302325582,
    "predict_chemicalthing_f1": 0.45956354300385116,
    "predict_chemicalthing_number": 1014,
    "predict_chemicalthing_precision": 0.40589569160997735,
    "predict_chemicalthing_recall": 0.5295857988165681,
    "predict_company_f1": 0.4994350282485876,
    "predict_company_number": 3903,
    "predict_company_precision": 0.4896602658788774,
    "predict_company_recall": 0.509607993850884,
    "predict_currency_f1": 0.5902255639097743,
    "predict_currency_number": 799,
    "predict_currency_precision": 0.5909661229611042,
    "predict_currency_recall": 0.5894868585732165,
    "predict_director_f1": 0.4937163375224416,
    "predict_director_number": 554,
    "predict_director_precision": 0.49107142857142855,
    "predict_director_recall": 0.4963898916967509,
    "predict_disaster_f1": 0.25821596244131456,
    "predict_disaster_number": 207,
    "predict_disaster_precision": 0.2511415525114155,
    "predict_disaster_recall": 0.26570048309178745,
    "predict_disease_f1": 0.47398119122257054,
    "predict_disease_number": 750,
    "predict_disease_precision": 0.44733727810650886,
    "predict_disease_recall": 0.504,
    "predict_education_f1": 0.6186572124972303,
    "predict_education_number": 2082,
    "predict_education_precision": 0.5742492801316331,
    "predict_education_recall": 0.6705091258405379,
    "predict_educationaldegree_f1": 0.35102925243770317,
    "predict_educationaldegree_number": 367,
    "predict_educationaldegree_precision": 0.29136690647482016,
    "predict_educationaldegree_recall": 0.44141689373297005,
    "predict_election_f1": 0.15012106537530268,
    "predict_election_number": 184,
    "predict_election_precision": 0.13537117903930132,
    "predict_election_recall": 0.16847826086956522,
    "predict_film_f1": 0.5201793721973094,
    "predict_film_number": 759,
    "predict_film_precision": 0.5062344139650873,
    "predict_film_recall": 0.5349143610013175,
    "predict_food_f1": 0.37827715355805247,
    "predict_food_number": 432,
    "predict_food_precision": 0.31761006289308175,
    "predict_food_recall": 0.4675925925925926,
    "predict_game_f1": 0.4714285714285715,
    "predict_game_number": 496,
    "predict_game_precision": 0.4772727272727273,
    "predict_game_recall": 0.4657258064516129,
    "predict_god_f1": 0.49817384952520083,
    "predict_god_number": 635,
    "predict_god_precision": 0.4645776566757493,
    "predict_god_recall": 0.537007874015748,
    "predict_government/governmentagency_f1": 0.2888229475766568,
    "predict_government/governmentagency_number": 1535,
    "predict_government/governmentagency_precision": 0.2923898531375167,
    "predict_government/governmentagency_recall": 0.2853420195439739,
    "predict_hospital_f1": 0.5031928480204343,
    "predict_hospital_number": 364,
    "predict_hospital_precision": 0.4701670644391408,
    "predict_hospital_recall": 0.5412087912087912,
    "predict_hotel_f1": 0.4408014571948998,
    "predict_hotel_number": 265,
    "predict_hotel_precision": 0.426056338028169,
    "predict_hotel_recall": 0.45660377358490567,
    "predict_island_f1": 0.5015290519877675,
    "predict_island_number": 646,
    "predict_island_precision": 0.4954682779456193,
    "predict_island_recall": 0.5077399380804953,
    "predict_language_f1": 0.5519553072625698,
    "predict_language_number": 753,
    "predict_language_precision": 0.476374156219865,
    "predict_language_recall": 0.6560424966799469,
    "predict_law_f1": 0.41302325581395355,
    "predict_law_number": 488,
    "predict_law_precision": 0.3781942078364566,
    "predict_law_recall": 0.45491803278688525,
    "predict_library_f1": 0.5322997416020671,
    "predict_library_number": 357,
    "predict_library_precision": 0.4940047961630695,
    "predict_library_recall": 0.5770308123249299,
    "predict_livingthing_f1": 0.4989816700610998,
    "predict_livingthing_number": 865,
    "predict_livingthing_precision": 0.445859872611465,
    "predict_livingthing_recall": 0.5664739884393064,
    "predict_loss": 0.6748790740966797,
    "predict_media/newspaper_f1": 0.4803804994054697,
    "predict_media/newspaper_number": 1234,
    "predict_media/newspaper_precision": 0.47013188518231186,
    "predict_media/newspaper_recall": 0.49108589951377635,
    "predict_medical_f1": 0.31417624521072796,
    "predict_medical_number": 397,
    "predict_medical_precision": 0.31865284974093266,
    "predict_medical_recall": 0.30982367758186397,
    "predict_mountain_f1": 0.5314487632508834,
    "predict_mountain_number": 681,
    "predict_mountain_precision": 0.5122615803814714,
    "predict_mountain_recall": 0.5521292217327459,
    "predict_music_f1": 0.5675675675675675,
    "predict_music_number": 1041,
    "predict_music_precision": 0.5343511450381679,
    "predict_music_recall": 0.6051873198847262,
    "predict_other_f1": 0.41323796399588775,
    "predict_other_number": 21035,
    "predict_other_precision": 0.3827080463495665,
    "predict_other_recall": 0.4490610886617542,
    "predict_overall_accuracy": 0.8952080985479679,
    "predict_overall_f1": 0.5301155854020815,
    "predict_overall_precision": 0.49896625529395694,
    "predict_overall_recall": 0.5654130371960533,
    "predict_painting_f1": 0.0,
    "predict_painting_number": 58,
    "predict_painting_precision": 0.0,
    "predict_painting_recall": 0.0,
    "predict_park_f1": 0.35160680529300564,
    "predict_park_number": 458,