{
    "predict_GPE_f1": 0.7702357284862256,
    "predict_GPE_number": 20409,
    "predict_GPE_precision": 0.7449526163988464,
    "predict_GPE_recall": 0.7972953108922535,
    "predict_actor_f1": 0.6996679746453365,
    "predict_actor_number": 1638,
    "predict_actor_precision": 0.6919402985074626,
    "predict_actor_recall": 0.7075702075702076,
    "predict_airplane_f1": 0.5213726670680312,
    "predict_airplane_number": 794,
    "predict_airplane_precision": 0.4994232987312572,
    "predict_airplane_recall": 0.5453400503778337,
    "predict_airport_f1": 0.6489226869455007,
    "predict_airport_number": 364,
    "predict_airport_precision": 0.6023529411764705,
    "predict_airport_recall": 0.7032967032967034,
    "predict_artist/author_f1": 0.5996736469948327,
    "predict_artist/author_number": 3464,
    "predict_artist/author_precision": 0.5668380462724936,
    "predict_artist/author_recall": 0.6365473441108545,
    "predict_astronomything_f1": 0.6615502686108979,
    "predict_astronomything_number": 678,
    "predict_astronomything_precision": 0.6896,
    "predict_astronomything_recall": 0.6356932153392331,
    "predict_athlete_f1": 0.7705410821643287,
    "predict_athlete_number": 2907,
    "predict_athlete_precision": 0.7487828627069133,
    "predict_athlete_recall": 0.7936016511867905,
    "predict_attack/battle/war/militaryconflict_f1": 0.6154541346588341,
    "predict_attack/battle/war/militaryconflict_number": 1099,
    "predict_attack/battle/war/militaryconflict_precision": 0.6113105924596051,
    "predict_attack/battle/war/militaryconflict_recall": 0.6196542311191993,
    "predict_award_f1": 0.4532687651331719,
    "predict_award_number": 941,
    "predict_award_precision": 0.41637010676156583,
    "predict_award_recall": 0.4973432518597237,
    "predict_biologything_f1": 0.510482180293501,
    "predict_biologything_number": 1875,
    "predict_biologything_precision": 0.5018031942297785,
    "predict_biologything_recall": 0.5194666666666666,
    "predict_bodiesofwater_f1": 0.6115369100443728,
    "predict_bodiesofwater_number": 1169,
    "predict_bodiesofwater_precision": 0.5786259541984733,
    "predict_bodiesofwater_recall": 0.6484174508126604,
    "predict_broadcastprogram_f1": 0.4454409566517189,
    "predict_broadcastprogram_number": 605,
    "predict_broadcastprogram_precision": 0.40654843110504774,
    "predict_broadcastprogram_recall": 0.4925619834710744,
    "predict_car_f1": 0.5481702763256161,
    "predict_car_number": 688,
    "predict_car_precision": 0.5637480798771122,
    "predict_car_recall": 0.5334302325581395,
    "predict_chemicalthing_f1": 0.4882747068676717,
    "predict_chemicalthing_number": 1014,
    "predict_chemicalthing_precision": 0.4243085880640466,
    "predict_chemicalthing_recall": 0.5749506903353058,
    "predict_company_f1": 0.5625524769101595,
    "predict_company_number": 3903,
    "predict_company_precision": 0.5288678394226433,
    "predict_company_recall": 0.600819882141942,
    "predict_currency_f1": 0.6602059357964869,
    "predict_currency_number": 799,
    "predict_currency_precision": 0.6396713615023474,
    "predict_currency_recall": 0.6821026282853567,
    "predict_director_f1": 0.5345821325648414,
    "predict_director_number": 554,
    "predict_director_precision": 0.4448441247002398,
    "predict_director_recall": 0.6696750902527075,
    "predict_disaster_f1": 0.35909090909090907,
    "predict_disaster_number": 207,
    "predict_disaster_precision": 0.33905579399141633,
    "predict_disaster_recall": 0.38164251207729466,
    "predict_disease_f1": 0.5575826681870012,
    "predict_disease_number": 750,
    "predict_disease_precision": 0.48705179282868527,
    "predict_disease_recall": 0.652,
    "predict_education_f1": 0.6881176740979085,
    "predict_education_number": 2082,
    "predict_education_precision": 0.6597620096959013,
    "predict_education_recall": 0.7190201729106628,
    "predict_educationaldegree_f1": 0.44988864142538976,
    "predict_educationaldegree_number": 367,
    "predict_educationaldegree_precision": 0.3804143126177024,
    "predict_educationaldegree_recall": 0.5504087193460491,
    "predict_election_f1": 0.17090069284064666,
    "predict_election_number": 184,
    "predict_election_precision": 0.14859437751004015,
    "predict_election_recall": 0.20108695652173914,
    "predict_film_f1": 0.5954983922829582,
    "predict_film_number": 759,
    "predict_film_precision": 0.5816582914572864,
    "predict_film_recall": 0.6100131752305665,
    "predict_food_f1": 0.4294736842105263,
    "predict_food_number": 432,
    "predict_food_precision": 0.3938223938223938,
    "predict_food_recall": 0.4722222222222222,
    "predict_game_f1": 0.5947643979057592,
    "predict_game_number": 496,
    "predict_game_precision": 0.6187363834422658,
    "predict_game_recall": 0.5725806451612904,
    "predict_god_f1": 0.48154657293497366,
    "predict_god_number": 635,
    "predict_god_precision": 0.5447316103379721,
    "predict_god_recall": 0.431496062992126,
    "predict_government/governmentagency_f1": 0.321640903686088,
    "predict_government/governmentagency_number": 1535,
    "predict_government/governmentagency_precision": 0.2957900492072171,
    "predict_government/governmentagency_recall": 0.352442996742671,
    "predict_hospital_f1": 0.6380832282471627,
    "predict_hospital_number": 364,
    "predict_hospital_precision": 0.5897435897435898,
    "predict_hospital_recall": 0.695054945054945,
    "predict_hotel_f1": 0.5454545454545454,
    "predict_hotel_number": 265,
    "predict_hotel_precision": 0.5475285171102662,
    "predict_hotel_recall": 0.5433962264150943,
    "predict_island_f1": 0.5261353898886032,
    "predict_island_number": 646,
    "predict_island_precision": 0.5892514395393474,
    "predict_island_recall": 0.47523219814241485,
    "predict_language_f1": 0.6017505470459519,
    "predict_language_number": 753,
    "predict_language_precision": 0.5116279069767442,
    "predict_language_recall": 0.7304116865869854,
    "predict_law_f1": 0.507936507936508,
    "predict_law_number": 488,
    "predict_law_precision": 0.4665523156089194,
    "predict_law_recall": 0.5573770491803278,
    "predict_library_f1": 0.5253576072821846,
    "predict_library_number": 357,
    "predict_library_precision": 0.49029126213592233,
    "predict_library_recall": 0.5658263305322129,
    "predict_livingthing_f1": 0.5137614678899083,
    "predict_livingthing_number": 865,
    "predict_livingthing_precision": 0.5096700796359499,
    "predict_livingthing_recall": 0.5179190751445086,
    "predict_loss": 0.6401512622833252,
    "predict_media/newspaper_f1": 0.5093690248565965,
    "predict_media/newspaper_number": 1234,
    "predict_media/newspaper_precision": 0.4822592324402607,
    "predict_media/newspaper_recall": 0.539708265802269,
    "predict_medical_f1": 0.39344262295081966,
    "predict_medical_number": 397,
    "predict_medical_precision": 0.3939393939393939,
    "predict_medical_recall": 0.3929471032745592,
    "predict_mountain_f1": 0.6041828040278854,
    "predict_mountain_number": 681,
    "predict_mountain_precision": 0.639344262295082,
    "predict_mountain_recall": 0.5726872246696035,
    "predict_music_f1": 0.6419294990723562,
    "predict_music_number": 1041,
    "predict_music_precision": 0.6206278026905829,
    "predict_music_recall": 0.664745437079731,
    "predict_other_f1": 0.4684627718434543,
    "predict_other_number": 21035,
    "predict_other_precision": 0.44618428977028307,
    "predict_other_recall": 0.4930829569764678,
    "predict_overall_accuracy": 0.9046364273973079,
    "predict_overall_f1": 0.5792862760519072,
    "predict_overall_precision": 0.5530371288057965,
    "predict_overall_recall": 0.6081513437641911,
    "predict_painting_f1": 0.2361111111111111,
    "predict_painting_number": 58,
    "predict_painting_precision": 0.19767441860465115,
    "predict_painting_recall": 0.29310344827586204,
    "predict_park_f1": 0.3934426229508196,