{
    "predict_GPE_f1": 0.752350653941322,
    "predict_GPE_number": 20409,
    "predict_GPE_precision": 0.7247344047943339,
    "predict_GPE_recall": 0.7821549316478025,
    "predict_actor_f1": 0.6742556917688267,
    "predict_actor_number": 1638,
    "predict_actor_precision": 0.6459731543624161,
    "predict_actor_recall": 0.7051282051282052,
    "predict_airplane_f1": 0.5170489770613763,
    "predict_airplane_number": 794,
    "predict_airplane_precision": 0.5091575091575091,
    "predict_airplane_recall": 0.5251889168765743,
    "predict_airport_f1": 0.6628041714947857,
    "predict_airport_number": 364,
    "predict_airport_precision": 0.5731462925851704,
    "predict_airport_recall": 0.7857142857142857,
    "predict_artist/author_f1": 0.6065973559235016,
    "predict_artist/author_number": 3464,
    "predict_artist/author_precision": 0.5461058470071644,
    "predict_artist/author_recall": 0.6821593533487298,
    "predict_astronomything_f1": 0.6597222222222223,
    "predict_astronomything_number": 678,
    "predict_astronomything_precision": 0.6233595800524935,
    "predict_astronomything_recall": 0.700589970501475,
    "predict_athlete_f1": 0.7893592103061736,
    "predict_athlete_number": 2907,
    "predict_athlete_precision": 0.7684039087947883,
    "predict_athlete_recall": 0.8114895080839353,
    "predict_attack/battle/war/militaryconflict_f1": 0.6045150501672241,
    "predict_attack/battle/war/militaryconflict_number": 1099,
    "predict_attack/battle/war/militaryconflict_precision": 0.5591647331786543,
    "predict_attack/battle/war/militaryconflict_recall": 0.6578707916287534,
    "predict_award_f1": 0.4552271724746361,
    "predict_award_number": 941,
    "predict_award_precision": 0.3891402714932127,
    "predict_award_recall": 0.5483528161530287,
    "predict_biologything_f1": 0.5301891681782845,
    "predict_biologything_number": 1875,
    "predict_biologything_precision": 0.515625,
    "predict_biologything_recall": 0.5456,
    "predict_bodiesofwater_f1": 0.6304347826086956,
    "predict_bodiesofwater_number": 1169,
    "predict_bodiesofwater_precision": 0.5954372623574145,
    "predict_bodiesofwater_recall": 0.669803250641574,
    "predict_broadcastprogram_f1": 0.38461538461538464,
    "predict_broadcastprogram_number": 605,
    "predict_broadcastprogram_precision": 0.38087520259319285,
    "predict_broadcastprogram_recall": 0.3884297520661157,
    "predict_car_f1": 0.5871438038436051,
    "predict_car_number": 688,
    "predict_car_precision": 0.5395858708891595,
    "predict_car_recall": 0.6438953488372093,
    "predict_chemicalthing_f1": 0.5070539419087137,
    "predict_chemicalthing_number": 1014,
    "predict_chemicalthing_precision": 0.4376790830945559,
    "predict_chemicalthing_recall": 0.6025641025641025,
    "predict_company_f1": 0.5690416517484187,
    "predict_company_number": 3903,
    "predict_company_precision": 0.5326184092940125,
    "predict_company_recall": 0.6108121957468614,
    "predict_currency_f1": 0.6765207504263786,
    "predict_currency_number": 799,
    "predict_currency_precision": 0.6197916666666666,
    "predict_currency_recall": 0.7446808510638298,
    "predict_director_f1": 0.5407586763518967,
    "predict_director_number": 554,
    "predict_director_precision": 0.48905109489051096,
    "predict_director_recall": 0.6046931407942239,
    "predict_disaster_f1": 0.3562231759656653,
    "predict_disaster_number": 207,
    "predict_disaster_precision": 0.3204633204633205,
    "predict_disaster_recall": 0.40096618357487923,
    "predict_disease_f1": 0.5235196458218042,
    "predict_disease_number": 750,
    "predict_disease_precision": 0.4474929044465468,
    "predict_disease_recall": 0.6306666666666667,
    "predict_education_f1": 0.6392208942009739,
    "predict_education_number": 2082,
    "predict_education_precision": 0.5927750410509032,
    "predict_education_recall": 0.6935638808837656,
    "predict_educationaldegree_f1": 0.42150537634408597,
    "predict_educationaldegree_number": 367,
    "predict_educationaldegree_precision": 0.3481349911190053,
    "predict_educationaldegree_recall": 0.5340599455040872,
    "predict_election_f1": 0.20588235294117646,
    "predict_election_number": 184,
    "predict_election_precision": 0.1678082191780822,
    "predict_election_recall": 0.266304347826087,
    "predict_film_f1": 0.5744807121661721,
    "predict_film_number": 759,
    "predict_film_precision": 0.5226781857451404,
    "predict_film_recall": 0.6376811594202898,
    "predict_food_f1": 0.4255725190839695,
    "predict_food_number": 432,
    "predict_food_precision": 0.362012987012987,
    "predict_food_recall": 0.5162037037037037,
    "predict_game_f1": 0.5688976377952755,
    "predict_game_number": 496,
    "predict_game_precision": 0.5557692307692308,
    "predict_game_recall": 0.5826612903225806,
    "predict_god_f1": 0.5758998435054773,
    "predict_god_number": 635,
    "predict_god_precision": 0.5723172628304821,
    "predict_god_recall": 0.5795275590551181,
    "predict_government/governmentagency_f1": 0.29430656934306565,
    "predict_government/governmentagency_number": 1535,
    "predict_government/governmentagency_precision": 0.26666666666666666,
    "predict_government/governmentagency_recall": 0.3283387622149837,
    "predict_hospital_f1": 0.5443037974683543,
    "predict_hospital_number": 364,
    "predict_hospital_precision": 0.5046948356807511,
    "predict_hospital_recall": 0.5906593406593407,
    "predict_hotel_f1": 0.5245901639344263,
    "predict_hotel_number": 265,
    "predict_hotel_precision": 0.463768115942029,
    "predict_hotel_recall": 0.6037735849056604,
    "predict_island_f1": 0.5443609022556392,
    "predict_island_number": 646,
    "predict_island_precision": 0.5292397660818714,
    "predict_island_recall": 0.5603715170278638,
    "predict_language_f1": 0.6365237815619496,
    "predict_language_number": 753,
    "predict_language_precision": 0.5705263157894737,
    "predict_language_recall": 0.7197875166002656,
    "predict_law_f1": 0.46454767726161367,
    "predict_law_number": 488,
    "predict_law_precision": 0.38565629228687415,
    "predict_law_recall": 0.5840163934426229,
    "predict_library_f1": 0.5407407407407409,
    "predict_library_number": 357,
    "predict_library_precision": 0.48344370860927155,
    "predict_library_recall": 0.6134453781512605,
    "predict_livingthing_f1": 0.5381855458739108,
    "predict_livingthing_number": 865,
    "predict_livingthing_precision": 0.48342541436464087,
    "predict_livingthing_recall": 0.6069364161849711,
    "predict_loss": 0.5163916349411011,
    "predict_media/newspaper_f1": 0.5339698861549762,
    "predict_media/newspaper_number": 1234,
    "predict_media/newspaper_precision": 0.4882471457353929,
    "predict_media/newspaper_recall": 0.5891410048622366,
    "predict_medical_f1": 0.34139784946236557,
    "predict_medical_number": 397,
    "predict_medical_precision": 0.3659942363112392,
    "predict_medical_recall": 0.3198992443324937,
    "predict_mountain_f1": 0.5698704839809134,
    "predict_mountain_number": 681,
    "predict_mountain_precision": 0.5318066157760815,
    "predict_mountain_recall": 0.6138032305433186,
    "predict_music_f1": 0.6518987341772151,
    "predict_music_number": 1041,
    "predict_music_precision": 0.6157130657557643,
    "predict_music_recall": 0.6926032660902978,
    "predict_other_f1": 0.4545006937916835,
    "predict_other_number": 21035,
    "predict_other_precision": 0.4293990781071595,
    "predict_other_recall": 0.4827192773948182,
    "predict_overall_accuracy": 0.9028048301185381,
    "predict_overall_f1": 0.570342095509485,
    "predict_overall_precision": 0.534418214456462,
    "predict_overall_recall": 0.6114436692399785,
    "predict_painting_f1": 0.17721518987341772,
    "predict_painting_number": 58,
    "predict_painting_precision": 0.3333333333333333,
    "predict_painting_recall": 0.1206896551724138,
    "predict_park_f1": 0.4091858037578288,