{
    "predict_GPE_f1": 0.7700517004221411,
    "predict_GPE_number": 20409,
    "predict_GPE_precision": 0.7461966263731213,
    "predict_GPE_recall": 0.7954823852222059,
    "predict_actor_f1": 0.6738647189583996,
    "predict_actor_number": 1638,
    "predict_actor_precision": 0.7021839841164792,
    "predict_actor_recall": 0.6477411477411478,
    "predict_airplane_f1": 0.47186932849364793,
    "predict_airplane_number": 794,
    "predict_airplane_precision": 0.4540162980209546,
    "predict_airplane_recall": 0.491183879093199,
    "predict_airport_f1": 0.6794380587484036,
    "predict_airport_number": 364,
    "predict_airport_precision": 0.6348448687350835,
    "predict_airport_recall": 0.7307692307692307,
    "predict_artist/author_f1": 0.5365191420038012,
    "predict_artist/author_number": 3464,
    "predict_artist/author_precision": 0.5064069707842133,
    "predict_artist/author_recall": 0.5704387990762124,
    "predict_astronomything_f1": 0.5815899581589958,
    "predict_astronomything_number": 678,
    "predict_astronomything_precision": 0.5515873015873016,
    "predict_astronomything_recall": 0.6150442477876106,
    "predict_athlete_f1": 0.7595328065956716,
    "predict_athlete_number": 2907,
    "predict_athlete_precision": 0.7584905660377359,
    "predict_athlete_recall": 0.760577915376677,
    "predict_attack/battle/war/militaryconflict_f1": 0.6163194444444444,
    "predict_attack/battle/war/militaryconflict_number": 1099,
    "predict_attack/battle/war/militaryconflict_precision": 0.5892116182572614,
    "predict_attack/battle/war/militaryconflict_recall": 0.6460418562329391,
    "predict_award_f1": 0.47791164658634544,
    "predict_award_number": 941,
    "predict_award_precision": 0.45290199809705045,
    "predict_award_recall": 0.5058448459086079,
    "predict_biologything_f1": 0.5242670608524268,
    "predict_biologything_number": 1875,
    "predict_biologything_precision": 0.48717948717948717,
    "predict_biologything_recall": 0.5674666666666667,
    "predict_bodiesofwater_f1": 0.6281429201588001,
    "predict_bodiesofwater_number": 1169,
    "predict_bodiesofwater_precision": 0.6484517304189436,
    "predict_bodiesofwater_recall": 0.6090675791274593,
    "predict_broadcastprogram_f1": 0.4285714285714286,
    "predict_broadcastprogram_number": 605,
    "predict_broadcastprogram_precision": 0.40028694404591103,
    "predict_broadcastprogram_recall": 0.46115702479338844,
    "predict_car_f1": 0.5306685044796692,
    "predict_car_number": 688,
    "predict_car_precision": 0.5045871559633027,
    "predict_car_recall": 0.559593023255814,
    "predict_chemicalthing_f1": 0.4590780809031044,
    "predict_chemicalthing_number": 1014,
    "predict_chemicalthing_precision": 0.43884892086330934,
    "predict_chemicalthing_recall": 0.4812623274161736,
    "predict_company_f1": 0.551850943858789,
    "predict_company_number": 3903,
    "predict_company_precision": 0.5290246768507638,
    "predict_company_recall": 0.576735844222393,
    "predict_currency_f1": 0.6180790960451977,
    "predict_currency_number": 799,
    "predict_currency_precision": 0.5633367662203913,
    "predict_currency_recall": 0.6846057571964956,
    "predict_director_f1": 0.4901960784313726,
    "predict_director_number": 554,
    "predict_director_precision": 0.44776119402985076,
    "predict_director_recall": 0.5415162454873647,
    "predict_disaster_f1": 0.33403805496828753,
    "predict_disaster_number": 207,
    "predict_disaster_precision": 0.29699248120300753,
    "predict_disaster_recall": 0.38164251207729466,
    "predict_disease_f1": 0.5039281705948373,
    "predict_disease_number": 750,
    "predict_disease_precision": 0.43507751937984496,
    "predict_disease_recall": 0.5986666666666667,
    "predict_education_f1": 0.6916188289322618,
    "predict_education_number": 2082,
    "predict_education_precision": 0.6625604927408711,
    "predict_education_recall": 0.723342939481268,
    "predict_educationaldegree_f1": 0.47356321839080456,
    "predict_educationaldegree_number": 367,
    "predict_educationaldegree_precision": 0.4095427435387674,
    "predict_educationaldegree_recall": 0.5613079019073569,
    "predict_election_f1": 0.10161662817551963,
    "predict_election_number": 184,
    "predict_election_precision": 0.08835341365461848,
    "predict_election_recall": 0.11956521739130435,
    "predict_film_f1": 0.5820178448867537,
    "predict_film_number": 759,
    "predict_film_precision": 0.6074498567335244,
    "predict_film_recall": 0.5586297760210803,
    "predict_food_f1": 0.3558792924037461,
    "predict_food_number": 432,
    "predict_food_precision": 0.32325141776937616,
    "predict_food_recall": 0.3958333333333333,
    "predict_game_f1": 0.4488935721812434,
    "predict_game_number": 496,
    "predict_game_precision": 0.47019867549668876,
    "predict_game_recall": 0.42943548387096775,
    "predict_god_f1": 0.5514650638617581,
    "predict_god_number": 635,
    "predict_god_precision": 0.5272988505747126,
    "predict_god_recall": 0.5779527559055118,
    "predict_government/governmentagency_f1": 0.3224026969046889,
    "predict_government/governmentagency_number": 1535,
    "predict_government/governmentagency_precision": 0.30439814814814814,
    "predict_government/governmentagency_recall": 0.34267100977198695,
    "predict_hospital_f1": 0.6073903002309468,
    "predict_hospital_number": 364,
    "predict_hospital_precision": 0.5239043824701195,
    "predict_hospital_recall": 0.7225274725274725,
    "predict_hotel_f1": 0.5786618444846293,
    "predict_hotel_number": 265,
    "predict_hotel_precision": 0.5555555555555556,
    "predict_hotel_recall": 0.6037735849056604,
    "predict_island_f1": 0.5325077399380805,
    "predict_island_number": 646,
    "predict_island_precision": 0.5325077399380805,
    "predict_island_recall": 0.5325077399380805,
    "predict_language_f1": 0.6143552311435523,
    "predict_language_number": 753,
    "predict_language_precision": 0.5667789001122334,
    "predict_language_recall": 0.6706507304116865,
    "predict_law_f1": 0.3892493049119556,
    "predict_law_number": 488,
    "predict_law_precision": 0.3553299492385787,
    "predict_law_recall": 0.430327868852459,
    "predict_library_f1": 0.5408163265306123,
    "predict_library_number": 357,
    "predict_library_precision": 0.4964871194379391,
    "predict_library_recall": 0.5938375350140056,
    "predict_livingthing_f1": 0.48954614992350837,
    "predict_livingthing_number": 865,
    "predict_livingthing_precision": 0.43795620437956206,
    "predict_livingthing_recall": 0.5549132947976878,
    "predict_loss": 0.6660069823265076,
    "predict_media/newspaper_f1": 0.4981534673779237,
    "predict_media/newspaper_number": 1234,
    "predict_media/newspaper_precision": 0.5045719035743973,
    "predict_media/newspaper_recall": 0.49189627228525123,
    "predict_medical_f1": 0.4397515527950311,
    "predict_medical_number": 397,
    "predict_medical_precision": 0.4338235294117647,
    "predict_medical_recall": 0.44584382871536526,
    "predict_mountain_f1": 0.5582067968185104,
    "predict_mountain_number": 681,
    "predict_mountain_precision": 0.5498575498575499,
    "predict_mountain_recall": 0.566813509544787,
    "predict_music_f1": 0.6023989338071968,
    "predict_music_number": 1041,
    "predict_music_precision": 0.5603305785123966,
    "predict_music_recall": 0.6512968299711815,
    "predict_other_f1": 0.4500022093588441,
    "predict_other_number": 21035,
    "predict_other_precision": 0.42035745242910805,
    "predict_other_recall": 0.4841454718326599,
    "predict_overall_accuracy": 0.9004271193654226,
    "predict_overall_f1": 0.5650668179772643,
    "predict_overall_precision": 0.5370824964665625,
    "predict_overall_recall": 0.596127647277381,
    "predict_painting_f1": 0.0,
    "predict_painting_number": 58,
    "predict_painting_precision": 0.0,
    "predict_painting_recall": 0.0,
    "predict_park_f1": 0.46470588235294114,
    "predict_park_number": 458,