{
    "predict_GPE_f1": 0.7613293051359517,
    "predict_GPE_number": 20409,
    "predict_GPE_precision": 0.7454571066347373,
    "predict_GPE_recall": 0.7778921064236366,
    "predict_actor_f1": 0.7045033929673041,
    "predict_actor_number": 1638,
    "predict_actor_precision": 0.7119700748129676,
    "predict_actor_recall": 0.6971916971916972,
    "predict_airplane_f1": 0.5245901639344263,
    "predict_airplane_number": 794,
    "predict_airplane_precision": 0.5064478311840562,
    "predict_airplane_recall": 0.5440806045340051,
    "predict_airport_f1": 0.6917098445595855,
    "predict_airport_number": 364,
    "predict_airport_precision": 0.6544117647058824,
    "predict_airport_recall": 0.7335164835164835,
    "predict_artist/author_f1": 0.5600111778678217,
    "predict_artist/author_number": 3464,
    "predict_artist/author_precision": 0.5426482534524777,
    "predict_artist/author_recall": 0.5785219399538106,
    "predict_astronomything_f1": 0.6217765042979942,
    "predict_astronomything_number": 678,
    "predict_astronomything_precision": 0.6044568245125348,
    "predict_astronomything_recall": 0.640117994100295,
    "predict_athlete_f1": 0.7562797012898845,
    "predict_athlete_number": 2907,
    "predict_athlete_precision": 0.7463986599664991,
    "predict_athlete_recall": 0.7664258685930513,
    "predict_attack/battle/war/militaryconflict_f1": 0.5938937682977833,
    "predict_attack/battle/war/militaryconflict_number": 1099,
    "predict_attack/battle/war/militaryconflict_precision": 0.5495356037151703,
    "predict_attack/battle/war/militaryconflict_recall": 0.6460418562329391,
    "predict_award_f1": 0.43689812468322353,
    "predict_award_number": 941,
    "predict_award_precision": 0.4176356589147287,
    "predict_award_recall": 0.4580233793836344,
    "predict_biologything_f1": 0.5125033611185802,
    "predict_biologything_number": 1875,
    "predict_biologything_precision": 0.5168112798264642,
    "predict_biologything_recall": 0.5082666666666666,
    "predict_bodiesofwater_f1": 0.6070549630844955,
    "predict_bodiesofwater_number": 1169,
    "predict_bodiesofwater_precision": 0.5831363278171788,
    "predict_bodiesofwater_recall": 0.6330196749358425,
    "predict_broadcastprogram_f1": 0.46467817896389324,
    "predict_broadcastprogram_number": 605,
    "predict_broadcastprogram_precision": 0.44245142002989535,
    "predict_broadcastprogram_recall": 0.48925619834710743,
    "predict_car_f1": 0.5716395864106351,
    "predict_car_number": 688,
    "predict_car_precision": 0.581081081081081,
    "predict_car_recall": 0.5625,
    "predict_chemicalthing_f1": 0.4685816876122082,
    "predict_chemicalthing_number": 1014,
    "predict_chemicalthing_precision": 0.4299835255354201,
    "predict_chemicalthing_recall": 0.514792899408284,
    "predict_company_f1": 0.5723153320918684,
    "predict_company_number": 3903,
    "predict_company_precision": 0.5551541425818882,
    "predict_company_recall": 0.5905713553676659,
    "predict_currency_f1": 0.6631884057971015,
    "predict_currency_number": 799,
    "predict_currency_precision": 0.6177105831533477,
    "predict_currency_recall": 0.7158948685857321,
    "predict_director_f1": 0.5500794912559619,
    "predict_director_number": 554,
    "predict_director_precision": 0.4914772727272727,
    "predict_director_recall": 0.6245487364620939,
    "predict_disaster_f1": 0.3688212927756654,
    "predict_disaster_number": 207,
    "predict_disaster_precision": 0.30407523510971785,
    "predict_disaster_recall": 0.46859903381642515,
    "predict_disease_f1": 0.5314533622559653,
    "predict_disease_number": 750,
    "predict_disease_precision": 0.44789762340036565,
    "predict_disease_recall": 0.6533333333333333,
    "predict_education_f1": 0.65818759936407,
    "predict_education_number": 2082,
    "predict_education_precision": 0.6242998707453684,
    "predict_education_recall": 0.6959654178674352,
    "predict_educationaldegree_f1": 0.4041884816753927,
    "predict_educationaldegree_number": 367,
    "predict_educationaldegree_precision": 0.3282312925170068,
    "predict_educationaldegree_recall": 0.5258855585831063,
    "predict_election_f1": 0.11411411411411414,
    "predict_election_number": 184,
    "predict_election_precision": 0.12751677852348994,
    "predict_election_recall": 0.10326086956521739,
    "predict_film_f1": 0.5712309820193637,
    "predict_film_number": 759,
    "predict_film_precision": 0.6011644832605532,
    "predict_film_recall": 0.544137022397892,
    "predict_food_f1": 0.4311594202898551,
    "predict_food_number": 432,
    "predict_food_precision": 0.3541666666666667,
    "predict_food_recall": 0.5509259259259259,
    "predict_game_f1": 0.5554382259767687,
    "predict_game_number": 496,
    "predict_game_precision": 0.5831485587583148,
    "predict_game_recall": 0.530241935483871,
    "predict_god_f1": 0.5686746987951807,
    "predict_god_number": 635,
    "predict_god_precision": 0.580327868852459,
    "predict_god_recall": 0.5574803149606299,
    "predict_government/governmentagency_f1": 0.30897816122944194,
    "predict_government/governmentagency_number": 1535,
    "predict_government/governmentagency_precision": 0.26356945722171116,
    "predict_government/governmentagency_recall": 0.3732899022801303,
    "predict_hospital_f1": 0.5927903871829105,
    "predict_hospital_number": 364,
    "predict_hospital_precision": 0.5766233766233766,
    "predict_hospital_recall": 0.6098901098901099,
    "predict_hotel_f1": 0.5406427221172022,
    "predict_hotel_number": 265,
    "predict_hotel_precision": 0.5416666666666666,
    "predict_hotel_recall": 0.539622641509434,
    "predict_island_f1": 0.5794392523364486,
    "predict_island_number": 646,
    "predict_island_precision": 0.5830721003134797,
    "predict_island_recall": 0.5758513931888545,
    "predict_language_f1": 0.6025345622119817,
    "predict_language_number": 753,
    "predict_language_precision": 0.5320447609359105,
    "predict_language_recall": 0.6945551128818062,
    "predict_law_f1": 0.406301824212272,
    "predict_law_number": 488,
    "predict_law_precision": 0.3412256267409471,
    "predict_law_recall": 0.5020491803278688,
    "predict_library_f1": 0.5885416666666667,
    "predict_library_number": 357,
    "predict_library_precision": 0.5498783454987834,
    "predict_library_recall": 0.6330532212885154,
    "predict_livingthing_f1": 0.48068669527896996,
    "predict_livingthing_number": 865,
    "predict_livingthing_precision": 0.44844844844844844,
    "predict_livingthing_recall": 0.5179190751445086,
    "predict_loss": 0.5207566022872925,
    "predict_media/newspaper_f1": 0.5351796407185629,
    "predict_media/newspaper_number": 1234,
    "predict_media/newspaper_precision": 0.4972183588317107,
    "predict_media/newspaper_recall": 0.5794165316045381,
    "predict_medical_f1": 0.3681214421252371,
    "predict_medical_number": 397,
    "predict_medical_precision": 0.2952815829528158,
    "predict_medical_recall": 0.48866498740554154,
    "predict_mountain_f1": 0.5731614859742229,
    "predict_mountain_number": 681,
    "predict_mountain_precision": 0.5924764890282131,
    "predict_mountain_recall": 0.5550660792951542,
    "predict_music_f1": 0.5979194934418814,
    "predict_music_number": 1041,
    "predict_music_precision": 0.564957264957265,
    "predict_music_recall": 0.6349663784822286,
    "predict_other_f1": 0.46184549356223176,
    "predict_other_number": 21035,
    "predict_other_precision": 0.4209270486993937,
    "predict_other_recall": 0.5115759448538151,
    "predict_overall_accuracy": 0.9015464891309304,
    "predict_overall_f1": 0.5663660828560166,
    "predict_overall_precision": 0.5358435315892704,
    "predict_overall_recall": 0.6005758989390249,
    "predict_painting_f1": 0.0,
    "predict_painting_number": 58,
    "predict_painting_precision": 0.0,
    "predict_painting_recall": 0.0,
    "predict_park_f1": 0.4380952380952381,
    "predict_park_number": 458,