{
    "predict_GPE_f1": 0.7357729298615998,
    "predict_GPE_number": 20409,
    "predict_GPE_precision": 0.7057738175599658,
    "predict_GPE_recall": 0.7684354941447401,
    "predict_actor_f1": 0.5933869526362824,
    "predict_actor_number": 1638,
    "predict_actor_precision": 0.5794066317626527,
    "predict_actor_recall": 0.608058608058608,
    "predict_airplane_f1": 0.4932126696832579,
    "predict_airplane_number": 794,
    "predict_airplane_precision": 0.44763860369609854,
    "predict_airplane_recall": 0.5491183879093199,
    "predict_airport_f1": 0.565864833906071,
    "predict_airport_number": 364,
    "predict_airport_precision": 0.48526522593320237,
    "predict_airport_recall": 0.6785714285714286,
    "predict_artist/author_f1": 0.5461447833486058,
    "predict_artist/author_number": 3464,
    "predict_artist/author_precision": 0.49964071856287423,
    "predict_artist/author_recall": 0.6021939953810623,
    "predict_astronomything_f1": 0.6600142551674982,
    "predict_astronomything_number": 678,
    "predict_astronomything_precision": 0.6386206896551724,
    "predict_astronomything_recall": 0.6828908554572272,
    "predict_athlete_f1": 0.7711238720262511,
    "predict_athlete_number": 2907,
    "predict_athlete_precision": 0.7371392722710163,
    "predict_athlete_recall": 0.8083935328517372,
    "predict_attack/battle/war/militaryconflict_f1": 0.5826630920464702,
    "predict_attack/battle/war/militaryconflict_number": 1099,
    "predict_attack/battle/war/militaryconflict_precision": 0.57243195785777,
    "predict_attack/battle/war/militaryconflict_recall": 0.5932666060054596,
    "predict_award_f1": 0.4125230202578269,
    "predict_award_number": 941,
    "predict_award_precision": 0.36393176279447603,
    "predict_award_recall": 0.4760892667375133,
    "predict_biologything_f1": 0.5238690327418144,
    "predict_biologything_number": 1875,
    "predict_biologything_precision": 0.4929444967074318,
    "predict_biologything_recall": 0.5589333333333333,
    "predict_bodiesofwater_f1": 0.5909090909090909,
    "predict_bodiesofwater_number": 1169,
    "predict_bodiesofwater_precision": 0.5533980582524272,
    "predict_bodiesofwater_recall": 0.6338751069289992,
    "predict_broadcastprogram_f1": 0.3423566878980891,
    "predict_broadcastprogram_number": 605,
    "predict_broadcastprogram_precision": 0.3302611367127496,
    "predict_broadcastprogram_recall": 0.35537190082644626,
    "predict_car_f1": 0.5659630606860158,
    "predict_car_number": 688,
    "predict_car_precision": 0.5181159420289855,
    "predict_car_recall": 0.623546511627907,
    "predict_chemicalthing_f1": 0.4912280701754387,
    "predict_chemicalthing_number": 1014,
    "predict_chemicalthing_precision": 0.4423380726698262,
    "predict_chemicalthing_recall": 0.5522682445759369,
    "predict_company_f1": 0.5298323471400395,
    "predict_company_number": 3903,
    "predict_company_precision": 0.5105725825611784,
    "predict_company_recall": 0.5506021009479888,
    "predict_currency_f1": 0.6420873511060693,
    "predict_currency_number": 799,
    "predict_currency_precision": 0.5871369294605809,
    "predict_currency_recall": 0.7083854818523154,
    "predict_director_f1": 0.4856031128404669,
    "predict_director_number": 554,
    "predict_director_precision": 0.426812585499316,
    "predict_director_recall": 0.5631768953068592,
    "predict_disaster_f1": 0.34234234234234234,
    "predict_disaster_number": 207,
    "predict_disaster_precision": 0.3206751054852321,
    "predict_disaster_recall": 0.3671497584541063,
    "predict_disease_f1": 0.5255813953488373,
    "predict_disease_number": 750,
    "predict_disease_precision": 0.465979381443299,
    "predict_disease_recall": 0.6026666666666667,
    "predict_education_f1": 0.6181180083351612,
    "predict_education_number": 2082,
    "predict_education_precision": 0.5688332660476383,
    "predict_education_recall": 0.6767531219980788,
    "predict_educationaldegree_f1": 0.4575892857142857,
    "predict_educationaldegree_number": 367,
    "predict_educationaldegree_precision": 0.387523629489603,
    "predict_educationaldegree_recall": 0.55858310626703,
    "predict_election_f1": 0.13025210084033612,
    "predict_election_number": 184,
    "predict_election_precision": 0.10616438356164383,
    "predict_election_recall": 0.16847826086956522,
    "predict_film_f1": 0.5069930069930069,
    "predict_film_number": 759,
    "predict_film_precision": 0.45454545454545453,
    "predict_film_recall": 0.5731225296442688,
    "predict_food_f1": 0.3924882629107981,
    "predict_food_number": 432,
    "predict_food_precision": 0.330173775671406,
    "predict_food_recall": 0.4837962962962963,
    "predict_game_f1": 0.48144624167459565,
    "predict_game_number": 496,
    "predict_game_precision": 0.45585585585585586,
    "predict_game_recall": 0.5100806451612904,
    "predict_god_f1": 0.494345718901454,
    "predict_god_number": 635,
    "predict_god_precision": 0.5074626865671642,
    "predict_god_recall": 0.4818897637795276,
    "predict_government/governmentagency_f1": 0.2996166322618697,
    "predict_government/governmentagency_number": 1535,
    "predict_government/governmentagency_precision": 0.27370689655172414,
    "predict_government/governmentagency_recall": 0.3309446254071661,
    "predict_hospital_f1": 0.47654320987654325,
    "predict_hospital_number": 364,
    "predict_hospital_precision": 0.4327354260089686,
    "predict_hospital_recall": 0.5302197802197802,
    "predict_hotel_f1": 0.4859154929577465,
    "predict_hotel_number": 265,
    "predict_hotel_precision": 0.45544554455445546,
    "predict_hotel_recall": 0.5207547169811321,
    "predict_island_f1": 0.47744945567651637,
    "predict_island_number": 646,
    "predict_island_precision": 0.4796875,
    "predict_island_recall": 0.47523219814241485,
    "predict_language_f1": 0.6013309134906231,
    "predict_language_number": 753,
    "predict_language_precision": 0.5522222222222222,
    "predict_language_recall": 0.6600265604249668,
    "predict_law_f1": 0.4171673819742489,
    "predict_law_number": 488,
    "predict_law_precision": 0.35893648449039883,
    "predict_law_recall": 0.4979508196721312,
    "predict_library_f1": 0.5016797312430012,
    "predict_library_number": 357,
    "predict_library_precision": 0.417910447761194,
    "predict_library_recall": 0.6274509803921569,
    "predict_livingthing_f1": 0.46611570247933887,
    "predict_livingthing_number": 865,
    "predict_livingthing_precision": 0.44526315789473686,
    "predict_livingthing_recall": 0.4890173410404624,
    "predict_loss": 0.6204180717468262,
    "predict_media/newspaper_f1": 0.5144741663613045,
    "predict_media/newspaper_number": 1234,
    "predict_media/newspaper_precision": 0.46956521739130436,
    "predict_media/newspaper_recall": 0.5688816855753647,
    "predict_medical_f1": 0.33375796178343947,
    "predict_medical_number": 397,
    "predict_medical_precision": 0.33762886597938147,
    "predict_medical_recall": 0.32997481108312343,
    "predict_mountain_f1": 0.4698412698412698,
    "predict_mountain_number": 681,
    "predict_mountain_precision": 0.41387024608501116,
    "predict_mountain_recall": 0.5433186490455213,
    "predict_music_f1": 0.579724409448819,
    "predict_music_number": 1041,
    "predict_music_precision": 0.5943491422805247,
    "predict_music_recall": 0.5658021133525456,
    "predict_other_f1": 0.4151644033765841,
    "predict_other_number": 21035,
    "predict_other_precision": 0.38028001898433794,
    "predict_other_recall": 0.4570953173282624,
    "predict_overall_accuracy": 0.8972492383725601,
    "predict_overall_f1": 0.5386495803214193,
    "predict_overall_precision": 0.5011727704035396,
    "predict_overall_recall": 0.582184287660488,
    "predict_painting_f1": 0.24742268041237114,
    "predict_painting_number": 58,
    "predict_painting_precision": 0.3076923076923077,
    "predict_painting_recall": 0.20689655172413793,
    "predict_park_f1": 0.36542669584245074,