{
    "predict_GPE_f1": 0.7534832057566465,
    "predict_GPE_number": 20409,
    "predict_GPE_precision": 0.742810893163207,
    "predict_GPE_recall": 0.7644666568670685,
    "predict_actor_f1": 0.6657101865136298,
    "predict_actor_number": 1638,
    "predict_actor_precision": 0.6280454791553871,
    "predict_actor_recall": 0.7081807081807082,
    "predict_airplane_f1": 0.5027442371020856,
    "predict_airplane_number": 794,
    "predict_airplane_precision": 0.4455252918287938,
    "predict_airplane_recall": 0.5768261964735516,
    "predict_airport_f1": 0.4263093788063337,
    "predict_airport_number": 364,
    "predict_airport_precision": 0.38293216630196936,
    "predict_airport_recall": 0.4807692307692308,
    "predict_artist/author_f1": 0.5155807365439093,
    "predict_artist/author_number": 3464,
    "predict_artist/author_precision": 0.48391997974170675,
    "predict_artist/author_recall": 0.5516743648960739,
    "predict_astronomything_f1": 0.5277008310249307,
    "predict_astronomything_number": 678,
    "predict_astronomything_precision": 0.49738903394255873,
    "predict_astronomything_recall": 0.5619469026548672,
    "predict_athlete_f1": 0.7508679120515787,
    "predict_athlete_number": 2907,
    "predict_athlete_precision": 0.7227880330999363,
    "predict_athlete_recall": 0.7812177502579979,
    "predict_attack/battle/war/militaryconflict_f1": 0.5714285714285714,
    "predict_attack/battle/war/militaryconflict_number": 1099,
    "predict_attack/battle/war/militaryconflict_precision": 0.49631120053655264,
    "predict_attack/battle/war/militaryconflict_recall": 0.6733393994540491,
    "predict_award_f1": 0.47561542034370646,
    "predict_award_number": 941,
    "predict_award_precision": 0.42244224422442245,
    "predict_award_recall": 0.5441020191285866,
    "predict_biologything_f1": 0.5043630017452005,
    "predict_biologything_number": 1875,
    "predict_biologything_precision": 0.5547024952015355,
    "predict_biologything_recall": 0.4624,
    "predict_bodiesofwater_f1": 0.5704496788008566,
    "predict_bodiesofwater_number": 1169,
    "predict_bodiesofwater_precision": 0.5711835334476844,
    "predict_bodiesofwater_recall": 0.5697177074422584,
    "predict_broadcastprogram_f1": 0.39669421487603307,
    "predict_broadcastprogram_number": 605,
    "predict_broadcastprogram_precision": 0.39669421487603307,
    "predict_broadcastprogram_recall": 0.39669421487603307,
    "predict_car_f1": 0.5575515635395875,
    "predict_car_number": 688,
    "predict_car_precision": 0.5141104294478528,
    "predict_car_recall": 0.6090116279069767,
    "predict_chemicalthing_f1": 0.45013172751223185,
    "predict_chemicalthing_number": 1014,
    "predict_chemicalthing_precision": 0.3639683505782106,
    "predict_chemicalthing_recall": 0.5897435897435898,
    "predict_company_f1": 0.5575352635486265,
    "predict_company_number": 3903,
    "predict_company_precision": 0.539124192390524,
    "predict_company_recall": 0.5772482705611068,
    "predict_currency_f1": 0.6312684365781711,
    "predict_currency_number": 799,
    "predict_currency_precision": 0.5970982142857143,
    "predict_currency_recall": 0.6695869837296621,
    "predict_director_f1": 0.47987371744277824,
    "predict_director_number": 554,
    "predict_director_precision": 0.426367461430575,
    "predict_director_recall": 0.5487364620938628,
    "predict_disaster_f1": 0.40694789081885857,
    "predict_disaster_number": 207,
    "predict_disaster_precision": 0.41836734693877553,
    "predict_disaster_recall": 0.3961352657004831,
    "predict_disease_f1": 0.4931506849315068,
    "predict_disease_number": 750,
    "predict_disease_precision": 0.4076655052264808,
    "predict_disease_recall": 0.624,
    "predict_education_f1": 0.6337430167597766,
    "predict_education_number": 2082,
    "predict_education_precision": 0.5925616381111576,
    "predict_education_recall": 0.681075888568684,
    "predict_educationaldegree_f1": 0.41846153846153844,
    "predict_educationaldegree_number": 367,
    "predict_educationaldegree_precision": 0.3355263157894737,
    "predict_educationaldegree_recall": 0.555858310626703,
    "predict_election_f1": 0.16344086021505375,
    "predict_election_number": 184,
    "predict_election_precision": 0.13523131672597866,
    "predict_election_recall": 0.20652173913043478,
    "predict_film_f1": 0.5135467980295567,
    "predict_film_number": 759,
    "predict_film_precision": 0.4820809248554913,
    "predict_film_recall": 0.549407114624506,
    "predict_food_f1": 0.3987792472024415,
    "predict_food_number": 432,
    "predict_food_precision": 0.35571687840290384,
    "predict_food_recall": 0.4537037037037037,
    "predict_game_f1": 0.46653144016227177,
    "predict_game_number": 496,
    "predict_game_precision": 0.46938775510204084,
    "predict_game_recall": 0.4637096774193548,
    "predict_god_f1": 0.5196752029981261,
    "predict_god_number": 635,
    "predict_god_precision": 0.4306418219461698,
    "predict_god_recall": 0.6551181102362205,
    "predict_government/governmentagency_f1": 0.24113475177304963,
    "predict_government/governmentagency_number": 1535,
    "predict_government/governmentagency_precision": 0.2503506311360449,
    "predict_government/governmentagency_recall": 0.23257328990228013,
    "predict_hospital_f1": 0.540983606557377,
    "predict_hospital_number": 364,
    "predict_hospital_precision": 0.4714285714285714,
    "predict_hospital_recall": 0.6346153846153846,
    "predict_hotel_f1": 0.5413793103448276,
    "predict_hotel_number": 265,
    "predict_hotel_precision": 0.4984126984126984,
    "predict_hotel_recall": 0.5924528301886792,
    "predict_island_f1": 0.5277777777777778,
    "predict_island_number": 646,
    "predict_island_precision": 0.5588235294117647,
    "predict_island_recall": 0.5,
    "predict_language_f1": 0.5632115038945477,
    "predict_language_number": 753,
    "predict_language_precision": 0.5131004366812227,
    "predict_language_recall": 0.6241699867197875,
    "predict_law_f1": 0.34348561759729274,
    "predict_law_number": 488,
    "predict_law_precision": 0.29250720461095103,
    "predict_law_recall": 0.41598360655737704,
    "predict_library_f1": 0.5545796737766624,
    "predict_library_number": 357,
    "predict_library_precision": 0.5022727272727273,
    "predict_library_recall": 0.6190476190476191,
    "predict_livingthing_f1": 0.5529241179313679,
    "predict_livingthing_number": 865,
    "predict_livingthing_precision": 0.4750830564784053,
    "predict_livingthing_recall": 0.661271676300578,
    "predict_loss": 0.5176370143890381,
    "predict_media/newspaper_f1": 0.49800796812749,
    "predict_media/newspaper_number": 1234,
    "predict_media/newspaper_precision": 0.4898119122257053,
    "predict_media/newspaper_recall": 0.506482982171799,
    "predict_medical_f1": 0.1369426751592357,
    "predict_medical_number": 397,
    "predict_medical_precision": 0.18614718614718614,
    "predict_medical_recall": 0.10831234256926953,
    "predict_mountain_f1": 0.5980896399706097,
    "predict_mountain_number": 681,
    "predict_mountain_precision": 0.5985294117647059,
    "predict_mountain_recall": 0.5976505139500734,
    "predict_music_f1": 0.5846414934238439,
    "predict_music_number": 1041,
    "predict_music_precision": 0.5235562310030395,
    "predict_music_recall": 0.6618635926993276,
    "predict_other_f1": 0.4220195299924885,
    "predict_other_number": 21035,
    "predict_other_precision": 0.38466353677621284,
    "predict_other_recall": 0.46741145709531734,
    "predict_overall_accuracy": 0.8964382110060866,
    "predict_overall_f1": 0.542101366359292,
    "predict_overall_precision": 0.5074253415657121,
    "predict_overall_recall": 0.5818643438054741,
    "predict_painting_f1": 0.15789473684210525,
    "predict_painting_number": 58,
    "predict_painting_precision": 0.11363636363636363,
    "predict_painting_recall": 0.25862068965517243,
    "predict_park_f1": 0.3370998116760829,