{
    "predict_GPE_f1": 0.7560680177032378,
    "predict_GPE_number": 20409,
    "predict_GPE_precision": 0.7206163136628037,
    "predict_GPE_recall": 0.7951883972757117,
    "predict_actor_f1": 0.6869187848729076,
    "predict_actor_number": 1638,
    "predict_actor_precision": 0.6977329974811083,
    "predict_actor_recall": 0.6764346764346765,
    "predict_airplane_f1": 0.5106874638937031,
    "predict_airplane_number": 794,
    "predict_airplane_precision": 0.47171824973319104,
    "predict_airplane_recall": 0.5566750629722922,
    "predict_airport_f1": 0.619625137816979,
    "predict_airport_number": 364,
    "predict_airport_precision": 0.5174953959484346,
    "predict_airport_recall": 0.771978021978022,
    "predict_artist/author_f1": 0.6016012199771255,
    "predict_artist/author_number": 3464,
    "predict_artist/author_precision": 0.5373439273552781,
    "predict_artist/author_recall": 0.6833140877598153,
    "predict_astronomything_f1": 0.5936811168258634,
    "predict_astronomything_number": 678,
    "predict_astronomything_precision": 0.5915080527086384,
    "predict_astronomything_recall": 0.5958702064896755,
    "predict_athlete_f1": 0.7760451227604512,
    "predict_athlete_number": 2907,
    "predict_athlete_precision": 0.7494392822813201,
    "predict_athlete_recall": 0.804609563123495,
    "predict_attack/battle/war/militaryconflict_f1": 0.612087441063009,
    "predict_attack/battle/war/militaryconflict_number": 1099,
    "predict_attack/battle/war/militaryconflict_precision": 0.5786061588330632,
    "predict_attack/battle/war/militaryconflict_recall": 0.6496815286624203,
    "predict_award_f1": 0.47504798464491366,
    "predict_award_number": 941,
    "predict_award_precision": 0.4330708661417323,
    "predict_award_recall": 0.5260361317747078,
    "predict_biologything_f1": 0.5168250706396096,
    "predict_biologything_number": 1875,
    "predict_biologything_precision": 0.4985133795837463,
    "predict_biologything_recall": 0.5365333333333333,
    "predict_bodiesofwater_f1": 0.6246741963509992,
    "predict_bodiesofwater_number": 1169,
    "predict_bodiesofwater_precision": 0.6345984112974404,
    "predict_bodiesofwater_recall": 0.6150556030795552,
    "predict_broadcastprogram_f1": 0.4558823529411765,
    "predict_broadcastprogram_number": 605,
    "predict_broadcastprogram_precision": 0.4507269789983845,
    "predict_broadcastprogram_recall": 0.46115702479338844,
    "predict_car_f1": 0.5614266842800529,
    "predict_car_number": 688,
    "predict_car_precision": 0.5145278450363197,
    "predict_car_recall": 0.6177325581395349,
    "predict_chemicalthing_f1": 0.44603033006244425,
    "predict_chemicalthing_number": 1014,
    "predict_chemicalthing_precision": 0.40716612377850164,
    "predict_chemicalthing_recall": 0.4930966469428008,
    "predict_company_f1": 0.5481912471540602,
    "predict_company_number": 3903,
    "predict_company_precision": 0.5413439920059955,
    "predict_company_recall": 0.555213937996413,
    "predict_currency_f1": 0.6512676056338028,
    "predict_currency_number": 799,
    "predict_currency_precision": 0.5922131147540983,
    "predict_currency_recall": 0.723404255319149,
    "predict_director_f1": 0.5673076923076922,
    "predict_director_number": 554,
    "predict_director_precision": 0.5100864553314121,
    "predict_director_recall": 0.6389891696750902,
    "predict_disaster_f1": 0.39627039627039623,
    "predict_disaster_number": 207,
    "predict_disaster_precision": 0.38288288288288286,
    "predict_disaster_recall": 0.4106280193236715,
    "predict_disease_f1": 0.5316027088036117,
    "predict_disease_number": 750,
    "predict_disease_precision": 0.4608610567514677,
    "predict_disease_recall": 0.628,
    "predict_education_f1": 0.6687883609911345,
    "predict_education_number": 2082,
    "predict_education_precision": 0.6348726801899007,
    "predict_education_recall": 0.7065321805955812,
    "predict_educationaldegree_f1": 0.45454545454545453,
    "predict_educationaldegree_number": 367,
    "predict_educationaldegree_precision": 0.41387024608501116,
    "predict_educationaldegree_recall": 0.5040871934604905,
    "predict_election_f1": 0.16230366492146597,
    "predict_election_number": 184,
    "predict_election_precision": 0.15656565656565657,
    "predict_election_recall": 0.16847826086956522,
    "predict_film_f1": 0.5405735204392923,
    "predict_film_number": 759,
    "predict_film_precision": 0.5034090909090909,
    "predict_film_recall": 0.5836627140974967,
    "predict_food_f1": 0.4102564102564103,
    "predict_food_number": 432,
    "predict_food_precision": 0.3319027181688126,
    "predict_food_recall": 0.5370370370370371,
    "predict_game_f1": 0.5408560311284046,
    "predict_game_number": 496,
    "predict_game_precision": 0.5225563909774437,
    "predict_game_recall": 0.5604838709677419,
    "predict_god_f1": 0.5159781761496494,
    "predict_god_number": 635,
    "predict_god_precision": 0.5108024691358025,
    "predict_god_recall": 0.521259842519685,
    "predict_government/governmentagency_f1": 0.33647613435474366,
    "predict_government/governmentagency_number": 1535,
    "predict_government/governmentagency_precision": 0.307154384077461,
    "predict_government/governmentagency_recall": 0.3719869706840391,
    "predict_hospital_f1": 0.5577889447236181,
    "predict_hospital_number": 364,
    "predict_hospital_precision": 0.5138888888888888,
    "predict_hospital_recall": 0.6098901098901099,
    "predict_hotel_f1": 0.5652173913043477,
    "predict_hotel_number": 265,
    "predict_hotel_precision": 0.5075075075075075,
    "predict_hotel_recall": 0.6377358490566037,
    "predict_island_f1": 0.5537757437070939,
    "predict_island_number": 646,
    "predict_island_precision": 0.5458646616541354,
    "predict_island_recall": 0.5619195046439629,
    "predict_language_f1": 0.6349405134627426,
    "predict_language_number": 753,
    "predict_language_precision": 0.6007109004739336,
    "predict_language_recall": 0.6733067729083665,
    "predict_law_f1": 0.48165569143932263,
    "predict_law_number": 488,
    "predict_law_precision": 0.44521739130434784,
    "predict_law_recall": 0.5245901639344263,
    "predict_library_f1": 0.5987421383647797,
    "predict_library_number": 357,
    "predict_library_precision": 0.54337899543379,
    "predict_library_recall": 0.6666666666666666,
    "predict_livingthing_f1": 0.5256736146415861,
    "predict_livingthing_number": 865,
    "predict_livingthing_precision": 0.4691470054446461,
    "predict_livingthing_recall": 0.5976878612716763,
    "predict_loss": 0.6283710598945618,
    "predict_media/newspaper_f1": 0.5216400911161732,
    "predict_media/newspaper_number": 1234,
    "predict_media/newspaper_precision": 0.4907142857142857,
    "predict_media/newspaper_recall": 0.5567260940032415,
    "predict_medical_f1": 0.3604336043360434,
    "predict_medical_number": 397,
    "predict_medical_precision": 0.39002932551319647,
    "predict_medical_recall": 0.3350125944584383,
    "predict_mountain_f1": 0.5366197183098591,
    "predict_mountain_number": 681,
    "predict_mountain_precision": 0.5155615696887687,
    "predict_mountain_recall": 0.5594713656387665,
    "predict_music_f1": 0.6209912536443148,
    "predict_music_number": 1041,
    "predict_music_precision": 0.6283185840707964,
    "predict_music_recall": 0.6138328530259366,
    "predict_other_f1": 0.46065952146986905,
    "predict_other_number": 21035,
    "predict_other_precision": 0.44353986974124276,
    "predict_other_recall": 0.4791537913002139,
    "predict_overall_accuracy": 0.9022196309879769,
    "predict_overall_f1": 0.5719882755251587,
    "predict_overall_precision": 0.5430302018403087,
    "predict_overall_recall": 0.6042088098088594,
    "predict_painting_f1": 0.31788079470198677,
    "predict_painting_number": 58,
    "predict_painting_precision": 0.25806451612903225,
    "predict_painting_recall": 0.41379310344827586,
    "predict_park_f1": 0.44509232264334303,