{
    "predict_GPE_f1": 0.7469349112426037,
    "predict_GPE_number": 20409,
    "predict_GPE_precision": 0.7224486058330662,
    "predict_GPE_recall": 0.7731393012886472,
    "predict_actor_f1": 0.6958041958041958,
    "predict_actor_number": 1638,
    "predict_actor_precision": 0.6655518394648829,
    "predict_actor_recall": 0.7289377289377289,
    "predict_airplane_f1": 0.5317594154019112,
    "predict_airplane_number": 794,
    "predict_airplane_precision": 0.48020304568527916,
    "predict_airplane_recall": 0.5957178841309824,
    "predict_airport_f1": 0.6604774535809018,
    "predict_airport_number": 364,
    "predict_airport_precision": 0.6384615384615384,
    "predict_airport_recall": 0.6840659340659341,
    "predict_artist/author_f1": 0.5928356576428766,
    "predict_artist/author_number": 3464,
    "predict_artist/author_precision": 0.5631168831168831,
    "predict_artist/author_recall": 0.625866050808314,
    "predict_astronomything_f1": 0.6193548387096774,
    "predict_astronomything_number": 678,
    "predict_astronomything_precision": 0.602510460251046,
    "predict_astronomything_recall": 0.6371681415929203,
    "predict_athlete_f1": 0.7885316539608882,
    "predict_athlete_number": 2907,
    "predict_athlete_precision": 0.7607930924208507,
    "predict_athlete_recall": 0.8183694530443757,
    "predict_attack/battle/war/militaryconflict_f1": 0.5955977557186016,
    "predict_attack/battle/war/militaryconflict_number": 1099,
    "predict_attack/battle/war/militaryconflict_precision": 0.5665024630541872,
    "predict_attack/battle/war/militaryconflict_recall": 0.6278434940855323,
    "predict_award_f1": 0.4161904761904761,
    "predict_award_number": 941,
    "predict_award_precision": 0.3770491803278688,
    "predict_award_recall": 0.46439957492029754,
    "predict_biologything_f1": 0.5372080391091797,
    "predict_biologything_number": 1875,
    "predict_biologything_precision": 0.5473159933591588,
    "predict_biologything_recall": 0.5274666666666666,
    "predict_bodiesofwater_f1": 0.6009042334566378,
    "predict_bodiesofwater_number": 1169,
    "predict_bodiesofwater_precision": 0.5783227848101266,
    "predict_bodiesofwater_recall": 0.6253207869974337,
    "predict_broadcastprogram_f1": 0.41467304625199364,
    "predict_broadcastprogram_number": 605,
    "predict_broadcastprogram_precision": 0.40061633281972264,
    "predict_broadcastprogram_recall": 0.4297520661157025,
    "predict_car_f1": 0.6162310866574966,
    "predict_car_number": 688,
    "predict_car_precision": 0.5848563968668408,
    "predict_car_recall": 0.6511627906976745,
    "predict_chemicalthing_f1": 0.48844585410058905,
    "predict_chemicalthing_number": 1014,
    "predict_chemicalthing_precision": 0.451802179379715,
    "predict_chemicalthing_recall": 0.5315581854043393,
    "predict_company_f1": 0.5426318981200727,
    "predict_company_number": 3903,
    "predict_company_precision": 0.5152003684937817,
    "predict_company_recall": 0.5731488598513964,
    "predict_currency_f1": 0.6229872293170461,
    "predict_currency_number": 799,
    "predict_currency_precision": 0.5598802395209581,
    "predict_currency_recall": 0.7021276595744681,
    "predict_director_f1": 0.5356900067980965,
    "predict_director_number": 554,
    "predict_director_precision": 0.4296619411123228,
    "predict_director_recall": 0.7111913357400722,
    "predict_disaster_f1": 0.34032634032634035,
    "predict_disaster_number": 207,
    "predict_disaster_precision": 0.32882882882882886,
    "predict_disaster_recall": 0.3526570048309179,
    "predict_disease_f1": 0.525164113785558,
    "predict_disease_number": 750,
    "predict_disease_precision": 0.4452690166975881,
    "predict_disease_recall": 0.64,
    "predict_education_f1": 0.614385150812065,
    "predict_education_number": 2082,
    "predict_education_precision": 0.5942549371633752,
    "predict_education_recall": 0.6359269932756965,
    "predict_educationaldegree_f1": 0.35660580021482274,
    "predict_educationaldegree_number": 367,
    "predict_educationaldegree_precision": 0.29432624113475175,
    "predict_educationaldegree_recall": 0.45231607629427795,
    "predict_election_f1": 0.16506717850287908,
    "predict_election_number": 184,
    "predict_election_precision": 0.12759643916913946,
    "predict_election_recall": 0.23369565217391305,
    "predict_film_f1": 0.5867861142217244,
    "predict_film_number": 759,
    "predict_film_precision": 0.5102239532619279,
    "predict_film_recall": 0.6903820816864296,
    "predict_food_f1": 0.39484126984126977,
    "predict_food_number": 432,
    "predict_food_precision": 0.3454861111111111,
    "predict_food_recall": 0.46064814814814814,
    "predict_game_f1": 0.5126582278481013,
    "predict_game_number": 496,
    "predict_game_precision": 0.5376106194690266,
    "predict_game_recall": 0.4899193548387097,
    "predict_god_f1": 0.5723076923076923,
    "predict_god_number": 635,
    "predict_god_precision": 0.5593984962406015,
    "predict_god_recall": 0.5858267716535434,
    "predict_government/governmentagency_f1": 0.2951668584579977,
    "predict_government/governmentagency_number": 1535,
    "predict_government/governmentagency_precision": 0.2642967542503864,
    "predict_government/governmentagency_recall": 0.33420195439739414,
    "predict_hospital_f1": 0.5395590142671854,
    "predict_hospital_number": 364,
    "predict_hospital_precision": 0.5110565110565111,
    "predict_hospital_recall": 0.5714285714285714,
    "predict_hotel_f1": 0.55984555984556,
    "predict_hotel_number": 265,
    "predict_hotel_precision": 0.5731225296442688,
    "predict_hotel_recall": 0.5471698113207547,
    "predict_island_f1": 0.5317829457364341,
    "predict_island_number": 646,
    "predict_island_precision": 0.532608695652174,
    "predict_island_recall": 0.5309597523219814,
    "predict_language_f1": 0.6336866902237926,
    "predict_language_number": 753,
    "predict_language_precision": 0.5693121693121693,
    "predict_language_recall": 0.7144754316069057,
    "predict_law_f1": 0.4084136722173532,
    "predict_law_number": 488,
    "predict_law_precision": 0.3568147013782542,
    "predict_law_recall": 0.4774590163934426,
    "predict_library_f1": 0.5210526315789473,
    "predict_library_number": 357,
    "predict_library_precision": 0.4913151364764268,
    "predict_library_recall": 0.5546218487394958,
    "predict_livingthing_f1": 0.5366583541147132,
    "predict_livingthing_number": 865,
    "predict_livingthing_precision": 0.47192982456140353,
    "predict_livingthing_recall": 0.6219653179190752,
    "predict_loss": 0.5003223419189453,
    "predict_media/newspaper_f1": 0.5113417916186082,
    "predict_media/newspaper_number": 1234,
    "predict_media/newspaper_precision": 0.4864667154352597,
    "predict_media/newspaper_recall": 0.5388978930307942,
    "predict_medical_f1": 0.42045454545454547,
    "predict_medical_number": 397,
    "predict_medical_precision": 0.3830227743271222,
    "predict_medical_recall": 0.4659949622166247,
    "predict_mountain_f1": 0.558743169398907,
    "predict_mountain_number": 681,
    "predict_mountain_precision": 0.5223499361430396,
    "predict_mountain_recall": 0.6005873715124816,
    "predict_music_f1": 0.625,
    "predict_music_number": 1041,
    "predict_music_precision": 0.5912596401028277,
    "predict_music_recall": 0.6628242074927954,
    "predict_other_f1": 0.4474291436283687,
    "predict_other_number": 21035,
    "predict_other_precision": 0.41268120306790346,
    "predict_other_recall": 0.4885666745899691,
    "predict_overall_accuracy": 0.9013564894132158,
    "predict_overall_f1": 0.562114885779582,
    "predict_overall_precision": 0.5274716325533416,
    "predict_overall_recall": 0.6016286174297155,
    "predict_painting_f1": 0.0,
    "predict_painting_number": 58,
    "predict_painting_precision": 0.0,
    "predict_painting_recall": 0.0,
    "predict_park_f1": 0.375,
    "predict_park_number": 458,
    "predict_park_precision": 0.34363636363636363,