{
    "predict_GPE_f1": 0.74762096869883,
    "predict_GPE_number": 20409,
    "predict_GPE_precision": 0.724896456511735,
    "predict_GPE_recall": 0.7718163555294233,
    "predict_actor_f1": 0.6427050053248137,
    "predict_actor_number": 1638,
    "predict_actor_precision": 0.5698772426817753,
    "predict_actor_recall": 0.7368742368742369,
    "predict_airplane_f1": 0.5109321058688147,
    "predict_airplane_number": 794,
    "predict_airplane_precision": 0.4703389830508475,
    "predict_airplane_recall": 0.5591939546599496,
    "predict_airport_f1": 0.6078184110970996,
    "predict_airport_number": 364,
    "predict_airport_precision": 0.5617715617715617,
    "predict_airport_recall": 0.6620879120879121,
    "predict_artist/author_f1": 0.49755323369924614,
    "predict_artist/author_number": 3464,
    "predict_artist/author_precision": 0.459116426653649,
    "predict_artist/author_recall": 0.543013856812933,
    "predict_astronomything_f1": 0.6100068540095955,
    "predict_astronomything_number": 678,
    "predict_astronomything_precision": 0.5697823303457106,
    "predict_astronomything_recall": 0.6563421828908554,
    "predict_athlete_f1": 0.7537621961303125,
    "predict_athlete_number": 2907,
    "predict_athlete_precision": 0.725796178343949,
    "predict_athlete_recall": 0.783969728242174,
    "predict_attack/battle/war/militaryconflict_f1": 0.5709828393135726,
    "predict_attack/battle/war/militaryconflict_number": 1099,
    "predict_attack/battle/war/militaryconflict_precision": 0.49965870307167237,
    "predict_attack/battle/war/militaryconflict_recall": 0.6660600545950864,
    "predict_award_f1": 0.4464374688589936,
    "predict_award_number": 941,
    "predict_award_precision": 0.4202626641651032,
    "predict_award_recall": 0.4760892667375133,
    "predict_biologything_f1": 0.49081081081081085,
    "predict_biologything_number": 1875,
    "predict_biologything_precision": 0.4127272727272727,
    "predict_biologything_recall": 0.6053333333333333,
    "predict_bodiesofwater_f1": 0.620228256591893,
    "predict_bodiesofwater_number": 1169,
    "predict_bodiesofwater_precision": 0.5743440233236151,
    "predict_bodiesofwater_recall": 0.6740804106073567,
    "predict_broadcastprogram_f1": 0.30593607305936077,
    "predict_broadcastprogram_number": 605,
    "predict_broadcastprogram_precision": 0.2834978843441467,
    "predict_broadcastprogram_recall": 0.3322314049586777,
    "predict_car_f1": 0.5863956215793589,
    "predict_car_number": 688,
    "predict_car_precision": 0.6345177664974619,
    "predict_car_recall": 0.5450581395348837,
    "predict_chemicalthing_f1": 0.40957717778909836,
    "predict_chemicalthing_number": 1014,
    "predict_chemicalthing_precision": 0.42360379346680715,
    "predict_chemicalthing_recall": 0.39644970414201186,
    "predict_company_f1": 0.5562273276904474,
    "predict_company_number": 3903,
    "predict_company_precision": 0.5266773528738264,
    "predict_company_recall": 0.5892902895208814,
    "predict_currency_f1": 0.661308840413318,
    "predict_currency_number": 799,
    "predict_currency_precision": 0.6108165429480382,
    "predict_currency_recall": 0.72090112640801,
    "predict_director_f1": 0.47138554216867473,
    "predict_director_number": 554,
    "predict_director_precision": 0.4043927648578811,
    "predict_director_recall": 0.5649819494584838,
    "predict_disaster_f1": 0.3131868131868132,
    "predict_disaster_number": 207,
    "predict_disaster_precision": 0.3630573248407643,
    "predict_disaster_recall": 0.2753623188405797,
    "predict_disease_f1": 0.488659793814433,
    "predict_disease_number": 750,
    "predict_disease_precision": 0.3983193277310924,
    "predict_disease_recall": 0.632,
    "predict_education_f1": 0.6267160601438223,
    "predict_education_number": 2082,
    "predict_education_precision": 0.5735939369764659,
    "predict_education_recall": 0.6906820365033621,
    "predict_educationaldegree_f1": 0.3834319526627219,
    "predict_educationaldegree_number": 367,
    "predict_educationaldegree_precision": 0.3389121338912134,
    "predict_educationaldegree_recall": 0.44141689373297005,
    "predict_election_f1": 0.1072961373390558,
    "predict_election_number": 184,
    "predict_election_precision": 0.08865248226950355,
    "predict_election_recall": 0.1358695652173913,
    "predict_film_f1": 0.4910988336402701,
    "predict_film_number": 759,
    "predict_film_precision": 0.45977011494252873,
    "predict_film_recall": 0.5270092226613966,
    "predict_food_f1": 0.40873634945397813,
    "predict_food_number": 432,
    "predict_food_precision": 0.30823529411764705,
    "predict_food_recall": 0.6064814814814815,
    "predict_game_f1": 0.4835390946502058,
    "predict_game_number": 496,
    "predict_game_precision": 0.49369747899159666,
    "predict_game_recall": 0.4737903225806452,
    "predict_god_f1": 0.454320987654321,
    "predict_god_number": 635,
    "predict_god_precision": 0.47586206896551725,
    "predict_god_recall": 0.4346456692913386,
    "predict_government/governmentagency_f1": 0.24215512137359385,
    "predict_government/governmentagency_number": 1535,
    "predict_government/governmentagency_precision": 0.22192078133478024,
    "predict_government/governmentagency_recall": 0.2664495114006515,
    "predict_hospital_f1": 0.5360824742268041,
    "predict_hospital_number": 364,
    "predict_hospital_precision": 0.5048543689320388,
    "predict_hospital_recall": 0.5714285714285714,
    "predict_hotel_f1": 0.43278688524590164,
    "predict_hotel_number": 265,
    "predict_hotel_precision": 0.3826086956521739,
    "predict_hotel_recall": 0.4981132075471698,
    "predict_island_f1": 0.5208175624526875,
    "predict_island_number": 646,
    "predict_island_precision": 0.5096296296296297,
    "predict_island_recall": 0.5325077399380805,
    "predict_language_f1": 0.6091703056768558,
    "predict_language_number": 753,
    "predict_language_precision": 0.5171455050973123,
    "predict_language_recall": 0.7410358565737052,
    "predict_law_f1": 0.3410728582866293,
    "predict_law_number": 488,
    "predict_law_precision": 0.27989487516425754,
    "predict_law_recall": 0.4364754098360656,
    "predict_library_f1": 0.5259433962264151,
    "predict_library_number": 357,
    "predict_library_precision": 0.45417515274949083,
    "predict_library_recall": 0.6246498599439776,
    "predict_livingthing_f1": 0.5308449974079834,
    "predict_livingthing_number": 865,
    "predict_livingthing_precision": 0.48120300751879697,
    "predict_livingthing_recall": 0.5919075144508671,
    "predict_loss": 0.5192853212356567,
    "predict_media/newspaper_f1": 0.5300849021779254,
    "predict_media/newspaper_number": 1234,
    "predict_media/newspaper_precision": 0.48677966101694914,
    "predict_media/newspaper_recall": 0.5818476499189628,
    "predict_medical_f1": 0.36235955056179775,
    "predict_medical_number": 397,
    "predict_medical_precision": 0.4095238095238095,
    "predict_medical_recall": 0.3249370277078086,
    "predict_mountain_f1": 0.5513819985825655,
    "predict_mountain_number": 681,
    "predict_mountain_precision": 0.5328767123287671,
    "predict_mountain_recall": 0.5712187958883994,
    "predict_music_f1": 0.5825242718446603,
    "predict_music_number": 1041,
    "predict_music_precision": 0.5614973262032086,
    "predict_music_recall": 0.6051873198847262,
    "predict_other_f1": 0.4281495417058604,
    "predict_other_number": 21035,
    "predict_other_precision": 0.3965475322149283,
    "predict_other_recall": 0.46522462562396005,
    "predict_overall_accuracy": 0.8955837551327066,
    "predict_overall_f1": 0.5393953865991691,
    "predict_overall_precision": 0.5019822574623549,
    "predict_overall_recall": 0.5828344961400322,
    "predict_painting_f1": 0.0,
    "predict_painting_number": 58,
    "predict_painting_precision": 0.0,
    "predict_painting_recall": 0.0,
    "predict_park_f1": 0.3840931134820562,
    "predict_park_number": 458,