{
    "predict_GPE_f1": 0.7466691643056174,
    "predict_GPE_number": 20409,
    "predict_GPE_precision": 0.7150417077764822,
    "predict_GPE_recall": 0.7812239698172375,
    "predict_actor_f1": 0.6547756041426926,
    "predict_actor_number": 1638,
    "predict_actor_precision": 0.6191512513601741,
    "predict_actor_recall": 0.6947496947496947,
    "predict_airplane_f1": 0.5264900662251656,
    "predict_airplane_number": 794,
    "predict_airplane_precision": 0.468565815324165,
    "predict_airplane_recall": 0.6007556675062973,
    "predict_airport_f1": 0.6502923976608187,
    "predict_airport_number": 364,
    "predict_airport_precision": 0.5661914460285132,
    "predict_airport_recall": 0.7637362637362637,
    "predict_artist/author_f1": 0.5314605131145191,
    "predict_artist/author_number": 3464,
    "predict_artist/author_precision": 0.5277540563620837,
    "predict_artist/author_recall": 0.5352193995381063,
    "predict_astronomything_f1": 0.585953177257525,
    "predict_astronomything_number": 678,
    "predict_astronomything_precision": 0.5361077111383109,
    "predict_astronomything_recall": 0.6460176991150443,
    "predict_athlete_f1": 0.7801153715643027,
    "predict_athlete_number": 2907,
    "predict_athlete_precision": 0.7696685637763643,
    "predict_athlete_recall": 0.7908496732026143,
    "predict_attack/battle/war/militaryconflict_f1": 0.5516441005802708,
    "predict_attack/battle/war/militaryconflict_number": 1099,
    "predict_attack/battle/war/militaryconflict_precision": 0.4798115746971736,
    "predict_attack/battle/war/militaryconflict_recall": 0.6487716105550501,
    "predict_award_f1": 0.38906320035858355,
    "predict_award_number": 941,
    "predict_award_precision": 0.3364341085271318,
    "predict_award_recall": 0.461211477151966,
    "predict_biologything_f1": 0.5050452781371281,
    "predict_biologything_number": 1875,
    "predict_biologything_precision": 0.4904522613065327,
    "predict_biologything_recall": 0.5205333333333333,
    "predict_bodiesofwater_f1": 0.6107245190339746,
    "predict_bodiesofwater_number": 1169,
    "predict_bodiesofwater_precision": 0.5855572998430141,
    "predict_bodiesofwater_recall": 0.6381522668947819,
    "predict_broadcastprogram_f1": 0.3952901597981497,
    "predict_broadcastprogram_number": 605,
    "predict_broadcastprogram_precision": 0.4023972602739726,
    "predict_broadcastprogram_recall": 0.3884297520661157,
    "predict_car_f1": 0.5820991629104959,
    "predict_car_number": 688,
    "predict_car_precision": 0.522543352601156,
    "predict_car_recall": 0.6569767441860465,
    "predict_chemicalthing_f1": 0.1550759392486011,
    "predict_chemicalthing_number": 1014,
    "predict_chemicalthing_precision": 0.4092827004219409,
    "predict_chemicalthing_recall": 0.09566074950690336,
    "predict_company_f1": 0.5604796050311508,
    "predict_company_number": 3903,
    "predict_company_precision": 0.5178105994787141,
    "predict_company_recall": 0.6108121957468614,
    "predict_currency_f1": 0.656195462478185,
    "predict_currency_number": 799,
    "predict_currency_precision": 0.6130434782608696,
    "predict_currency_recall": 0.7058823529411765,
    "predict_director_f1": 0.42600896860986553,
    "predict_director_number": 554,
    "predict_director_precision": 0.3635204081632653,
    "predict_director_recall": 0.5144404332129964,
    "predict_disaster_f1": 0.21379310344827585,
    "predict_disaster_number": 207,
    "predict_disaster_precision": 0.37349397590361444,
    "predict_disaster_recall": 0.1497584541062802,
    "predict_disease_f1": 0.46415552855407044,
    "predict_disease_number": 750,
    "predict_disease_precision": 0.4263392857142857,
    "predict_disease_recall": 0.5093333333333333,
    "predict_education_f1": 0.6316256376136615,
    "predict_education_number": 2082,
    "predict_education_precision": 0.5867325916769675,
    "predict_education_recall": 0.6839577329490875,
    "predict_educationaldegree_f1": 0.4036076662908681,
    "predict_educationaldegree_number": 367,
    "predict_educationaldegree_precision": 0.34423076923076923,
    "predict_educationaldegree_recall": 0.4877384196185286,
    "predict_election_f1": 0.10468319559228649,
    "predict_election_number": 184,
    "predict_election_precision": 0.10614525139664804,
    "predict_election_recall": 0.10326086956521739,
    "predict_film_f1": 0.4738041002277904,
    "predict_film_number": 759,
    "predict_film_precision": 0.4172517552657974,
    "predict_film_recall": 0.5480895915678524,
    "predict_food_f1": 0.3949044585987261,
    "predict_food_number": 432,
    "predict_food_precision": 0.32533733133433285,
    "predict_food_recall": 0.5023148148148148,
    "predict_game_f1": 0.18032786885245902,
    "predict_game_number": 496,
    "predict_game_precision": 0.4824561403508772,
    "predict_game_recall": 0.11088709677419355,
    "predict_god_f1": 0.5050798258345428,
    "predict_god_number": 635,
    "predict_god_precision": 0.46837146702557203,
    "predict_god_recall": 0.5480314960629922,
    "predict_government/governmentagency_f1": 0.301620029455081,
    "predict_government/governmentagency_number": 1535,
    "predict_government/governmentagency_precision": 0.2752688172043011,
    "predict_government/governmentagency_recall": 0.33355048859934855,
    "predict_hospital_f1": 0.5442875481386393,
    "predict_hospital_number": 364,
    "predict_hospital_precision": 0.5108433734939759,
    "predict_hospital_recall": 0.5824175824175825,
    "predict_hotel_f1": 0.5664739884393064,
    "predict_hotel_number": 265,
    "predict_hotel_precision": 0.5787401574803149,
    "predict_hotel_recall": 0.5547169811320755,
    "predict_island_f1": 0.47074122236671007,
    "predict_island_number": 646,
    "predict_island_precision": 0.40582959641255606,
    "predict_island_recall": 0.5603715170278638,
    "predict_language_f1": 0.6126760563380282,
    "predict_language_number": 753,
    "predict_language_precision": 0.5488958990536278,
    "predict_language_recall": 0.6932270916334662,
    "predict_law_f1": 0.391238670694864,
    "predict_law_number": 488,
    "predict_law_precision": 0.30980861244019137,
    "predict_law_recall": 0.5307377049180327,
    "predict_library_f1": 0.5385527876631079,
    "predict_library_number": 357,
    "predict_library_precision": 0.4670781893004115,
    "predict_library_recall": 0.6358543417366946,
    "predict_livingthing_f1": 0.5297297297297298,
    "predict_livingthing_number": 865,
    "predict_livingthing_precision": 0.46068376068376066,
    "predict_livingthing_recall": 0.623121387283237,
    "predict_loss": 0.4510250687599182,
    "predict_media/newspaper_f1": 0.5286521388216304,
    "predict_media/newspaper_number": 1234,
    "predict_media/newspaper_precision": 0.5265273311897106,
    "predict_media/newspaper_recall": 0.5307941653160454,
    "predict_medical_f1": 0.23395445134575568,
    "predict_medical_number": 397,
    "predict_medical_precision": 0.1472312703583062,
    "predict_medical_recall": 0.5692695214105793,
    "predict_mountain_f1": 0.5148228488792481,
    "predict_mountain_number": 681,
    "predict_mountain_precision": 0.5071225071225072,
    "predict_mountain_recall": 0.5227606461086637,
    "predict_music_f1": 0.5800575263662513,
    "predict_music_number": 1041,
    "predict_music_precision": 0.5789473684210527,
    "predict_music_recall": 0.5811719500480308,
    "predict_other_f1": 0.4467075170449642,
    "predict_other_number": 21035,
    "predict_other_precision": 0.40895982301584166,
    "predict_other_recall": 0.4921321606845733,
    "predict_overall_accuracy": 0.8969039817426557,
    "predict_overall_f1": 0.548797872238646,
    "predict_overall_precision": 0.5114574602778322,
    "predict_overall_recall": 0.592019981009784,
    "predict_painting_f1": 0.0,
    "predict_painting_number": 58,
    "predict_painting_precision": 0.0,
    "predict_painting_recall": 0.0,
    "predict_park_f1": 0.08183306055646482,
    "predict_park_number": 458,