{
    "predict_GPE_f1": 0.7912321770589488,
    "predict_GPE_number": 20409,
    "predict_GPE_precision": 0.7646010419522895,
    "predict_GPE_recall": 0.8197853887990593,
    "predict_actor_f1": 0.6972222222222223,
    "predict_actor_number": 1638,
    "predict_actor_precision": 0.6396534148827727,
    "predict_actor_recall": 0.7661782661782662,
    "predict_airplane_f1": 0.5465774575398867,
    "predict_airplane_number": 794,
    "predict_airplane_precision": 0.4621409921671018,
    "predict_airplane_recall": 0.6687657430730478,
    "predict_airport_f1": 0.7601156069364162,
    "predict_airport_number": 364,
    "predict_airport_precision": 0.801829268292683,
    "predict_airport_recall": 0.7225274725274725,
    "predict_artist/author_f1": 0.6169934640522876,
    "predict_artist/author_number": 3464,
    "predict_artist/author_precision": 0.5637840420449116,
    "predict_artist/author_recall": 0.6812933025404158,
    "predict_astronomything_f1": 0.6066350710900474,
    "predict_astronomything_number": 678,
    "predict_astronomything_precision": 0.6530612244897959,
    "predict_astronomything_recall": 0.5663716814159292,
    "predict_athlete_f1": 0.7935925246120473,
    "predict_athlete_number": 2907,
    "predict_athlete_precision": 0.7705767984445885,
    "predict_athlete_recall": 0.8180254557963537,
    "predict_attack/battle/war/militaryconflict_f1": 0.614923134608174,
    "predict_attack/battle/war/militaryconflict_number": 1099,
    "predict_attack/battle/war/militaryconflict_precision": 0.5229591836734694,
    "predict_attack/battle/war/militaryconflict_recall": 0.7461328480436761,
    "predict_award_f1": 0.5073355418835779,
    "predict_award_number": 941,
    "predict_award_precision": 0.45733788395904434,
    "predict_award_recall": 0.5696068012752391,
    "predict_biologything_f1": 0.5366685616827743,
    "predict_biologything_number": 1875,
    "predict_biologything_precision": 0.5745587340231284,
    "predict_biologything_recall": 0.5034666666666666,
    "predict_bodiesofwater_f1": 0.6478443342235788,
    "predict_bodiesofwater_number": 1169,
    "predict_bodiesofwater_precision": 0.5847107438016529,
    "predict_bodiesofwater_recall": 0.7262617621899059,
    "predict_broadcastprogram_f1": 0.45238095238095233,
    "predict_broadcastprogram_number": 605,
    "predict_broadcastprogram_precision": 0.4658493870402802,
    "predict_broadcastprogram_recall": 0.4396694214876033,
    "predict_car_f1": 0.607577807848444,
    "predict_car_number": 688,
    "predict_car_precision": 0.5683544303797469,
    "predict_car_recall": 0.6526162790697675,
    "predict_chemicalthing_f1": 0.4797432811873245,
    "predict_chemicalthing_number": 1014,
    "predict_chemicalthing_precision": 0.4043272481406356,
    "predict_chemicalthing_recall": 0.5897435897435898,
    "predict_company_f1": 0.6213638531235098,
    "predict_company_number": 3903,
    "predict_company_precision": 0.5810479375696767,
    "predict_company_recall": 0.6676915193440943,
    "predict_currency_f1": 0.6564885496183207,
    "predict_currency_number": 799,
    "predict_currency_precision": 0.6183628318584071,
    "predict_currency_recall": 0.6996245306633292,
    "predict_director_f1": 0.031413612565445025,
    "predict_director_number": 554,
    "predict_director_precision": 0.47368421052631576,
    "predict_director_recall": 0.016245487364620937,
    "predict_disaster_f1": 0.0,
    "predict_disaster_number": 207,
    "predict_disaster_precision": 0.0,
    "predict_disaster_recall": 0.0,
    "predict_disease_f1": 0.46153846153846156,
    "predict_disease_number": 750,
    "predict_disease_precision": 0.4672131147540984,
    "predict_disease_recall": 0.456,
    "predict_education_f1": 0.7290799815071659,
    "predict_education_number": 2082,
    "predict_education_precision": 0.7027629233511586,
    "predict_education_recall": 0.7574447646493756,
    "predict_educationaldegree_f1": 0.464622641509434,
    "predict_educationaldegree_number": 367,
    "predict_educationaldegree_precision": 0.4095634095634096,
    "predict_educationaldegree_recall": 0.5367847411444142,
    "predict_election_f1": 0.21989528795811517,
    "predict_election_number": 184,
    "predict_election_precision": 0.21212121212121213,
    "predict_election_recall": 0.22826086956521738,
    "predict_film_f1": 0.4876140808344198,
    "predict_film_number": 759,
    "predict_film_precision": 0.3638132295719844,
    "predict_film_recall": 0.7391304347826086,
    "predict_food_f1": 0.37362637362637363,
    "predict_food_number": 432,
    "predict_food_precision": 0.4594594594594595,
    "predict_food_recall": 0.3148148148148148,
    "predict_game_f1": 0.13186813186813187,
    "predict_game_number": 496,
    "predict_game_precision": 0.72,
    "predict_game_recall": 0.07258064516129033,
    "predict_god_f1": 0.0,
    "predict_god_number": 635,
    "predict_god_precision": 0.0,
    "predict_god_recall": 0.0,
    "predict_government/governmentagency_f1": 0.3291592128801431,
    "predict_government/governmentagency_number": 1535,
    "predict_government/governmentagency_precision": 0.36507936507936506,
    "predict_government/governmentagency_recall": 0.2996742671009772,
    "predict_hospital_f1": 0.7117241379310345,
    "predict_hospital_number": 364,
    "predict_hospital_precision": 0.7146814404432132,
    "predict_hospital_recall": 0.7087912087912088,
    "predict_hotel_f1": 0.5475638051044084,
    "predict_hotel_number": 265,
    "predict_hotel_precision": 0.7108433734939759,
    "predict_hotel_recall": 0.44528301886792454,
    "predict_island_f1": 0.44353182751540043,
    "predict_island_number": 646,
    "predict_island_precision": 0.6585365853658537,
    "predict_island_recall": 0.33436532507739936,
    "predict_language_f1": 0.6572104018912529,
    "predict_language_number": 753,
    "predict_language_precision": 0.5921192758253461,
    "predict_language_recall": 0.7383798140770252,
    "predict_law_f1": 0.5008912655971479,
    "predict_law_number": 488,
    "predict_law_precision": 0.443217665615142,
    "predict_law_recall": 0.5758196721311475,
    "predict_library_f1": 0.6595460614152203,
    "predict_library_number": 357,
    "predict_library_precision": 0.6301020408163265,
    "predict_library_recall": 0.6918767507002801,
    "predict_livingthing_f1": 0.5149518499746579,
    "predict_livingthing_number": 865,
    "predict_livingthing_precision": 0.4584837545126354,
    "predict_livingthing_recall": 0.5872832369942197,
    "predict_loss": 0.3651377856731415,
    "predict_media/newspaper_f1": 0.5973837209302325,
    "predict_media/newspaper_number": 1234,
    "predict_media/newspaper_precision": 0.541501976284585,
    "predict_media/newspaper_recall": 0.6661264181523501,
    "predict_medical_f1": 0.0,
    "predict_medical_number": 397,
    "predict_medical_precision": 0.0,
    "predict_medical_recall": 0.0,
    "predict_mountain_f1": 0.5889361702127658,
    "predict_mountain_number": 681,
    "predict_mountain_precision": 0.7004048582995951,
    "predict_mountain_recall": 0.5080763582966226,
    "predict_music_f1": 0.6857697911607576,
    "predict_music_number": 1041,
    "predict_music_precision": 0.693516699410609,
    "predict_music_recall": 0.6781940441882806,
    "predict_other_f1": 0.5084258947604622,
    "predict_other_number": 21035,
    "predict_other_precision": 0.481470463238419,
    "predict_other_recall": 0.5385785595436178,
    "predict_overall_accuracy": 0.9092800204982553,
    "predict_overall_f1": 0.6013490876906998,
    "predict_overall_precision": 0.5832581599495611,
    "predict_overall_recall": 0.6205981918011807,
    "predict_painting_f1": 0.0,
    "predict_painting_number": 58,
    "predict_painting_precision": 0.0,
    "predict_painting_recall": 0.0,
    "predict_park_f1": 0.19191919191919193,
    "predict_park_number": 458,
    "predict_park_precision": 0.41911764705882354,
    "predict_park_recall": 0.12445414847161572,
    "predict_politicalparty_f1": 0.5973241260250324,