{
    "predict_GPE_f1": 0.7656153075344753,
    "predict_GPE_number": 20409,
    "predict_GPE_precision": 0.7461055568472448,
    "predict_GPE_recall": 0.7861727669165565,
    "predict_actor_f1": 0.6841956460277071,
    "predict_actor_number": 1638,
    "predict_actor_precision": 0.6371774618220116,
    "predict_actor_recall": 0.7387057387057387,
    "predict_airplane_f1": 0.4977628635346756,
    "predict_airplane_number": 794,
    "predict_airplane_precision": 0.4476861167002012,
    "predict_airplane_recall": 0.5604534005037783,
    "predict_airport_f1": 0.6894664842681258,
    "predict_airport_number": 364,
    "predict_airport_precision": 0.6866485013623979,
    "predict_airport_recall": 0.6923076923076923,
    "predict_artist/author_f1": 0.5960069677073563,
    "predict_artist/author_number": 3464,
    "predict_artist/author_precision": 0.5561390347586896,
    "predict_artist/author_recall": 0.6420323325635104,
    "predict_astronomything_f1": 0.593974175035868,
    "predict_astronomything_number": 678,
    "predict_astronomything_precision": 0.5782122905027933,
    "predict_astronomything_recall": 0.6106194690265486,
    "predict_athlete_f1": 0.7643035863219348,
    "predict_athlete_number": 2907,
    "predict_athlete_precision": 0.7419041450777202,
    "predict_athlete_recall": 0.7880976952184382,
    "predict_attack/battle/war/militaryconflict_f1": 0.6206019499788046,
    "predict_attack/battle/war/militaryconflict_number": 1099,
    "predict_attack/battle/war/militaryconflict_precision": 0.580952380952381,
    "predict_attack/battle/war/militaryconflict_recall": 0.6660600545950864,
    "predict_award_f1": 0.4701457451810061,
    "predict_award_number": 941,
    "predict_award_precision": 0.42158516020236086,
    "predict_award_recall": 0.5313496280552603,
    "predict_biologything_f1": 0.5230842455973346,
    "predict_biologything_number": 1875,
    "predict_biologything_precision": 0.472281908036098,
    "predict_biologything_recall": 0.5861333333333333,
    "predict_bodiesofwater_f1": 0.6517818806354658,
    "predict_bodiesofwater_number": 1169,
    "predict_bodiesofwater_precision": 0.6543103448275862,
    "predict_bodiesofwater_recall": 0.649272882805817,
    "predict_broadcastprogram_f1": 0.45303030303030306,
    "predict_broadcastprogram_number": 605,
    "predict_broadcastprogram_precision": 0.41818181818181815,
    "predict_broadcastprogram_recall": 0.49421487603305786,
    "predict_car_f1": 0.588235294117647,
    "predict_car_number": 688,
    "predict_car_precision": 0.5807365439093485,
    "predict_car_recall": 0.5959302325581395,
    "predict_chemicalthing_f1": 0.44762391415431785,
    "predict_chemicalthing_number": 1014,
    "predict_chemicalthing_precision": 0.46447507953340406,
    "predict_chemicalthing_recall": 0.4319526627218935,
    "predict_company_f1": 0.5608809911150043,
    "predict_company_number": 3903,
    "predict_company_precision": 0.5481898238747553,
    "predict_company_recall": 0.574173712528824,
    "predict_currency_f1": 0.6304106548279689,
    "predict_currency_number": 799,
    "predict_currency_precision": 0.5663010967098704,
    "predict_currency_recall": 0.7108886107634543,
    "predict_director_f1": 0.5429787234042553,
    "predict_director_number": 554,
    "predict_director_precision": 0.5136876006441223,
    "predict_director_recall": 0.575812274368231,
    "predict_disaster_f1": 0.38369304556354916,
    "predict_disaster_number": 207,
    "predict_disaster_precision": 0.38095238095238093,
    "predict_disaster_recall": 0.3864734299516908,
    "predict_disease_f1": 0.4923076923076923,
    "predict_disease_number": 750,
    "predict_disease_precision": 0.4425531914893617,
    "predict_disease_recall": 0.5546666666666666,
    "predict_education_f1": 0.6799645390070922,
    "predict_education_number": 2082,
    "predict_education_precision": 0.6312757201646091,
    "predict_education_recall": 0.7367915465898175,
    "predict_educationaldegree_f1": 0.4339622641509434,
    "predict_educationaldegree_number": 367,
    "predict_educationaldegree_precision": 0.38253638253638256,
    "predict_educationaldegree_recall": 0.5013623978201635,
    "predict_election_f1": 0.26666666666666666,
    "predict_election_number": 184,
    "predict_election_precision": 0.19689119170984457,
    "predict_election_recall": 0.41304347826086957,
    "predict_film_f1": 0.5602836879432624,
    "predict_film_number": 759,
    "predict_film_precision": 0.5080385852090032,
    "predict_film_recall": 0.6245059288537549,
    "predict_food_f1": 0.3819784524975514,
    "predict_food_number": 432,
    "predict_food_precision": 0.3310696095076401,
    "predict_food_recall": 0.4513888888888889,
    "predict_game_f1": 0.5581395348837209,
    "predict_game_number": 496,
    "predict_game_precision": 0.6191646191646192,
    "predict_game_recall": 0.5080645161290323,
    "predict_god_f1": 0.5251857968620974,
    "predict_god_number": 635,
    "predict_god_precision": 0.5520833333333334,
    "predict_god_recall": 0.5007874015748032,
    "predict_government/governmentagency_f1": 0.30142338822216025,
    "predict_government/governmentagency_number": 1535,
    "predict_government/governmentagency_precision": 0.263671875,
    "predict_government/governmentagency_recall": 0.3517915309446254,
    "predict_hospital_f1": 0.6083650190114068,
    "predict_hospital_number": 364,
    "predict_hospital_precision": 0.5647058823529412,
    "predict_hospital_recall": 0.6593406593406593,
    "predict_hotel_f1": 0.6094890510948905,
    "predict_hotel_number": 265,
    "predict_hotel_precision": 0.5901060070671378,
    "predict_hotel_recall": 0.630188679245283,
    "predict_island_f1": 0.5054945054945056,
    "predict_island_number": 646,
    "predict_island_precision": 0.5567970204841713,
    "predict_island_recall": 0.4628482972136223,
    "predict_language_f1": 0.6198830409356727,
    "predict_language_number": 753,
    "predict_language_precision": 0.5538140020898642,
    "predict_language_recall": 0.703851261620186,
    "predict_law_f1": 0.4248088360237893,
    "predict_law_number": 488,
    "predict_law_precision": 0.36284470246734396,
    "predict_law_recall": 0.5122950819672131,
    "predict_library_f1": 0.5811320754716982,
    "predict_library_number": 357,
    "predict_library_precision": 0.5273972602739726,
    "predict_library_recall": 0.6470588235294118,
    "predict_livingthing_f1": 0.5407554671968191,
    "predict_livingthing_number": 865,
    "predict_livingthing_precision": 0.4742807323452485,
    "predict_livingthing_recall": 0.6289017341040463,
    "predict_loss": 0.5134198665618896,
    "predict_media/newspaper_f1": 0.5370741482965933,
    "predict_media/newspaper_number": 1234,
    "predict_media/newspaper_precision": 0.5313243457573354,
    "predict_media/newspaper_recall": 0.5429497568881686,
    "predict_medical_f1": 0.401468788249694,
    "predict_medical_number": 397,
    "predict_medical_precision": 0.3904761904761905,
    "predict_medical_recall": 0.41309823677581864,
    "predict_mountain_f1": 0.5203679369250986,
    "predict_mountain_number": 681,
    "predict_mountain_precision": 0.4708680142687277,
    "predict_mountain_recall": 0.5814977973568282,
    "predict_music_f1": 0.6085289889793962,
    "predict_music_number": 1041,
    "predict_music_precision": 0.607074569789675,
    "predict_music_recall": 0.6099903938520653,
    "predict_other_f1": 0.4576365539201496,
    "predict_other_number": 21035,
    "predict_other_precision": 0.4304264052944626,
    "predict_other_recall": 0.4885191347753744,
    "predict_overall_accuracy": 0.9020969454559667,
    "predict_overall_f1": 0.5692710470273333,
    "predict_overall_precision": 0.5403746290801187,
    "predict_overall_recall": 0.6014325228089006,
    "predict_painting_f1": 0.13861386138613863,
    "predict_painting_number": 58,
    "predict_painting_precision": 0.16279069767441862,
    "predict_painting_recall": 0.1206896551724138,
    "predict_park_f1": 0.452191235059761,