{
    "predict_GPE_f1": 0.7658489363209219,
    "predict_GPE_number": 20409,
    "predict_GPE_precision": 0.73906306963179,
    "predict_GPE_recall": 0.7946494193738056,
    "predict_actor_f1": 0.6754966887417219,
    "predict_actor_number": 1638,
    "predict_actor_precision": 0.666270783847981,
    "predict_actor_recall": 0.684981684981685,
    "predict_airplane_f1": 0.49061175045427013,
    "predict_airplane_number": 794,
    "predict_airplane_precision": 0.4725787631271879,
    "predict_airplane_recall": 0.5100755667506297,
    "predict_airport_f1": 0.6793893129770991,
    "predict_airport_number": 364,
    "predict_airport_precision": 0.6327014218009479,
    "predict_airport_recall": 0.7335164835164835,
    "predict_artist/author_f1": 0.5605008847148496,
    "predict_artist/author_number": 3464,
    "predict_artist/author_precision": 0.5302601081637909,
    "predict_artist/author_recall": 0.5943995381062356,
    "predict_astronomything_f1": 0.5645604395604396,
    "predict_astronomything_number": 678,
    "predict_astronomything_precision": 0.5282776349614395,
    "predict_astronomything_recall": 0.6061946902654868,
    "predict_athlete_f1": 0.7690194058045681,
    "predict_athlete_number": 2907,
    "predict_athlete_precision": 0.7678326474622771,
    "predict_athlete_recall": 0.7702098383212934,
    "predict_attack/battle/war/militaryconflict_f1": 0.6091148115687992,
    "predict_attack/battle/war/militaryconflict_number": 1099,
    "predict_attack/battle/war/militaryconflict_precision": 0.5874894336432798,
    "predict_attack/battle/war/militaryconflict_recall": 0.632393084622384,
    "predict_award_f1": 0.4552238805970149,
    "predict_award_number": 941,
    "predict_award_precision": 0.4056525353283458,
    "predict_award_recall": 0.5185972369819342,
    "predict_biologything_f1": 0.5396444017299376,
    "predict_biologything_number": 1875,
    "predict_biologything_precision": 0.4910362920857018,
    "predict_biologything_recall": 0.5989333333333333,
    "predict_bodiesofwater_f1": 0.6159199652022619,
    "predict_bodiesofwater_number": 1169,
    "predict_bodiesofwater_precision": 0.6265486725663717,
    "predict_bodiesofwater_recall": 0.6056458511548332,
    "predict_broadcastprogram_f1": 0.4346527259148618,
    "predict_broadcastprogram_number": 605,
    "predict_broadcastprogram_precision": 0.39645776566757496,
    "predict_broadcastprogram_recall": 0.4809917355371901,
    "predict_car_f1": 0.5484536082474227,
    "predict_car_number": 688,
    "predict_car_precision": 0.5202086049543677,
    "predict_car_recall": 0.5799418604651163,
    "predict_chemicalthing_f1": 0.4521224086870681,
    "predict_chemicalthing_number": 1014,
    "predict_chemicalthing_precision": 0.4525691699604743,
    "predict_chemicalthing_recall": 0.4516765285996055,
    "predict_company_f1": 0.5625920471281295,
    "predict_company_number": 3903,
    "predict_company_precision": 0.5399293286219081,
    "predict_company_recall": 0.5872405841660261,
    "predict_currency_f1": 0.6330532212885154,
    "predict_currency_number": 799,
    "predict_currency_precision": 0.5730223123732252,
    "predict_currency_recall": 0.7071339173967459,
    "predict_director_f1": 0.4904405652535328,
    "predict_director_number": 554,
    "predict_director_precision": 0.45454545454545453,
    "predict_director_recall": 0.5324909747292419,
    "predict_disaster_f1": 0.3454157782515992,
    "predict_disaster_number": 207,
    "predict_disaster_precision": 0.30916030534351147,
    "predict_disaster_recall": 0.391304347826087,
    "predict_disease_f1": 0.5120418848167538,
    "predict_disease_number": 750,
    "predict_disease_precision": 0.421551724137931,
    "predict_disease_recall": 0.652,
    "predict_education_f1": 0.6902137232845894,
    "predict_education_number": 2082,
    "predict_education_precision": 0.6491747778247989,
    "predict_education_recall": 0.7367915465898175,
    "predict_educationaldegree_f1": 0.4410143329658214,
    "predict_educationaldegree_number": 367,
    "predict_educationaldegree_precision": 0.37037037037037035,
    "predict_educationaldegree_recall": 0.5449591280653951,
    "predict_election_f1": 0.12471131639722864,
    "predict_election_number": 184,
    "predict_election_precision": 0.10843373493975904,
    "predict_election_recall": 0.14673913043478262,
    "predict_film_f1": 0.5819134993446919,
    "predict_film_number": 759,
    "predict_film_precision": 0.5788787483702738,
    "predict_film_recall": 0.5849802371541502,
    "predict_food_f1": 0.37777777777777777,
    "predict_food_number": 432,
    "predict_food_precision": 0.33512544802867383,
    "predict_food_recall": 0.43287037037037035,
    "predict_game_f1": 0.4954128440366972,
    "predict_game_number": 496,
    "predict_game_precision": 0.5010309278350515,
    "predict_game_recall": 0.4899193548387097,
    "predict_god_f1": 0.5489902767389677,
    "predict_god_number": 635,
    "predict_god_precision": 0.5227920227920227,
    "predict_god_recall": 0.5779527559055118,
    "predict_government/governmentagency_f1": 0.2993479549496147,
    "predict_government/governmentagency_number": 1535,
    "predict_government/governmentagency_precision": 0.27460576400217507,
    "predict_government/governmentagency_recall": 0.3289902280130293,
    "predict_hospital_f1": 0.6175438596491228,
    "predict_hospital_number": 364,
    "predict_hospital_precision": 0.5376782077393075,
    "predict_hospital_recall": 0.7252747252747253,
    "predict_hotel_f1": 0.5729166666666667,
    "predict_hotel_number": 265,
    "predict_hotel_precision": 0.5305466237942122,
    "predict_hotel_recall": 0.6226415094339622,
    "predict_island_f1": 0.5124716553287982,
    "predict_island_number": 646,
    "predict_island_precision": 0.5007385524372231,
    "predict_island_recall": 0.5247678018575851,
    "predict_language_f1": 0.6119144013880856,
    "predict_language_number": 753,
    "predict_language_precision": 0.5420081967213115,
    "predict_language_recall": 0.702523240371846,
    "predict_law_f1": 0.3548387096774193,
    "predict_law_number": 488,
    "predict_law_precision": 0.2925531914893617,
    "predict_law_recall": 0.45081967213114754,
    "predict_library_f1": 0.5721784776902887,
    "predict_library_number": 357,
    "predict_library_precision": 0.5382716049382716,
    "predict_library_recall": 0.6106442577030813,
    "predict_livingthing_f1": 0.48069105691056907,
    "predict_livingthing_number": 865,
    "predict_livingthing_precision": 0.42883046237534,
    "predict_livingthing_recall": 0.5468208092485549,
    "predict_loss": 0.510169506072998,
    "predict_media/newspaper_f1": 0.500815660685155,
    "predict_media/newspaper_number": 1234,
    "predict_media/newspaper_precision": 0.5041050903119869,
    "predict_media/newspaper_recall": 0.49756888168557534,
    "predict_medical_f1": 0.46026097271648875,
    "predict_medical_number": 397,
    "predict_medical_precision": 0.4349775784753363,
    "predict_medical_recall": 0.48866498740554154,
    "predict_mountain_f1": 0.5568685376661743,
    "predict_mountain_number": 681,
    "predict_mountain_precision": 0.5601783060921248,
    "predict_mountain_recall": 0.55359765051395,
    "predict_music_f1": 0.6153136531365313,
    "predict_music_number": 1041,
    "predict_music_precision": 0.5918367346938775,
    "predict_music_recall": 0.6407300672430355,
    "predict_other_f1": 0.4496096364041936,
    "predict_other_number": 21035,
    "predict_other_precision": 0.42353435595713385,
    "predict_other_recall": 0.4791062514856192,
    "predict_overall_accuracy": 0.9013814608046868,
    "predict_overall_f1": 0.5667778739629028,
    "predict_overall_precision": 0.5359238480640117,
    "predict_overall_recall": 0.6014015605003509,
    "predict_painting_f1": 0.0,
    "predict_painting_number": 58,
    "predict_painting_precision": 0.0,
    "predict_painting_recall": 0.0,
    "predict_park_f1": 0.46476190476190476,
    "predict_park_number": 458,