{
    "predict_GPE_f1": 0.7496195715790706,
    "predict_GPE_number": 20409,
    "predict_GPE_precision": 0.717744104725186,
    "predict_GPE_recall": 0.7844578372286736,
    "predict_actor_f1": 0.6757963679666568,
    "predict_actor_number": 1638,
    "predict_actor_precision": 0.6595002905287624,
    "predict_actor_recall": 0.6929181929181929,
    "predict_airplane_f1": 0.5280528052805281,
    "predict_airplane_number": 794,
    "predict_airplane_precision": 0.46875,
    "predict_airplane_recall": 0.6045340050377834,
    "predict_airport_f1": 0.6332518337408313,
    "predict_airport_number": 364,
    "predict_airport_precision": 0.5704845814977973,
    "predict_airport_recall": 0.7115384615384616,
    "predict_artist/author_f1": 0.5983868902829343,
    "predict_artist/author_number": 3464,
    "predict_artist/author_precision": 0.5376121463077985,
    "predict_artist/author_recall": 0.6746535796766744,
    "predict_astronomything_f1": 0.6587183308494783,
    "predict_astronomything_number": 678,
    "predict_astronomything_precision": 0.6656626506024096,
    "predict_astronomything_recall": 0.6519174041297935,
    "predict_athlete_f1": 0.7703180212014136,
    "predict_athlete_number": 2907,
    "predict_athlete_precision": 0.7539525691699605,
    "predict_athlete_recall": 0.7874097007223942,
    "predict_attack/battle/war/militaryconflict_f1": 0.6092884533446953,
    "predict_attack/battle/war/militaryconflict_number": 1099,
    "predict_attack/battle/war/militaryconflict_precision": 0.5729166666666666,
    "predict_attack/battle/war/militaryconflict_recall": 0.6505914467697907,
    "predict_award_f1": 0.4398382204246714,
    "predict_award_number": 941,
    "predict_award_precision": 0.41947926711668276,
    "predict_award_recall": 0.4622741764080765,
    "predict_biologything_f1": 0.554299237444123,
    "predict_biologything_number": 1875,
    "predict_biologything_precision": 0.5466804979253111,
    "predict_biologything_recall": 0.5621333333333334,
    "predict_bodiesofwater_f1": 0.5983445013795822,
    "predict_bodiesofwater_number": 1169,
    "predict_bodiesofwater_precision": 0.5548245614035088,
    "predict_bodiesofwater_recall": 0.649272882805817,
    "predict_broadcastprogram_f1": 0.4312449145646867,
    "predict_broadcastprogram_number": 605,
    "predict_broadcastprogram_precision": 0.42467948717948717,
    "predict_broadcastprogram_recall": 0.4380165289256198,
    "predict_car_f1": 0.6007272727272728,
    "predict_car_number": 688,
    "predict_car_precision": 0.6011644832605532,
    "predict_car_recall": 0.6002906976744186,
    "predict_chemicalthing_f1": 0.4941471571906354,
    "predict_chemicalthing_number": 1014,
    "predict_chemicalthing_precision": 0.4288824383164006,
    "predict_chemicalthing_recall": 0.5828402366863905,
    "predict_company_f1": 0.5374758220502901,
    "predict_company_number": 3903,
    "predict_company_precision": 0.5088120851453422,
    "predict_company_recall": 0.5695618754803997,
    "predict_currency_f1": 0.6512499999999999,
    "predict_currency_number": 799,
    "predict_currency_precision": 0.6504369538077404,
    "predict_currency_recall": 0.6520650813516896,
    "predict_director_f1": 0.5081387119603681,
    "predict_director_number": 554,
    "predict_director_precision": 0.4179278230500582,
    "predict_director_recall": 0.648014440433213,
    "predict_disaster_f1": 0.3752417794970987,
    "predict_disaster_number": 207,
    "predict_disaster_precision": 0.31290322580645163,
    "predict_disaster_recall": 0.46859903381642515,
    "predict_disease_f1": 0.5065554231227651,
    "predict_disease_number": 750,
    "predict_disease_precision": 0.4579741379310345,
    "predict_disease_recall": 0.5666666666666667,
    "predict_education_f1": 0.6099099099099099,
    "predict_education_number": 2082,
    "predict_education_precision": 0.5742154368108566,
    "predict_education_recall": 0.6503362151777138,
    "predict_educationaldegree_f1": 0.4436536180308422,
    "predict_educationaldegree_number": 367,
    "predict_educationaldegree_precision": 0.39285714285714285,
    "predict_educationaldegree_recall": 0.5095367847411444,
    "predict_election_f1": 0.18867924528301885,
    "predict_election_number": 184,
    "predict_election_precision": 0.18716577540106952,
    "predict_election_recall": 0.19021739130434784,
    "predict_film_f1": 0.5853372434017595,
    "predict_film_number": 759,
    "predict_film_precision": 0.5274841437632135,
    "predict_film_recall": 0.6574440052700923,
    "predict_food_f1": 0.420533070088845,
    "predict_food_number": 432,
    "predict_food_precision": 0.36660929432013767,
    "predict_food_recall": 0.4930555555555556,
    "predict_game_f1": 0.566147859922179,
    "predict_game_number": 496,
    "predict_game_precision": 0.5469924812030075,
    "predict_game_recall": 0.5866935483870968,
    "predict_god_f1": 0.5202614379084968,
    "predict_god_number": 635,
    "predict_god_precision": 0.4446927374301676,
    "predict_god_recall": 0.6267716535433071,
    "predict_government/governmentagency_f1": 0.2912154031287605,
    "predict_government/governmentagency_number": 1535,
    "predict_government/governmentagency_precision": 0.2705422023476803,
    "predict_government/governmentagency_recall": 0.31530944625407165,
    "predict_hospital_f1": 0.5676959619952494,
    "predict_hospital_number": 364,
    "predict_hospital_precision": 0.5,
    "predict_hospital_recall": 0.6565934065934066,
    "predict_hotel_f1": 0.5008237232289949,
    "predict_hotel_number": 265,
    "predict_hotel_precision": 0.4444444444444444,
    "predict_hotel_recall": 0.5735849056603773,
    "predict_island_f1": 0.5257575757575758,
    "predict_island_number": 646,
    "predict_island_precision": 0.5148367952522255,
    "predict_island_recall": 0.5371517027863777,
    "predict_language_f1": 0.597623089983022,
    "predict_language_number": 753,
    "predict_language_precision": 0.5207100591715976,
    "predict_language_recall": 0.701195219123506,
    "predict_law_f1": 0.45580589254766024,
    "predict_law_number": 488,
    "predict_law_precision": 0.3948948948948949,
    "predict_law_recall": 0.5389344262295082,
    "predict_library_f1": 0.5642857142857143,
    "predict_library_number": 357,
    "predict_library_precision": 0.4906832298136646,
    "predict_library_recall": 0.6638655462184874,
    "predict_livingthing_f1": 0.5328350240256273,
    "predict_livingthing_number": 865,
    "predict_livingthing_precision": 0.49503968253968256,
    "predict_livingthing_recall": 0.576878612716763,
    "predict_loss": 0.6162043809890747,
    "predict_media/newspaper_f1": 0.5233296005972378,
    "predict_media/newspaper_number": 1234,
    "predict_media/newspaper_precision": 0.485121107266436,
    "predict_media/newspaper_recall": 0.5680713128038898,
    "predict_medical_f1": 0.26987951807228916,
    "predict_medical_number": 397,
    "predict_medical_precision": 0.2586605080831409,
    "predict_medical_recall": 0.28211586901763225,
    "predict_mountain_f1": 0.5518248175182482,
    "predict_mountain_number": 681,
    "predict_mountain_precision": 0.548621190130624,
    "predict_mountain_recall": 0.5550660792951542,
    "predict_music_f1": 0.610958904109589,
    "predict_music_number": 1041,
    "predict_music_precision": 0.5822454308093995,
    "predict_music_recall": 0.6426512968299711,
    "predict_other_f1": 0.443340440966345,
    "predict_other_number": 21035,
    "predict_other_precision": 0.4123323519790644,
    "predict_other_recall": 0.47939149037318757,
    "predict_overall_accuracy": 0.901519346314114,
    "predict_overall_f1": 0.5597506695697412,
    "predict_overall_precision": 0.5248319843908079,
    "predict_overall_recall": 0.5996470296825331,
    "predict_painting_f1": 0.4153846153846154,
    "predict_painting_number": 58,
    "predict_painting_precision": 0.375,
    "predict_painting_recall": 0.46551724137931033,
    "predict_park_f1": 0.3873957367933271,
    "predict_park_number": 458,