{
    "predict_GPE_f1": 0.7687516469827277,
    "predict_GPE_number": 20409,
    "predict_GPE_precision": 0.7520858723164902,
    "predict_GPE_recall": 0.7861727669165565,
    "predict_actor_f1": 0.6810486073184053,
    "predict_actor_number": 1638,
    "predict_actor_precision": 0.616106719367589,
    "predict_actor_recall": 0.7612942612942613,
    "predict_airplane_f1": 0.5393532641854789,
    "predict_airplane_number": 794,
    "predict_airplane_precision": 0.5230769230769231,
    "predict_airplane_recall": 0.5566750629722922,
    "predict_airport_f1": 0.6904761904761904,
    "predict_airport_number": 364,
    "predict_airport_precision": 0.6092436974789915,
    "predict_airport_recall": 0.7967032967032966,
    "predict_artist/author_f1": 0.6258944241933306,
    "predict_artist/author_number": 3464,
    "predict_artist/author_precision": 0.5878772508242455,
    "predict_artist/author_recall": 0.6691685912240185,
    "predict_astronomything_f1": 0.681784930504755,
    "predict_astronomything_number": 678,
    "predict_astronomything_precision": 0.6763425253991292,
    "predict_astronomything_recall": 0.6873156342182891,
    "predict_athlete_f1": 0.7903745127944416,
    "predict_athlete_number": 2907,
    "predict_athlete_precision": 0.7788911155644622,
    "predict_athlete_recall": 0.8022015823873409,
    "predict_attack/battle/war/militaryconflict_f1": 0.648995297135528,
    "predict_attack/battle/war/militaryconflict_number": 1099,
    "predict_attack/battle/war/militaryconflict_precision": 0.6120967741935484,
    "predict_attack/battle/war/militaryconflict_recall": 0.6906278434940856,
    "predict_award_f1": 0.48388603456328816,
    "predict_award_number": 941,
    "predict_award_precision": 0.43166666666666664,
    "predict_award_recall": 0.5504782146652497,
    "predict_biologything_f1": 0.5210769649170519,
    "predict_biologything_number": 1875,
    "predict_biologything_precision": 0.5316315205327414,
    "predict_biologything_recall": 0.5109333333333334,
    "predict_bodiesofwater_f1": 0.6379928315412186,
    "predict_bodiesofwater_number": 1169,
    "predict_bodiesofwater_precision": 0.5968703427719821,
    "predict_bodiesofwater_recall": 0.6852010265183918,
    "predict_broadcastprogram_f1": 0.41551724137931034,
    "predict_broadcastprogram_number": 605,
    "predict_broadcastprogram_precision": 0.43423423423423424,
    "predict_broadcastprogram_recall": 0.39834710743801655,
    "predict_car_f1": 0.5691056910569106,
    "predict_car_number": 688,
    "predict_car_precision": 0.5329949238578681,
    "predict_car_recall": 0.6104651162790697,
    "predict_chemicalthing_f1": 0.4791919191919192,
    "predict_chemicalthing_number": 1014,
    "predict_chemicalthing_precision": 0.405886379192334,
    "predict_chemicalthing_recall": 0.5848126232741617,
    "predict_company_f1": 0.593245592252297,
    "predict_company_number": 3903,
    "predict_company_precision": 0.5755239701276801,
    "predict_company_recall": 0.612093261593646,
    "predict_currency_f1": 0.6702637889688249,
    "predict_currency_number": 799,
    "predict_currency_precision": 0.6432681242807825,
    "predict_currency_recall": 0.6996245306633292,
    "predict_director_f1": 0.5976430976430976,
    "predict_director_number": 554,
    "predict_director_precision": 0.5599369085173501,
    "predict_director_recall": 0.6407942238267148,
    "predict_disaster_f1": 0.38427947598253276,
    "predict_disaster_number": 207,
    "predict_disaster_precision": 0.350597609561753,
    "predict_disaster_recall": 0.4251207729468599,
    "predict_disease_f1": 0.5229309435951502,
    "predict_disease_number": 750,
    "predict_disease_precision": 0.43243243243243246,
    "predict_disease_recall": 0.6613333333333333,
    "predict_education_f1": 0.7123159616732883,
    "predict_education_number": 2082,
    "predict_education_precision": 0.6936731907146109,
    "predict_education_recall": 0.7319884726224783,
    "predict_educationaldegree_f1": 0.4558991981672394,
    "predict_educationaldegree_number": 367,
    "predict_educationaldegree_precision": 0.3932806324110672,
    "predict_educationaldegree_recall": 0.5422343324250681,
    "predict_election_f1": 0.2066115702479339,
    "predict_election_number": 184,
    "predict_election_precision": 0.16666666666666666,
    "predict_election_recall": 0.2717391304347826,
    "predict_film_f1": 0.6060968320382546,
    "predict_film_number": 759,
    "predict_film_precision": 0.5547045951859956,
    "predict_film_recall": 0.6679841897233202,
    "predict_food_f1": 0.42218246869409654,
    "predict_food_number": 432,
    "predict_food_precision": 0.34402332361516036,
    "predict_food_recall": 0.5462962962962963,
    "predict_game_f1": 0.601823708206687,
    "predict_game_number": 496,
    "predict_game_precision": 0.604887983706721,
    "predict_game_recall": 0.5987903225806451,
    "predict_god_f1": 0.543103448275862,
    "predict_god_number": 635,
    "predict_god_precision": 0.6,
    "predict_god_recall": 0.49606299212598426,
    "predict_government/governmentagency_f1": 0.3083778966131907,
    "predict_government/governmentagency_number": 1535,
    "predict_government/governmentagency_precision": 0.2834516657564173,
    "predict_government/governmentagency_recall": 0.33811074918566775,
    "predict_hospital_f1": 0.6246851385390428,
    "predict_hospital_number": 364,
    "predict_hospital_precision": 0.5767441860465117,
    "predict_hospital_recall": 0.6813186813186813,
    "predict_hotel_f1": 0.5709459459459459,
    "predict_hotel_number": 265,
    "predict_hotel_precision": 0.5168195718654435,
    "predict_hotel_recall": 0.6377358490566037,
    "predict_island_f1": 0.5589171974522292,
    "predict_island_number": 646,
    "predict_island_precision": 0.5754098360655737,
    "predict_island_recall": 0.5433436532507739,
    "predict_language_f1": 0.6221142162818956,
    "predict_language_number": 753,
    "predict_language_precision": 0.5733482642777156,
    "predict_language_recall": 0.6799468791500664,
    "predict_law_f1": 0.483613817537644,
    "predict_law_number": 488,
    "predict_law_precision": 0.42589703588143524,
    "predict_law_recall": 0.5594262295081968,
    "predict_library_f1": 0.6523489932885906,
    "predict_library_number": 357,
    "predict_library_precision": 0.6262886597938144,
    "predict_library_recall": 0.680672268907563,
    "predict_livingthing_f1": 0.5414141414141413,
    "predict_livingthing_number": 865,
    "predict_livingthing_precision": 0.48071748878923765,
    "predict_livingthing_recall": 0.6196531791907515,
    "predict_loss": 0.4457204341888428,
    "predict_media/newspaper_f1": 0.5453863465866466,
    "predict_media/newspaper_number": 1234,
    "predict_media/newspaper_precision": 0.50768156424581,
    "predict_media/newspaper_recall": 0.5891410048622366,
    "predict_medical_f1": 0.3744911804613297,
    "predict_medical_number": 397,
    "predict_medical_precision": 0.40588235294117647,
    "predict_medical_recall": 0.34760705289672544,
    "predict_mountain_f1": 0.5801186943620179,
    "predict_mountain_number": 681,
    "predict_mountain_precision": 0.5862068965517241,
    "predict_mountain_recall": 0.5741556534508077,
    "predict_music_f1": 0.6717850287907869,
    "predict_music_number": 1041,
    "predict_music_precision": 0.6711409395973155,
    "predict_music_recall": 0.6724303554274735,
    "predict_other_f1": 0.47836426269585514,
    "predict_other_number": 21035,
    "predict_other_precision": 0.4491652754590985,
    "predict_other_recall": 0.5116234846684098,
    "predict_overall_accuracy": 0.9053823120034221,
    "predict_overall_f1": 0.5873870887544543,
    "predict_overall_precision": 0.5565789352129851,
    "predict_overall_recall": 0.62180572183462,
    "predict_painting_f1": 0.13636363636363635,
    "predict_painting_number": 58,
    "predict_painting_precision": 0.2,
    "predict_painting_recall": 0.10344827586206896,
    "predict_park_f1": 0.4721115537848606,
    "predict_park_number": 458,