{
    "predict_GPE_f1": 0.7669725640843235,
    "predict_GPE_number": 20409,
    "predict_GPE_precision": 0.7431302270011948,
    "predict_GPE_recall": 0.7923955117840169,
    "predict_actor_f1": 0.7011114448783418,
    "predict_actor_number": 1638,
    "predict_actor_precision": 0.6901241868716735,
    "predict_actor_recall": 0.7124542124542125,
    "predict_airplane_f1": 0.5189003436426115,
    "predict_airplane_number": 794,
    "predict_airplane_precision": 0.47584033613445376,
    "predict_airplane_recall": 0.570528967254408,
    "predict_airport_f1": 0.6758448060075095,
    "predict_airport_number": 364,
    "predict_airport_precision": 0.6206896551724138,
    "predict_airport_recall": 0.7417582417582418,
    "predict_artist/author_f1": 0.5834435334567576,
    "predict_artist/author_number": 3464,
    "predict_artist/author_precision": 0.5383113714006833,
    "predict_artist/author_recall": 0.6368360277136259,
    "predict_astronomything_f1": 0.6445229681978799,
    "predict_astronomything_number": 678,
    "predict_astronomything_precision": 0.6187245590230664,
    "predict_astronomything_recall": 0.672566371681416,
    "predict_athlete_f1": 0.7756213823629554,
    "predict_athlete_number": 2907,
    "predict_athlete_precision": 0.7677789012470508,
    "predict_athlete_recall": 0.783625730994152,
    "predict_attack/battle/war/militaryconflict_f1": 0.6230667255855059,
    "predict_attack/battle/war/militaryconflict_number": 1099,
    "predict_attack/battle/war/militaryconflict_precision": 0.6056701030927835,
    "predict_attack/battle/war/militaryconflict_recall": 0.6414922656960873,
    "predict_award_f1": 0.498300145701797,
    "predict_award_number": 941,
    "predict_award_precision": 0.4588550983899821,
    "predict_award_recall": 0.5451647183846972,
    "predict_biologything_f1": 0.5395398042845808,
    "predict_biologything_number": 1875,
    "predict_biologything_precision": 0.5351521511017838,
    "predict_biologything_recall": 0.544,
    "predict_bodiesofwater_f1": 0.6230975828111013,
    "predict_bodiesofwater_number": 1169,
    "predict_bodiesofwater_precision": 0.6535211267605634,
    "predict_bodiesofwater_recall": 0.5953806672369547,
    "predict_broadcastprogram_f1": 0.4489477786438036,
    "predict_broadcastprogram_number": 605,
    "predict_broadcastprogram_precision": 0.4247787610619469,
    "predict_broadcastprogram_recall": 0.47603305785123967,
    "predict_car_f1": 0.5516769336071184,
    "predict_car_number": 688,
    "predict_car_precision": 0.5213454075032341,
    "predict_car_recall": 0.5857558139534884,
    "predict_chemicalthing_f1": 0.45295829291949563,
    "predict_chemicalthing_number": 1014,
    "predict_chemicalthing_precision": 0.44561068702290074,
    "predict_chemicalthing_recall": 0.46055226824457596,
    "predict_company_f1": 0.5514696526275608,
    "predict_company_number": 3903,
    "predict_company_precision": 0.5477755308392316,
    "predict_company_recall": 0.555213937996413,
    "predict_currency_f1": 0.6573751451800233,
    "predict_currency_number": 799,
    "predict_currency_precision": 0.6132177681473456,
    "predict_currency_recall": 0.7083854818523154,
    "predict_director_f1": 0.5421487603305785,
    "predict_director_number": 554,
    "predict_director_precision": 0.5,
    "predict_director_recall": 0.592057761732852,
    "predict_disaster_f1": 0.42105263157894735,
    "predict_disaster_number": 207,
    "predict_disaster_precision": 0.41706161137440756,
    "predict_disaster_recall": 0.4251207729468599,
    "predict_disease_f1": 0.5387283236994219,
    "predict_disease_number": 750,
    "predict_disease_precision": 0.47551020408163264,
    "predict_disease_recall": 0.6213333333333333,
    "predict_education_f1": 0.6808122290668492,
    "predict_education_number": 2082,
    "predict_education_precision": 0.6484137331594959,
    "predict_education_recall": 0.7166186359269933,
    "predict_educationaldegree_f1": 0.44067796610169496,
    "predict_educationaldegree_number": 367,
    "predict_educationaldegree_precision": 0.39651416122004357,
    "predict_educationaldegree_recall": 0.49591280653950953,
    "predict_election_f1": 0.13827160493827162,
    "predict_election_number": 184,
    "predict_election_precision": 0.12669683257918551,
    "predict_election_recall": 0.15217391304347827,
    "predict_film_f1": 0.6062581486310299,
    "predict_film_number": 759,
    "predict_film_precision": 0.6,
    "predict_film_recall": 0.6126482213438735,
    "predict_food_f1": 0.4202745512143612,
    "predict_food_number": 432,
    "predict_food_precision": 0.3864077669902913,
    "predict_food_recall": 0.46064814814814814,
    "predict_game_f1": 0.5440613026819924,
    "predict_game_number": 496,
    "predict_game_precision": 0.5182481751824818,
    "predict_game_recall": 0.5725806451612904,
    "predict_god_f1": 0.5679574791192104,
    "predict_god_number": 635,
    "predict_god_precision": 0.5483870967741935,
    "predict_god_recall": 0.5889763779527559,
    "predict_government/governmentagency_f1": 0.3355893965031021,
    "predict_government/governmentagency_number": 1535,
    "predict_government/governmentagency_precision": 0.2958727001491795,
    "predict_government/governmentagency_recall": 0.38762214983713356,
    "predict_hospital_f1": 0.5780645161290322,
    "predict_hospital_number": 364,
    "predict_hospital_precision": 0.5450121654501217,
    "predict_hospital_recall": 0.6153846153846154,
    "predict_hotel_f1": 0.5168539325842696,
    "predict_hotel_number": 265,
    "predict_hotel_precision": 0.5130111524163569,
    "predict_hotel_recall": 0.5207547169811321,
    "predict_island_f1": 0.5016129032258064,
    "predict_island_number": 646,
    "predict_island_precision": 0.5235690235690236,
    "predict_island_recall": 0.48142414860681115,
    "predict_language_f1": 0.6073546856465006,
    "predict_language_number": 753,
    "predict_language_precision": 0.5487674169346195,
    "predict_language_recall": 0.6799468791500664,
    "predict_law_f1": 0.44465116279069766,
    "predict_law_number": 488,
    "predict_law_precision": 0.4071550255536627,
    "predict_law_recall": 0.48975409836065575,
    "predict_library_f1": 0.5764411027568923,
    "predict_library_number": 357,
    "predict_library_precision": 0.5215419501133787,
    "predict_library_recall": 0.6442577030812325,
    "predict_livingthing_f1": 0.542814221331998,
    "predict_livingthing_number": 865,
    "predict_livingthing_precision": 0.4787985865724382,
    "predict_livingthing_recall": 0.6265895953757226,
    "predict_loss": 0.6495237350463867,
    "predict_media/newspaper_f1": 0.5449101796407185,
    "predict_media/newspaper_number": 1234,
    "predict_media/newspaper_precision": 0.5062586926286509,
    "predict_media/newspaper_recall": 0.5899513776337115,
    "predict_medical_f1": 0.41471571906354515,
    "predict_medical_number": 397,
    "predict_medical_precision": 0.372,
    "predict_medical_recall": 0.46851385390428213,
    "predict_mountain_f1": 0.5324414715719064,
    "predict_mountain_number": 681,
    "predict_mountain_precision": 0.48894348894348894,
    "predict_mountain_recall": 0.5844346549192364,
    "predict_music_f1": 0.6272076372315035,
    "predict_music_number": 1041,
    "predict_music_precision": 0.6233396584440227,
    "predict_music_recall": 0.6311239193083573,
    "predict_other_f1": 0.4625484000178023,
    "predict_other_number": 21035,
    "predict_other_precision": 0.43479897920763083,
    "predict_other_recall": 0.49408129308295695,
    "predict_overall_accuracy": 0.9032098009454386,
    "predict_overall_f1": 0.5746444335458558,
    "predict_overall_precision": 0.5474824312200957,
    "predict_overall_recall": 0.6046422821285555,
    "predict_painting_f1": 0.3373493975903614,
    "predict_painting_number": 58,
    "predict_painting_precision": 0.25925925925925924,
    "predict_painting_recall": 0.4827586206896552,
    "predict_park_f1": 0.4738400789733465,
    "predict_park_number": 458,