{
    "predict_GPE_f1": 0.756629234689063,
    "predict_GPE_number": 20409,
    "predict_GPE_precision": 0.7296055325538013,
    "predict_GPE_recall": 0.7857317849968152,
    "predict_actor_f1": 0.6920854997111496,
    "predict_actor_number": 1638,
    "predict_actor_precision": 0.6567982456140351,
    "predict_actor_recall": 0.7313797313797313,
    "predict_airplane_f1": 0.5346031746031745,
    "predict_airplane_number": 794,
    "predict_airplane_precision": 0.5390524967989757,
    "predict_airplane_recall": 0.5302267002518891,
    "predict_airport_f1": 0.6843373493975904,
    "predict_airport_number": 364,
    "predict_airport_precision": 0.6094420600858369,
    "predict_airport_recall": 0.7802197802197802,
    "predict_artist/author_f1": 0.6082986437491607,
    "predict_artist/author_number": 3464,
    "predict_artist/author_precision": 0.56866683404469,
    "predict_artist/author_recall": 0.6538683602771362,
    "predict_astronomything_f1": 0.654312188168211,
    "predict_astronomything_number": 678,
    "predict_astronomything_precision": 0.6331034482758621,
    "predict_astronomything_recall": 0.6769911504424779,
    "predict_athlete_f1": 0.7887655566767576,
    "predict_athlete_number": 2907,
    "predict_athlete_precision": 0.7716354063836789,
    "predict_athlete_recall": 0.8066735466116272,
    "predict_attack/battle/war/militaryconflict_f1": 0.592964824120603,
    "predict_attack/battle/war/militaryconflict_number": 1099,
    "predict_attack/battle/war/militaryconflict_precision": 0.5492629945694336,
    "predict_attack/battle/war/militaryconflict_recall": 0.6442220200181984,
    "predict_award_f1": 0.4586739327883742,
    "predict_award_number": 941,
    "predict_award_precision": 0.4004758128469469,
    "predict_award_recall": 0.536663124335813,
    "predict_biologything_f1": 0.5298406697272482,
    "predict_biologything_number": 1875,
    "predict_biologything_precision": 0.5366520787746171,
    "predict_biologything_recall": 0.5232,
    "predict_bodiesofwater_f1": 0.6261350177654954,
    "predict_bodiesofwater_number": 1169,
    "predict_bodiesofwater_precision": 0.5813782991202346,
    "predict_bodiesofwater_recall": 0.6783575705731394,
    "predict_broadcastprogram_f1": 0.40544871794871795,
    "predict_broadcastprogram_number": 605,
    "predict_broadcastprogram_precision": 0.39346811819595645,
    "predict_broadcastprogram_recall": 0.41818181818181815,
    "predict_car_f1": 0.5954692556634305,
    "predict_car_number": 688,
    "predict_car_precision": 0.5367561260210035,
    "predict_car_recall": 0.6686046511627907,
    "predict_chemicalthing_f1": 0.5020576131687243,
    "predict_chemicalthing_number": 1014,
    "predict_chemicalthing_precision": 0.4307909604519774,
    "predict_chemicalthing_recall": 0.6015779092702169,
    "predict_company_f1": 0.5849582172701949,
    "predict_company_number": 3903,
    "predict_company_precision": 0.5546623794212219,
    "predict_company_recall": 0.6187548039969254,
    "predict_currency_f1": 0.6789625360230548,
    "predict_currency_number": 799,
    "predict_currency_precision": 0.6292735042735043,
    "predict_currency_recall": 0.737171464330413,
    "predict_director_f1": 0.5454545454545454,
    "predict_director_number": 554,
    "predict_director_precision": 0.49201741654571846,
    "predict_director_recall": 0.6119133574007221,
    "predict_disaster_f1": 0.3612334801762115,
    "predict_disaster_number": 207,
    "predict_disaster_precision": 0.3319838056680162,
    "predict_disaster_recall": 0.3961352657004831,
    "predict_disease_f1": 0.5279642058165548,
    "predict_disease_number": 750,
    "predict_disease_precision": 0.45472061657032753,
    "predict_disease_recall": 0.6293333333333333,
    "predict_education_f1": 0.6538635336647085,
    "predict_education_number": 2082,
    "predict_education_precision": 0.617320819112628,
    "predict_education_recall": 0.6950048030739674,
    "predict_educationaldegree_f1": 0.4406779661016949,
    "predict_educationaldegree_number": 367,
    "predict_educationaldegree_precision": 0.3764478764478765,
    "predict_educationaldegree_recall": 0.5313351498637602,
    "predict_election_f1": 0.2201834862385321,
    "predict_election_number": 184,
    "predict_election_precision": 0.19047619047619047,
    "predict_election_recall": 0.2608695652173913,
    "predict_film_f1": 0.568299711815562,
    "predict_film_number": 759,
    "predict_film_precision": 0.5051229508196722,
    "predict_film_recall": 0.6495388669301713,
    "predict_food_f1": 0.4297832233741753,
    "predict_food_number": 432,
    "predict_food_precision": 0.3624801271860095,
    "predict_food_recall": 0.5277777777777778,
    "predict_game_f1": 0.5776892430278884,
    "predict_game_number": 496,
    "predict_game_precision": 0.5708661417322834,
    "predict_game_recall": 0.5846774193548387,
    "predict_god_f1": 0.5864541832669322,
    "predict_god_number": 635,
    "predict_god_precision": 0.5935483870967742,
    "predict_god_recall": 0.5795275590551181,
    "predict_government/governmentagency_f1": 0.30328559393428817,
    "predict_government/governmentagency_number": 1535,
    "predict_government/governmentagency_precision": 0.2665350444225074,
    "predict_government/governmentagency_recall": 0.3517915309446254,
    "predict_hospital_f1": 0.5808080808080808,
    "predict_hospital_number": 364,
    "predict_hospital_precision": 0.5373831775700935,
    "predict_hospital_recall": 0.6318681318681318,
    "predict_hotel_f1": 0.5184,
    "predict_hotel_number": 265,
    "predict_hotel_precision": 0.45,
    "predict_hotel_recall": 0.6113207547169811,
    "predict_island_f1": 0.542794440380395,
    "predict_island_number": 646,
    "predict_island_precision": 0.5145631067961165,
    "predict_island_recall": 0.5743034055727554,
    "predict_language_f1": 0.6468531468531468,
    "predict_language_number": 753,
    "predict_language_precision": 0.5763239875389408,
    "predict_language_recall": 0.7370517928286853,
    "predict_law_f1": 0.4624090541632983,
    "predict_law_number": 488,
    "predict_law_precision": 0.3818424566088118,
    "predict_law_recall": 0.5860655737704918,
    "predict_library_f1": 0.5745992601726264,
    "predict_library_number": 357,
    "predict_library_precision": 0.513215859030837,
    "predict_library_recall": 0.6526610644257703,
    "predict_livingthing_f1": 0.5371604305484367,
    "predict_livingthing_number": 865,
    "predict_livingthing_precision": 0.48250460405156537,
    "predict_livingthing_recall": 0.6057803468208093,
    "predict_loss": 0.4341069459915161,
    "predict_media/newspaper_f1": 0.5473760932944607,
    "predict_media/newspaper_number": 1234,
    "predict_media/newspaper_precision": 0.49735099337748345,
    "predict_media/newspaper_recall": 0.6085899513776337,
    "predict_medical_f1": 0.3597883597883598,
    "predict_medical_number": 397,
    "predict_medical_precision": 0.3788300835654596,
    "predict_medical_recall": 0.3425692695214106,
    "predict_mountain_f1": 0.5871559633027522,
    "predict_mountain_number": 681,
    "predict_mountain_precision": 0.5652173913043478,
    "predict_mountain_recall": 0.6108663729809104,
    "predict_music_f1": 0.6529274004683842,
    "predict_music_number": 1041,
    "predict_music_precision": 0.6371115173674589,
    "predict_music_recall": 0.6695485110470701,
    "predict_other_f1": 0.46227872687944205,
    "predict_other_number": 21035,
    "predict_other_precision": 0.43146141485723705,
    "predict_other_recall": 0.4978369384359401,
    "predict_overall_accuracy": 0.9044040848853596,
    "predict_overall_f1": 0.5769727707497686,
    "predict_overall_precision": 0.5413726341692904,
    "predict_overall_recall": 0.6175845271023408,
    "predict_painting_f1": 0.0,
    "predict_painting_number": 58,
    "predict_painting_precision": 0.0,
    "predict_painting_recall": 0.0,
    "predict_park_f1": 0.4396284829721362,
    "predict_park_number": 458,
    "predict_park_precision": 0.41682974559686886,