{
    "predict_GPE_f1": 0.7471114996573968,
    "predict_GPE_number": 20409,
    "predict_GPE_precision": 0.721456603084786,
    "predict_GPE_recall": 0.7746582390122005,
    "predict_actor_f1": 0.6685440720923684,
    "predict_actor_number": 1638,
    "predict_actor_precision": 0.6204913748039729,
    "predict_actor_recall": 0.7246642246642246,
    "predict_airplane_f1": 0.4942841589548177,
    "predict_airplane_number": 794,
    "predict_airplane_precision": 0.43528283796740175,
    "predict_airplane_recall": 0.5717884130982368,
    "predict_airport_f1": 0.646415552855407,
    "predict_airport_number": 364,
    "predict_airport_precision": 0.579520697167756,
    "predict_airport_recall": 0.7307692307692307,
    "predict_artist/author_f1": 0.5804776739356178,
    "predict_artist/author_number": 3464,
    "predict_artist/author_precision": 0.5273584905660378,
    "predict_artist/author_recall": 0.6454965357967667,
    "predict_astronomything_f1": 0.6117814052519518,
    "predict_astronomything_number": 678,
    "predict_astronomything_precision": 0.5896032831737346,
    "predict_astronomything_recall": 0.6356932153392331,
    "predict_athlete_f1": 0.7619821283509342,
    "predict_athlete_number": 2907,
    "predict_athlete_precision": 0.7219827586206896,
    "predict_athlete_recall": 0.8066735466116272,
    "predict_attack/battle/war/militaryconflict_f1": 0.6026086956521738,
    "predict_attack/battle/war/militaryconflict_number": 1099,
    "predict_attack/battle/war/militaryconflict_precision": 0.5770191507077436,
    "predict_attack/battle/war/militaryconflict_recall": 0.6305732484076433,
    "predict_award_f1": 0.4783258594917788,
    "predict_award_number": 941,
    "predict_award_precision": 0.450281425891182,
    "predict_award_recall": 0.51009564293305,
    "predict_biologything_f1": 0.5327555442263574,
    "predict_biologything_number": 1875,
    "predict_biologything_precision": 0.51025390625,
    "predict_biologything_recall": 0.5573333333333333,
    "predict_bodiesofwater_f1": 0.599826388888889,
    "predict_bodiesofwater_number": 1169,
    "predict_bodiesofwater_precision": 0.6088105726872247,
    "predict_bodiesofwater_recall": 0.5911035072711719,
    "predict_broadcastprogram_f1": 0.4393491124260355,
    "predict_broadcastprogram_number": 605,
    "predict_broadcastprogram_precision": 0.39759036144578314,
    "predict_broadcastprogram_recall": 0.4909090909090909,
    "predict_car_f1": 0.5518672199170124,
    "predict_car_number": 688,
    "predict_car_precision": 0.5263852242744064,
    "predict_car_recall": 0.5799418604651163,
    "predict_chemicalthing_f1": 0.46989720998531564,
    "predict_chemicalthing_number": 1014,
    "predict_chemicalthing_precision": 0.46647230320699706,
    "predict_chemicalthing_recall": 0.47337278106508873,
    "predict_company_f1": 0.5446903201879095,
    "predict_company_number": 3903,
    "predict_company_precision": 0.5262780697563306,
    "predict_company_recall": 0.5644376120932616,
    "predict_currency_f1": 0.6732673267326733,
    "predict_currency_number": 799,
    "predict_currency_precision": 0.6296296296296297,
    "predict_currency_recall": 0.723404255319149,
    "predict_director_f1": 0.5215348472983554,
    "predict_director_number": 554,
    "predict_director_precision": 0.4605809128630705,
    "predict_director_recall": 0.6010830324909747,
    "predict_disaster_f1": 0.4063926940639269,
    "predict_disaster_number": 207,
    "predict_disaster_precision": 0.3852813852813853,
    "predict_disaster_recall": 0.42995169082125606,
    "predict_disease_f1": 0.5330321852060983,
    "predict_disease_number": 750,
    "predict_disease_precision": 0.4622918707149853,
    "predict_disease_recall": 0.6293333333333333,
    "predict_education_f1": 0.6314611769970911,
    "predict_education_number": 2082,
    "predict_education_precision": 0.5911185588604944,
    "predict_education_recall": 0.6777137367915466,
    "predict_educationaldegree_f1": 0.41162790697674423,
    "predict_educationaldegree_number": 367,
    "predict_educationaldegree_precision": 0.359026369168357,
    "predict_educationaldegree_recall": 0.4822888283378747,
    "predict_election_f1": 0.11506849315068493,
    "predict_election_number": 184,
    "predict_election_precision": 0.11602209944751381,
    "predict_election_recall": 0.11413043478260869,
    "predict_film_f1": 0.5682792406613595,
    "predict_film_number": 759,
    "predict_film_precision": 0.5308924485125858,
    "predict_film_recall": 0.61133069828722,
    "predict_food_f1": 0.3885350318471337,
    "predict_food_number": 432,
    "predict_food_precision": 0.3588235294117647,
    "predict_food_recall": 0.4236111111111111,
    "predict_game_f1": 0.5124423963133641,
    "predict_game_number": 496,
    "predict_game_precision": 0.47198641765704585,
    "predict_game_recall": 0.5604838709677419,
    "predict_god_f1": 0.5530358449158742,
    "predict_god_number": 635,
    "predict_god_precision": 0.5163934426229508,
    "predict_god_recall": 0.5952755905511811,
    "predict_government/governmentagency_f1": 0.30501594665120324,
    "predict_government/governmentagency_number": 1535,
    "predict_government/governmentagency_precision": 0.27481713688610243,
    "predict_government/governmentagency_recall": 0.34267100977198695,
    "predict_hospital_f1": 0.5274725274725275,
    "predict_hospital_number": 364,
    "predict_hospital_precision": 0.4747252747252747,
    "predict_hospital_recall": 0.5934065934065934,
    "predict_hotel_f1": 0.5244755244755244,
    "predict_hotel_number": 265,
    "predict_hotel_precision": 0.48859934853420195,
    "predict_hotel_recall": 0.5660377358490566,
    "predict_island_f1": 0.5143769968051118,
    "predict_island_number": 646,
    "predict_island_precision": 0.5313531353135313,
    "predict_island_recall": 0.4984520123839009,
    "predict_language_f1": 0.6205191594561187,
    "predict_language_number": 753,
    "predict_language_precision": 0.5803468208092486,
    "predict_language_recall": 0.6666666666666666,
    "predict_law_f1": 0.4303086997193639,
    "predict_law_number": 488,
    "predict_law_precision": 0.3958691910499139,
    "predict_law_recall": 0.4713114754098361,
    "predict_library_f1": 0.4882629107981221,
    "predict_library_number": 357,
    "predict_library_precision": 0.4202020202020202,
    "predict_library_recall": 0.5826330532212886,
    "predict_livingthing_f1": 0.49516648764769067,
    "predict_livingthing_number": 865,
    "predict_livingthing_precision": 0.46238716148445336,
    "predict_livingthing_recall": 0.5329479768786127,
    "predict_loss": 0.624367892742157,
    "predict_media/newspaper_f1": 0.5088757396449703,
    "predict_media/newspaper_number": 1234,
    "predict_media/newspaper_precision": 0.46802721088435373,
    "predict_media/newspaper_recall": 0.5575364667747164,
    "predict_medical_f1": 0.4241019698725377,
    "predict_medical_number": 397,
    "predict_medical_precision": 0.3927038626609442,
    "predict_medical_recall": 0.4609571788413098,
    "predict_mountain_f1": 0.5362420830401126,
    "predict_mountain_number": 681,
    "predict_mountain_precision": 0.5148648648648648,
    "predict_mountain_recall": 0.5594713656387665,
    "predict_music_f1": 0.6145631067961166,
    "predict_music_number": 1041,
    "predict_music_precision": 0.6211972522080471,
    "predict_music_recall": 0.6080691642651297,
    "predict_other_f1": 0.4430385250891382,
    "predict_other_number": 21035,
    "predict_other_precision": 0.4081967869877008,
    "predict_other_recall": 0.4843831709056335,
    "predict_overall_accuracy": 0.9006410047619358,
    "predict_overall_f1": 0.5580547464264358,
    "predict_overall_precision": 0.5237724507531866,
    "predict_overall_recall": 0.5971390826900054,
    "predict_painting_f1": 0.35460992907801414,
    "predict_painting_number": 58,
    "predict_painting_precision": 0.30120481927710846,
    "predict_painting_recall": 0.43103448275862066,
    "predict_park_f1": 0.4100580270793037,