{
    "predict_GPE_f1": 0.7824263794910892,
    "predict_GPE_number": 20409,
    "predict_GPE_precision": 0.7614895886472198,
    "predict_GPE_recall": 0.8045470135724435,
    "predict_actor_f1": 0.7552229497973184,
    "predict_actor_number": 1638,
    "predict_actor_precision": 0.7718291905672403,
    "predict_actor_recall": 0.7393162393162394,
    "predict_airplane_f1": 0.579136690647482,
    "predict_airplane_number": 794,
    "predict_airplane_precision": 0.5526315789473685,
    "predict_airplane_recall": 0.6083123425692695,
    "predict_airport_f1": 0.7298335467349552,
    "predict_airport_number": 364,
    "predict_airport_precision": 0.6834532374100719,
    "predict_airport_recall": 0.782967032967033,
    "predict_artist/author_f1": 0.6290792945424247,
    "predict_artist/author_number": 3464,
    "predict_artist/author_precision": 0.6061011506556061,
    "predict_artist/author_recall": 0.6538683602771362,
    "predict_astronomything_f1": 0.691771269177127,
    "predict_astronomything_number": 678,
    "predict_astronomything_precision": 0.656084656084656,
    "predict_astronomything_recall": 0.7315634218289085,
    "predict_athlete_f1": 0.7914691943127962,
    "predict_athlete_number": 2907,
    "predict_athlete_precision": 0.7790736421192935,
    "predict_athlete_recall": 0.804265565875473,
    "predict_attack/battle/war/militaryconflict_f1": 0.6575583957690612,
    "predict_attack/battle/war/militaryconflict_number": 1099,
    "predict_attack/battle/war/militaryconflict_precision": 0.6376068376068376,
    "predict_attack/battle/war/militaryconflict_recall": 0.6787989080982711,
    "predict_award_f1": 0.5223123732251521,
    "predict_award_number": 941,
    "predict_award_precision": 0.49951503394762364,
    "predict_award_recall": 0.5472901168969182,
    "predict_biologything_f1": 0.5615788158880839,
    "predict_biologything_number": 1875,
    "predict_biologything_precision": 0.5281954887218046,
    "predict_biologything_recall": 0.5994666666666667,
    "predict_bodiesofwater_f1": 0.6352148272957034,
    "predict_bodiesofwater_number": 1169,
    "predict_bodiesofwater_precision": 0.6257261410788382,
    "predict_bodiesofwater_recall": 0.6449957228400343,
    "predict_broadcastprogram_f1": 0.48896156991005724,
    "predict_broadcastprogram_number": 605,
    "predict_broadcastprogram_precision": 0.48381877022653724,
    "predict_broadcastprogram_recall": 0.49421487603305786,
    "predict_car_f1": 0.616191904047976,
    "predict_car_number": 688,
    "predict_car_precision": 0.6362229102167183,
    "predict_car_recall": 0.5973837209302325,
    "predict_chemicalthing_f1": 0.4922480620155039,
    "predict_chemicalthing_number": 1014,
    "predict_chemicalthing_precision": 0.4838095238095238,
    "predict_chemicalthing_recall": 0.5009861932938856,
    "predict_company_f1": 0.5757764749906449,
    "predict_company_number": 3903,
    "predict_company_precision": 0.561011181332037,
    "predict_company_recall": 0.5913399948757366,
    "predict_currency_f1": 0.6779266161910308,
    "predict_currency_number": 799,
    "predict_currency_precision": 0.6339869281045751,
    "predict_currency_recall": 0.7284105131414268,
    "predict_director_f1": 0.6330680813439434,
    "predict_director_number": 554,
    "predict_director_precision": 0.6204506065857885,
    "predict_director_recall": 0.6462093862815884,
    "predict_disaster_f1": 0.4434389140271493,
    "predict_disaster_number": 207,
    "predict_disaster_precision": 0.41702127659574467,
    "predict_disaster_recall": 0.47342995169082125,
    "predict_disease_f1": 0.5614678899082569,
    "predict_disease_number": 750,
    "predict_disease_precision": 0.5186440677966102,
    "predict_disease_recall": 0.612,
    "predict_education_f1": 0.698767155152361,
    "predict_education_number": 2082,
    "predict_education_precision": 0.6774921064501579,
    "predict_education_recall": 0.7214217098943324,
    "predict_educationaldegree_f1": 0.5043263288009889,
    "predict_educationaldegree_number": 367,
    "predict_educationaldegree_precision": 0.46153846153846156,
    "predict_educationaldegree_recall": 0.555858310626703,
    "predict_election_f1": 0.2009803921568627,
    "predict_election_number": 184,
    "predict_election_precision": 0.18303571428571427,
    "predict_election_recall": 0.22282608695652173,
    "predict_film_f1": 0.6290322580645161,
    "predict_film_number": 759,
    "predict_film_precision": 0.5943728018757327,
    "predict_film_recall": 0.6679841897233202,
    "predict_food_f1": 0.3870220162224797,
    "predict_food_number": 432,
    "predict_food_precision": 0.3874709976798144,
    "predict_food_recall": 0.38657407407407407,
    "predict_game_f1": 0.5652173913043478,
    "predict_game_number": 496,
    "predict_game_precision": 0.5542635658914729,
    "predict_game_recall": 0.5766129032258065,
    "predict_god_f1": 0.6045801526717557,
    "predict_god_number": 635,
    "predict_god_precision": 0.5866666666666667,
    "predict_god_recall": 0.6236220472440945,
    "predict_government/governmentagency_f1": 0.35974842767295595,
    "predict_government/governmentagency_number": 1535,
    "predict_government/governmentagency_precision": 0.34772036474164136,
    "predict_government/governmentagency_recall": 0.37263843648208467,
    "predict_hospital_f1": 0.6007416563658838,
    "predict_hospital_number": 364,
    "predict_hospital_precision": 0.5460674157303371,
    "predict_hospital_recall": 0.6675824175824175,
    "predict_hotel_f1": 0.5724381625441695,
    "predict_hotel_number": 265,
    "predict_hotel_precision": 0.5382059800664452,
    "predict_hotel_recall": 0.6113207547169811,
    "predict_island_f1": 0.5791090629800306,
    "predict_island_number": 646,
    "predict_island_precision": 0.5746951219512195,
    "predict_island_recall": 0.5835913312693498,
    "predict_language_f1": 0.6511904761904763,
    "predict_language_number": 753,
    "predict_language_precision": 0.5900755124056095,
    "predict_language_recall": 0.7264276228419655,
    "predict_law_f1": 0.5210727969348659,
    "predict_law_number": 488,
    "predict_law_precision": 0.4892086330935252,
    "predict_law_recall": 0.5573770491803278,
    "predict_library_f1": 0.6235446313065978,
    "predict_library_number": 357,
    "predict_library_precision": 0.5793269230769231,
    "predict_library_recall": 0.6750700280112045,
    "predict_livingthing_f1": 0.5196850393700787,
    "predict_livingthing_number": 865,
    "predict_livingthing_precision": 0.47596153846153844,
    "predict_livingthing_recall": 0.5722543352601156,
    "predict_loss": 0.7242567539215088,
    "predict_media/newspaper_f1": 0.5608591885441528,
    "predict_media/newspaper_number": 1234,
    "predict_media/newspaper_precision": 0.55078125,
    "predict_media/newspaper_recall": 0.5713128038897893,
    "predict_medical_f1": 0.40625,
    "predict_medical_number": 397,
    "predict_medical_precision": 0.38850574712643676,
    "predict_medical_recall": 0.4256926952141058,
    "predict_mountain_f1": 0.6170678336980308,
    "predict_mountain_number": 681,
    "predict_mountain_precision": 0.6130434782608696,
    "predict_mountain_recall": 0.6211453744493393,
    "predict_music_f1": 0.6820536975977392,
    "predict_music_number": 1041,
    "predict_music_precision": 0.6691312384473198,
    "predict_music_recall": 0.6954851104707013,
    "predict_other_f1": 0.5064285058315732,
    "predict_other_number": 21035,
    "predict_other_precision": 0.4897207051196661,
    "predict_other_recall": 0.5243166151652009,
    "predict_overall_accuracy": 0.9103494474808209,
    "predict_overall_f1": 0.6110084339210011,
    "predict_overall_precision": 0.5905532283692041,
    "predict_overall_recall": 0.632931511373488,
    "predict_painting_f1": 0.4324324324324324,
    "predict_painting_number": 58,
    "predict_painting_precision": 0.35555555555555557,
    "predict_painting_recall": 0.5517241379310345,
    "predict_park_f1": 0.5347150259067358,
    "predict_park_number": 458,