{
    "predict_GPE_f1": 0.7884516640993324,
    "predict_GPE_number": 20409,
    "predict_GPE_precision": 0.7528190043232161,
    "predict_GPE_recall": 0.8276250673722377,
    "predict_actor_f1": 0.6756756756756757,
    "predict_actor_number": 1638,
    "predict_actor_precision": 0.6648936170212766,
    "predict_actor_recall": 0.6868131868131868,
    "predict_airplane_f1": 0.5265772478887233,
    "predict_airplane_number": 794,
    "predict_airplane_precision": 0.43478260869565216,
    "predict_airplane_recall": 0.6675062972292192,
    "predict_airport_f1": 0.7310344827586206,
    "predict_airport_number": 364,
    "predict_airport_precision": 0.7340720221606648,
    "predict_airport_recall": 0.728021978021978,
    "predict_artist/author_f1": 0.6010012176971993,
    "predict_artist/author_number": 3464,
    "predict_artist/author_precision": 0.5655716832187421,
    "predict_artist/author_recall": 0.6411662817551963,
    "predict_astronomything_f1": 0.5677123182861515,
    "predict_astronomything_number": 678,
    "predict_astronomything_precision": 0.589825119236884,
    "predict_astronomything_recall": 0.5471976401179941,
    "predict_athlete_f1": 0.7980009672738997,
    "predict_athlete_number": 2907,
    "predict_athlete_precision": 0.7509101941747572,
    "predict_athlete_recall": 0.8513931888544891,
    "predict_attack/battle/war/militaryconflict_f1": 0.6078582434514638,
    "predict_attack/battle/war/militaryconflict_number": 1099,
    "predict_attack/battle/war/militaryconflict_precision": 0.5270541082164328,
    "predict_attack/battle/war/militaryconflict_recall": 0.7179253867151957,
    "predict_award_f1": 0.4468587623996221,
    "predict_award_number": 941,
    "predict_award_precision": 0.40221088435374147,
    "predict_award_recall": 0.5026567481402763,
    "predict_biologything_f1": 0.5502866076081293,
    "predict_biologything_number": 1875,
    "predict_biologything_precision": 0.5379521141110545,
    "predict_biologything_recall": 0.5632,
    "predict_bodiesofwater_f1": 0.6336173508907823,
    "predict_bodiesofwater_number": 1169,
    "predict_bodiesofwater_precision": 0.5789101203113942,
    "predict_bodiesofwater_recall": 0.699743370402053,
    "predict_broadcastprogram_f1": 0.4783950617283951,
    "predict_broadcastprogram_number": 605,
    "predict_broadcastprogram_precision": 0.44862518089725034,
    "predict_broadcastprogram_recall": 0.512396694214876,
    "predict_car_f1": 0.6306695464362851,
    "predict_car_number": 688,
    "predict_car_precision": 0.6248216833095578,
    "predict_car_recall": 0.6366279069767442,
    "predict_chemicalthing_f1": 0.4970963995354239,
    "predict_chemicalthing_number": 1014,
    "predict_chemicalthing_precision": 0.4091778202676864,
    "predict_chemicalthing_recall": 0.6331360946745562,
    "predict_company_f1": 0.6292134831460674,
    "predict_company_number": 3903,
    "predict_company_precision": 0.5897378444992157,
    "predict_company_recall": 0.6743530617473739,
    "predict_currency_f1": 0.668903803131991,
    "predict_currency_number": 799,
    "predict_currency_precision": 0.6046511627906976,
    "predict_currency_recall": 0.7484355444305382,
    "predict_director_f1": 0.0036036036036036037,
    "predict_director_number": 554,
    "predict_director_precision": 1.0,
    "predict_director_recall": 0.0018050541516245488,
    "predict_disaster_f1": 0.39893617021276595,
    "predict_disaster_number": 207,
    "predict_disaster_precision": 0.4437869822485207,
    "predict_disaster_recall": 0.36231884057971014,
    "predict_disease_f1": 0.5251396648044693,
    "predict_disease_number": 750,
    "predict_disease_precision": 0.4519230769230769,
    "predict_disease_recall": 0.6266666666666667,
    "predict_education_f1": 0.7251356238698011,
    "predict_education_number": 2082,
    "predict_education_precision": 0.6848847139197267,
    "predict_education_recall": 0.7704130643611912,
    "predict_educationaldegree_f1": 0.43132220795892173,
    "predict_educationaldegree_number": 367,
    "predict_educationaldegree_precision": 0.4077669902912621,
    "predict_educationaldegree_recall": 0.45776566757493187,
    "predict_election_f1": 0.13836477987421386,
    "predict_election_number": 184,
    "predict_election_precision": 0.16417910447761194,
    "predict_election_recall": 0.11956521739130435,
    "predict_film_f1": 0.5343601895734597,
    "predict_film_number": 759,
    "predict_film_precision": 0.48546824542518835,
    "predict_film_recall": 0.5942028985507246,
    "predict_food_f1": 0.21946902654867256,
    "predict_food_number": 432,
    "predict_food_precision": 0.46616541353383456,
    "predict_food_recall": 0.14351851851851852,
    "predict_game_f1": 0.5285714285714286,
    "predict_game_number": 496,
    "predict_game_precision": 0.6453488372093024,
    "predict_game_recall": 0.4475806451612903,
    "predict_god_f1": 0.13753581661891118,
    "predict_god_number": 635,
    "predict_god_precision": 0.7619047619047619,
    "predict_god_recall": 0.07559055118110236,
    "predict_government/governmentagency_f1": 0.3505224132119986,
    "predict_government/governmentagency_number": 1535,
    "predict_government/governmentagency_precision": 0.36312849162011174,
    "predict_government/governmentagency_recall": 0.33876221498371334,
    "predict_hospital_f1": 0.6744791666666666,
    "predict_hospital_number": 364,
    "predict_hospital_precision": 0.6410891089108911,
    "predict_hospital_recall": 0.7115384615384616,
    "predict_hotel_f1": 0.5870841487279844,
    "predict_hotel_number": 265,
    "predict_hotel_precision": 0.6097560975609756,
    "predict_hotel_recall": 0.5660377358490566,
    "predict_island_f1": 0.5123513266239708,
    "predict_island_number": 646,
    "predict_island_precision": 0.6263982102908278,
    "predict_island_recall": 0.43343653250773995,
    "predict_language_f1": 0.5851285615010424,
    "predict_language_number": 753,
    "predict_language_precision": 0.6137026239067055,
    "predict_language_recall": 0.5590969455511288,
    "predict_law_f1": 0.47688123300090657,
    "predict_law_number": 488,
    "predict_law_precision": 0.4276422764227642,
    "predict_law_recall": 0.5389344262295082,
    "predict_library_f1": 0.6648721399730821,
    "predict_library_number": 357,
    "predict_library_precision": 0.6398963730569949,
    "predict_library_recall": 0.6918767507002801,
    "predict_livingthing_f1": 0.5102481121898598,
    "predict_livingthing_number": 865,
    "predict_livingthing_precision": 0.4782608695652174,
    "predict_livingthing_recall": 0.5468208092485549,
    "predict_loss": 0.3668147623538971,
    "predict_media/newspaper_f1": 0.58790632645928,
    "predict_media/newspaper_number": 1234,
    "predict_media/newspaper_precision": 0.5169022741241549,
    "predict_media/newspaper_recall": 0.6815235008103727,
    "predict_medical_f1": 0.0,
    "predict_medical_number": 397,
    "predict_medical_precision": 0.0,
    "predict_medical_recall": 0.0,
    "predict_mountain_f1": 0.5771916214119472,
    "predict_mountain_number": 681,
    "predict_mountain_precision": 0.6118421052631579,
    "predict_mountain_recall": 0.5462555066079295,
    "predict_music_f1": 0.6564531104921076,
    "predict_music_number": 1041,
    "predict_music_precision": 0.6352201257861635,
    "predict_music_recall": 0.6791546589817483,
    "predict_other_f1": 0.5061693345853988,
    "predict_other_number": 21035,
    "predict_other_precision": 0.46812893843916625,
    "predict_other_recall": 0.5509389113382458,
    "predict_overall_accuracy": 0.9088848210854087,
    "predict_overall_f1": 0.5993466851241397,
    "predict_overall_precision": 0.5790532088905994,
    "predict_overall_recall": 0.6211142302770094,
    "predict_painting_f1": 0.0,
    "predict_painting_number": 58,
    "predict_painting_precision": 0.0,
    "predict_painting_recall": 0.0,
    "predict_park_f1": 0.14388489208633093,
    "predict_park_number": 458,
    "predict_park_precision": 0.40816326530612246,