{
    "predict_GPE_f1": 0.7694354053347902,
    "predict_GPE_number": 20409,
    "predict_GPE_precision": 0.7466808039830353,
    "predict_GPE_recall": 0.793620461561076,
    "predict_actor_f1": 0.7062245491564864,
    "predict_actor_number": 1638,
    "predict_actor_precision": 0.6744444444444444,
    "predict_actor_recall": 0.7411477411477412,
    "predict_airplane_f1": 0.5623836126629422,
    "predict_airplane_number": 794,
    "predict_airplane_precision": 0.554467564259486,
    "predict_airplane_recall": 0.570528967254408,
    "predict_airport_f1": 0.676056338028169,
    "predict_airport_number": 364,
    "predict_airport_precision": 0.6330935251798561,
    "predict_airport_recall": 0.7252747252747253,
    "predict_artist/author_f1": 0.5897086849986387,
    "predict_artist/author_number": 3464,
    "predict_artist/author_precision": 0.5579598145285936,
    "predict_artist/author_recall": 0.6252886836027713,
    "predict_astronomything_f1": 0.6685006877579093,
    "predict_astronomything_number": 678,
    "predict_astronomything_precision": 0.6262886597938144,
    "predict_astronomything_recall": 0.7168141592920354,
    "predict_athlete_f1": 0.7745977984758678,
    "predict_athlete_number": 2907,
    "predict_athlete_precision": 0.7628418945963976,
    "predict_athlete_recall": 0.7867217062263502,
    "predict_attack/battle/war/militaryconflict_f1": 0.6331877729257642,
    "predict_attack/battle/war/militaryconflict_number": 1099,
    "predict_attack/battle/war/militaryconflict_precision": 0.6087321578505458,
    "predict_attack/battle/war/militaryconflict_recall": 0.6596906278434941,
    "predict_award_f1": 0.49276759884281585,
    "predict_award_number": 941,
    "predict_award_precision": 0.4510150044130627,
    "predict_award_recall": 0.5430393198724761,
    "predict_biologything_f1": 0.5603053435114503,
    "predict_biologything_number": 1875,
    "predict_biologything_precision": 0.5357664233576642,
    "predict_biologything_recall": 0.5872,
    "predict_bodiesofwater_f1": 0.6280233527939949,
    "predict_bodiesofwater_number": 1169,
    "predict_bodiesofwater_precision": 0.6126932465419039,
    "predict_bodiesofwater_recall": 0.6441402908468776,
    "predict_broadcastprogram_f1": 0.4680511182108626,
    "predict_broadcastprogram_number": 605,
    "predict_broadcastprogram_precision": 0.4528593508500773,
    "predict_broadcastprogram_recall": 0.484297520661157,
    "predict_car_f1": 0.5878084179970973,
    "predict_car_number": 688,
    "predict_car_precision": 0.5869565217391305,
    "predict_car_recall": 0.5886627906976745,
    "predict_chemicalthing_f1": 0.490634993147556,
    "predict_chemicalthing_number": 1014,
    "predict_chemicalthing_precision": 0.4570212765957447,
    "predict_chemicalthing_recall": 0.5295857988165681,
    "predict_company_f1": 0.5827076774037296,
    "predict_company_number": 3903,
    "predict_company_precision": 0.5524684270952928,
    "predict_company_recall": 0.6164488854727133,
    "predict_currency_f1": 0.6494505494505494,
    "predict_currency_number": 799,
    "predict_currency_precision": 0.5788442703232125,
    "predict_currency_recall": 0.7396745932415519,
    "predict_director_f1": 0.606516290726817,
    "predict_director_number": 554,
    "predict_director_precision": 0.5645412130637636,
    "predict_director_recall": 0.6552346570397112,
    "predict_disaster_f1": 0.3578947368421053,
    "predict_disaster_number": 207,
    "predict_disaster_precision": 0.31716417910447764,
    "predict_disaster_recall": 0.4106280193236715,
    "predict_disease_f1": 0.5417142857142858,
    "predict_disease_number": 750,
    "predict_disease_precision": 0.474,
    "predict_disease_recall": 0.632,
    "predict_education_f1": 0.6655963302752294,
    "predict_education_number": 2082,
    "predict_education_precision": 0.6369622475856014,
    "predict_education_recall": 0.696926032660903,
    "predict_educationaldegree_f1": 0.4672897196261682,
    "predict_educationaldegree_number": 367,
    "predict_educationaldegree_precision": 0.40899795501022496,
    "predict_educationaldegree_recall": 0.5449591280653951,
    "predict_election_f1": 0.1872146118721461,
    "predict_election_number": 184,
    "predict_election_precision": 0.16141732283464566,
    "predict_election_recall": 0.22282608695652173,
    "predict_film_f1": 0.6342679127725858,
    "predict_film_number": 759,
    "predict_film_precision": 0.6016548463356974,
    "predict_film_recall": 0.6706192358366272,
    "predict_food_f1": 0.3962616822429907,
    "predict_food_number": 432,
    "predict_food_precision": 0.3322884012539185,
    "predict_food_recall": 0.49074074074074076,
    "predict_game_f1": 0.5866666666666667,
    "predict_game_number": 496,
    "predict_game_precision": 0.555956678700361,
    "predict_game_recall": 0.6209677419354839,
    "predict_god_f1": 0.5804916732751785,
    "predict_god_number": 635,
    "predict_god_precision": 0.5846645367412141,
    "predict_god_recall": 0.5763779527559055,
    "predict_government/governmentagency_f1": 0.3484941610325753,
    "predict_government/governmentagency_number": 1535,
    "predict_government/governmentagency_precision": 0.3298429319371728,
    "predict_government/governmentagency_recall": 0.36938110749185665,
    "predict_hospital_f1": 0.6142322097378278,
    "predict_hospital_number": 364,
    "predict_hospital_precision": 0.562929061784897,
    "predict_hospital_recall": 0.6758241758241759,
    "predict_hotel_f1": 0.5395189003436426,
    "predict_hotel_number": 265,
    "predict_hotel_precision": 0.4952681388012618,
    "predict_hotel_recall": 0.5924528301886792,
    "predict_island_f1": 0.5881435257410297,
    "predict_island_number": 646,
    "predict_island_precision": 0.5927672955974843,
    "predict_island_recall": 0.5835913312693498,
    "predict_language_f1": 0.6442711457708459,
    "predict_language_number": 753,
    "predict_language_precision": 0.587527352297593,
    "predict_language_recall": 0.7131474103585658,
    "predict_law_f1": 0.5206766917293233,
    "predict_law_number": 488,
    "predict_law_precision": 0.4809027777777778,
    "predict_law_recall": 0.5676229508196722,
    "predict_library_f1": 0.6614173228346457,
    "predict_library_number": 357,
    "predict_library_precision": 0.6222222222222222,
    "predict_library_recall": 0.7058823529411765,
    "predict_livingthing_f1": 0.5085427135678392,
    "predict_livingthing_number": 865,
    "predict_livingthing_precision": 0.4497777777777778,
    "predict_livingthing_recall": 0.584971098265896,
    "predict_loss": 0.4235636293888092,
    "predict_media/newspaper_f1": 0.5309664694280077,
    "predict_media/newspaper_number": 1234,
    "predict_media/newspaper_precision": 0.5172943889315911,
    "predict_media/newspaper_recall": 0.5453808752025932,
    "predict_medical_f1": 0.368763557483731,
    "predict_medical_number": 397,
    "predict_medical_precision": 0.3238095238095238,
    "predict_medical_recall": 0.4282115869017632,
    "predict_mountain_f1": 0.5728862973760933,
    "predict_mountain_number": 681,
    "predict_mountain_precision": 0.5687409551374819,
    "predict_mountain_recall": 0.5770925110132159,
    "predict_music_f1": 0.6711089957163255,
    "predict_music_number": 1041,
    "predict_music_precision": 0.6650943396226415,
    "predict_music_recall": 0.6772334293948127,
    "predict_other_f1": 0.47167831387170955,
    "predict_other_number": 21035,
    "predict_other_precision": 0.4446830007577671,
    "predict_other_recall": 0.5021630615640599,
    "predict_overall_accuracy": 0.9071075094402717,
    "predict_overall_f1": 0.5879373104640966,
    "predict_overall_precision": 0.5596083003031009,
    "predict_overall_recall": 0.6192874540725757,
    "predict_painting_f1": 0.4186046511627907,
    "predict_painting_number": 58,
    "predict_painting_precision": 0.38028169014084506,
    "predict_painting_recall": 0.46551724137931033,
    "predict_park_f1": 0.5226615236258438,
    "predict_park_number": 458,