{
    "predict_accuracy": 0.9277197645306355,
    "predict_f1": 0.6815892839158023,
    "predict_loss": 0.25686100125312805,
    "predict_precision": 0.6655160884273464,
    "predict_recall": 0.6984580770342237,
    "predict_runtime": 165.4716,
    "predict_samples_per_second": 227.513,
    "predict_steps_per_second": 7.113
}