{
    "predict_GPE_f1": 0.7509018135099076,
    "predict_GPE_number": 20409,
    "predict_GPE_precision": 0.7573386493894841,
    "predict_GPE_recall": 0.744573472487628,
    "predict_actor_f1": 0.6466119720449711,
    "predict_actor_number": 1638,
    "predict_actor_precision": 0.6436781609195402,
    "predict_actor_recall": 0.6495726495726496,
    "predict_airplane_f1": 0.5234822451317297,
    "predict_airplane_number": 794,
    "predict_airplane_precision": 0.4800420168067227,
    "predict_airplane_recall": 0.575566750629723,
    "predict_airport_f1": 0.6405529953917051,
    "predict_airport_number": 364,
    "predict_airport_precision": 0.5515873015873016,
    "predict_airport_recall": 0.7637362637362637,
    "predict_artist/author_f1": 0.5295573274676931,
    "predict_artist/author_number": 3464,
    "predict_artist/author_precision": 0.5055118110236221,
    "predict_artist/author_recall": 0.5560046189376443,
    "predict_astronomything_f1": 0.5487214927436075,
    "predict_astronomything_number": 678,
    "predict_astronomything_precision": 0.5162548764629389,
    "predict_astronomything_recall": 0.5855457227138643,
    "predict_athlete_f1": 0.7725932350390287,
    "predict_athlete_number": 2907,
    "predict_athlete_precision": 0.7792162351294611,
    "predict_athlete_recall": 0.7660818713450293,
    "predict_attack/battle/war/militaryconflict_f1": 0.5918854415274463,
    "predict_attack/battle/war/militaryconflict_number": 1099,
    "predict_attack/battle/war/militaryconflict_precision": 0.5257950530035336,
    "predict_attack/battle/war/militaryconflict_recall": 0.6769790718835305,
    "predict_award_f1": 0.4394288346384155,
    "predict_award_number": 941,
    "predict_award_precision": 0.3878048780487805,
    "predict_award_recall": 0.5069075451647184,
    "predict_biologything_f1": 0.5167322834645669,
    "predict_biologything_number": 1875,
    "predict_biologything_precision": 0.47967108268615805,
    "predict_biologything_recall": 0.56,
    "predict_bodiesofwater_f1": 0.6078514140987759,
    "predict_bodiesofwater_number": 1169,
    "predict_bodiesofwater_precision": 0.6,
    "predict_bodiesofwater_recall": 0.6159110350727117,
    "predict_broadcastprogram_f1": 0.39219165927240457,
    "predict_broadcastprogram_number": 605,
    "predict_broadcastprogram_precision": 0.42337164750957856,
    "predict_broadcastprogram_recall": 0.3652892561983471,
    "predict_car_f1": 0.562272396212673,
    "predict_car_number": 688,
    "predict_car_precision": 0.5635036496350365,
    "predict_car_recall": 0.561046511627907,
    "predict_chemicalthing_f1": 0.4618937644341802,
    "predict_chemicalthing_number": 1014,
    "predict_chemicalthing_precision": 0.43440486533449174,
    "predict_chemicalthing_recall": 0.4930966469428008,
    "predict_company_f1": 0.5531914893617021,
    "predict_company_number": 3903,
    "predict_company_precision": 0.5291228070175439,
    "predict_company_recall": 0.579554189085319,
    "predict_currency_f1": 0.6343283582089553,
    "predict_currency_number": 799,
    "predict_currency_precision": 0.630407911001236,
    "predict_currency_recall": 0.6382978723404256,
    "predict_director_f1": 0.4242957746478873,
    "predict_director_number": 554,
    "predict_director_precision": 0.41408934707903783,
    "predict_director_recall": 0.43501805054151627,
    "predict_disaster_f1": 0.3452380952380953,
    "predict_disaster_number": 207,
    "predict_disaster_precision": 0.4496124031007752,
    "predict_disaster_recall": 0.28019323671497587,
    "predict_disease_f1": 0.5090497737556561,
    "predict_disease_number": 750,
    "predict_disease_precision": 0.44204322200392926,
    "predict_disease_recall": 0.6,
    "predict_education_f1": 0.6428412874583795,
    "predict_education_number": 2082,
    "predict_education_precision": 0.5976062732150227,
    "predict_education_recall": 0.6954851104707013,
    "predict_educationaldegree_f1": 0.40869565217391307,
    "predict_educationaldegree_number": 367,
    "predict_educationaldegree_precision": 0.3399638336347197,
    "predict_educationaldegree_recall": 0.5122615803814714,
    "predict_election_f1": 0.11506849315068493,
    "predict_election_number": 184,
    "predict_election_precision": 0.11602209944751381,
    "predict_election_recall": 0.11413043478260869,
    "predict_film_f1": 0.5126276195593766,
    "predict_film_number": 759,
    "predict_film_precision": 0.43284936479128855,
    "predict_film_recall": 0.6284584980237155,
    "predict_food_f1": 0.3687804878048781,
    "predict_food_number": 432,
    "predict_food_precision": 0.31871838111298484,
    "predict_food_recall": 0.4375,
    "predict_game_f1": 0.4436536180308422,
    "predict_game_number": 496,
    "predict_game_precision": 0.5389048991354467,
    "predict_game_recall": 0.37701612903225806,
    "predict_god_f1": 0.5212702216896345,
    "predict_god_number": 635,
    "predict_god_precision": 0.4206963249516441,
    "predict_god_recall": 0.6850393700787402,
    "predict_government/governmentagency_f1": 0.28276877761413843,
    "predict_government/governmentagency_number": 1535,
    "predict_government/governmentagency_precision": 0.22686096888538795,
    "predict_government/governmentagency_recall": 0.3752442996742671,
    "predict_hospital_f1": 0.5691788526434196,
    "predict_hospital_number": 364,
    "predict_hospital_precision": 0.4819047619047619,
    "predict_hospital_recall": 0.695054945054945,
    "predict_hotel_f1": 0.44305772230889234,
    "predict_hotel_number": 265,
    "predict_hotel_precision": 0.3776595744680851,
    "predict_hotel_recall": 0.5358490566037736,
    "predict_island_f1": 0.49366144668158096,
    "predict_island_number": 646,
    "predict_island_precision": 0.4762589928057554,
    "predict_island_recall": 0.5123839009287926,
    "predict_language_f1": 0.5665529010238908,
    "predict_language_number": 753,
    "predict_language_precision": 0.4955223880597015,
    "predict_language_recall": 0.6613545816733067,
    "predict_law_f1": 0.41560509554140124,
    "predict_law_number": 488,
    "predict_law_precision": 0.33984375,
    "predict_law_recall": 0.5348360655737705,
    "predict_library_f1": 0.5510996119016818,
    "predict_library_number": 357,
    "predict_library_precision": 0.5120192307692307,
    "predict_library_recall": 0.5966386554621849,
    "predict_livingthing_f1": 0.4723676556137289,
    "predict_livingthing_number": 865,
    "predict_livingthing_precision": 0.47540983606557374,
    "predict_livingthing_recall": 0.46936416184971097,
    "predict_loss": 0.5051262378692627,
    "predict_media/newspaper_f1": 0.5428023032629559,
    "predict_media/newspaper_number": 1234,
    "predict_media/newspaper_precision": 0.5156819839533188,
    "predict_media/newspaper_recall": 0.5729335494327391,
    "predict_medical_f1": 0.3962765957446808,
    "predict_medical_number": 397,
    "predict_medical_precision": 0.4197183098591549,
    "predict_medical_recall": 0.37531486146095716,
    "predict_mountain_f1": 0.5179856115107914,
    "predict_mountain_number": 681,
    "predict_mountain_precision": 0.5077574047954866,
    "predict_mountain_recall": 0.5286343612334802,
    "predict_music_f1": 0.5855122160308616,
    "predict_music_number": 1041,
    "predict_music_precision": 0.5286377708978328,
    "predict_music_recall": 0.6560999039385207,
    "predict_other_f1": 0.43757335211147386,
    "predict_other_number": 21035,
    "predict_other_precision": 0.3969722781477466,
    "predict_other_recall": 0.4874257190396957,
    "predict_overall_accuracy": 0.8972666097753226,
    "predict_overall_f1": 0.5463630833405753,
    "predict_overall_precision": 0.5132989821652122,
    "predict_overall_recall": 0.583980101556372,
    "predict_painting_f1": 0.05298013245033113,
    "predict_painting_number": 58,
    "predict_painting_precision": 0.043010752688172046,
    "predict_painting_recall": 0.06896551724137931,
    "predict_park_f1": 0.26576576576576577,
    "predict_park_number": 458,