{
    "predict_GPE_f1": 0.7478997496080312,
    "predict_GPE_number": 20409,
    "predict_GPE_precision": 0.7158215373588963,
    "predict_GPE_recall": 0.7829878974962027,
    "predict_actor_f1": 0.6643620364550596,
    "predict_actor_number": 1638,
    "predict_actor_precision": 0.6845854922279793,
    "predict_actor_recall": 0.6452991452991453,
    "predict_airplane_f1": 0.5252100840336135,
    "predict_airplane_number": 794,
    "predict_airplane_precision": 0.45045045045045046,
    "predict_airplane_recall": 0.6297229219143576,
    "predict_airport_f1": 0.5388994307400379,
    "predict_airport_number": 364,
    "predict_airport_precision": 0.4115942028985507,
    "predict_airport_recall": 0.7802197802197802,
    "predict_artist/author_f1": 0.5551710880430603,
    "predict_artist/author_number": 3464,
    "predict_artist/author_precision": 0.4991933625259276,
    "predict_artist/author_recall": 0.6252886836027713,
    "predict_astronomything_f1": 0.5651245551601423,
    "predict_astronomything_number": 678,
    "predict_astronomything_precision": 0.546079779917469,
    "predict_astronomything_recall": 0.5855457227138643,
    "predict_athlete_f1": 0.7657313631080855,
    "predict_athlete_number": 2907,
    "predict_athlete_precision": 0.7400513478818999,
    "predict_athlete_recall": 0.7932576539387685,
    "predict_attack/battle/war/militaryconflict_f1": 0.5716680637049456,
    "predict_attack/battle/war/militaryconflict_number": 1099,
    "predict_attack/battle/war/militaryconflict_precision": 0.5299145299145299,
    "predict_attack/battle/war/militaryconflict_recall": 0.6205641492265697,
    "predict_award_f1": 0.360385144429161,
    "predict_award_number": 941,
    "predict_award_precision": 0.31693548387096776,
    "predict_award_recall": 0.41764080765143463,
    "predict_biologything_f1": 0.5052576235541535,
    "predict_biologything_number": 1875,
    "predict_biologything_precision": 0.49818558838776567,
    "predict_biologything_recall": 0.5125333333333333,
    "predict_bodiesofwater_f1": 0.6286161063330727,
    "predict_bodiesofwater_number": 1169,
    "predict_bodiesofwater_precision": 0.5788336933045356,
    "predict_bodiesofwater_recall": 0.6877673224978614,
    "predict_broadcastprogram_f1": 0.3360473723168023,
    "predict_broadcastprogram_number": 605,
    "predict_broadcastprogram_precision": 0.3042895442359249,
    "predict_broadcastprogram_recall": 0.3752066115702479,
    "predict_car_f1": 0.5532212885154062,
    "predict_car_number": 688,
    "predict_car_precision": 0.5337837837837838,
    "predict_car_recall": 0.5741279069767442,
    "predict_chemicalthing_f1": 0.48131037379252417,
    "predict_chemicalthing_number": 1014,
    "predict_chemicalthing_precision": 0.41916605705925386,
    "predict_chemicalthing_recall": 0.5650887573964497,
    "predict_company_f1": 0.5548478414720452,
    "predict_company_number": 3903,
    "predict_company_precision": 0.5140983606557377,
    "predict_company_recall": 0.6026133743274404,
    "predict_currency_f1": 0.6180555555555555,
    "predict_currency_number": 799,
    "predict_currency_precision": 0.5748116254036598,
    "predict_currency_recall": 0.6683354192740926,
    "predict_director_f1": 0.45476772616136923,
    "predict_director_number": 554,
    "predict_director_precision": 0.4145616641901932,
    "predict_director_recall": 0.5036101083032491,
    "predict_disaster_f1": 0.3526570048309179,
    "predict_disaster_number": 207,
    "predict_disaster_precision": 0.3526570048309179,
    "predict_disaster_recall": 0.3526570048309179,
    "predict_disease_f1": 0.5065934065934066,
    "predict_disease_number": 750,
    "predict_disease_precision": 0.4308411214953271,
    "predict_disease_recall": 0.6146666666666667,
    "predict_education_f1": 0.6145761937400045,
    "predict_education_number": 2082,
    "predict_education_precision": 0.5860566448801743,
    "predict_education_recall": 0.6460134486071085,
    "predict_educationaldegree_f1": 0.41955193482688385,
    "predict_educationaldegree_number": 367,
    "predict_educationaldegree_precision": 0.33495934959349594,
    "predict_educationaldegree_recall": 0.5613079019073569,
    "predict_election_f1": 0.14358974358974358,
    "predict_election_number": 184,
    "predict_election_precision": 0.10473815461346633,
    "predict_election_recall": 0.22826086956521738,
    "predict_film_f1": 0.5072289156626506,
    "predict_film_number": 759,
    "predict_film_precision": 0.4672586015538291,
    "predict_film_recall": 0.5546772068511199,
    "predict_food_f1": 0.37902264600715135,
    "predict_food_number": 432,
    "predict_food_precision": 0.3906633906633907,
    "predict_food_recall": 0.3680555555555556,
    "predict_game_f1": 0.5072324011571843,
    "predict_game_number": 496,
    "predict_game_precision": 0.48613678373382624,
    "predict_game_recall": 0.530241935483871,
    "predict_god_f1": 0.5642076502732241,
    "predict_god_number": 635,
    "predict_god_precision": 0.49819059107358266,
    "predict_god_recall": 0.6503937007874016,
    "predict_government/governmentagency_f1": 0.29500964984835953,
    "predict_government/governmentagency_number": 1535,
    "predict_government/governmentagency_precision": 0.255736137667304,
    "predict_government/governmentagency_recall": 0.3485342019543974,
    "predict_hospital_f1": 0.5707376058041113,
    "predict_hospital_number": 364,
    "predict_hospital_precision": 0.509719222462203,
    "predict_hospital_recall": 0.6483516483516484,
    "predict_hotel_f1": 0.5116279069767442,
    "predict_hotel_number": 265,
    "predict_hotel_precision": 0.4342105263157895,
    "predict_hotel_recall": 0.6226415094339622,
    "predict_island_f1": 0.45010323468685476,
    "predict_island_number": 646,
    "predict_island_precision": 0.4052044609665427,
    "predict_island_recall": 0.5061919504643962,
    "predict_language_f1": 0.5905224787363305,
    "predict_language_number": 753,
    "predict_language_precision": 0.5442329227323628,
    "predict_language_recall": 0.6454183266932271,
    "predict_law_f1": 0.37346437346437344,
    "predict_law_number": 488,
    "predict_law_precision": 0.31105047748976805,
    "predict_law_recall": 0.4672131147540984,
    "predict_library_f1": 0.4993757802746567,
    "predict_library_number": 357,
    "predict_library_precision": 0.45045045045045046,
    "predict_library_recall": 0.5602240896358543,
    "predict_livingthing_f1": 0.45315161839863716,
    "predict_livingthing_number": 865,
    "predict_livingthing_precision": 0.4453125,
    "predict_livingthing_recall": 0.461271676300578,
    "predict_loss": 0.5171533226966858,
    "predict_media/newspaper_f1": 0.503725782414307,
    "predict_media/newspaper_number": 1234,
    "predict_media/newspaper_precision": 0.46620689655172415,
    "predict_media/newspaper_recall": 0.5478119935170178,
    "predict_medical_f1": 0.3474285714285715,
    "predict_medical_number": 397,
    "predict_medical_precision": 0.3179916317991632,
    "predict_medical_recall": 0.38287153652392947,
    "predict_mountain_f1": 0.5804597701149424,
    "predict_mountain_number": 681,
    "predict_mountain_precision": 0.5682137834036568,
    "predict_mountain_recall": 0.593245227606461,
    "predict_music_f1": 0.5916279069767442,
    "predict_music_number": 1041,
    "predict_music_precision": 0.5734896302975654,
    "predict_music_recall": 0.6109510086455331,
    "predict_other_f1": 0.4169651939321569,
    "predict_other_number": 21035,
    "predict_other_precision": 0.38979617149708523,
    "predict_other_recall": 0.4482053719990492,
    "predict_overall_accuracy": 0.8963643825443459,
    "predict_overall_f1": 0.5390959889773422,
    "predict_overall_precision": 0.5024613847964898,
    "predict_overall_recall": 0.5814927961028774,
    "predict_painting_f1": 0.028571428571428574,
    "predict_painting_number": 58,
    "predict_painting_precision": 0.08333333333333333,
    "predict_painting_recall": 0.017241379310344827,