{
    "predict_GPE_f1": 0.7575249233128833,
    "predict_GPE_number": 20409,
    "predict_GPE_precision": 0.7413574745532154,
    "predict_GPE_recall": 0.7744132490567887,
    "predict_actor_f1": 0.6440464970153943,
    "predict_actor_number": 1638,
    "predict_actor_precision": 0.6634304207119741,
    "predict_actor_recall": 0.6257631257631258,
    "predict_airplane_f1": 0.46865489957395007,
    "predict_airplane_number": 794,
    "predict_airplane_precision": 0.4534746760895171,
    "predict_airplane_recall": 0.48488664987405544,
    "predict_airport_f1": 0.5804988662131519,
    "predict_airport_number": 364,
    "predict_airport_precision": 0.4942084942084942,
    "predict_airport_recall": 0.7032967032967034,
    "predict_artist/author_f1": 0.5391129611023395,
    "predict_artist/author_number": 3464,
    "predict_artist/author_precision": 0.5361119040822152,
    "predict_artist/author_recall": 0.542147806004619,
    "predict_astronomything_f1": 0.5748086290883785,
    "predict_astronomything_number": 678,
    "predict_astronomything_precision": 0.544137022397892,
    "predict_astronomything_recall": 0.6091445427728613,
    "predict_athlete_f1": 0.730522297414541,
    "predict_athlete_number": 2907,
    "predict_athlete_precision": 0.7370448179271709,
    "predict_athlete_recall": 0.7241142070863433,
    "predict_attack/battle/war/militaryconflict_f1": 0.6019016122364612,
    "predict_attack/battle/war/militaryconflict_number": 1099,
    "predict_attack/battle/war/militaryconflict_precision": 0.5515151515151515,
    "predict_attack/battle/war/militaryconflict_recall": 0.6624203821656051,
    "predict_award_f1": 0.46369796708615674,
    "predict_award_number": 941,
    "predict_award_precision": 0.42577777777777776,
    "predict_award_recall": 0.5090329436769394,
    "predict_biologything_f1": 0.504158004158004,
    "predict_biologything_number": 1875,
    "predict_biologything_precision": 0.49163710086163204,
    "predict_biologything_recall": 0.5173333333333333,
    "predict_bodiesofwater_f1": 0.5927138763814981,
    "predict_bodiesofwater_number": 1169,
    "predict_bodiesofwater_precision": 0.5682888540031397,
    "predict_bodiesofwater_recall": 0.6193327630453379,
    "predict_broadcastprogram_f1": 0.35919790758500436,
    "predict_broadcastprogram_number": 605,
    "predict_broadcastprogram_precision": 0.3800738007380074,
    "predict_broadcastprogram_recall": 0.34049586776859503,
    "predict_car_f1": 0.5064562410329985,
    "predict_car_number": 688,
    "predict_car_precision": 0.5,
    "predict_car_recall": 0.5130813953488372,
    "predict_chemicalthing_f1": 0.42412451361867703,
    "predict_chemicalthing_number": 1014,
    "predict_chemicalthing_precision": 0.418426103646833,
    "predict_chemicalthing_recall": 0.42998027613412226,
    "predict_company_f1": 0.5247621371066113,
    "predict_company_number": 3903,
    "predict_company_precision": 0.50081490104773,
    "predict_company_recall": 0.5511145272867025,
    "predict_currency_f1": 0.6235294117647059,
    "predict_currency_number": 799,
    "predict_currency_precision": 0.5882352941176471,
    "predict_currency_recall": 0.6633291614518148,
    "predict_director_f1": 0.4970414201183432,
    "predict_director_number": 554,
    "predict_director_precision": 0.42105263157894735,
    "predict_director_recall": 0.6064981949458483,
    "predict_disaster_f1": 0.3735763097949886,
    "predict_disaster_number": 207,
    "predict_disaster_precision": 0.35344827586206895,
    "predict_disaster_recall": 0.3961352657004831,
    "predict_disease_f1": 0.4826388888888889,
    "predict_disease_number": 750,
    "predict_disease_precision": 0.4263803680981595,
    "predict_disease_recall": 0.556,
    "predict_education_f1": 0.6366906474820144,
    "predict_education_number": 2082,
    "predict_education_precision": 0.5984784446322908,
    "predict_education_recall": 0.6801152737752162,
    "predict_educationaldegree_f1": 0.4426229508196721,
    "predict_educationaldegree_number": 367,
    "predict_educationaldegree_precision": 0.38809034907597534,
    "predict_educationaldegree_recall": 0.5149863760217984,
    "predict_election_f1": 0.12839506172839504,
    "predict_election_number": 184,
    "predict_election_precision": 0.11764705882352941,
    "predict_election_recall": 0.14130434782608695,
    "predict_film_f1": 0.49939393939393945,
    "predict_film_number": 759,
    "predict_film_precision": 0.4624017957351291,
    "predict_film_recall": 0.5428194993412385,
    "predict_food_f1": 0.3961248654467169,
    "predict_food_number": 432,
    "predict_food_precision": 0.3702213279678068,
    "predict_food_recall": 0.42592592592592593,
    "predict_game_f1": 0.45732349841938885,
    "predict_game_number": 496,
    "predict_game_precision": 0.47902869757174393,
    "predict_game_recall": 0.4375,
    "predict_god_f1": 0.5498533724340176,
    "predict_god_number": 635,
    "predict_god_precision": 0.51440329218107,
    "predict_god_recall": 0.5905511811023622,
    "predict_government/governmentagency_f1": 0.3013062409288825,
    "predict_government/governmentagency_number": 1535,
    "predict_government/governmentagency_precision": 0.2717277486910995,
    "predict_government/governmentagency_recall": 0.33811074918566775,
    "predict_hospital_f1": 0.5181347150259067,
    "predict_hospital_number": 364,
    "predict_hospital_precision": 0.49019607843137253,
    "predict_hospital_recall": 0.5494505494505495,
    "predict_hotel_f1": 0.5211009174311928,
    "predict_hotel_number": 265,
    "predict_hotel_precision": 0.5071428571428571,
    "predict_hotel_recall": 0.5358490566037736,
    "predict_island_f1": 0.5135542168674699,
    "predict_island_number": 646,
    "predict_island_precision": 0.5,
    "predict_island_recall": 0.5278637770897833,
    "predict_language_f1": 0.6279904306220097,
    "predict_language_number": 753,
    "predict_language_precision": 0.5712731229597389,
    "predict_language_recall": 0.6972111553784861,
    "predict_law_f1": 0.4683098591549296,
    "predict_law_number": 488,
    "predict_law_precision": 0.4104938271604938,
    "predict_law_recall": 0.5450819672131147,
    "predict_library_f1": 0.48541114058355433,
    "predict_library_number": 357,
    "predict_library_precision": 0.4609571788413098,
    "predict_library_recall": 0.5126050420168067,
    "predict_livingthing_f1": 0.48532494758909855,
    "predict_livingthing_number": 865,
    "predict_livingthing_precision": 0.4439117929050815,
    "predict_livingthing_recall": 0.5352601156069364,
    "predict_loss": 0.6942278742790222,
    "predict_media/newspaper_f1": 0.49675696299122474,
    "predict_media/newspaper_number": 1234,
    "predict_media/newspaper_precision": 0.4693583273251622,
    "predict_media/newspaper_recall": 0.5275526742301458,
    "predict_medical_f1": 0.3641092327698309,
    "predict_medical_number": 397,
    "predict_medical_precision": 0.3763440860215054,
    "predict_medical_recall": 0.3526448362720403,
    "predict_mountain_f1": 0.5118050266565117,
    "predict_mountain_number": 681,
    "predict_mountain_precision": 0.5316455696202531,
    "predict_mountain_recall": 0.4933920704845815,
    "predict_music_f1": 0.5580357142857143,
    "predict_music_number": 1041,
    "predict_music_precision": 0.5212677231025855,
    "predict_music_recall": 0.6003842459173871,
    "predict_other_f1": 0.42712703762294524,
    "predict_other_number": 21035,
    "predict_other_precision": 0.41249667877070234,
    "predict_other_recall": 0.4428333729498455,
    "predict_overall_accuracy": 0.8970299244126837,
    "predict_overall_f1": 0.5459362650049585,
    "predict_overall_precision": 0.522974544148368,
    "predict_overall_recall": 0.5710068942740371,
    "predict_painting_f1": 0.16071428571428573,
    "predict_painting_number": 58,
    "predict_painting_precision": 0.16666666666666666,
    "predict_painting_recall": 0.15517241379310345,
    "predict_park_f1": 0.36032388663967607,
    "predict_park_number": 458,