{
    "predict_GPE_f1": 0.7862657362112536,
    "predict_GPE_number": 20409,
    "predict_GPE_precision": 0.7462154550255237,
    "predict_GPE_recall": 0.8308589347836739,
    "predict_actor_f1": 0.7132626754511601,
    "predict_actor_number": 1638,
    "predict_actor_precision": 0.6718834322719913,
    "predict_actor_recall": 0.76007326007326,
    "predict_airplane_f1": 0.5284178187403995,
    "predict_airplane_number": 794,
    "predict_airplane_precision": 0.4452113891285591,
    "predict_airplane_recall": 0.6498740554156172,
    "predict_airport_f1": 0.7542706964520368,
    "predict_airport_number": 364,
    "predict_airport_precision": 0.7229219143576826,
    "predict_airport_recall": 0.7884615384615384,
    "predict_artist/author_f1": 0.6344155010907224,
    "predict_artist/author_number": 3464,
    "predict_artist/author_precision": 0.571032571032571,
    "predict_artist/author_recall": 0.7136258660508084,
    "predict_astronomything_f1": 0.5676784249384741,
    "predict_astronomything_number": 678,
    "predict_astronomything_precision": 0.6395563770794824,
    "predict_astronomything_recall": 0.5103244837758112,
    "predict_athlete_f1": 0.7982544478012756,
    "predict_athlete_number": 2907,
    "predict_athlete_precision": 0.7794165847263193,
    "predict_athlete_recall": 0.8180254557963537,
    "predict_attack/battle/war/militaryconflict_f1": 0.6146993318485523,
    "predict_attack/battle/war/militaryconflict_number": 1099,
    "predict_attack/battle/war/militaryconflict_precision": 0.5191222570532915,
    "predict_attack/battle/war/militaryconflict_recall": 0.7534121929026387,
    "predict_award_f1": 0.5052034058656576,
    "predict_award_number": 941,
    "predict_award_precision": 0.45524296675191817,
    "predict_award_recall": 0.5674814027630181,
    "predict_biologything_f1": 0.550739418663947,
    "predict_biologything_number": 1875,
    "predict_biologything_precision": 0.5276013678553981,
    "predict_biologything_recall": 0.576,
    "predict_bodiesofwater_f1": 0.6322851153039833,
    "predict_bodiesofwater_number": 1169,
    "predict_bodiesofwater_precision": 0.6200657894736842,
    "predict_bodiesofwater_recall": 0.6449957228400343,
    "predict_broadcastprogram_f1": 0.46367346938775506,
    "predict_broadcastprogram_number": 605,
    "predict_broadcastprogram_precision": 0.45806451612903226,
    "predict_broadcastprogram_recall": 0.46942148760330576,
    "predict_car_f1": 0.6165084002921841,
    "predict_car_number": 688,
    "predict_car_precision": 0.6196769456681351,
    "predict_car_recall": 0.6133720930232558,
    "predict_chemicalthing_f1": 0.46908734052993134,
    "predict_chemicalthing_number": 1014,
    "predict_chemicalthing_precision": 0.466796875,
    "predict_chemicalthing_recall": 0.4714003944773176,
    "predict_company_f1": 0.6326604617430195,
    "predict_company_number": 3903,
    "predict_company_precision": 0.5988558352402746,
    "predict_company_recall": 0.6705098642070202,
    "predict_currency_f1": 0.6065359477124183,
    "predict_currency_number": 799,
    "predict_currency_precision": 0.6347469220246238,
    "predict_currency_recall": 0.5807259073842302,
    "predict_director_f1": 0.0,
    "predict_director_number": 554,
    "predict_director_precision": 0.0,
    "predict_director_recall": 0.0,
    "predict_disaster_f1": 0.0,
    "predict_disaster_number": 207,
    "predict_disaster_precision": 0.0,
    "predict_disaster_recall": 0.0,
    "predict_disease_f1": 0.5163599182004089,
    "predict_disease_number": 750,
    "predict_disease_precision": 0.4187396351575456,
    "predict_disease_recall": 0.6733333333333333,
    "predict_education_f1": 0.7143827859569648,
    "predict_education_number": 2082,
    "predict_education_precision": 0.6759537076725246,
    "predict_education_recall": 0.7574447646493756,
    "predict_educationaldegree_f1": 0.4573378839590444,
    "predict_educationaldegree_number": 367,
    "predict_educationaldegree_precision": 0.392578125,
    "predict_educationaldegree_recall": 0.547683923705722,
    "predict_election_f1": 0.21447721179624665,
    "predict_election_number": 184,
    "predict_election_precision": 0.21164021164021163,
    "predict_election_recall": 0.21739130434782608,
    "predict_film_f1": 0.5348720521826392,
    "predict_film_number": 759,
    "predict_film_precision": 0.4319286871961102,
    "predict_film_recall": 0.7022397891963109,
    "predict_food_f1": 0.45,
    "predict_food_number": 432,
    "predict_food_precision": 0.4090909090909091,
    "predict_food_recall": 0.5,
    "predict_game_f1": 0.5396039603960396,
    "predict_game_number": 496,
    "predict_game_precision": 0.6987179487179487,
    "predict_game_recall": 0.43951612903225806,
    "predict_god_f1": 0.03697996918335902,
    "predict_god_number": 635,
    "predict_god_precision": 0.8571428571428571,
    "predict_god_recall": 0.01889763779527559,
    "predict_government/governmentagency_f1": 0.3310297166551486,
    "predict_government/governmentagency_number": 1535,
    "predict_government/governmentagency_precision": 0.3524650478292862,
    "predict_government/governmentagency_recall": 0.31205211726384363,
    "predict_hospital_f1": 0.7161803713527852,
    "predict_hospital_number": 364,
    "predict_hospital_precision": 0.6923076923076923,
    "predict_hospital_recall": 0.7417582417582418,
    "predict_hotel_f1": 0.055172413793103454,
    "predict_hotel_number": 265,
    "predict_hotel_precision": 0.32,
    "predict_hotel_recall": 0.03018867924528302,
    "predict_island_f1": 0.40904198062432723,
    "predict_island_number": 646,
    "predict_island_precision": 0.6713780918727915,
    "predict_island_recall": 0.29411764705882354,
    "predict_language_f1": 0.5929577464788732,
    "predict_language_number": 753,
    "predict_language_precision": 0.631184407796102,
    "predict_language_recall": 0.5590969455511288,
    "predict_law_f1": 0.5118733509234829,
    "predict_law_number": 488,
    "predict_law_precision": 0.44838212634822805,
    "predict_law_recall": 0.5963114754098361,
    "predict_library_f1": 0.6615384615384616,
    "predict_library_number": 357,
    "predict_library_precision": 0.6099290780141844,
    "predict_library_recall": 0.7226890756302521,
    "predict_livingthing_f1": 0.47642375995101044,
    "predict_livingthing_number": 865,
    "predict_livingthing_precision": 0.5065104166666666,
    "predict_livingthing_recall": 0.44971098265895953,
    "predict_loss": 0.36513006687164307,
    "predict_media/newspaper_f1": 0.581305114638448,
    "predict_media/newspaper_number": 1234,
    "predict_media/newspaper_precision": 0.5146783260462211,
    "predict_media/newspaper_recall": 0.6677471636952999,
    "predict_medical_f1": 0.0,
    "predict_medical_number": 397,
    "predict_medical_precision": 0.0,
    "predict_medical_recall": 0.0,
    "predict_mountain_f1": 0.5784023668639053,
    "predict_mountain_number": 681,
    "predict_mountain_precision": 0.5827123695976155,
    "predict_mountain_recall": 0.5741556534508077,
    "predict_music_f1": 0.6691244239631337,
    "predict_music_number": 1041,
    "predict_music_precision": 0.6430469441984057,
    "predict_music_recall": 0.6974063400576369,
    "predict_other_f1": 0.5068071825953231,
    "predict_other_number": 21035,
    "predict_other_precision": 0.48332830091014967,
    "predict_other_recall": 0.5326836225338721,
    "predict_overall_accuracy": 0.9089130496148977,
    "predict_overall_f1": 0.6012784877715289,
    "predict_overall_precision": 0.5820813325475116,
    "predict_overall_recall": 0.6217850802955869,
    "predict_painting_f1": 0.0,
    "predict_painting_number": 58,
    "predict_painting_precision": 0.0,
    "predict_painting_recall": 0.0,
    "predict_park_f1": 0.47044025157232705,
    "predict_park_number": 458,
    "predict_park_precision": 0.5548961424332344,
    "predict_park_recall": 0.40829694323144106,
    "predict_politicalparty_f1": 0.5920608108108109,
    "predict_politicalparty_number": 1057,