{
    "predict_GPE_f1": 0.7549214207318496,
    "predict_GPE_number": 20409,
    "predict_GPE_precision": 0.7211564200945837,
    "predict_GPE_recall": 0.7920035278553579,
    "predict_actor_f1": 0.6401829094026865,
    "predict_actor_number": 1638,
    "predict_actor_precision": 0.6018269747447609,
    "predict_actor_recall": 0.6837606837606838,
    "predict_airplane_f1": 0.4869565217391304,
    "predict_airplane_number": 794,
    "predict_airplane_precision": 0.45112781954887216,
    "predict_airplane_recall": 0.5289672544080605,
    "predict_airport_f1": 0.6628041714947857,
    "predict_airport_number": 364,
    "predict_airport_precision": 0.5731462925851704,
    "predict_airport_recall": 0.7857142857142857,
    "predict_artist/author_f1": 0.45096794668359247,
    "predict_artist/author_number": 3464,
    "predict_artist/author_precision": 0.5007047216349542,
    "predict_artist/author_recall": 0.4102193995381062,
    "predict_astronomything_f1": 0.5935127674258108,
    "predict_astronomything_number": 678,
    "predict_astronomything_precision": 0.5577172503242542,
    "predict_astronomything_recall": 0.6342182890855457,
    "predict_athlete_f1": 0.756425136793235,
    "predict_athlete_number": 2907,
    "predict_athlete_precision": 0.7301536491677336,
    "predict_athlete_recall": 0.7846577227382181,
    "predict_attack/battle/war/militaryconflict_f1": 0.5485854858548586,
    "predict_attack/battle/war/militaryconflict_number": 1099,
    "predict_attack/battle/war/militaryconflict_precision": 0.4992537313432836,
    "predict_attack/battle/war/militaryconflict_recall": 0.6087352138307552,
    "predict_award_f1": 0.400907029478458,
    "predict_award_number": 941,
    "predict_award_precision": 0.34968354430379744,
    "predict_award_recall": 0.46971307120085015,
    "predict_biologything_f1": 0.49550206661804036,
    "predict_biologything_number": 1875,
    "predict_biologything_precision": 0.4553172475424486,
    "predict_biologything_recall": 0.5434666666666667,
    "predict_bodiesofwater_f1": 0.6061890631623569,
    "predict_bodiesofwater_number": 1169,
    "predict_bodiesofwater_precision": 0.6008403361344538,
    "predict_bodiesofwater_recall": 0.611633875106929,
    "predict_broadcastprogram_f1": 0.3074484944532488,
    "predict_broadcastprogram_number": 605,
    "predict_broadcastprogram_precision": 0.2952815829528158,
    "predict_broadcastprogram_recall": 0.32066115702479336,
    "predict_car_f1": 0.5342105263157895,
    "predict_car_number": 688,
    "predict_car_precision": 0.4879807692307692,
    "predict_car_recall": 0.5901162790697675,
    "predict_chemicalthing_f1": 0.38274111675126904,
    "predict_chemicalthing_number": 1014,
    "predict_chemicalthing_precision": 0.39435146443514646,
    "predict_chemicalthing_recall": 0.3717948717948718,
    "predict_company_f1": 0.547158026233604,
    "predict_company_number": 3903,
    "predict_company_precision": 0.5338859093125304,
    "predict_company_recall": 0.5611068408916219,
    "predict_currency_f1": 0.6565826330532213,
    "predict_currency_number": 799,
    "predict_currency_precision": 0.5943204868154158,
    "predict_currency_recall": 0.7334167709637046,
    "predict_director_f1": 0.429096252755327,
    "predict_director_number": 554,
    "predict_director_precision": 0.3618339529120198,
    "predict_director_recall": 0.5270758122743683,
    "predict_disaster_f1": 0.36681222707423583,
    "predict_disaster_number": 207,
    "predict_disaster_precision": 0.3346613545816733,
    "predict_disaster_recall": 0.4057971014492754,
    "predict_disease_f1": 0.48750761730652037,
    "predict_disease_number": 750,
    "predict_disease_precision": 0.4489337822671156,
    "predict_disease_recall": 0.5333333333333333,
    "predict_education_f1": 0.6469786460699682,
    "predict_education_number": 2082,
    "predict_education_precision": 0.6137931034482759,
    "predict_education_recall": 0.6839577329490875,
    "predict_educationaldegree_f1": 0.3957091775923719,
    "predict_educationaldegree_number": 367,
    "predict_educationaldegree_precision": 0.3516949152542373,
    "predict_educationaldegree_recall": 0.45231607629427795,
    "predict_election_f1": 0.16666666666666669,
    "predict_election_number": 184,
    "predict_election_precision": 0.13732394366197184,
    "predict_election_recall": 0.21195652173913043,
    "predict_film_f1": 0.36612377850162864,
    "predict_film_number": 759,
    "predict_film_precision": 0.36211340206185566,
    "predict_film_recall": 0.3702239789196311,
    "predict_food_f1": 0.3927927927927928,
    "predict_food_number": 432,
    "predict_food_precision": 0.3215339233038348,
    "predict_food_recall": 0.5046296296296297,
    "predict_game_f1": 0.19312169312169314,
    "predict_game_number": 496,
    "predict_game_precision": 0.28076923076923077,
    "predict_game_recall": 0.14717741935483872,
    "predict_god_f1": 0.4984025559105431,
    "predict_god_number": 635,
    "predict_god_precision": 0.41935483870967744,
    "predict_god_recall": 0.6141732283464567,
    "predict_government/governmentagency_f1": 0.29236089280100597,
    "predict_government/governmentagency_number": 1535,
    "predict_government/governmentagency_precision": 0.2825030376670717,
    "predict_government/governmentagency_recall": 0.30293159609120524,
    "predict_hospital_f1": 0.5440613026819924,
    "predict_hospital_number": 364,
    "predict_hospital_precision": 0.5083532219570406,
    "predict_hospital_recall": 0.5851648351648352,
    "predict_hotel_f1": 0.5383177570093458,
    "predict_hotel_number": 265,
    "predict_hotel_precision": 0.5333333333333333,
    "predict_hotel_recall": 0.5433962264150943,
    "predict_island_f1": 0.46285338593030906,
    "predict_island_number": 646,
    "predict_island_precision": 0.4022857142857143,
    "predict_island_recall": 0.544891640866873,
    "predict_language_f1": 0.5939759036144578,
    "predict_language_number": 753,
    "predict_language_precision": 0.5435501653803748,
    "predict_language_recall": 0.6547144754316069,
    "predict_law_f1": 0.41879637262984337,
    "predict_law_number": 488,
    "predict_law_precision": 0.3503448275862069,
    "predict_law_recall": 0.5204918032786885,
    "predict_library_f1": 0.5210084033613445,
    "predict_library_number": 357,
    "predict_library_precision": 0.45588235294117646,
    "predict_library_recall": 0.6078431372549019,
    "predict_livingthing_f1": 0.5082644628099173,
    "predict_livingthing_number": 865,
    "predict_livingthing_precision": 0.45938375350140054,
    "predict_livingthing_recall": 0.5687861271676301,
    "predict_loss": 0.7097267508506775,
    "predict_media/newspaper_f1": 0.4542868752539618,
    "predict_media/newspaper_number": 1234,
    "predict_media/newspaper_precision": 0.45558272208638956,
    "predict_media/newspaper_recall": 0.4529983792544571,
    "predict_medical_f1": 0.330550918196995,
    "predict_medical_number": 397,
    "predict_medical_precision": 0.24719101123595505,
    "predict_medical_recall": 0.4987405541561713,
    "predict_mountain_f1": 0.5071022727272727,
    "predict_mountain_number": 681,
    "predict_mountain_precision": 0.49105914718019256,
    "predict_mountain_recall": 0.5242290748898678,
    "predict_music_f1": 0.5103578154425612,
    "predict_music_number": 1041,
    "predict_music_precision": 0.5004616805170822,
    "predict_music_recall": 0.5206532180595581,
    "predict_other_f1": 0.4261567205187383,
    "predict_other_number": 21035,
    "predict_other_precision": 0.39632052330335243,
    "predict_other_recall": 0.46085096268124554,
    "predict_overall_accuracy": 0.8935176439166433,
    "predict_overall_f1": 0.5381931355776574,
    "predict_overall_precision": 0.5060619830955194,
    "predict_overall_recall": 0.5746810882219379,
    "predict_painting_f1": 0.0,
    "predict_painting_number": 58,
    "predict_painting_precision": 0.0,
    "predict_painting_recall": 0.0,
    "predict_park_f1": 0.34101382488479265,