{
    "predict_GPE_f1": 0.6956950637256836,
    "predict_GPE_number": 20409,
    "predict_GPE_precision": 0.5823232156422367,
    "predict_GPE_recall": 0.8638835807731883,
    "predict_actor_f1": 0.0,
    "predict_actor_number": 1638,
    "predict_actor_precision": 0.0,
    "predict_actor_recall": 0.0,
    "predict_airplane_f1": 0.2952815829528158,
    "predict_airplane_number": 794,
    "predict_airplane_precision": 0.3730769230769231,
    "predict_airplane_recall": 0.24433249370277077,
    "predict_airport_f1": 0.0,
    "predict_airport_number": 364,
    "predict_airport_precision": 0.0,
    "predict_airport_recall": 0.0,
    "predict_artist/author_f1": 0.32908227056764194,
    "predict_artist/author_number": 3464,
    "predict_artist/author_precision": 0.290251433612704,
    "predict_artist/author_recall": 0.37990762124711314,
    "predict_astronomything_f1": 0.0,
    "predict_astronomything_number": 678,
    "predict_astronomything_precision": 0.0,
    "predict_astronomything_recall": 0.0,
    "predict_athlete_f1": 0.005462615227039945,
    "predict_athlete_number": 2907,
    "predict_athlete_precision": 0.36363636363636365,
    "predict_athlete_recall": 0.0027519779841761265,
    "predict_attack/battle/war/militaryconflict_f1": 0.46664578766050735,
    "predict_attack/battle/war/militaryconflict_number": 1099,
    "predict_attack/battle/war/militaryconflict_precision": 0.3557784145176695,
    "predict_attack/battle/war/militaryconflict_recall": 0.6778889899909009,
    "predict_award_f1": 0.10410094637223977,
    "predict_award_number": 941,
    "predict_award_precision": 0.2018348623853211,
    "predict_award_recall": 0.07013815090329437,
    "predict_biologything_f1": 0.3920584208124145,
    "predict_biologything_number": 1875,
    "predict_biologything_precision": 0.34264060630235343,
    "predict_biologything_recall": 0.45813333333333334,
    "predict_bodiesofwater_f1": 0.1494701617401004,
    "predict_bodiesofwater_number": 1169,
    "predict_bodiesofwater_precision": 0.21474358974358973,
    "predict_bodiesofwater_recall": 0.1146278870829769,
    "predict_broadcastprogram_f1": 0.0,
    "predict_broadcastprogram_number": 605,
    "predict_broadcastprogram_precision": 0.0,
    "predict_broadcastprogram_recall": 0.0,
    "predict_car_f1": 0.2679162072767365,
    "predict_car_number": 688,
    "predict_car_precision": 0.21580817051509768,
    "predict_car_recall": 0.35319767441860467,
    "predict_chemicalthing_f1": 0.0,
    "predict_chemicalthing_number": 1014,
    "predict_chemicalthing_precision": 0.0,
    "predict_chemicalthing_recall": 0.0,
    "predict_company_f1": 0.38778648312220837,
    "predict_company_number": 3903,
    "predict_company_precision": 0.2714783678490876,
    "predict_company_recall": 0.6784524724570843,
    "predict_currency_f1": 0.0,
    "predict_currency_number": 799,
    "predict_currency_precision": 0.0,
    "predict_currency_recall": 0.0,
    "predict_director_f1": 0.0,
    "predict_director_number": 554,
    "predict_director_precision": 0.0,
    "predict_director_recall": 0.0,
    "predict_disaster_f1": 0.0,
    "predict_disaster_number": 207,
    "predict_disaster_precision": 0.0,
    "predict_disaster_recall": 0.0,
    "predict_disease_f1": 0.0,
    "predict_disease_number": 750,
    "predict_disease_precision": 0.0,
    "predict_disease_recall": 0.0,
    "predict_education_f1": 0.5779048396977741,
    "predict_education_number": 2082,
    "predict_education_precision": 0.5026642984014209,
    "predict_education_recall": 0.6796349663784822,
    "predict_educationaldegree_f1": 0.0,
    "predict_educationaldegree_number": 367,
    "predict_educationaldegree_precision": 0.0,
    "predict_educationaldegree_recall": 0.0,
    "predict_election_f1": 0.0,
    "predict_election_number": 184,
    "predict_election_precision": 0.0,
    "predict_election_recall": 0.0,
    "predict_film_f1": 0.191327375041377,
    "predict_film_number": 759,
    "predict_film_precision": 0.127763041556145,
    "predict_film_recall": 0.380764163372859,
    "predict_food_f1": 0.0,
    "predict_food_number": 432,
    "predict_food_precision": 0.0,
    "predict_food_recall": 0.0,
    "predict_game_f1": 0.0,
    "predict_game_number": 496,
    "predict_game_precision": 0.0,
    "predict_game_recall": 0.0,
    "predict_god_f1": 0.0,
    "predict_god_number": 635,
    "predict_god_precision": 0.0,
    "predict_god_recall": 0.0,
    "predict_government/governmentagency_f1": 0.017182130584192438,
    "predict_government/governmentagency_number": 1535,
    "predict_government/governmentagency_precision": 0.07109004739336493,
    "predict_government/governmentagency_recall": 0.009771986970684038,
    "predict_hospital_f1": 0.0,
    "predict_hospital_number": 364,
    "predict_hospital_precision": 0.0,
    "predict_hospital_recall": 0.0,
    "predict_hotel_f1": 0.0,
    "predict_hotel_number": 265,
    "predict_hotel_precision": 0.0,
    "predict_hotel_recall": 0.0,
    "predict_island_f1": 0.0,
    "predict_island_number": 646,
    "predict_island_precision": 0.0,
    "predict_island_recall": 0.0,
    "predict_language_f1": 0.0,
    "predict_language_number": 753,
    "predict_language_precision": 0.0,
    "predict_language_recall": 0.0,
    "predict_law_f1": 0.011385199240986715,
    "predict_law_number": 488,
    "predict_law_precision": 0.07692307692307693,
    "predict_law_recall": 0.006147540983606557,
    "predict_library_f1": 0.0,
    "predict_library_number": 357,
    "predict_library_precision": 0.0,
    "predict_library_recall": 0.0,
    "predict_livingthing_f1": 0.06268364348677767,
    "predict_livingthing_number": 865,
    "predict_livingthing_precision": 0.20512820512820512,
    "predict_livingthing_recall": 0.03699421965317919,
    "predict_loss": 0.6248456239700317,
    "predict_media/newspaper_f1": 0.001615508885298869,
    "predict_media/newspaper_number": 1234,
    "predict_media/newspaper_precision": 0.25,
    "predict_media/newspaper_recall": 0.0008103727714748784,
    "predict_medical_f1": 0.0,
    "predict_medical_number": 397,
    "predict_medical_precision": 0.0,
    "predict_medical_recall": 0.0,
    "predict_mountain_f1": 0.0,
    "predict_mountain_number": 681,
    "predict_mountain_precision": 0.0,
    "predict_mountain_recall": 0.0,
    "predict_music_f1": 0.2984894259818731,
    "predict_music_number": 1041,
    "predict_music_precision": 0.21771705597179375,
    "predict_music_recall": 0.4745437079731028,
    "predict_other_f1": 0.37121655926576846,
    "predict_other_number": 21035,
    "predict_other_precision": 0.2822079817898409,
    "predict_other_recall": 0.5422391252674115,
    "predict_overall_accuracy": 0.85845238172789,
    "predict_overall_f1": 0.39152802636855333,
    "predict_overall_precision": 0.3720560626057215,
    "predict_overall_recall": 0.41315072451802004,
    "predict_painting_f1": 0.0,
    "predict_painting_number": 58,
    "predict_painting_precision": 0.0,
    "predict_painting_recall": 0.0,
    "predict_park_f1": 0.0,
    "predict_park_number": 458,
    "predict_park_precision": 0.0,
    "predict_park_recall": 0.0,
    "predict_politicalparty_f1": 0.0,
    "predict_politicalparty_number": 1057,
    "predict_politicalparty_precision": 0.0,
    "predict_politicalparty_recall": 0.0,
    "predict_politician_f1": 0.03732503888024883,
    "predict_politician_number": 2859,
    "predict_politician_precision": 0.16853932584269662,
    "predict_politician_recall": 0.02098635886673662,
    "predict_protest_f1": 0.0,
    "predict_protest_number": 166,
    "predict_protest_precision": 0.0,
    "predict_protest_recall": 0.0,
    "predict_religion_f1": 0.0,
    "predict_religion_number": 676,
    "predict_religion_precision": 0.0,
    "predict_religion_recall": 0.0,
    "predict_restaurant_f1": 0.0,
    "predict_restaurant_number": 232,
    "predict_restaurant_precision": 0.0,
    "predict_restaurant_recall": 0.0,
    "predict_road/railway/highway/transit_f1": 0.05693296602387512,