{
    "predict_GPE_f1": 0.794521835138246,
    "predict_GPE_number": 20409,
    "predict_GPE_precision": 0.7631317689530686,
    "predict_GPE_recall": 0.8286050271938851,
    "predict_actor_f1": 0.7485765657776446,
    "predict_actor_number": 1638,
    "predict_actor_precision": 0.735138316656857,
    "predict_actor_recall": 0.7625152625152625,
    "predict_airplane_f1": 0.5572888649811727,
    "predict_airplane_number": 794,
    "predict_airplane_precision": 0.4863849765258216,
    "predict_airplane_recall": 0.6523929471032746,
    "predict_airport_f1": 0.7757255936675461,
    "predict_airport_number": 364,
    "predict_airport_precision": 0.7461928934010152,
    "predict_airport_recall": 0.8076923076923077,
    "predict_artist/author_f1": 0.6615595075239399,
    "predict_artist/author_number": 3464,
    "predict_artist/author_precision": 0.6287051482059283,
    "predict_artist/author_recall": 0.6980369515011547,
    "predict_astronomything_f1": 0.6301575393848462,
    "predict_astronomything_number": 678,
    "predict_astronomything_precision": 0.6412213740458015,
    "predict_astronomything_recall": 0.6194690265486725,
    "predict_athlete_f1": 0.7936561498228447,
    "predict_athlete_number": 2907,
    "predict_athlete_precision": 0.7788079470198676,
    "predict_athlete_recall": 0.8090815273477813,
    "predict_attack/battle/war/militaryconflict_f1": 0.667242123435477,
    "predict_attack/battle/war/militaryconflict_number": 1099,
    "predict_attack/battle/war/militaryconflict_precision": 0.6346469622331691,
    "predict_attack/battle/war/militaryconflict_recall": 0.7033666969972703,
    "predict_award_f1": 0.5282076884672992,
    "predict_award_number": 941,
    "predict_award_precision": 0.4981167608286252,
    "predict_award_recall": 0.5621679064824655,
    "predict_biologything_f1": 0.5529757139044569,
    "predict_biologything_number": 1875,
    "predict_biologything_precision": 0.5534188034188035,
    "predict_biologything_recall": 0.5525333333333333,
    "predict_bodiesofwater_f1": 0.6762589928057555,
    "predict_bodiesofwater_number": 1169,
    "predict_bodiesofwater_precision": 0.669179229480737,
    "predict_bodiesofwater_recall": 0.6834901625320787,
    "predict_broadcastprogram_f1": 0.5249597423510466,
    "predict_broadcastprogram_number": 605,
    "predict_broadcastprogram_precision": 0.5117739403453689,
    "predict_broadcastprogram_recall": 0.5388429752066116,
    "predict_car_f1": 0.6475233309404165,
    "predict_car_number": 688,
    "predict_car_precision": 0.6397163120567376,
    "predict_car_recall": 0.6555232558139535,
    "predict_chemicalthing_f1": 0.48217861433720466,
    "predict_chemicalthing_number": 1014,
    "predict_chemicalthing_precision": 0.4059339177343223,
    "predict_chemicalthing_recall": 0.5936883629191322,
    "predict_company_f1": 0.6278751709561109,
    "predict_company_number": 3903,
    "predict_company_precision": 0.6099033816425121,
    "predict_company_recall": 0.646938252626185,
    "predict_currency_f1": 0.6877470355731224,
    "predict_currency_number": 799,
    "predict_currency_precision": 0.6265432098765432,
    "predict_currency_recall": 0.7622027534418022,
    "predict_director_f1": 0.6370494551550712,
    "predict_director_number": 554,
    "predict_director_precision": 0.594679186228482,
    "predict_director_recall": 0.6859205776173285,
    "predict_disaster_f1": 0.3980099502487562,
    "predict_disaster_number": 207,
    "predict_disaster_precision": 0.41025641025641024,
    "predict_disaster_recall": 0.3864734299516908,
    "predict_disease_f1": 0.5501691093573845,
    "predict_disease_number": 750,
    "predict_disease_precision": 0.4765625,
    "predict_disease_recall": 0.6506666666666666,
    "predict_education_f1": 0.7237196765498651,
    "predict_education_number": 2082,
    "predict_education_precision": 0.6797468354430379,
    "predict_education_recall": 0.7737752161383286,
    "predict_educationaldegree_f1": 0.46325167037861914,
    "predict_educationaldegree_number": 367,
    "predict_educationaldegree_precision": 0.391713747645951,
    "predict_educationaldegree_recall": 0.5667574931880109,
    "predict_election_f1": 0.18181818181818182,
    "predict_election_number": 184,
    "predict_election_precision": 0.16591928251121077,
    "predict_election_recall": 0.20108695652173914,
    "predict_film_f1": 0.6658400495970241,
    "predict_film_number": 759,
    "predict_film_precision": 0.6288056206088993,
    "predict_film_recall": 0.7075098814229249,
    "predict_food_f1": 0.46357615894039733,
    "predict_food_number": 432,
    "predict_food_precision": 0.4430379746835443,
    "predict_food_recall": 0.4861111111111111,
    "predict_game_f1": 0.6022944550669216,
    "predict_game_number": 496,
    "predict_game_precision": 0.5727272727272728,
    "predict_game_recall": 0.6350806451612904,
    "predict_god_f1": 0.6028210838901262,
    "predict_god_number": 635,
    "predict_god_precision": 0.5702247191011236,
    "predict_god_recall": 0.6393700787401575,
    "predict_government/governmentagency_f1": 0.3716129032258064,
    "predict_government/governmentagency_number": 1535,
    "predict_government/governmentagency_precision": 0.3680511182108626,
    "predict_government/governmentagency_recall": 0.3752442996742671,
    "predict_hospital_f1": 0.7376623376623376,
    "predict_hospital_number": 364,
    "predict_hospital_precision": 0.6995073891625616,
    "predict_hospital_recall": 0.7802197802197802,
    "predict_hotel_f1": 0.6286836935166994,
    "predict_hotel_number": 265,
    "predict_hotel_precision": 0.6557377049180327,
    "predict_hotel_recall": 0.6037735849056604,
    "predict_island_f1": 0.5808039376538146,
    "predict_island_number": 646,
    "predict_island_precision": 0.6178010471204188,
    "predict_island_recall": 0.5479876160990712,
    "predict_language_f1": 0.6346633416458852,
    "predict_language_number": 753,
    "predict_language_precision": 0.5981198589894242,
    "predict_language_recall": 0.6759628154050464,
    "predict_law_f1": 0.5327188940092166,
    "predict_law_number": 488,
    "predict_law_precision": 0.48408710217755446,
    "predict_law_recall": 0.5922131147540983,
    "predict_library_f1": 0.5846153846153846,
    "predict_library_number": 357,
    "predict_library_precision": 0.5390070921985816,
    "predict_library_recall": 0.6386554621848739,
    "predict_livingthing_f1": 0.5572826712723086,
    "predict_livingthing_number": 865,
    "predict_livingthing_precision": 0.555045871559633,
    "predict_livingthing_recall": 0.5595375722543353,
    "predict_loss": 0.3450555205345154,
    "predict_media/newspaper_f1": 0.596041055718475,
    "predict_media/newspaper_number": 1234,
    "predict_media/newspaper_precision": 0.5441767068273092,
    "predict_media/newspaper_recall": 0.6588330632090762,
    "predict_medical_f1": 0.09586056644880174,
    "predict_medical_number": 397,
    "predict_medical_precision": 0.3548387096774194,
    "predict_medical_recall": 0.055415617128463476,
    "predict_mountain_f1": 0.6291959406713504,
    "predict_mountain_number": 681,
    "predict_mountain_precision": 0.6716666666666666,
    "predict_mountain_recall": 0.591776798825257,
    "predict_music_f1": 0.6924603174603174,
    "predict_music_number": 1041,
    "predict_music_precision": 0.7158974358974359,
    "predict_music_recall": 0.6705091258405379,
    "predict_other_f1": 0.5227685875295401,
    "predict_other_number": 21035,
    "predict_other_precision": 0.500718234449136,
    "predict_other_recall": 0.5468504872830996,
    "predict_overall_accuracy": 0.9151276689531775,
    "predict_overall_f1": 0.6254811736183267,
    "predict_overall_precision": 0.6007337147636336,
    "predict_overall_recall": 0.6523551996036825,
    "predict_painting_f1": 0.03076923076923077,
    "predict_painting_number": 58,
    "predict_painting_precision": 0.14285714285714285,
    "predict_painting_recall": 0.017241379310344827,
    "predict_park_f1": 0.6195995785036881,