{
    "predict_GPE_f1": 0.7548045062955601,
    "predict_GPE_number": 20409,
    "predict_GPE_precision": 0.7300279265668635,
    "predict_GPE_recall": 0.7813219657994023,
    "predict_actor_f1": 0.6581250000000001,
    "predict_actor_number": 1638,
    "predict_actor_precision": 0.6741357234314981,
    "predict_actor_recall": 0.6428571428571429,
    "predict_airplane_f1": 0.5146262188515709,
    "predict_airplane_number": 794,
    "predict_airplane_precision": 0.4515209125475285,
    "predict_airplane_recall": 0.5982367758186398,
    "predict_airport_f1": 0.6071428571428571,
    "predict_airport_number": 364,
    "predict_airport_precision": 0.5666666666666667,
    "predict_airport_recall": 0.6538461538461539,
    "predict_artist/author_f1": 0.5488681757656458,
    "predict_artist/author_number": 3464,
    "predict_artist/author_precision": 0.509391992090954,
    "predict_artist/author_recall": 0.5949769053117783,
    "predict_astronomything_f1": 0.5243816254416961,
    "predict_astronomything_number": 678,
    "predict_astronomything_precision": 0.5033921302578019,
    "predict_astronomything_recall": 0.5471976401179941,
    "predict_athlete_f1": 0.7701883701883703,
    "predict_athlete_number": 2907,
    "predict_athlete_precision": 0.7351469668542839,
    "predict_athlete_recall": 0.8087375300997592,
    "predict_attack/battle/war/militaryconflict_f1": 0.6228070175438597,
    "predict_attack/battle/war/militaryconflict_number": 1099,
    "predict_attack/battle/war/militaryconflict_precision": 0.6011854360711262,
    "predict_attack/battle/war/militaryconflict_recall": 0.6460418562329391,
    "predict_award_f1": 0.4452759588400374,
    "predict_award_number": 941,
    "predict_award_precision": 0.39766081871345027,
    "predict_award_recall": 0.5058448459086079,
    "predict_biologything_f1": 0.5306216778368384,
    "predict_biologything_number": 1875,
    "predict_biologything_precision": 0.46818923327895595,
    "predict_biologything_recall": 0.6122666666666666,
    "predict_bodiesofwater_f1": 0.5755968169761273,
    "predict_bodiesofwater_number": 1169,
    "predict_bodiesofwater_precision": 0.595608417200366,
    "predict_bodiesofwater_recall": 0.5568862275449101,
    "predict_broadcastprogram_f1": 0.37702265372168287,
    "predict_broadcastprogram_number": 605,
    "predict_broadcastprogram_precision": 0.3692551505546751,
    "predict_broadcastprogram_recall": 0.3851239669421488,
    "predict_car_f1": 0.6001500375093773,
    "predict_car_number": 688,
    "predict_car_precision": 0.6201550387596899,
    "predict_car_recall": 0.5813953488372093,
    "predict_chemicalthing_f1": 0.4546835443037974,
    "predict_chemicalthing_number": 1014,
    "predict_chemicalthing_precision": 0.4672216441207076,
    "predict_chemicalthing_recall": 0.4428007889546351,
    "predict_company_f1": 0.5712173484475112,
    "predict_company_number": 3903,
    "predict_company_precision": 0.550201756468075,
    "predict_company_recall": 0.5939021265693056,
    "predict_currency_f1": 0.6405063291139239,
    "predict_currency_number": 799,
    "predict_currency_precision": 0.647887323943662,
    "predict_currency_recall": 0.6332916145181476,
    "predict_director_f1": 0.4477172312223858,
    "predict_director_number": 554,
    "predict_director_precision": 0.3781094527363184,
    "predict_director_recall": 0.5487364620938628,
    "predict_disaster_f1": 0.4039900249376559,
    "predict_disaster_number": 207,
    "predict_disaster_precision": 0.4175257731958763,
    "predict_disaster_recall": 0.391304347826087,
    "predict_disease_f1": 0.4844855743059336,
    "predict_disease_number": 750,
    "predict_disease_precision": 0.4093836246550138,
    "predict_disease_recall": 0.5933333333333334,
    "predict_education_f1": 0.641500904159132,
    "predict_education_number": 2082,
    "predict_education_precision": 0.6058923996584116,
    "predict_education_recall": 0.6815561959654178,
    "predict_educationaldegree_f1": 0.39355581127733025,
    "predict_educationaldegree_number": 367,
    "predict_educationaldegree_precision": 0.34063745019920316,
    "predict_educationaldegree_recall": 0.4659400544959128,
    "predict_election_f1": 0.16967509025270758,
    "predict_election_number": 184,
    "predict_election_precision": 0.12702702702702703,
    "predict_election_recall": 0.2554347826086957,
    "predict_film_f1": 0.47644829453167303,
    "predict_film_number": 759,
    "predict_film_precision": 0.40441176470588236,
    "predict_film_recall": 0.5797101449275363,
    "predict_food_f1": 0.3926380368098159,
    "predict_food_number": 432,
    "predict_food_precision": 0.3159379407616361,
    "predict_food_recall": 0.5185185185185185,
    "predict_game_f1": 0.3283208020050125,
    "predict_game_number": 496,
    "predict_game_precision": 0.4337748344370861,
    "predict_game_recall": 0.26411290322580644,
    "predict_god_f1": 0.5176085176085176,
    "predict_god_number": 635,
    "predict_god_precision": 0.5392491467576792,
    "predict_god_recall": 0.49763779527559054,
    "predict_government/governmentagency_f1": 0.28038439796495196,
    "predict_government/governmentagency_number": 1535,
    "predict_government/governmentagency_precision": 0.2476285571642536,
    "predict_government/governmentagency_recall": 0.3231270358306189,
    "predict_hospital_f1": 0.5563598759048604,
    "predict_hospital_number": 364,
    "predict_hospital_precision": 0.4461028192371476,
    "predict_hospital_recall": 0.739010989010989,
    "predict_hotel_f1": 0.5529225908372828,
    "predict_hotel_number": 265,
    "predict_hotel_precision": 0.47554347826086957,
    "predict_hotel_recall": 0.660377358490566,
    "predict_island_f1": 0.49068322981366463,
    "predict_island_number": 646,
    "predict_island_precision": 0.49221183800623053,
    "predict_island_recall": 0.4891640866873065,
    "predict_language_f1": 0.569886022795441,
    "predict_language_number": 753,
    "predict_language_precision": 0.5196936542669585,
    "predict_language_recall": 0.6308100929614874,
    "predict_law_f1": 0.41072925398155913,
    "predict_law_number": 488,
    "predict_law_precision": 0.3475177304964539,
    "predict_law_recall": 0.5020491803278688,
    "predict_library_f1": 0.5153061224489796,
    "predict_library_number": 357,
    "predict_library_precision": 0.47306791569086654,
    "predict_library_recall": 0.5658263305322129,
    "predict_livingthing_f1": 0.520910534674431,
    "predict_livingthing_number": 865,
    "predict_livingthing_precision": 0.48046875,
    "predict_livingthing_recall": 0.5687861271676301,
    "predict_loss": 0.5229611992835999,
    "predict_media/newspaper_f1": 0.5399429386590584,
    "predict_media/newspaper_number": 1234,
    "predict_media/newspaper_precision": 0.4821656050955414,
    "predict_media/newspaper_recall": 0.6134521880064829,
    "predict_medical_f1": 0.3691529709228824,
    "predict_medical_number": 397,
    "predict_medical_precision": 0.37055837563451777,
    "predict_medical_recall": 0.3677581863979849,
    "predict_mountain_f1": 0.49488260084286567,
    "predict_mountain_number": 681,
    "predict_mountain_precision": 0.4193877551020408,
    "predict_mountain_recall": 0.6035242290748899,
    "predict_music_f1": 0.5985015425297489,
    "predict_music_number": 1041,
    "predict_music_precision": 0.5529315960912052,
    "predict_music_recall": 0.6522574447646494,
    "predict_other_f1": 0.4292491703231842,
    "predict_other_number": 21035,
    "predict_other_precision": 0.40382197636409356,
    "predict_other_recall": 0.4580936534347516,
    "predict_overall_accuracy": 0.8976053521291911,
    "predict_overall_f1": 0.5497781361505294,
    "predict_overall_precision": 0.5165446346752316,
    "predict_overall_recall": 0.5875820501176567,
    "predict_painting_f1": 0.0,
    "predict_painting_number": 58,
    "predict_painting_precision": 0.0,
    "predict_painting_recall": 0.0,
    "predict_park_f1": 0.4068767908309456,
    "predict_park_number": 458,