{
    "predict_GPE_f1": 0.7572298690710279,
    "predict_GPE_number": 20409,
    "predict_GPE_precision": 0.7415112947917156,
    "predict_GPE_recall": 0.7736292811994708,
    "predict_actor_f1": 0.6013847675568744,
    "predict_actor_number": 1638,
    "predict_actor_precision": 0.6537634408602151,
    "predict_actor_recall": 0.5567765567765568,
    "predict_airplane_f1": 0.5039370078740157,
    "predict_airplane_number": 794,
    "predict_airplane_precision": 0.45528455284552843,
    "predict_airplane_recall": 0.5642317380352645,
    "predict_airport_f1": 0.5295275590551182,
    "predict_airport_number": 364,
    "predict_airport_precision": 0.4125766871165644,
    "predict_airport_recall": 0.739010989010989,
    "predict_artist/author_f1": 0.5254994742376445,
    "predict_artist/author_number": 3464,
    "predict_artist/author_precision": 0.4823841698841699,
    "predict_artist/author_recall": 0.5770785219399538,
    "predict_astronomything_f1": 0.5099191770756796,
    "predict_astronomything_number": 678,
    "predict_astronomything_precision": 0.5080527086383602,
    "predict_astronomything_recall": 0.5117994100294986,
    "predict_athlete_f1": 0.7457450503647101,
    "predict_athlete_number": 2907,
    "predict_athlete_precision": 0.7530690985619081,
    "predict_athlete_recall": 0.738562091503268,
    "predict_attack/battle/war/militaryconflict_f1": 0.5968448729184925,
    "predict_attack/battle/war/militaryconflict_number": 1099,
    "predict_attack/battle/war/militaryconflict_precision": 0.5756551141166526,
    "predict_attack/battle/war/militaryconflict_recall": 0.6196542311191993,
    "predict_award_f1": 0.3923006416131989,
    "predict_award_number": 941,
    "predict_award_precision": 0.3448831587429492,
    "predict_award_recall": 0.45483528161530284,
    "predict_biologything_f1": 0.48123620309050774,
    "predict_biologything_number": 1875,
    "predict_biologything_precision": 0.44550408719346046,
    "predict_biologything_recall": 0.5232,
    "predict_bodiesofwater_f1": 0.6286167261196989,
    "predict_bodiesofwater_number": 1169,
    "predict_bodiesofwater_precision": 0.585672082717873,
    "predict_bodiesofwater_recall": 0.6783575705731394,
    "predict_broadcastprogram_f1": 0.3456,
    "predict_broadcastprogram_number": 605,
    "predict_broadcastprogram_precision": 0.33488372093023255,
    "predict_broadcastprogram_recall": 0.35702479338842974,
    "predict_car_f1": 0.5044378698224852,
    "predict_car_number": 688,
    "predict_car_precision": 0.5135542168674698,
    "predict_car_recall": 0.4956395348837209,
    "predict_chemicalthing_f1": 0.4642570281124498,
    "predict_chemicalthing_number": 1014,
    "predict_chemicalthing_precision": 0.3915989159891599,
    "predict_chemicalthing_recall": 0.5700197238658777,
    "predict_company_f1": 0.545006454641474,
    "predict_company_number": 3903,
    "predict_company_precision": 0.5028150714595063,
    "predict_company_recall": 0.5949269792467333,
    "predict_currency_f1": 0.5899532710280374,
    "predict_currency_number": 799,
    "predict_currency_precision": 0.5531215772179627,
    "predict_currency_recall": 0.6320400500625782,
    "predict_director_f1": 0.38740920096852305,
    "predict_director_number": 554,
    "predict_director_precision": 0.35036496350364965,
    "predict_director_recall": 0.4332129963898917,
    "predict_disaster_f1": 0.3612334801762115,
    "predict_disaster_number": 207,
    "predict_disaster_precision": 0.3319838056680162,
    "predict_disaster_recall": 0.3961352657004831,
    "predict_disease_f1": 0.4922918807810895,
    "predict_disease_number": 750,
    "predict_disease_precision": 0.4005016722408027,
    "predict_disease_recall": 0.6386666666666667,
    "predict_education_f1": 0.6467774994306535,
    "predict_education_number": 2082,
    "predict_education_precision": 0.6149848419229104,
    "predict_education_recall": 0.6820365033621518,
    "predict_educationaldegree_f1": 0.40483383685800606,
    "predict_educationaldegree_number": 367,
    "predict_educationaldegree_precision": 0.3210862619808307,
    "predict_educationaldegree_recall": 0.547683923705722,
    "predict_election_f1": 0.16867469879518074,
    "predict_election_number": 184,
    "predict_election_precision": 0.12342569269521411,
    "predict_election_recall": 0.266304347826087,
    "predict_film_f1": 0.5092533503509891,
    "predict_film_number": 759,
    "predict_film_precision": 0.4938118811881188,
    "predict_film_recall": 0.525691699604743,
    "predict_food_f1": 0.3748395378690629,
    "predict_food_number": 432,
    "predict_food_precision": 0.4207492795389049,
    "predict_food_recall": 0.33796296296296297,
    "predict_game_f1": 0.42752867570385816,
    "predict_game_number": 496,
    "predict_game_precision": 0.4427645788336933,
    "predict_game_recall": 0.41330645161290325,
    "predict_god_f1": 0.5384063173007896,
    "predict_god_number": 635,
    "predict_god_precision": 0.4947229551451187,
    "predict_god_recall": 0.5905511811023622,
    "predict_government/governmentagency_f1": 0.3228571428571429,
    "predict_government/governmentagency_number": 1535,
    "predict_government/governmentagency_precision": 0.2875318066157761,
    "predict_government/governmentagency_recall": 0.36807817589576547,
    "predict_hospital_f1": 0.6451612903225806,
    "predict_hospital_number": 364,
    "predict_hospital_precision": 0.5882352941176471,
    "predict_hospital_recall": 0.7142857142857143,
    "predict_hotel_f1": 0.5234248788368336,
    "predict_hotel_number": 265,
    "predict_hotel_precision": 0.4576271186440678,
    "predict_hotel_recall": 0.6113207547169811,
    "predict_island_f1": 0.48125937031484256,
    "predict_island_number": 646,
    "predict_island_precision": 0.46656976744186046,
    "predict_island_recall": 0.4969040247678019,
    "predict_language_f1": 0.5621135469364811,
    "predict_language_number": 753,
    "predict_language_precision": 0.4873294346978557,
    "predict_language_recall": 0.6640106241699867,
    "predict_law_f1": 0.35453774385072095,
    "predict_law_number": 488,
    "predict_law_precision": 0.3024602026049204,
    "predict_law_recall": 0.42827868852459017,
    "predict_library_f1": 0.5025000000000002,
    "predict_library_number": 357,
    "predict_library_precision": 0.45372460496614,
    "predict_library_recall": 0.5630252100840336,
    "predict_livingthing_f1": 0.48067226890756304,
    "predict_livingthing_number": 865,
    "predict_livingthing_precision": 0.46630434782608693,
    "predict_livingthing_recall": 0.4959537572254335,
    "predict_loss": 0.520521879196167,
    "predict_media/newspaper_f1": 0.5264376688537244,
    "predict_media/newspaper_number": 1234,
    "predict_media/newspaper_precision": 0.5025792188651437,
    "predict_media/newspaper_recall": 0.5526742301458671,
    "predict_medical_f1": 0.24892703862660945,
    "predict_medical_number": 397,
    "predict_medical_precision": 0.28807947019867547,
    "predict_medical_recall": 0.21914357682619648,
    "predict_mountain_f1": 0.5572457966373099,
    "predict_mountain_number": 681,
    "predict_mountain_precision": 0.6126760563380281,
    "predict_mountain_recall": 0.5110132158590308,
    "predict_music_f1": 0.5766590389016019,
    "predict_music_number": 1041,
    "predict_music_precision": 0.5506993006993007,
    "predict_music_recall": 0.6051873198847262,
    "predict_other_f1": 0.424874588406886,
    "predict_other_number": 21035,
    "predict_other_precision": 0.3969689461513049,
    "predict_other_recall": 0.457000237699073,
    "predict_overall_accuracy": 0.8949627274839478,
    "predict_overall_f1": 0.536072548685906,
    "predict_overall_precision": 0.5068175758300157,
    "predict_overall_recall": 0.5689117780621723,
    "predict_painting_f1": 0.0,
    "predict_painting_number": 58,
    "predict_painting_precision": 0.0,
    "predict_painting_recall": 0.0,
    "predict_park_f1": 0.33486238532110096,
    "predict_park_number": 458,