{
    "predict_GPE_f1": 0.7515023768947887,
    "predict_GPE_number": 20409,
    "predict_GPE_precision": 0.6928101872906933,
    "predict_GPE_recall": 0.8210593365672008,
    "predict_actor_f1": 0.5899942495687176,
    "predict_actor_number": 1638,
    "predict_actor_precision": 0.5576086956521739,
    "predict_actor_recall": 0.6263736263736264,
    "predict_airplane_f1": 0.4863498483316481,
    "predict_airplane_number": 794,
    "predict_airplane_precision": 0.40625,
    "predict_airplane_recall": 0.6057934508816121,
    "predict_airport_f1": 0.0,
    "predict_airport_number": 364,
    "predict_airport_precision": 0.0,
    "predict_airport_recall": 0.0,
    "predict_artist/author_f1": 0.4631521591063888,
    "predict_artist/author_number": 3464,
    "predict_artist/author_precision": 0.43848336342532884,
    "predict_artist/author_recall": 0.4907621247113164,
    "predict_astronomything_f1": 0.14102564102564102,
    "predict_astronomything_number": 678,
    "predict_astronomything_precision": 0.5392156862745098,
    "predict_astronomything_recall": 0.08112094395280237,
    "predict_athlete_f1": 0.7371727748691099,
    "predict_athlete_number": 2907,
    "predict_athlete_precision": 0.7481402763018066,
    "predict_athlete_recall": 0.7265221878224974,
    "predict_attack/battle/war/militaryconflict_f1": 0.5167530224525044,
    "predict_attack/battle/war/militaryconflict_number": 1099,
    "predict_attack/battle/war/militaryconflict_precision": 0.41648106904231624,
    "predict_attack/battle/war/militaryconflict_recall": 0.6806187443130118,
    "predict_award_f1": 0.4074074074074074,
    "predict_award_number": 941,
    "predict_award_precision": 0.3682403433476395,
    "predict_award_recall": 0.45589798087141337,
    "predict_biologything_f1": 0.41358439811701414,
    "predict_biologything_number": 1875,
    "predict_biologything_precision": 0.30198870611342993,
    "predict_biologything_recall": 0.656,
    "predict_bodiesofwater_f1": 0.45291157440690155,
    "predict_bodiesofwater_number": 1169,
    "predict_bodiesofwater_precision": 0.39057656540607566,
    "predict_bodiesofwater_recall": 0.5389221556886228,
    "predict_broadcastprogram_f1": 0.0,
    "predict_broadcastprogram_number": 605,
    "predict_broadcastprogram_precision": 0.0,
    "predict_broadcastprogram_recall": 0.0,
    "predict_car_f1": 0.5365025466893039,
    "predict_car_number": 688,
    "predict_car_precision": 0.4392956441149212,
    "predict_car_recall": 0.688953488372093,
    "predict_chemicalthing_f1": 0.0,
    "predict_chemicalthing_number": 1014,
    "predict_chemicalthing_precision": 0.0,
    "predict_chemicalthing_recall": 0.0,
    "predict_company_f1": 0.551838425686173,
    "predict_company_number": 3903,
    "predict_company_precision": 0.4631432545201669,
    "predict_company_recall": 0.6825518831667948,
    "predict_currency_f1": 0.5722300140252453,
    "predict_currency_number": 799,
    "predict_currency_precision": 0.6507177033492823,
    "predict_currency_recall": 0.5106382978723404,
    "predict_director_f1": 0.0,
    "predict_director_number": 554,
    "predict_director_precision": 0.0,
    "predict_director_recall": 0.0,
    "predict_disaster_f1": 0.0,
    "predict_disaster_number": 207,
    "predict_disaster_precision": 0.0,
    "predict_disaster_recall": 0.0,
    "predict_disease_f1": 0.0,
    "predict_disease_number": 750,
    "predict_disease_precision": 0.0,
    "predict_disease_recall": 0.0,
    "predict_education_f1": 0.661383593917327,
    "predict_education_number": 2082,
    "predict_education_precision": 0.596830305373019,
    "predict_education_recall": 0.7415946205571565,
    "predict_educationaldegree_f1": 0.41114982578397213,
    "predict_educationaldegree_number": 367,
    "predict_educationaldegree_precision": 0.3582995951417004,
    "predict_educationaldegree_recall": 0.4822888283378747,
    "predict_election_f1": 0.0,
    "predict_election_number": 184,
    "predict_election_precision": 0.0,
    "predict_election_recall": 0.0,
    "predict_film_f1": 0.30931310577328275,
    "predict_film_number": 759,
    "predict_film_precision": 0.22738537794299876,
    "predict_film_recall": 0.48353096179183136,
    "predict_food_f1": 0.0,
    "predict_food_number": 432,
    "predict_food_precision": 0.0,
    "predict_food_recall": 0.0,
    "predict_game_f1": 0.0,
    "predict_game_number": 496,
    "predict_game_precision": 0.0,
    "predict_game_recall": 0.0,
    "predict_god_f1": 0.0,
    "predict_god_number": 635,
    "predict_god_precision": 0.0,
    "predict_god_recall": 0.0,
    "predict_government/governmentagency_f1": 0.2574535250789197,
    "predict_government/governmentagency_number": 1535,
    "predict_government/governmentagency_precision": 0.27887537993920974,
    "predict_government/governmentagency_recall": 0.23908794788273616,
    "predict_hospital_f1": 0.0,
    "predict_hospital_number": 364,
    "predict_hospital_precision": 0.0,
    "predict_hospital_recall": 0.0,
    "predict_hotel_f1": 0.0,
    "predict_hotel_number": 265,
    "predict_hotel_precision": 0.0,
    "predict_hotel_recall": 0.0,
    "predict_island_f1": 0.003076923076923077,
    "predict_island_number": 646,
    "predict_island_precision": 0.25,
    "predict_island_recall": 0.0015479876160990713,
    "predict_language_f1": 0.052830188679245285,
    "predict_language_number": 753,
    "predict_language_precision": 0.5,
    "predict_language_recall": 0.027888446215139442,
    "predict_law_f1": 0.32645034414945917,
    "predict_law_number": 488,
    "predict_law_precision": 0.31379962192816635,
    "predict_law_recall": 0.3401639344262295,
    "predict_library_f1": 0.0,
    "predict_library_number": 357,
    "predict_library_precision": 0.0,
    "predict_library_recall": 0.0,
    "predict_livingthing_f1": 0.39313861845155307,
    "predict_livingthing_number": 865,
    "predict_livingthing_precision": 0.3281733746130031,
    "predict_livingthing_recall": 0.49017341040462425,
    "predict_loss": 0.49447572231292725,
    "predict_media/newspaper_f1": 0.4186440677966101,
    "predict_media/newspaper_number": 1234,
    "predict_media/newspaper_precision": 0.43872113676731794,
    "predict_media/newspaper_recall": 0.40032414910858993,
    "predict_medical_f1": 0.0,
    "predict_medical_number": 397,
    "predict_medical_precision": 0.0,
    "predict_medical_recall": 0.0,
    "predict_mountain_f1": 0.0,
    "predict_mountain_number": 681,
    "predict_mountain_precision": 0.0,
    "predict_mountain_recall": 0.0,
    "predict_music_f1": 0.45636792452830194,
    "predict_music_number": 1041,
    "predict_music_precision": 0.5908396946564886,
    "predict_music_recall": 0.37175792507204614,
    "predict_other_f1": 0.4328322309079976,
    "predict_other_number": 21035,
    "predict_other_precision": 0.3741812510830012,
    "predict_other_recall": 0.5132873781792251,
    "predict_overall_accuracy": 0.8843466289707227,
    "predict_overall_f1": 0.5033508457828261,
    "predict_overall_precision": 0.4784440270054122,
    "predict_overall_recall": 0.5309932708582752,
    "predict_painting_f1": 0.0,
    "predict_painting_number": 58,
    "predict_painting_precision": 0.0,
    "predict_painting_recall": 0.0,
    "predict_park_f1": 0.0,
    "predict_park_number": 458,
    "predict_park_precision": 0.0,
    "predict_park_recall": 0.0,
    "predict_politicalparty_f1": 0.5524140930839496,
    "predict_politicalparty_number": 1057,
    "predict_politicalparty_precision": 0.5112721417069244,
    "predict_politicalparty_recall": 0.6007568590350048,
    "predict_politician_f1": 0.5165628074778617,
    "predict_politician_number": 2859,
    "predict_politician_precision": 0.4862611917258413,
    "predict_politician_recall": 0.5508919202518363,
    "predict_protest_f1": 0.0,
    "predict_protest_number": 166,
    "predict_protest_precision": 0.0,
    "predict_protest_recall": 0.0,
    "predict_religion_f1": 0.28852459016393445,
    "predict_religion_number": 676,