{
    "predict_GPE_f1": 0.7320458234339348,
    "predict_GPE_number": 20409,
    "predict_GPE_precision": 0.7040086869966519,
    "predict_GPE_recall": 0.7624087412416091,
    "predict_actor_f1": 0.640445958501084,
    "predict_actor_number": 1638,
    "predict_actor_precision": 0.6499057196731616,
    "predict_actor_recall": 0.6312576312576312,
    "predict_airplane_f1": 0.46473029045643155,
    "predict_airplane_number": 794,
    "predict_airplane_precision": 0.43896976483762595,
    "predict_airplane_recall": 0.49370277078085645,
    "predict_airport_f1": 0.5362694300518135,
    "predict_airport_number": 364,
    "predict_airport_precision": 0.5073529411764706,
    "predict_airport_recall": 0.5686813186813187,
    "predict_artist/author_f1": 0.4889084765682386,
    "predict_artist/author_number": 3464,
    "predict_artist/author_precision": 0.49775650613221656,
    "predict_artist/author_recall": 0.48036951501154734,
    "predict_astronomything_f1": 0.5905673274094326,
    "predict_astronomything_number": 678,
    "predict_astronomything_precision": 0.5503184713375796,
    "predict_astronomything_recall": 0.6371681415929203,
    "predict_athlete_f1": 0.726027397260274,
    "predict_athlete_number": 2907,
    "predict_athlete_precision": 0.7228094101602455,
    "predict_athlete_recall": 0.7292741658066736,
    "predict_attack/battle/war/militaryconflict_f1": 0.6019261637239166,
    "predict_attack/battle/war/militaryconflict_number": 1099,
    "predict_attack/battle/war/militaryconflict_precision": 0.5384063173007897,
    "predict_attack/battle/war/militaryconflict_recall": 0.6824385805277525,
    "predict_award_f1": 0.42678227360308285,
    "predict_award_number": 941,
    "predict_award_precision": 0.3903083700440529,
    "predict_award_recall": 0.4707757704569607,
    "predict_biologything_f1": 0.5129476584022039,
    "predict_biologything_number": 1875,
    "predict_biologything_precision": 0.5304843304843305,
    "predict_biologything_recall": 0.4965333333333333,
    "predict_bodiesofwater_f1": 0.5819370657948509,
    "predict_bodiesofwater_number": 1169,
    "predict_bodiesofwater_precision": 0.5571205007824727,
    "predict_bodiesofwater_recall": 0.6090675791274593,
    "predict_broadcastprogram_f1": 0.3993344425956739,
    "predict_broadcastprogram_number": 605,
    "predict_broadcastprogram_precision": 0.4020100502512563,
    "predict_broadcastprogram_recall": 0.39669421487603307,
    "predict_car_f1": 0.5010351966873706,
    "predict_car_number": 688,
    "predict_car_precision": 0.47700394218134035,
    "predict_car_recall": 0.5276162790697675,
    "predict_chemicalthing_f1": 0.43471005423445974,
    "predict_chemicalthing_number": 1014,
    "predict_chemicalthing_precision": 0.3767172812725958,
    "predict_chemicalthing_recall": 0.5138067061143984,
    "predict_company_f1": 0.49849012775842044,
    "predict_company_number": 3903,
    "predict_company_precision": 0.45591671977905246,
    "predict_company_recall": 0.549833461439918,
    "predict_currency_f1": 0.6635730858468677,
    "predict_currency_number": 799,
    "predict_currency_precision": 0.6183783783783784,
    "predict_currency_recall": 0.7158948685857321,
    "predict_director_f1": 0.4735152487961477,
    "predict_director_number": 554,
    "predict_director_precision": 0.4263005780346821,
    "predict_director_recall": 0.5324909747292419,
    "predict_disaster_f1": 0.34782608695652173,
    "predict_disaster_number": 207,
    "predict_disaster_precision": 0.29431438127090304,
    "predict_disaster_recall": 0.4251207729468599,
    "predict_disease_f1": 0.48711340206185566,
    "predict_disease_number": 750,
    "predict_disease_precision": 0.4713216957605985,
    "predict_disease_recall": 0.504,
    "predict_education_f1": 0.6040888107276324,
    "predict_education_number": 2082,
    "predict_education_precision": 0.5569517632752331,
    "predict_education_recall": 0.659942363112392,
    "predict_educationaldegree_f1": 0.46450060168471724,
    "predict_educationaldegree_number": 367,
    "predict_educationaldegree_precision": 0.41594827586206895,
    "predict_educationaldegree_recall": 0.5258855585831063,
    "predict_election_f1": 0.1362530413625304,
    "predict_election_number": 184,
    "predict_election_precision": 0.12334801762114538,
    "predict_election_recall": 0.15217391304347827,
    "predict_film_f1": 0.5668827342368887,
    "predict_film_number": 759,
    "predict_film_precision": 0.5127931769722814,
    "predict_film_recall": 0.6337285902503293,
    "predict_food_f1": 0.35205183585313177,
    "predict_food_number": 432,
    "predict_food_precision": 0.3299595141700405,
    "predict_food_recall": 0.3773148148148148,
    "predict_game_f1": 0.4989106753812636,
    "predict_game_number": 496,
    "predict_game_precision": 0.542654028436019,
    "predict_game_recall": 0.46169354838709675,
    "predict_god_f1": 0.4786695589298626,
    "predict_god_number": 635,
    "predict_god_precision": 0.4425133689839572,
    "predict_god_recall": 0.521259842519685,
    "predict_government/governmentagency_f1": 0.28171585031944024,
    "predict_government/governmentagency_number": 1535,
    "predict_government/governmentagency_precision": 0.2642694063926941,
    "predict_government/governmentagency_recall": 0.301628664495114,
    "predict_hospital_f1": 0.5181208053691275,
    "predict_hospital_number": 364,
    "predict_hospital_precision": 0.5065616797900262,
    "predict_hospital_recall": 0.5302197802197802,
    "predict_hotel_f1": 0.467005076142132,
    "predict_hotel_number": 265,
    "predict_hotel_precision": 0.4233128834355828,
    "predict_hotel_recall": 0.5207547169811321,
    "predict_island_f1": 0.480865224625624,
    "predict_island_number": 646,
    "predict_island_precision": 0.5197841726618705,
    "predict_island_recall": 0.4473684210526316,
    "predict_language_f1": 0.5662049861495846,
    "predict_language_number": 753,
    "predict_language_precision": 0.48574144486692017,
    "predict_language_recall": 0.6786188579017264,
    "predict_law_f1": 0.42568161829375556,
    "predict_law_number": 488,
    "predict_law_precision": 0.3728813559322034,
    "predict_law_recall": 0.4959016393442623,
    "predict_library_f1": 0.5518072289156626,
    "predict_library_number": 357,
    "predict_library_precision": 0.48414376321353064,
    "predict_library_recall": 0.6414565826330533,
    "predict_livingthing_f1": 0.49614791987673346,
    "predict_livingthing_number": 865,
    "predict_livingthing_precision": 0.4463955637707948,
    "predict_livingthing_recall": 0.5583815028901734,
    "predict_loss": 0.6661199331283569,
    "predict_media/newspaper_f1": 0.47641886490807356,
    "predict_media/newspaper_number": 1234,
    "predict_media/newspaper_precision": 0.47003154574132494,
    "predict_media/newspaper_recall": 0.4829821717990275,
    "predict_medical_f1": 0.3438685208596713,
    "predict_medical_number": 397,
    "predict_medical_precision": 0.34517766497461927,
    "predict_medical_recall": 0.3425692695214106,
    "predict_mountain_f1": 0.4931506849315069,
    "predict_mountain_number": 681,
    "predict_mountain_precision": 0.48441926345609065,
    "predict_mountain_recall": 0.5022026431718062,
    "predict_music_f1": 0.5872224739465337,
    "predict_music_number": 1041,
    "predict_music_precision": 0.5557461406518011,
    "predict_music_recall": 0.622478386167147,
    "predict_other_f1": 0.4121657955303177,
    "predict_other_number": 21035,
    "predict_other_precision": 0.37637492143306095,
    "predict_other_recall": 0.4554789636320418,
    "predict_overall_accuracy": 0.8939703861011407,
    "predict_overall_f1": 0.5289709998445031,
    "predict_overall_precision": 0.49980716253443525,
    "predict_overall_recall": 0.5617491640176692,
    "predict_painting_f1": 0.15037593984962408,
    "predict_painting_number": 58,
    "predict_painting_precision": 0.13333333333333333,
    "predict_painting_recall": 0.1724137931034483,