{
    "predict_GPE_f1": 0.7689361891615086,
    "predict_GPE_number": 20409,
    "predict_GPE_precision": 0.7046725158130994,
    "predict_GPE_recall": 0.8460973100102895,
    "predict_actor_f1": 0.5419354838709677,
    "predict_actor_number": 1638,
    "predict_actor_precision": 0.65625,
    "predict_actor_recall": 0.46153846153846156,
    "predict_airplane_f1": 0.4891670678863746,
    "predict_airplane_number": 794,
    "predict_airplane_precision": 0.3959469992205768,
    "predict_airplane_recall": 0.6397984886649875,
    "predict_airport_f1": 0.0,
    "predict_airport_number": 364,
    "predict_airport_precision": 0.0,
    "predict_airport_recall": 0.0,
    "predict_artist/author_f1": 0.4985891647855531,
    "predict_artist/author_number": 3464,
    "predict_artist/author_precision": 0.48758278145695366,
    "predict_artist/author_recall": 0.5101039260969977,
    "predict_astronomything_f1": 0.08344549125168238,
    "predict_astronomything_number": 678,
    "predict_astronomything_precision": 0.47692307692307695,
    "predict_astronomything_recall": 0.045722713864306784,
    "predict_athlete_f1": 0.7836867862969005,
    "predict_athlete_number": 2907,
    "predict_athlete_precision": 0.7452683834936394,
    "predict_athlete_recall": 0.826281389748882,
    "predict_attack/battle/war/militaryconflict_f1": 0.5951607078367641,
    "predict_attack/battle/war/militaryconflict_number": 1099,
    "predict_attack/battle/war/militaryconflict_precision": 0.4934131736526946,
    "predict_attack/battle/war/militaryconflict_recall": 0.7497725204731575,
    "predict_award_f1": 0.4601366742596811,
    "predict_award_number": 941,
    "predict_award_precision": 0.40271132376395535,
    "predict_award_recall": 0.536663124335813,
    "predict_biologything_f1": 0.493304535637149,
    "predict_biologything_number": 1875,
    "predict_biologything_precision": 0.414519056261343,
    "predict_biologything_recall": 0.6090666666666666,
    "predict_bodiesofwater_f1": 0.5492227979274612,
    "predict_bodiesofwater_number": 1169,
    "predict_bodiesofwater_precision": 0.46060254924681343,
    "predict_bodiesofwater_recall": 0.6800684345594525,
    "predict_broadcastprogram_f1": 0.11034482758620691,
    "predict_broadcastprogram_number": 605,
    "predict_broadcastprogram_precision": 0.3333333333333333,
    "predict_broadcastprogram_recall": 0.06611570247933884,
    "predict_car_f1": 0.5587162654996353,
    "predict_car_number": 688,
    "predict_car_precision": 0.5607613469985359,
    "predict_car_recall": 0.5566860465116279,
    "predict_chemicalthing_f1": 0.42843511450381677,
    "predict_chemicalthing_number": 1014,
    "predict_chemicalthing_precision": 0.41497227356746763,
    "predict_chemicalthing_recall": 0.4428007889546351,
    "predict_company_f1": 0.5916349809885931,
    "predict_company_number": 3903,
    "predict_company_precision": 0.513579781214636,
    "predict_company_recall": 0.6976684601588522,
    "predict_currency_f1": 0.444264943457189,
    "predict_currency_number": 799,
    "predict_currency_precision": 0.6264236902050114,
    "predict_currency_recall": 0.344180225281602,
    "predict_director_f1": 0.0,
    "predict_director_number": 554,
    "predict_director_precision": 0.0,
    "predict_director_recall": 0.0,
    "predict_disaster_f1": 0.0,
    "predict_disaster_number": 207,
    "predict_disaster_precision": 0.0,
    "predict_disaster_recall": 0.0,
    "predict_disease_f1": 0.47637051039697537,
    "predict_disease_number": 750,
    "predict_disease_precision": 0.45161290322580644,
    "predict_disease_recall": 0.504,
    "predict_education_f1": 0.6880453752181501,
    "predict_education_number": 2082,
    "predict_education_precision": 0.6302957633892886,
    "predict_education_recall": 0.7574447646493756,
    "predict_educationaldegree_f1": 0.18994413407821228,
    "predict_educationaldegree_number": 367,
    "predict_educationaldegree_precision": 0.3,
    "predict_educationaldegree_recall": 0.13896457765667575,
    "predict_election_f1": 0.04733727810650888,
    "predict_election_number": 184,
    "predict_election_precision": 0.05194805194805195,
    "predict_election_recall": 0.043478260869565216,
    "predict_film_f1": 0.38632093198045847,
    "predict_film_number": 759,
    "predict_film_precision": 0.27024185068349105,
    "predict_film_recall": 0.6772068511198946,
    "predict_food_f1": 0.0,
    "predict_food_number": 432,
    "predict_food_precision": 0.0,
    "predict_food_recall": 0.0,
    "predict_game_f1": 0.31366906474820144,
    "predict_game_number": 496,
    "predict_game_precision": 0.5477386934673367,
    "predict_game_recall": 0.21975806451612903,
    "predict_god_f1": 0.0,
    "predict_god_number": 635,
    "predict_god_precision": 0.0,
    "predict_god_recall": 0.0,
    "predict_government/governmentagency_f1": 0.21875,
    "predict_government/governmentagency_number": 1535,
    "predict_government/governmentagency_precision": 0.28407908428720086,
    "predict_government/governmentagency_recall": 0.1778501628664495,
    "predict_hospital_f1": 0.3373083475298126,
    "predict_hospital_number": 364,
    "predict_hospital_precision": 0.4439461883408072,
    "predict_hospital_recall": 0.27197802197802196,
    "predict_hotel_f1": 0.0,
    "predict_hotel_number": 265,
    "predict_hotel_precision": 0.0,
    "predict_hotel_recall": 0.0,
    "predict_island_f1": 0.18136020151133503,
    "predict_island_number": 646,
    "predict_island_precision": 0.4864864864864865,
    "predict_island_recall": 0.11145510835913312,
    "predict_language_f1": 0.0026490066225165563,
    "predict_language_number": 753,
    "predict_language_precision": 0.5,
    "predict_language_recall": 0.0013280212483399733,
    "predict_law_f1": 0.4125093075204766,
    "predict_law_number": 488,
    "predict_law_precision": 0.32397660818713453,
    "predict_law_recall": 0.5676229508196722,
    "predict_library_f1": 0.0,
    "predict_library_number": 357,
    "predict_library_precision": 0.0,
    "predict_library_recall": 0.0,
    "predict_livingthing_f1": 0.4288272157564906,
    "predict_livingthing_number": 865,
    "predict_livingthing_precision": 0.34989043097151207,
    "predict_livingthing_recall": 0.553757225433526,
    "predict_loss": 0.4282223582267761,
    "predict_media/newspaper_f1": 0.5114921561473915,
    "predict_media/newspaper_number": 1234,
    "predict_media/newspaper_precision": 0.46516257465162575,
    "predict_media/newspaper_recall": 0.5680713128038898,
    "predict_medical_f1": 0.0,
    "predict_medical_number": 397,
    "predict_medical_precision": 0.0,
    "predict_medical_recall": 0.0,
    "predict_mountain_f1": 0.4547848990342405,
    "predict_mountain_number": 681,
    "predict_mountain_precision": 0.5655021834061136,
    "predict_mountain_recall": 0.3803230543318649,
    "predict_music_f1": 0.5879882402351952,
    "predict_music_number": 1041,
    "predict_music_precision": 0.5223880597014925,
    "predict_music_recall": 0.6724303554274735,
    "predict_other_f1": 0.4726005701615458,
    "predict_other_number": 21035,
    "predict_other_precision": 0.42515197568389057,
    "predict_other_recall": 0.5319705253149513,
    "predict_overall_accuracy": 0.8949562132079119,
    "predict_overall_f1": 0.5431485719972136,
    "predict_overall_precision": 0.5243736069479671,
    "predict_overall_recall": 0.5633179209841885,
    "predict_painting_f1": 0.0,
    "predict_painting_number": 58,
    "predict_painting_precision": 0.0,
    "predict_painting_recall": 0.0,
    "predict_park_f1": 0.0,
    "predict_park_number": 458,
    "predict_park_precision": 0.0,
    "predict_park_recall": 0.0,
    "predict_politicalparty_f1": 0.5763459841129744,
    "predict_politicalparty_number": 1057,
    "predict_politicalparty_precision": 0.5401157981803143,
    "predict_politicalparty_recall": 0.6177861873226111,
    "predict_politician_f1": 0.5250255362614914,
    "predict_politician_number": 2859,
    "predict_politician_precision": 0.5114427860696518,