{
    "predict_GPE_f1": 0.7480777928539122,
    "predict_GPE_number": 20409,
    "predict_GPE_precision": 0.7274537037037037,
    "predict_GPE_recall": 0.769905433877211,
    "predict_actor_f1": 0.6910932380101281,
    "predict_actor_number": 1638,
    "predict_actor_precision": 0.6748109365910413,
    "predict_actor_recall": 0.7081807081807082,
    "predict_airplane_f1": 0.52916416115454,
    "predict_airplane_number": 794,
    "predict_airplane_precision": 0.5063291139240507,
    "predict_airplane_recall": 0.5541561712846348,
    "predict_airport_f1": 0.6521181001283697,
    "predict_airport_number": 364,
    "predict_airport_precision": 0.6120481927710844,
    "predict_airport_recall": 0.6978021978021978,
    "predict_artist/author_f1": 0.5574745186862967,
    "predict_artist/author_number": 3464,
    "predict_artist/author_precision": 0.5469444444444445,
    "predict_artist/author_recall": 0.5684180138568129,
    "predict_astronomything_f1": 0.6595441595441596,
    "predict_astronomything_number": 678,
    "predict_astronomything_precision": 0.6377410468319559,
    "predict_astronomything_recall": 0.6828908554572272,
    "predict_athlete_f1": 0.7675175603906117,
    "predict_athlete_number": 2907,
    "predict_athlete_precision": 0.764505119453925,
    "predict_athlete_recall": 0.7705538355693154,
    "predict_attack/battle/war/militaryconflict_f1": 0.5793871866295265,
    "predict_attack/battle/war/militaryconflict_number": 1099,
    "predict_attack/battle/war/militaryconflict_precision": 0.5148514851485149,
    "predict_attack/battle/war/militaryconflict_recall": 0.6624203821656051,
    "predict_award_f1": 0.42436548223350257,
    "predict_award_number": 941,
    "predict_award_precision": 0.4062196307094266,
    "predict_award_recall": 0.4442082890541977,
    "predict_biologything_f1": 0.5345895020188425,
    "predict_biologything_number": 1875,
    "predict_biologything_precision": 0.5396739130434782,
    "predict_biologything_recall": 0.5296,
    "predict_bodiesofwater_f1": 0.6038028715560729,
    "predict_bodiesofwater_number": 1169,
    "predict_bodiesofwater_precision": 0.5525568181818182,
    "predict_bodiesofwater_recall": 0.6655260906757913,
    "predict_broadcastprogram_f1": 0.45786963434022254,
    "predict_broadcastprogram_number": 605,
    "predict_broadcastprogram_precision": 0.44104134762633995,
    "predict_broadcastprogram_recall": 0.47603305785123967,
    "predict_car_f1": 0.6025280898876404,
    "predict_car_number": 688,
    "predict_car_precision": 0.5828804347826086,
    "predict_car_recall": 0.623546511627907,
    "predict_chemicalthing_f1": 0.4928698752228164,
    "predict_chemicalthing_number": 1014,
    "predict_chemicalthing_precision": 0.44959349593495934,
    "predict_chemicalthing_recall": 0.5453648915187377,
    "predict_company_f1": 0.5698871996076508,
    "predict_company_number": 3903,
    "predict_company_precision": 0.5464378086056901,
    "predict_company_recall": 0.5954394055854471,
    "predict_currency_f1": 0.6576271186440679,
    "predict_currency_number": 799,
    "predict_currency_precision": 0.5993820803295572,
    "predict_currency_recall": 0.7284105131414268,
    "predict_director_f1": 0.5581000848176421,
    "predict_director_number": 554,
    "predict_director_precision": 0.5264,
    "predict_director_recall": 0.5938628158844765,
    "predict_disaster_f1": 0.3299798792756539,
    "predict_disaster_number": 207,
    "predict_disaster_precision": 0.2827586206896552,
    "predict_disaster_recall": 0.3961352657004831,
    "predict_disease_f1": 0.5229408512990603,
    "predict_disease_number": 750,
    "predict_disease_precision": 0.4466477809254013,
    "predict_disease_recall": 0.6306666666666667,
    "predict_education_f1": 0.6340123598077364,
    "predict_education_number": 2082,
    "predict_education_precision": 0.6055968517708789,
    "predict_education_recall": 0.665225744476465,
    "predict_educationaldegree_f1": 0.42901554404145076,
    "predict_educationaldegree_number": 367,
    "predict_educationaldegree_precision": 0.34615384615384615,
    "predict_educationaldegree_recall": 0.5640326975476839,
    "predict_election_f1": 0.10067114093959732,
    "predict_election_number": 184,
    "predict_election_precision": 0.13157894736842105,
    "predict_election_recall": 0.08152173913043478,
    "predict_film_f1": 0.5575048732943468,
    "predict_film_number": 759,
    "predict_film_precision": 0.55,
    "predict_film_recall": 0.5652173913043478,
    "predict_food_f1": 0.4653961885656971,
    "predict_food_number": 432,
    "predict_food_precision": 0.41061946902654867,
    "predict_food_recall": 0.5370370370370371,
    "predict_game_f1": 0.5746192893401015,
    "predict_game_number": 496,
    "predict_game_precision": 0.5787321063394683,
    "predict_game_recall": 0.5705645161290323,
    "predict_god_f1": 0.602247191011236,
    "predict_god_number": 635,
    "predict_god_precision": 0.5742857142857143,
    "predict_god_recall": 0.6330708661417322,
    "predict_government/governmentagency_f1": 0.2976190476190476,
    "predict_government/governmentagency_number": 1535,
    "predict_government/governmentagency_precision": 0.25451180009254976,
    "predict_government/governmentagency_recall": 0.3583061889250814,
    "predict_hospital_f1": 0.5691699604743083,
    "predict_hospital_number": 364,
    "predict_hospital_precision": 0.5468354430379747,
    "predict_hospital_recall": 0.5934065934065934,
    "predict_hotel_f1": 0.5276292335115865,
    "predict_hotel_number": 265,
    "predict_hotel_precision": 0.5,
    "predict_hotel_recall": 0.5584905660377358,
    "predict_island_f1": 0.5483870967741935,
    "predict_island_number": 646,
    "predict_island_precision": 0.5723905723905723,
    "predict_island_recall": 0.5263157894736842,
    "predict_language_f1": 0.6120023767082591,
    "predict_language_number": 753,
    "predict_language_precision": 0.553763440860215,
    "predict_language_recall": 0.6839309428950863,
    "predict_law_f1": 0.411965811965812,
    "predict_law_number": 488,
    "predict_law_precision": 0.3533724340175953,
    "predict_law_recall": 0.49385245901639346,
    "predict_library_f1": 0.5844980940279543,
    "predict_library_number": 357,
    "predict_library_precision": 0.5348837209302325,
    "predict_library_recall": 0.6442577030812325,
    "predict_livingthing_f1": 0.4725274725274725,
    "predict_livingthing_number": 865,
    "predict_livingthing_precision": 0.450261780104712,
    "predict_livingthing_recall": 0.49710982658959535,
    "predict_loss": 0.5029020309448242,
    "predict_media/newspaper_f1": 0.5353982300884955,
    "predict_media/newspaper_number": 1234,
    "predict_media/newspaper_precision": 0.4912043301759134,
    "predict_media/newspaper_recall": 0.5883306320907618,
    "predict_medical_f1": 0.3848987108655617,
    "predict_medical_number": 397,
    "predict_medical_precision": 0.3033381712626996,
    "predict_medical_recall": 0.5264483627204031,
    "predict_mountain_f1": 0.5761440360090023,
    "predict_mountain_number": 681,
    "predict_mountain_precision": 0.588957055214724,
    "predict_mountain_recall": 0.5638766519823789,
    "predict_music_f1": 0.6050644158151932,
    "predict_music_number": 1041,
    "predict_music_precision": 0.5628099173553719,
    "predict_music_recall": 0.654178674351585,
    "predict_other_f1": 0.45602341430066873,
    "predict_other_number": 21035,
    "predict_other_precision": 0.414099480096221,
    "predict_other_recall": 0.5073924411694795,
    "predict_overall_accuracy": 0.9016746032263038,
    "predict_overall_f1": 0.5636564524922681,
    "predict_overall_precision": 0.5292428127463328,
    "predict_overall_recall": 0.602856789002188,
    "predict_painting_f1": 0.0,
    "predict_painting_number": 58,
    "predict_painting_precision": 0.0,
    "predict_painting_recall": 0.0,
    "predict_park_f1": 0.36825396825396833,
    "predict_park_number": 458,
    "predict_park_precision": 0.35728952772073924,