{
    "predict_GPE_f1": 0.7509416195856874,
    "predict_GPE_number": 20409,
    "predict_GPE_precision": 0.722667754066422,
    "predict_GPE_recall": 0.7815179577637317,
    "predict_actor_f1": 0.6325878594249201,
    "predict_actor_number": 1638,
    "predict_actor_precision": 0.6635388739946381,
    "predict_actor_recall": 0.6043956043956044,
    "predict_airplane_f1": 0.4918585064570466,
    "predict_airplane_number": 794,
    "predict_airplane_precision": 0.44376899696048633,
    "predict_airplane_recall": 0.5516372795969773,
    "predict_airport_f1": 0.6529625151148729,
    "predict_airport_number": 364,
    "predict_airport_precision": 0.5831533477321814,
    "predict_airport_recall": 0.7417582417582418,
    "predict_artist/author_f1": 0.5315724308708213,
    "predict_artist/author_number": 3464,
    "predict_artist/author_precision": 0.5077529566360053,
    "predict_artist/author_recall": 0.5577367205542725,
    "predict_astronomything_f1": 0.5712426805465192,
    "predict_astronomything_number": 678,
    "predict_astronomything_precision": 0.5110593713620489,
    "predict_astronomything_recall": 0.6474926253687315,
    "predict_athlete_f1": 0.7668393782383419,
    "predict_athlete_number": 2907,
    "predict_athlete_precision": 0.7700312174817898,
    "predict_athlete_recall": 0.7636738906088751,
    "predict_attack/battle/war/militaryconflict_f1": 0.6058549002969877,
    "predict_attack/battle/war/militaryconflict_number": 1099,
    "predict_attack/battle/war/militaryconflict_precision": 0.5675675675675675,
    "predict_attack/battle/war/militaryconflict_recall": 0.6496815286624203,
    "predict_award_f1": 0.45520581113801456,
    "predict_award_number": 941,
    "predict_award_precision": 0.4181494661921708,
    "predict_award_recall": 0.49946865037194477,
    "predict_biologything_f1": 0.5321011673151751,
    "predict_biologything_number": 1875,
    "predict_biologything_precision": 0.489047831917747,
    "predict_biologything_recall": 0.5834666666666667,
    "predict_bodiesofwater_f1": 0.603448275862069,
    "predict_bodiesofwater_number": 1169,
    "predict_bodiesofwater_precision": 0.6081668114682884,
    "predict_bodiesofwater_recall": 0.5988023952095808,
    "predict_broadcastprogram_f1": 0.43419062027231464,
    "predict_broadcastprogram_number": 605,
    "predict_broadcastprogram_precision": 0.400278940027894,
    "predict_broadcastprogram_recall": 0.4743801652892562,
    "predict_car_f1": 0.5666666666666668,
    "predict_car_number": 688,
    "predict_car_precision": 0.5233990147783252,
    "predict_car_recall": 0.6177325581395349,
    "predict_chemicalthing_f1": 0.46960784313725495,
    "predict_chemicalthing_number": 1014,
    "predict_chemicalthing_precision": 0.4668615984405458,
    "predict_chemicalthing_recall": 0.4723865877712032,
    "predict_company_f1": 0.5548340548340548,
    "predict_company_number": 3903,
    "predict_company_precision": 0.5227736233854521,
    "predict_company_recall": 0.5910837817063798,
    "predict_currency_f1": 0.6382022471910113,
    "predict_currency_number": 799,
    "predict_currency_precision": 0.5790010193679919,
    "predict_currency_recall": 0.7108886107634543,
    "predict_director_f1": 0.48831168831168836,
    "predict_director_number": 554,
    "predict_director_precision": 0.46921797004991683,
    "predict_director_recall": 0.5090252707581228,
    "predict_disaster_f1": 0.3236514522821577,
    "predict_disaster_number": 207,
    "predict_disaster_precision": 0.28363636363636363,
    "predict_disaster_recall": 0.37681159420289856,
    "predict_disease_f1": 0.5313336904124264,
    "predict_disease_number": 750,
    "predict_disease_precision": 0.4440465532676813,
    "predict_disease_recall": 0.6613333333333333,
    "predict_education_f1": 0.6446575953602498,
    "predict_education_number": 2082,
    "predict_education_precision": 0.6018325697625989,
    "predict_education_recall": 0.6940441882804995,
    "predict_educationaldegree_f1": 0.45628997867803833,
    "predict_educationaldegree_number": 367,
    "predict_educationaldegree_precision": 0.37478108581436076,
    "predict_educationaldegree_recall": 0.5831062670299727,
    "predict_election_f1": 0.1455301455301455,
    "predict_election_number": 184,
    "predict_election_precision": 0.11784511784511785,
    "predict_election_recall": 0.19021739130434784,
    "predict_film_f1": 0.5224602626123013,
    "predict_film_number": 759,
    "predict_film_precision": 0.5494186046511628,
    "predict_film_recall": 0.4980237154150198,
    "predict_food_f1": 0.3437164339419978,
    "predict_food_number": 432,
    "predict_food_precision": 0.32064128256513025,
    "predict_food_recall": 0.37037037037037035,
    "predict_game_f1": 0.5172754195459033,
    "predict_game_number": 496,
    "predict_game_precision": 0.5067698259187621,
    "predict_game_recall": 0.5282258064516129,
    "predict_god_f1": 0.5482781904118839,
    "predict_god_number": 635,
    "predict_god_precision": 0.4799054373522459,
    "predict_god_recall": 0.6393700787401575,
    "predict_government/governmentagency_f1": 0.3064471113591962,
    "predict_government/governmentagency_number": 1535,
    "predict_government/governmentagency_precision": 0.26806640625,
    "predict_government/governmentagency_recall": 0.35765472312703583,
    "predict_hospital_f1": 0.5971563981042654,
    "predict_hospital_number": 364,
    "predict_hospital_precision": 0.525,
    "predict_hospital_recall": 0.6923076923076923,
    "predict_hotel_f1": 0.5486725663716815,
    "predict_hotel_number": 265,
    "predict_hotel_precision": 0.5166666666666667,
    "predict_hotel_recall": 0.5849056603773585,
    "predict_island_f1": 0.5165662650602411,
    "predict_island_number": 646,
    "predict_island_precision": 0.5029325513196481,
    "predict_island_recall": 0.5309597523219814,
    "predict_language_f1": 0.6274738067520372,
    "predict_language_number": 753,
    "predict_language_precision": 0.5585492227979275,
    "predict_language_recall": 0.7158034528552457,
    "predict_law_f1": 0.3591489361702127,
    "predict_law_number": 488,
    "predict_law_precision": 0.3071324599708879,
    "predict_law_recall": 0.4323770491803279,
    "predict_library_f1": 0.5132978723404255,
    "predict_library_number": 357,
    "predict_library_precision": 0.48860759493670886,
    "predict_library_recall": 0.5406162464985994,
    "predict_livingthing_f1": 0.4963785610816031,
    "predict_livingthing_number": 865,
    "predict_livingthing_precision": 0.4262023217247098,
    "predict_livingthing_recall": 0.5942196531791908,
    "predict_loss": 0.6748906373977661,
    "predict_media/newspaper_f1": 0.5041160329282635,
    "predict_media/newspaper_number": 1234,
    "predict_media/newspaper_precision": 0.4882308276385725,
    "predict_media/newspaper_recall": 0.5210696920583469,
    "predict_medical_f1": 0.4428904428904429,
    "predict_medical_number": 397,
    "predict_medical_precision": 0.4121475054229935,
    "predict_medical_recall": 0.47858942065491183,
    "predict_mountain_f1": 0.5688202247191011,
    "predict_mountain_number": 681,
    "predict_mountain_precision": 0.5450874831763123,
    "predict_mountain_recall": 0.5947136563876652,
    "predict_music_f1": 0.6097352690008541,
    "predict_music_number": 1041,
    "predict_music_precision": 0.5488086087624904,
    "predict_music_recall": 0.6858789625360231,
    "predict_other_f1": 0.44748447869835156,
    "predict_other_number": 21035,
    "predict_other_precision": 0.40704965920155795,
    "predict_other_recall": 0.49683860232945093,
    "predict_overall_accuracy": 0.8989179787504316,
    "predict_overall_f1": 0.5558732678569721,
    "predict_overall_precision": 0.517863188467775,
    "predict_overall_recall": 0.5999050489204475,
    "predict_painting_f1": 0.0,
    "predict_painting_number": 58,
    "predict_painting_precision": 0.0,
    "predict_painting_recall": 0.0,
    "predict_park_f1": 0.39223300970873776,
    "predict_park_number": 458,