{
    "predict_GPE_f1": 0.7811669829222012,
    "predict_GPE_number": 20409,
    "predict_GPE_precision": 0.7570686405222748,
    "predict_GPE_recall": 0.8068499191533147,
    "predict_actor_f1": 0.7572396796056686,
    "predict_actor_number": 1638,
    "predict_actor_precision": 0.7643034825870647,
    "predict_actor_recall": 0.7503052503052503,
    "predict_airplane_f1": 0.5751325869180908,
    "predict_airplane_number": 794,
    "predict_airplane_precision": 0.540420819490587,
    "predict_airplane_recall": 0.6146095717884131,
    "predict_airport_f1": 0.729381443298969,
    "predict_airport_number": 364,
    "predict_airport_precision": 0.6868932038834952,
    "predict_airport_recall": 0.7774725274725275,
    "predict_artist/author_f1": 0.6201896263245956,
    "predict_artist/author_number": 3464,
    "predict_artist/author_precision": 0.5997842502696872,
    "predict_artist/author_recall": 0.6420323325635104,
    "predict_astronomything_f1": 0.6717241379310345,
    "predict_astronomything_number": 678,
    "predict_astronomything_precision": 0.6308290155440415,
    "predict_astronomything_recall": 0.7182890855457227,
    "predict_athlete_f1": 0.7877431571699088,
    "predict_athlete_number": 2907,
    "predict_athlete_precision": 0.78842177808408,
    "predict_athlete_recall": 0.7870657034743722,
    "predict_attack/battle/war/militaryconflict_f1": 0.6523789112730392,
    "predict_attack/battle/war/militaryconflict_number": 1099,
    "predict_attack/battle/war/militaryconflict_precision": 0.6166936790923825,
    "predict_attack/battle/war/militaryconflict_recall": 0.6924476797088263,
    "predict_award_f1": 0.5132743362831859,
    "predict_award_number": 941,
    "predict_award_precision": 0.4775846294602013,
    "predict_award_recall": 0.5547290116896918,
    "predict_biologything_f1": 0.5659607042612912,
    "predict_biologything_number": 1875,
    "predict_biologything_precision": 0.5425636007827789,
    "predict_biologything_recall": 0.5914666666666667,
    "predict_bodiesofwater_f1": 0.6471326915027209,
    "predict_bodiesofwater_number": 1169,
    "predict_bodiesofwater_precision": 0.6336065573770492,
    "predict_bodiesofwater_recall": 0.6612489307100086,
    "predict_broadcastprogram_f1": 0.47261345852895154,
    "predict_broadcastprogram_number": 605,
    "predict_broadcastprogram_precision": 0.4487369985141159,
    "predict_broadcastprogram_recall": 0.4991735537190083,
    "predict_car_f1": 0.6204379562043796,
    "predict_car_number": 688,
    "predict_car_precision": 0.6231671554252199,
    "predict_car_recall": 0.6177325581395349,
    "predict_chemicalthing_f1": 0.4890162368672398,
    "predict_chemicalthing_number": 1014,
    "predict_chemicalthing_precision": 0.4740740740740741,
    "predict_chemicalthing_recall": 0.504930966469428,
    "predict_company_f1": 0.5836575875486383,
    "predict_company_number": 3903,
    "predict_company_precision": 0.5720964566929134,
    "predict_company_recall": 0.595695618754804,
    "predict_currency_f1": 0.6800472255017709,
    "predict_currency_number": 799,
    "predict_currency_precision": 0.6435754189944134,
    "predict_currency_recall": 0.72090112640801,
    "predict_director_f1": 0.6360360360360361,
    "predict_director_number": 554,
    "predict_director_precision": 0.6348920863309353,
    "predict_director_recall": 0.6371841155234657,
    "predict_disaster_f1": 0.4044444444444445,
    "predict_disaster_number": 207,
    "predict_disaster_precision": 0.37448559670781895,
    "predict_disaster_recall": 0.4396135265700483,
    "predict_disease_f1": 0.5583941605839416,
    "predict_disease_number": 750,
    "predict_disease_precision": 0.5134228187919463,
    "predict_disease_recall": 0.612,
    "predict_education_f1": 0.7252695733708393,
    "predict_education_number": 2082,
    "predict_education_precision": 0.7083333333333334,
    "predict_education_recall": 0.7430355427473583,
    "predict_educationaldegree_f1": 0.5011820330969267,
    "predict_educationaldegree_number": 367,
    "predict_educationaldegree_precision": 0.44258872651356995,
    "predict_educationaldegree_recall": 0.5776566757493188,
    "predict_election_f1": 0.19897959183673472,
    "predict_election_number": 184,
    "predict_election_precision": 0.1875,
    "predict_election_recall": 0.21195652173913043,
    "predict_film_f1": 0.6279357231149567,
    "predict_film_number": 759,
    "predict_film_precision": 0.5913853317811408,
    "predict_film_recall": 0.6693017127799736,
    "predict_food_f1": 0.3920265780730897,
    "predict_food_number": 432,
    "predict_food_precision": 0.37579617834394907,
    "predict_food_recall": 0.4097222222222222,
    "predict_game_f1": 0.588355464759959,
    "predict_game_number": 496,
    "predict_game_precision": 0.5962732919254659,
    "predict_game_recall": 0.5806451612903226,
    "predict_god_f1": 0.6078740157480315,
    "predict_god_number": 635,
    "predict_god_precision": 0.6078740157480315,
    "predict_god_recall": 0.6078740157480315,
    "predict_government/governmentagency_f1": 0.35658914728682173,
    "predict_government/governmentagency_number": 1535,
    "predict_government/governmentagency_precision": 0.34023668639053256,
    "predict_government/governmentagency_recall": 0.3745928338762215,
    "predict_hospital_f1": 0.6319895968790636,
    "predict_hospital_number": 364,
    "predict_hospital_precision": 0.6,
    "predict_hospital_recall": 0.6675824175824175,
    "predict_hotel_f1": 0.6036363636363637,
    "predict_hotel_number": 265,
    "predict_hotel_precision": 0.5824561403508772,
    "predict_hotel_recall": 0.6264150943396226,
    "predict_island_f1": 0.5716547901821061,
    "predict_island_number": 646,
    "predict_island_precision": 0.5850891410048622,
    "predict_island_recall": 0.5588235294117647,
    "predict_language_f1": 0.6491228070175439,
    "predict_language_number": 753,
    "predict_language_precision": 0.5799373040752351,
    "predict_language_recall": 0.7370517928286853,
    "predict_law_f1": 0.5135623869801085,
    "predict_law_number": 488,
    "predict_law_precision": 0.459546925566343,
    "predict_law_recall": 0.5819672131147541,
    "predict_library_f1": 0.6577896138482024,
    "predict_library_number": 357,
    "predict_library_precision": 0.6269035532994924,
    "predict_library_recall": 0.6918767507002801,
    "predict_livingthing_f1": 0.5218263923733065,
    "predict_livingthing_number": 865,
    "predict_livingthing_precision": 0.46099290780141844,
    "predict_livingthing_recall": 0.6011560693641619,
    "predict_loss": 0.4055386185646057,
    "predict_media/newspaper_f1": 0.5555555555555557,
    "predict_media/newspaper_number": 1234,
    "predict_media/newspaper_precision": 0.5481072555205048,
    "predict_media/newspaper_recall": 0.5632090761750406,
    "predict_medical_f1": 0.4229885057471265,
    "predict_medical_number": 397,
    "predict_medical_precision": 0.3890063424947146,
    "predict_medical_recall": 0.4634760705289673,
    "predict_mountain_f1": 0.6352765321375187,
    "predict_mountain_number": 681,
    "predict_mountain_precision": 0.6468797564687976,
    "predict_mountain_recall": 0.6240822320117474,
    "predict_music_f1": 0.6777408637873754,
    "predict_music_number": 1041,
    "predict_music_precision": 0.6697936210131332,
    "predict_music_recall": 0.6858789625360231,
    "predict_other_f1": 0.503704360942283,
    "predict_other_number": 21035,
    "predict_other_precision": 0.47215868923358423,
    "predict_other_recall": 0.5397670549084859,
    "predict_overall_accuracy": 0.9112766461032686,
    "predict_overall_f1": 0.6098419579245683,
    "predict_overall_precision": 0.5845677668506091,
    "predict_overall_recall": 0.637400404574165,
    "predict_painting_f1": 0.43609022556390975,
    "predict_painting_number": 58,
    "predict_painting_precision": 0.38666666666666666,
    "predict_painting_recall": 0.5,
    "predict_park_f1": 0.5303030303030303,
    "predict_park_number": 458,