{
    "predict_GPE_f1": 0.7483002900204441,
    "predict_GPE_number": 20409,
    "predict_GPE_precision": 0.726739622293023,
    "predict_GPE_recall": 0.7711793816453525,
    "predict_actor_f1": 0.7007473841554559,
    "predict_actor_number": 1638,
    "predict_actor_precision": 0.6865846514352666,
    "predict_actor_recall": 0.7155067155067155,
    "predict_airplane_f1": 0.5303933253873658,
    "predict_airplane_number": 794,
    "predict_airplane_precision": 0.503393665158371,
    "predict_airplane_recall": 0.5604534005037783,
    "predict_airport_f1": 0.5960264900662251,
    "predict_airport_number": 364,
    "predict_airport_precision": 0.4981549815498155,
    "predict_airport_recall": 0.7417582417582418,
    "predict_artist/author_f1": 0.595977561909974,
    "predict_artist/author_number": 3464,
    "predict_artist/author_precision": 0.5664499349804941,
    "predict_artist/author_recall": 0.6287528868360277,
    "predict_astronomything_f1": 0.6288147622427255,
    "predict_astronomything_number": 678,
    "predict_astronomything_precision": 0.6060191518467852,
    "predict_astronomything_recall": 0.6533923303834809,
    "predict_athlete_f1": 0.7778512396694215,
    "predict_athlete_number": 2907,
    "predict_athlete_precision": 0.7486477887368755,
    "predict_athlete_recall": 0.8094255245958032,
    "predict_attack/battle/war/militaryconflict_f1": 0.606035205364627,
    "predict_attack/battle/war/militaryconflict_number": 1099,
    "predict_attack/battle/war/militaryconflict_precision": 0.5617715617715617,
    "predict_attack/battle/war/militaryconflict_recall": 0.6578707916287534,
    "predict_award_f1": 0.49387555120039195,
    "predict_award_number": 941,
    "predict_award_precision": 0.4581818181818182,
    "predict_award_recall": 0.5356004250797024,
    "predict_biologything_f1": 0.5454058398071256,
    "predict_biologything_number": 1875,
    "predict_biologything_precision": 0.5479009687836384,
    "predict_biologything_recall": 0.5429333333333334,
    "predict_bodiesofwater_f1": 0.608955223880597,
    "predict_bodiesofwater_number": 1169,
    "predict_bodiesofwater_precision": 0.6071428571428571,
    "predict_bodiesofwater_recall": 0.6107784431137725,
    "predict_broadcastprogram_f1": 0.44813935075217737,
    "predict_broadcastprogram_number": 605,
    "predict_broadcastprogram_precision": 0.43009118541033436,
    "predict_broadcastprogram_recall": 0.4677685950413223,
    "predict_car_f1": 0.5850430178689608,
    "predict_car_number": 688,
    "predict_car_precision": 0.5370595382746051,
    "predict_car_recall": 0.6424418604651163,
    "predict_chemicalthing_f1": 0.4599824098504837,
    "predict_chemicalthing_number": 1014,
    "predict_chemicalthing_precision": 0.4150793650793651,
    "predict_chemicalthing_recall": 0.5157790927021696,
    "predict_company_f1": 0.5422101895151366,
    "predict_company_number": 3903,
    "predict_company_precision": 0.5216670613308075,
    "predict_company_recall": 0.5644376120932616,
    "predict_currency_f1": 0.6391116594694634,
    "predict_currency_number": 799,
    "predict_currency_precision": 0.6301703163017032,
    "predict_currency_recall": 0.6483103879849812,
    "predict_director_f1": 0.5467009425878321,
    "predict_director_number": 554,
    "predict_director_precision": 0.5203915171288744,
    "predict_director_recall": 0.575812274368231,
    "predict_disaster_f1": 0.33620689655172414,
    "predict_disaster_number": 207,
    "predict_disaster_precision": 0.3035019455252918,
    "predict_disaster_recall": 0.37681159420289856,
    "predict_disease_f1": 0.5427901524032825,
    "predict_disease_number": 750,
    "predict_disease_precision": 0.48430962343096234,
    "predict_disease_recall": 0.6173333333333333,
    "predict_education_f1": 0.6212860310421287,
    "predict_education_number": 2082,
    "predict_education_precision": 0.5770181219110379,
    "predict_education_recall": 0.6729106628242075,
    "predict_educationaldegree_f1": 0.43212669683257926,
    "predict_educationaldegree_number": 367,
    "predict_educationaldegree_precision": 0.3694390715667311,
    "predict_educationaldegree_recall": 0.5204359673024523,
    "predict_election_f1": 0.19,
    "predict_election_number": 184,
    "predict_election_precision": 0.17592592592592593,
    "predict_election_recall": 0.20652173913043478,
    "predict_film_f1": 0.5888324873096448,
    "predict_film_number": 759,
    "predict_film_precision": 0.5679314565483476,
    "predict_film_recall": 0.61133069828722,
    "predict_food_f1": 0.39689578713968954,
    "predict_food_number": 432,
    "predict_food_precision": 0.38085106382978723,
    "predict_food_recall": 0.41435185185185186,
    "predict_game_f1": 0.5389221556886227,
    "predict_game_number": 496,
    "predict_game_precision": 0.5335968379446641,
    "predict_game_recall": 0.5443548387096774,
    "predict_god_f1": 0.5834658187599364,
    "predict_god_number": 635,
    "predict_god_precision": 0.5890850722311396,
    "predict_god_recall": 0.5779527559055118,
    "predict_government/governmentagency_f1": 0.31257344300822554,
    "predict_government/governmentagency_number": 1535,
    "predict_government/governmentagency_precision": 0.2846441947565543,
    "predict_government/governmentagency_recall": 0.3465798045602606,
    "predict_hospital_f1": 0.5637755102040817,
    "predict_hospital_number": 364,
    "predict_hospital_precision": 0.5261904761904762,
    "predict_hospital_recall": 0.6071428571428571,
    "predict_hotel_f1": 0.5165562913907285,
    "predict_hotel_number": 265,
    "predict_hotel_precision": 0.46017699115044247,
    "predict_hotel_recall": 0.5886792452830188,
    "predict_island_f1": 0.5138075313807531,
    "predict_island_number": 646,
    "predict_island_precision": 0.5591985428051002,
    "predict_island_recall": 0.47523219814241485,
    "predict_language_f1": 0.6079510703363913,
    "predict_language_number": 753,
    "predict_language_precision": 0.5634920634920635,
    "predict_language_recall": 0.6600265604249668,
    "predict_law_f1": 0.40327868852459015,
    "predict_law_number": 488,
    "predict_law_precision": 0.3360655737704918,
    "predict_law_recall": 0.5040983606557377,
    "predict_library_f1": 0.5324384787472035,
    "predict_library_number": 357,
    "predict_library_precision": 0.44320297951582865,
    "predict_library_recall": 0.6666666666666666,
    "predict_livingthing_f1": 0.4819401444788442,
    "predict_livingthing_number": 865,
    "predict_livingthing_precision": 0.43522833178005593,
    "predict_livingthing_recall": 0.5398843930635838,
    "predict_loss": 0.6171228885650635,
    "predict_media/newspaper_f1": 0.4991961414790997,
    "predict_media/newspaper_number": 1234,
    "predict_media/newspaper_precision": 0.49521531100478466,
    "predict_media/newspaper_recall": 0.5032414910858996,
    "predict_medical_f1": 0.37292817679558016,
    "predict_medical_number": 397,
    "predict_medical_precision": 0.41284403669724773,
    "predict_medical_recall": 0.34005037783375314,
    "predict_mountain_f1": 0.5555555555555556,
    "predict_mountain_number": 681,
    "predict_mountain_precision": 0.5270092226613966,
    "predict_mountain_recall": 0.5873715124816447,
    "predict_music_f1": 0.6245939675174014,
    "predict_music_number": 1041,
    "predict_music_precision": 0.604129263913824,
    "predict_music_recall": 0.6464937560038425,
    "predict_other_f1": 0.45815484943417945,
    "predict_other_number": 21035,
    "predict_other_precision": 0.4152116810877627,
    "predict_other_recall": 0.5110054670786784,
    "predict_overall_accuracy": 0.9023738021874939,
    "predict_overall_f1": 0.5635894031391285,
    "predict_overall_precision": 0.5312091786865928,
    "predict_overall_recall": 0.6001733889278784,
    "predict_painting_f1": 0.050632911392405056,
    "predict_painting_number": 58,
    "predict_painting_precision": 0.09523809523809523,
    "predict_painting_recall": 0.034482758620689655,
    "predict_park_f1": 0.34328358208955223,