{
    "predict_accuracy": 0.9249870257335617,
    "predict_f1": 0.6720522499004692,
    "predict_loss": 0.36340755224227905,
    "predict_precision": 0.6566737903662632,
    "predict_recall": 0.6881682698261983,
    "predict_runtime": 154.9503,
    "predict_samples_per_second": 242.962,
    "predict_steps_per_second": 7.596
}