{
    "predict_GPE_f1": 0.7959164382266756,
    "predict_GPE_number": 20409,
    "predict_GPE_precision": 0.7687040671931347,
    "predict_GPE_recall": 0.8251261698270371,
    "predict_actor_f1": 0.7757833891086098,
    "predict_actor_number": 1638,
    "predict_actor_precision": 0.7731958762886598,
    "predict_actor_recall": 0.7783882783882784,
    "predict_airplane_f1": 0.5904990980156344,
    "predict_airplane_number": 794,
    "predict_airplane_precision": 0.5650172612197929,
    "predict_airplane_recall": 0.6183879093198993,
    "predict_airport_f1": 0.7988826815642458,
    "predict_airport_number": 364,
    "predict_airport_precision": 0.8125,
    "predict_airport_recall": 0.7857142857142857,
    "predict_artist/author_f1": 0.6686715481171548,
    "predict_artist/author_number": 3464,
    "predict_artist/author_precision": 0.6111376673040153,
    "predict_artist/author_recall": 0.7381639722863741,
    "predict_astronomything_f1": 0.6437454279444038,
    "predict_astronomything_number": 678,
    "predict_astronomything_precision": 0.6386066763425254,
    "predict_astronomything_recall": 0.6489675516224189,
    "predict_athlete_f1": 0.7971612477306487,
    "predict_athlete_number": 2907,
    "predict_athlete_precision": 0.7661802030456852,
    "predict_athlete_recall": 0.8307533539731682,
    "predict_attack/battle/war/militaryconflict_f1": 0.6595838866755201,
    "predict_attack/battle/war/militaryconflict_number": 1099,
    "predict_attack/battle/war/militaryconflict_precision": 0.6422413793103449,
    "predict_attack/battle/war/militaryconflict_recall": 0.6778889899909009,
    "predict_award_f1": 0.5380352644836272,
    "predict_award_number": 941,
    "predict_award_precision": 0.5114942528735632,
    "predict_award_recall": 0.5674814027630181,
    "predict_biologything_f1": 0.5726210350584306,
    "predict_biologything_number": 1875,
    "predict_biologything_precision": 0.5986038394415357,
    "predict_biologything_recall": 0.5488,
    "predict_bodiesofwater_f1": 0.6729896907216496,
    "predict_bodiesofwater_number": 1169,
    "predict_bodiesofwater_precision": 0.6496815286624203,
    "predict_bodiesofwater_recall": 0.69803250641574,
    "predict_broadcastprogram_f1": 0.5331230283911672,
    "predict_broadcastprogram_number": 605,
    "predict_broadcastprogram_precision": 0.5098039215686274,
    "predict_broadcastprogram_recall": 0.5586776859504132,
    "predict_car_f1": 0.64,
    "predict_car_number": 688,
    "predict_car_precision": 0.6797385620915033,
    "predict_car_recall": 0.6046511627906976,
    "predict_chemicalthing_f1": 0.4917748917748918,
    "predict_chemicalthing_number": 1014,
    "predict_chemicalthing_precision": 0.4382716049382716,
    "predict_chemicalthing_recall": 0.5601577909270217,
    "predict_company_f1": 0.6383853033599226,
    "predict_company_number": 3903,
    "predict_company_precision": 0.6042095630290552,
    "predict_company_recall": 0.676658980271586,
    "predict_currency_f1": 0.6741826381059752,
    "predict_currency_number": 799,
    "predict_currency_precision": 0.6133333333333333,
    "predict_currency_recall": 0.7484355444305382,
    "predict_director_f1": 0.641860465116279,
    "predict_director_number": 554,
    "predict_director_precision": 0.6621880998080614,
    "predict_director_recall": 0.6227436823104693,
    "predict_disaster_f1": 0.4195519348268839,
    "predict_disaster_number": 207,
    "predict_disaster_precision": 0.3626760563380282,
    "predict_disaster_recall": 0.4975845410628019,
    "predict_disease_f1": 0.5663817663817664,
    "predict_disease_number": 750,
    "predict_disease_precision": 0.4945273631840796,
    "predict_disease_recall": 0.6626666666666666,
    "predict_education_f1": 0.7134610944354651,
    "predict_education_number": 2082,
    "predict_education_precision": 0.6869719875500222,
    "predict_education_recall": 0.7420749279538905,
    "predict_educationaldegree_f1": 0.4892086330935252,
    "predict_educationaldegree_number": 367,
    "predict_educationaldegree_precision": 0.43683083511777304,
    "predict_educationaldegree_recall": 0.555858310626703,
    "predict_election_f1": 0.18978102189781024,
    "predict_election_number": 184,
    "predict_election_precision": 0.17180616740088106,
    "predict_election_recall": 0.21195652173913043,
    "predict_film_f1": 0.6572307692307693,
    "predict_film_number": 759,
    "predict_film_precision": 0.6166281755196305,
    "predict_film_recall": 0.7035573122529645,
    "predict_food_f1": 0.4405797101449276,
    "predict_food_number": 432,
    "predict_food_precision": 0.3781094527363184,
    "predict_food_recall": 0.5277777777777778,
    "predict_game_f1": 0.6078639744952179,
    "predict_game_number": 496,
    "predict_game_precision": 0.6426966292134831,
    "predict_game_recall": 0.5766129032258065,
    "predict_god_f1": 0.5417040358744395,
    "predict_god_number": 635,
    "predict_god_precision": 0.6291666666666667,
    "predict_god_recall": 0.4755905511811024,
    "predict_government/governmentagency_f1": 0.3750406239844003,
    "predict_government/governmentagency_number": 1535,
    "predict_government/governmentagency_precision": 0.374189364461738,
    "predict_government/governmentagency_recall": 0.3758957654723127,
    "predict_hospital_f1": 0.7064935064935064,
    "predict_hospital_number": 364,
    "predict_hospital_precision": 0.6699507389162561,
    "predict_hospital_recall": 0.7472527472527473,
    "predict_hotel_f1": 0.6091549295774648,
    "predict_hotel_number": 265,
    "predict_hotel_precision": 0.570957095709571,
    "predict_hotel_recall": 0.6528301886792452,
    "predict_island_f1": 0.5995165189363417,
    "predict_island_number": 646,
    "predict_island_precision": 0.6252100840336134,
    "predict_island_recall": 0.5758513931888545,
    "predict_language_f1": 0.6719901719901719,
    "predict_language_number": 753,
    "predict_language_precision": 0.6251428571428571,
    "predict_language_recall": 0.7264276228419655,
    "predict_law_f1": 0.5230479774223895,
    "predict_law_number": 488,
    "predict_law_precision": 0.4834782608695652,
    "predict_law_recall": 0.569672131147541,
    "predict_library_f1": 0.55819774718398,
    "predict_library_number": 357,
    "predict_library_precision": 0.504524886877828,
    "predict_library_recall": 0.6246498599439776,
    "predict_livingthing_f1": 0.5491047205642973,
    "predict_livingthing_number": 865,
    "predict_livingthing_precision": 0.5173824130879345,
    "predict_livingthing_recall": 0.584971098265896,
    "predict_loss": 0.3402084410190582,
    "predict_media/newspaper_f1": 0.580715059588299,
    "predict_media/newspaper_number": 1234,
    "predict_media/newspaper_precision": 0.5237785016286645,
    "predict_media/newspaper_recall": 0.6515397082658023,
    "predict_medical_f1": 0.3401574803149607,
    "predict_medical_number": 397,
    "predict_medical_precision": 0.453781512605042,
    "predict_medical_recall": 0.27204030226700254,
    "predict_mountain_f1": 0.6488673139158576,
    "predict_mountain_number": 681,
    "predict_mountain_precision": 0.7225225225225225,
    "predict_mountain_recall": 0.5888399412628488,
    "predict_music_f1": 0.6956942428640541,
    "predict_music_number": 1041,
    "predict_music_precision": 0.7007797270955166,
    "predict_music_recall": 0.6906820365033621,
    "predict_other_f1": 0.5237412732904896,
    "predict_other_number": 21035,
    "predict_other_precision": 0.5097421590244341,
    "predict_other_recall": 0.5385310197290231,
    "predict_overall_accuracy": 0.9152579544738962,
    "predict_overall_f1": 0.6302542284531333,
    "predict_overall_precision": 0.6071971762275088,
    "predict_overall_recall": 0.6551314866036412,
    "predict_painting_f1": 0.3779527559055118,
    "predict_painting_number": 58,
    "predict_painting_precision": 0.34782608695652173,
    "predict_painting_recall": 0.41379310344827586,
    "predict_park_f1": 0.5958333333333333,
    "predict_park_number": 458,