{
    "predict_GPE_f1": 0.7748365712181199,
    "predict_GPE_number": 20409,
    "predict_GPE_precision": 0.7306707184718906,
    "predict_GPE_recall": 0.8246851879072958,
    "predict_actor_f1": 0.6926742108397856,
    "predict_actor_number": 1638,
    "predict_actor_precision": 0.6761627906976744,
    "predict_actor_recall": 0.71001221001221,
    "predict_airplane_f1": 0.5221391604370328,
    "predict_airplane_number": 794,
    "predict_airplane_precision": 0.4804232804232804,
    "predict_airplane_recall": 0.5717884130982368,
    "predict_airport_f1": 0.7014725568942436,
    "predict_airport_number": 364,
    "predict_airport_precision": 0.6840731070496083,
    "predict_airport_recall": 0.7197802197802198,
    "predict_artist/author_f1": 0.5872888173773129,
    "predict_artist/author_number": 3464,
    "predict_artist/author_precision": 0.5483224837255883,
    "predict_artist/author_recall": 0.6322170900692841,
    "predict_astronomything_f1": 0.527759634225996,
    "predict_astronomything_number": 678,
    "predict_astronomything_precision": 0.47362250879249707,
    "predict_astronomything_recall": 0.5958702064896755,
    "predict_athlete_f1": 0.7879490150637312,
    "predict_athlete_number": 2907,
    "predict_athlete_precision": 0.7594128908742821,
    "predict_athlete_recall": 0.8187134502923976,
    "predict_attack/battle/war/militaryconflict_f1": 0.5979691613388493,
    "predict_attack/battle/war/militaryconflict_number": 1099,
    "predict_attack/battle/war/militaryconflict_precision": 0.5096153846153846,
    "predict_attack/battle/war/militaryconflict_recall": 0.7233848953594176,
    "predict_award_f1": 0.45476304451890853,
    "predict_award_number": 941,
    "predict_award_precision": 0.4137630662020906,
    "predict_award_recall": 0.5047821466524973,
    "predict_biologything_f1": 0.539743899492631,
    "predict_biologything_number": 1875,
    "predict_biologything_precision": 0.49337455830388693,
    "predict_biologything_recall": 0.5957333333333333,
    "predict_bodiesofwater_f1": 0.6204318936877076,
    "predict_bodiesofwater_number": 1169,
    "predict_bodiesofwater_precision": 0.6029055690072639,
    "predict_bodiesofwater_recall": 0.6390076988879384,
    "predict_broadcastprogram_f1": 0.4453386988598256,
    "predict_broadcastprogram_number": 605,
    "predict_broadcastprogram_precision": 0.3747178329571106,
    "predict_broadcastprogram_recall": 0.5487603305785124,
    "predict_car_f1": 0.589261744966443,
    "predict_car_number": 688,
    "predict_car_precision": 0.5473815461346634,
    "predict_car_recall": 0.6380813953488372,
    "predict_chemicalthing_f1": 0.4642676127724278,
    "predict_chemicalthing_number": 1014,
    "predict_chemicalthing_precision": 0.47758081334723673,
    "predict_chemicalthing_recall": 0.4516765285996055,
    "predict_company_f1": 0.5810648036617682,
    "predict_company_number": 3903,
    "predict_company_precision": 0.5483064332802909,
    "predict_company_recall": 0.6179861644888547,
    "predict_currency_f1": 0.6119486320491345,
    "predict_currency_number": 799,
    "predict_currency_precision": 0.5524193548387096,
    "predict_currency_recall": 0.685857321652065,
    "predict_director_f1": 0.42787996127783157,
    "predict_director_number": 554,
    "predict_director_precision": 0.4613778705636743,
    "predict_director_recall": 0.3989169675090253,
    "predict_disaster_f1": 0.1818181818181818,
    "predict_disaster_number": 207,
    "predict_disaster_precision": 0.5,
    "predict_disaster_recall": 0.1111111111111111,
    "predict_disease_f1": 0.5169660678642715,
    "predict_disease_number": 750,
    "predict_disease_precision": 0.4130781499202552,
    "predict_disease_recall": 0.6906666666666667,
    "predict_education_f1": 0.6900377191036167,
    "predict_education_number": 2082,
    "predict_education_precision": 0.6412371134020619,
    "predict_education_recall": 0.7468780019212296,
    "predict_educationaldegree_f1": 0.4346895074946467,
    "predict_educationaldegree_number": 367,
    "predict_educationaldegree_precision": 0.35802469135802467,
    "predict_educationaldegree_recall": 0.553133514986376,
    "predict_election_f1": 0.039886039886039885,
    "predict_election_number": 184,
    "predict_election_precision": 0.041916167664670656,
    "predict_election_recall": 0.03804347826086957,
    "predict_film_f1": 0.5275229357798166,
    "predict_film_number": 759,
    "predict_film_precision": 0.467005076142132,
    "predict_film_recall": 0.6060606060606061,
    "predict_food_f1": 0.3505154639175258,
    "predict_food_number": 432,
    "predict_food_precision": 0.3469387755102041,
    "predict_food_recall": 0.3541666666666667,
    "predict_game_f1": 0.5353846153846153,
    "predict_game_number": 496,
    "predict_game_precision": 0.5448851774530271,
    "predict_game_recall": 0.5262096774193549,
    "predict_god_f1": 0.5371142618849041,
    "predict_god_number": 635,
    "predict_god_precision": 0.5709219858156028,
    "predict_god_recall": 0.5070866141732283,
    "predict_government/governmentagency_f1": 0.2945353504167953,
    "predict_government/governmentagency_number": 1535,
    "predict_government/governmentagency_precision": 0.27992957746478875,
    "predict_government/governmentagency_recall": 0.31074918566775245,
    "predict_hospital_f1": 0.6379928315412186,
    "predict_hospital_number": 364,
    "predict_hospital_precision": 0.5644820295983086,
    "predict_hospital_recall": 0.7335164835164835,
    "predict_hotel_f1": 0.5243697478991597,
    "predict_hotel_number": 265,
    "predict_hotel_precision": 0.4727272727272727,
    "predict_hotel_recall": 0.5886792452830188,
    "predict_island_f1": 0.5196733481811432,
    "predict_island_number": 646,
    "predict_island_precision": 0.4992867332382311,
    "predict_island_recall": 0.541795665634675,
    "predict_language_f1": 0.6201279813845259,
    "predict_language_number": 753,
    "predict_language_precision": 0.55175983436853,
    "predict_language_recall": 0.7078353253652059,
    "predict_law_f1": 0.34865568083261056,
    "predict_law_number": 488,
    "predict_law_precision": 0.3022556390977444,
    "predict_law_recall": 0.41188524590163933,
    "predict_library_f1": 0.5718120805369128,
    "predict_library_number": 357,
    "predict_library_precision": 0.5489690721649485,
    "predict_library_recall": 0.5966386554621849,
    "predict_livingthing_f1": 0.47587822014051523,
    "predict_livingthing_number": 865,
    "predict_livingthing_precision": 0.4,
    "predict_livingthing_recall": 0.5872832369942197,
    "predict_loss": 0.3782505989074707,
    "predict_media/newspaper_f1": 0.5324724648689707,
    "predict_media/newspaper_number": 1234,
    "predict_media/newspaper_precision": 0.501072194424589,
    "predict_media/newspaper_recall": 0.5680713128038898,
    "predict_medical_f1": 0.40317100792751975,
    "predict_medical_number": 397,
    "predict_medical_precision": 0.3662551440329218,
    "predict_medical_recall": 0.44836272040302266,
    "predict_mountain_f1": 0.5502645502645502,
    "predict_mountain_number": 681,
    "predict_mountain_precision": 0.5006016847172082,
    "predict_mountain_recall": 0.6108663729809104,
    "predict_music_f1": 0.6183104820875719,
    "predict_music_number": 1041,
    "predict_music_precision": 0.5729508196721311,
    "predict_music_recall": 0.6714697406340058,
    "predict_other_f1": 0.4700796047213835,
    "predict_other_number": 21035,
    "predict_other_precision": 0.4530223535117499,
    "predict_other_recall": 0.48847159496077963,
    "predict_overall_accuracy": 0.9051271695253481,
    "predict_overall_f1": 0.5789143104766263,
    "predict_overall_precision": 0.5479726055176101,
    "predict_overall_recall": 0.6135594269908764,
    "predict_painting_f1": 0.0,
    "predict_painting_number": 58,
    "predict_painting_precision": 0.0,
    "predict_painting_recall": 0.0,
    "predict_park_f1": 0.365,
    "predict_park_number": 458,
    "predict_park_precision": 0.4269005847953216,