{
    "predict_GPE_f1": 0.7903842046560193,
    "predict_GPE_number": 20409,
    "predict_GPE_precision": 0.7663598711458812,
    "predict_GPE_recall": 0.8159635454946347,
    "predict_actor_f1": 0.7669033652361841,
    "predict_actor_number": 1638,
    "predict_actor_precision": 0.7757651467832605,
    "predict_actor_recall": 0.7582417582417582,
    "predict_airplane_f1": 0.6137440758293837,
    "predict_airplane_number": 794,
    "predict_airplane_precision": 0.5794183445190156,
    "predict_airplane_recall": 0.6523929471032746,
    "predict_airport_f1": 0.7694369973190348,
    "predict_airport_number": 364,
    "predict_airport_precision": 0.7513089005235603,
    "predict_airport_recall": 0.7884615384615384,
    "predict_artist/author_f1": 0.6536165486602805,
    "predict_artist/author_number": 3464,
    "predict_artist/author_precision": 0.6295801016314523,
    "predict_artist/author_recall": 0.6795612009237876,
    "predict_astronomything_f1": 0.6586646661665416,
    "predict_astronomything_number": 678,
    "predict_astronomything_precision": 0.6702290076335878,
    "predict_astronomything_recall": 0.6474926253687315,
    "predict_athlete_f1": 0.7990716180371353,
    "predict_athlete_number": 2907,
    "predict_athlete_precision": 0.7712,
    "predict_athlete_recall": 0.8290333677330581,
    "predict_attack/battle/war/militaryconflict_f1": 0.6570945945945945,
    "predict_attack/battle/war/militaryconflict_number": 1099,
    "predict_attack/battle/war/militaryconflict_precision": 0.6130811662726556,
    "predict_attack/battle/war/militaryconflict_recall": 0.707916287534122,
    "predict_award_f1": 0.5067049808429119,
    "predict_award_number": 941,
    "predict_award_precision": 0.46120313862249346,
    "predict_award_recall": 0.5621679064824655,
    "predict_biologything_f1": 0.5532034998588765,
    "predict_biologything_number": 1875,
    "predict_biologything_precision": 0.5875299760191847,
    "predict_biologything_recall": 0.5226666666666666,
    "predict_bodiesofwater_f1": 0.676989247311828,
    "predict_bodiesofwater_number": 1169,
    "predict_bodiesofwater_precision": 0.6807958477508651,
    "predict_bodiesofwater_recall": 0.6732249786142002,
    "predict_broadcastprogram_f1": 0.5223771093176816,
    "predict_broadcastprogram_number": 605,
    "predict_broadcastprogram_precision": 0.46965699208443273,
    "predict_broadcastprogram_recall": 0.5884297520661157,
    "predict_car_f1": 0.6499261447562777,
    "predict_car_number": 688,
    "predict_car_precision": 0.6606606606606606,
    "predict_car_recall": 0.6395348837209303,
    "predict_chemicalthing_f1": 0.5039175257731958,
    "predict_chemicalthing_number": 1014,
    "predict_chemicalthing_precision": 0.43302622253720763,
    "predict_chemicalthing_recall": 0.6025641025641025,
    "predict_company_f1": 0.6355699675729607,
    "predict_company_number": 3903,
    "predict_company_precision": 0.6191980558930741,
    "predict_company_recall": 0.6528311555213938,
    "predict_currency_f1": 0.6495726495726495,
    "predict_currency_number": 799,
    "predict_currency_precision": 0.634088200238379,
    "predict_currency_recall": 0.6658322903629537,
    "predict_director_f1": 0.6359832635983264,
    "predict_director_number": 554,
    "predict_director_precision": 0.592823712948518,
    "predict_director_recall": 0.6859205776173285,
    "predict_disaster_f1": 0.3263403263403263,
    "predict_disaster_number": 207,
    "predict_disaster_precision": 0.3153153153153153,
    "predict_disaster_recall": 0.33816425120772947,
    "predict_disease_f1": 0.5717592592592593,
    "predict_disease_number": 750,
    "predict_disease_precision": 0.5051124744376279,
    "predict_disease_recall": 0.6586666666666666,
    "predict_education_f1": 0.7296356463216523,
    "predict_education_number": 2082,
    "predict_education_precision": 0.7058823529411765,
    "predict_education_recall": 0.7550432276657061,
    "predict_educationaldegree_f1": 0.4736196319018404,
    "predict_educationaldegree_number": 367,
    "predict_educationaldegree_precision": 0.43080357142857145,
    "predict_educationaldegree_recall": 0.5258855585831063,
    "predict_election_f1": 0.20956719817767652,
    "predict_election_number": 184,
    "predict_election_precision": 0.1803921568627451,
    "predict_election_recall": 0.25,
    "predict_film_f1": 0.6241956241956241,
    "predict_film_number": 759,
    "predict_film_precision": 0.610062893081761,
    "predict_film_recall": 0.6389986824769434,
    "predict_food_f1": 0.47641509433962265,
    "predict_food_number": 432,
    "predict_food_precision": 0.4855769230769231,
    "predict_food_recall": 0.4675925925925926,
    "predict_game_f1": 0.6257796257796258,
    "predict_game_number": 496,
    "predict_game_precision": 0.6459227467811158,
    "predict_game_recall": 0.6068548387096774,
    "predict_god_f1": 0.573928258967629,
    "predict_god_number": 635,
    "predict_god_precision": 0.6456692913385826,
    "predict_god_recall": 0.5165354330708661,
    "predict_government/governmentagency_f1": 0.37416904083570746,
    "predict_government/governmentagency_number": 1535,
    "predict_government/governmentagency_precision": 0.36391625615763545,
    "predict_government/governmentagency_recall": 0.38501628664495113,
    "predict_hospital_f1": 0.7320261437908497,
    "predict_hospital_number": 364,
    "predict_hospital_precision": 0.6982543640897756,
    "predict_hospital_recall": 0.7692307692307693,
    "predict_hotel_f1": 0.6252354048964218,
    "predict_hotel_number": 265,
    "predict_hotel_precision": 0.6240601503759399,
    "predict_hotel_recall": 0.6264150943396226,
    "predict_island_f1": 0.616474756421612,
    "predict_island_number": 646,
    "predict_island_precision": 0.7204968944099379,
    "predict_island_recall": 0.5386996904024768,
    "predict_language_f1": 0.6539440203562341,
    "predict_language_number": 753,
    "predict_language_precision": 0.6275946275946276,
    "predict_language_recall": 0.6826029216467463,
    "predict_law_f1": 0.5317693059628543,
    "predict_law_number": 488,
    "predict_law_precision": 0.508411214953271,
    "predict_law_recall": 0.5573770491803278,
    "predict_library_f1": 0.6347607052896725,
    "predict_library_number": 357,
    "predict_library_precision": 0.5766590389016019,
    "predict_library_recall": 0.7058823529411765,
    "predict_livingthing_f1": 0.5475444096133751,
    "predict_livingthing_number": 865,
    "predict_livingthing_precision": 0.49952335557673977,
    "predict_livingthing_recall": 0.6057803468208093,
    "predict_loss": 0.33790212869644165,
    "predict_media/newspaper_f1": 0.5816365731847868,
    "predict_media/newspaper_number": 1234,
    "predict_media/newspaper_precision": 0.5529583637691746,
    "predict_media/newspaper_recall": 0.6134521880064829,
    "predict_medical_f1": 0.35650623885918004,
    "predict_medical_number": 397,
    "predict_medical_precision": 0.6097560975609756,
    "predict_medical_recall": 0.2518891687657431,
    "predict_mountain_f1": 0.6569005397070162,
    "predict_mountain_number": 681,
    "predict_mountain_precision": 0.6915584415584416,
    "predict_mountain_recall": 0.6255506607929515,
    "predict_music_f1": 0.6918971373119844,
    "predict_music_number": 1041,
    "predict_music_precision": 0.6990196078431372,
    "predict_music_recall": 0.6849183477425552,
    "predict_other_f1": 0.5317175208039653,
    "predict_other_number": 21035,
    "predict_other_precision": 0.5095655205473483,
    "predict_other_recall": 0.555883052056097,
    "predict_overall_accuracy": 0.9151113832630877,
    "predict_overall_f1": 0.6275885854814282,
    "predict_overall_precision": 0.6084967383613294,
    "predict_overall_recall": 0.6479172687115551,
    "predict_painting_f1": 0.0,
    "predict_painting_number": 58,
    "predict_painting_precision": 0.0,
    "predict_painting_recall": 0.0,
    "predict_park_f1": 0.5730337078651686,
    "predict_park_number": 458,