{
    "predict_GPE_f1": 0.7429187769649223,
    "predict_GPE_number": 20409,
    "predict_GPE_precision": 0.712352174108548,
    "predict_GPE_recall": 0.7762261747268362,
    "predict_actor_f1": 0.6988228538616136,
    "predict_actor_number": 1638,
    "predict_actor_precision": 0.659620596205962,
    "predict_actor_recall": 0.742979242979243,
    "predict_airplane_f1": 0.5119120342089187,
    "predict_airplane_number": 794,
    "predict_airplane_precision": 0.4970344009489917,
    "predict_airplane_recall": 0.5277078085642317,
    "predict_airport_f1": 0.6252873563218391,
    "predict_airport_number": 364,
    "predict_airport_precision": 0.5375494071146245,
    "predict_airport_recall": 0.7472527472527473,
    "predict_artist/author_f1": 0.5930232558139534,
    "predict_artist/author_number": 3464,
    "predict_artist/author_precision": 0.5467836257309941,
    "predict_artist/author_recall": 0.6478060046189377,
    "predict_astronomything_f1": 0.613315400134499,
    "predict_astronomything_number": 678,
    "predict_astronomything_precision": 0.5636588380716935,
    "predict_astronomything_recall": 0.672566371681416,
    "predict_athlete_f1": 0.7707006369426751,
    "predict_athlete_number": 2907,
    "predict_athlete_precision": 0.7515527950310559,
    "predict_athlete_recall": 0.7908496732026143,
    "predict_attack/battle/war/militaryconflict_f1": 0.5982378854625551,
    "predict_attack/battle/war/militaryconflict_number": 1099,
    "predict_attack/battle/war/militaryconflict_precision": 0.5798462852263023,
    "predict_attack/battle/war/militaryconflict_recall": 0.6178343949044586,
    "predict_award_f1": 0.43779232927970063,
    "predict_award_number": 941,
    "predict_award_precision": 0.39097744360902253,
    "predict_award_recall": 0.4973432518597237,
    "predict_biologything_f1": 0.5073245952197378,
    "predict_biologything_number": 1875,
    "predict_biologything_precision": 0.4895833333333333,
    "predict_biologything_recall": 0.5264,
    "predict_bodiesofwater_f1": 0.5947856827220503,
    "predict_bodiesofwater_number": 1169,
    "predict_bodiesofwater_precision": 0.6151736745886655,
    "predict_bodiesofwater_recall": 0.5757057313943541,
    "predict_broadcastprogram_f1": 0.41608876560332875,
    "predict_broadcastprogram_number": 605,
    "predict_broadcastprogram_precision": 0.35842293906810035,
    "predict_broadcastprogram_recall": 0.49586776859504134,
    "predict_car_f1": 0.5679172056921088,
    "predict_car_number": 688,
    "predict_car_precision": 0.5116550116550117,
    "predict_car_recall": 0.6380813953488372,
    "predict_chemicalthing_f1": 0.4606164383561644,
    "predict_chemicalthing_number": 1014,
    "predict_chemicalthing_precision": 0.4069591527987897,
    "predict_chemicalthing_recall": 0.5305719921104537,
    "predict_company_f1": 0.534424650938854,
    "predict_company_number": 3903,
    "predict_company_precision": 0.5039727582292849,
    "predict_company_recall": 0.568793235972329,
    "predict_currency_f1": 0.6412213740458016,
    "predict_currency_number": 799,
    "predict_currency_precision": 0.6039823008849557,
    "predict_currency_recall": 0.6833541927409261,
    "predict_director_f1": 0.5526104417670682,
    "predict_director_number": 554,
    "predict_director_precision": 0.49782923299565845,
    "predict_director_recall": 0.6209386281588448,
    "predict_disaster_f1": 0.35807860262008734,
    "predict_disaster_number": 207,
    "predict_disaster_precision": 0.32669322709163345,
    "predict_disaster_recall": 0.3961352657004831,
    "predict_disease_f1": 0.5244596131968146,
    "predict_disease_number": 750,
    "predict_disease_precision": 0.4573412698412698,
    "predict_disease_recall": 0.6146666666666667,
    "predict_education_f1": 0.6266036461850101,
    "predict_education_number": 2082,
    "predict_education_precision": 0.5895806861499364,
    "predict_education_recall": 0.6685878962536023,
    "predict_educationaldegree_f1": 0.44543429844098,
    "predict_educationaldegree_number": 367,
    "predict_educationaldegree_precision": 0.3766478342749529,
    "predict_educationaldegree_recall": 0.5449591280653951,
    "predict_election_f1": 0.17391304347826084,
    "predict_election_number": 184,
    "predict_election_precision": 0.14046822742474915,
    "predict_election_recall": 0.22826086956521738,
    "predict_film_f1": 0.5667090216010165,
    "predict_film_number": 759,
    "predict_film_precision": 0.5472392638036809,
    "predict_film_recall": 0.5876152832674572,
    "predict_food_f1": 0.40904198062432723,
    "predict_food_number": 432,
    "predict_food_precision": 0.3822937625754527,
    "predict_food_recall": 0.4398148148148148,
    "predict_game_f1": 0.5379310344827587,
    "predict_game_number": 496,
    "predict_game_precision": 0.5260115606936416,
    "predict_game_recall": 0.5504032258064516,
    "predict_god_f1": 0.5539403213465952,
    "predict_god_number": 635,
    "predict_god_precision": 0.5386904761904762,
    "predict_god_recall": 0.5700787401574803,
    "predict_government/governmentagency_f1": 0.2824500158679784,
    "predict_government/governmentagency_number": 1535,
    "predict_government/governmentagency_precision": 0.2753712871287129,
    "predict_government/governmentagency_recall": 0.2899022801302932,
    "predict_hospital_f1": 0.5422535211267605,
    "predict_hospital_number": 364,
    "predict_hospital_precision": 0.4733606557377049,
    "predict_hospital_recall": 0.6346153846153846,
    "predict_hotel_f1": 0.4934579439252336,
    "predict_hotel_number": 265,
    "predict_hotel_precision": 0.4888888888888889,
    "predict_hotel_recall": 0.4981132075471698,
    "predict_island_f1": 0.5168711656441717,
    "predict_island_number": 646,
    "predict_island_precision": 0.5121580547112462,
    "predict_island_recall": 0.521671826625387,
    "predict_language_f1": 0.5827893175074185,
    "predict_language_number": 753,
    "predict_language_precision": 0.526824034334764,
    "predict_language_recall": 0.6520584329349269,
    "predict_law_f1": 0.4677284157585918,
    "predict_law_number": 488,
    "predict_law_precision": 0.39574468085106385,
    "predict_law_recall": 0.5717213114754098,
    "predict_library_f1": 0.5653798256537983,
    "predict_library_number": 357,
    "predict_library_precision": 0.5089686098654709,
    "predict_library_recall": 0.6358543417366946,
    "predict_livingthing_f1": 0.5297941495124593,
    "predict_livingthing_number": 865,
    "predict_livingthing_precision": 0.4984709480122324,
    "predict_livingthing_recall": 0.5653179190751445,
    "predict_loss": 0.6265374422073364,
    "predict_media/newspaper_f1": 0.4852405984634048,
    "predict_media/newspaper_number": 1234,
    "predict_media/newspaper_precision": 0.48426150121065376,
    "predict_media/newspaper_recall": 0.4862236628849271,
    "predict_medical_f1": 0.4045801526717557,
    "predict_medical_number": 397,
    "predict_medical_precision": 0.4087403598971722,
    "predict_medical_recall": 0.4005037783375315,
    "predict_mountain_f1": 0.5360824742268041,
    "predict_mountain_number": 681,
    "predict_mountain_precision": 0.5038759689922481,
    "predict_mountain_recall": 0.5726872246696035,
    "predict_music_f1": 0.5876239962210675,
    "predict_music_number": 1041,
    "predict_music_precision": 0.5780669144981413,
    "predict_music_recall": 0.5975024015369836,
    "predict_other_f1": 0.4568111079225624,
    "predict_other_number": 21035,
    "predict_other_precision": 0.42639907689771694,
    "predict_other_recall": 0.4918944616115997,
    "predict_overall_accuracy": 0.9014064321961579,
    "predict_overall_f1": 0.5595976351905252,
    "predict_overall_precision": 0.5251805724009341,
    "predict_overall_recall": 0.5988420096602403,
    "predict_painting_f1": 0.30985915492957744,
    "predict_painting_number": 58,
    "predict_painting_precision": 0.2619047619047619,
    "predict_painting_recall": 0.3793103448275862,
    "predict_park_f1": 0.41368078175895767,