{
    "predict_GPE_f1": 0.7579375277433825,
    "predict_GPE_number": 20409,
    "predict_GPE_precision": 0.7243458069125659,
    "predict_GPE_recall": 0.7947964133470528,
    "predict_actor_f1": 0.5868914876257818,
    "predict_actor_number": 1638,
    "predict_actor_precision": 0.5291809710642472,
    "predict_actor_recall": 0.6587301587301587,
    "predict_airplane_f1": 0.5295169946332737,
    "predict_airplane_number": 794,
    "predict_airplane_precision": 0.5028312570781427,
    "predict_airplane_recall": 0.5591939546599496,
    "predict_airport_f1": 0.6238767650834403,
    "predict_airport_number": 364,
    "predict_airport_precision": 0.5855421686746988,
    "predict_airport_recall": 0.6675824175824175,
    "predict_artist/author_f1": 0.4948921679909194,
    "predict_artist/author_number": 3464,
    "predict_artist/author_precision": 0.48660714285714285,
    "predict_artist/author_recall": 0.5034642032332564,
    "predict_astronomything_f1": 0.5348120764017252,
    "predict_astronomything_number": 678,
    "predict_astronomything_precision": 0.45925925925925926,
    "predict_astronomything_recall": 0.640117994100295,
    "predict_athlete_f1": 0.7540480654508268,
    "predict_athlete_number": 2907,
    "predict_athlete_precision": 0.7472972972972973,
    "predict_athlete_recall": 0.760921912624699,
    "predict_attack/battle/war/militaryconflict_f1": 0.604149377593361,
    "predict_attack/battle/war/militaryconflict_number": 1099,
    "predict_attack/battle/war/militaryconflict_precision": 0.555301296720061,
    "predict_attack/battle/war/militaryconflict_recall": 0.6624203821656051,
    "predict_award_f1": 0.4158224794983116,
    "predict_award_number": 941,
    "predict_award_precision": 0.38074204946996465,
    "predict_award_recall": 0.4580233793836344,
    "predict_biologything_f1": 0.5118212522733178,
    "predict_biologything_number": 1875,
    "predict_biologything_precision": 0.4989868287740628,
    "predict_biologything_recall": 0.5253333333333333,
    "predict_bodiesofwater_f1": 0.6033057851239669,
    "predict_bodiesofwater_number": 1169,
    "predict_bodiesofwater_precision": 0.583533173461231,
    "predict_bodiesofwater_recall": 0.6244653550042771,
    "predict_broadcastprogram_f1": 0.41061670569867287,
    "predict_broadcastprogram_number": 605,
    "predict_broadcastprogram_precision": 0.3890532544378698,
    "predict_broadcastprogram_recall": 0.43471074380165287,
    "predict_car_f1": 0.5977859778597786,
    "predict_car_number": 688,
    "predict_car_precision": 0.6071964017991005,
    "predict_car_recall": 0.5886627906976745,
    "predict_chemicalthing_f1": 0.5051546391752577,
    "predict_chemicalthing_number": 1014,
    "predict_chemicalthing_precision": 0.4474885844748858,
    "predict_chemicalthing_recall": 0.5798816568047337,
    "predict_company_f1": 0.5624067628045749,
    "predict_company_number": 3903,
    "predict_company_precision": 0.546244868389278,
    "predict_company_recall": 0.579554189085319,
    "predict_currency_f1": 0.6348314606741573,
    "predict_currency_number": 799,
    "predict_currency_precision": 0.5759429153924567,
    "predict_currency_recall": 0.7071339173967459,
    "predict_director_f1": 0.45112781954887216,
    "predict_director_number": 554,
    "predict_director_precision": 0.47058823529411764,
    "predict_director_recall": 0.4332129963898917,
    "predict_disaster_f1": 0.19692307692307692,
    "predict_disaster_number": 207,
    "predict_disaster_precision": 0.2711864406779661,
    "predict_disaster_recall": 0.15458937198067632,
    "predict_disease_f1": 0.47840531561461797,
    "predict_disease_number": 750,
    "predict_disease_precision": 0.4090909090909091,
    "predict_disease_recall": 0.576,
    "predict_education_f1": 0.6501892674237364,
    "predict_education_number": 2082,
    "predict_education_precision": 0.6060606060606061,
    "predict_education_recall": 0.7012487992315082,
    "predict_educationaldegree_f1": 0.41228070175438597,
    "predict_educationaldegree_number": 367,
    "predict_educationaldegree_precision": 0.344954128440367,
    "predict_educationaldegree_recall": 0.5122615803814714,
    "predict_election_f1": 0.17365269461077845,
    "predict_election_number": 184,
    "predict_election_precision": 0.19333333333333333,
    "predict_election_recall": 0.15760869565217392,
    "predict_film_f1": 0.5106382978723405,
    "predict_film_number": 759,
    "predict_film_precision": 0.4530612244897959,
    "predict_film_recall": 0.5849802371541502,
    "predict_food_f1": 0.375886524822695,
    "predict_food_number": 432,
    "predict_food_precision": 0.3045977011494253,
    "predict_food_recall": 0.49074074074074076,
    "predict_game_f1": 0.4849137931034483,
    "predict_game_number": 496,
    "predict_game_precision": 0.5208333333333334,
    "predict_game_recall": 0.4536290322580645,
    "predict_god_f1": 0.48925619834710743,
    "predict_god_number": 635,
    "predict_god_precision": 0.5147826086956522,
    "predict_god_recall": 0.46614173228346456,
    "predict_government/governmentagency_f1": 0.2780117944397641,
    "predict_government/governmentagency_number": 1535,
    "predict_government/governmentagency_precision": 0.2443237907206318,
    "predict_government/governmentagency_recall": 0.32247557003257327,
    "predict_hospital_f1": 0.5959595959595959,
    "predict_hospital_number": 364,
    "predict_hospital_precision": 0.5514018691588785,
    "predict_hospital_recall": 0.6483516483516484,
    "predict_hotel_f1": 0.5092127303182579,
    "predict_hotel_number": 265,
    "predict_hotel_precision": 0.4578313253012048,
    "predict_hotel_recall": 0.5735849056603773,
    "predict_island_f1": 0.4794069192751236,
    "predict_island_number": 646,
    "predict_island_precision": 0.5123239436619719,
    "predict_island_recall": 0.4504643962848297,
    "predict_language_f1": 0.5507094062007357,
    "predict_language_number": 753,
    "predict_language_precision": 0.45565217391304347,
    "predict_language_recall": 0.6958831341301461,
    "predict_law_f1": 0.3794266441821248,
    "predict_law_number": 488,
    "predict_law_precision": 0.3223495702005731,
    "predict_law_recall": 0.4610655737704918,
    "predict_library_f1": 0.5685019206145967,
    "predict_library_number": 357,
    "predict_library_precision": 0.5235849056603774,
    "predict_library_recall": 0.6218487394957983,
    "predict_livingthing_f1": 0.5199590583418628,
    "predict_livingthing_number": 865,
    "predict_livingthing_precision": 0.46648301193755737,
    "predict_livingthing_recall": 0.5872832369942197,
    "predict_loss": 0.517712414264679,
    "predict_media/newspaper_f1": 0.5471698113207548,
    "predict_media/newspaper_number": 1234,
    "predict_media/newspaper_precision": 0.480958230958231,
    "predict_media/newspaper_recall": 0.6345218800648298,
    "predict_medical_f1": 0.3743016759776536,
    "predict_medical_number": 397,
    "predict_medical_precision": 0.4200626959247649,
    "predict_medical_recall": 0.33753148614609574,
    "predict_mountain_f1": 0.5125628140703518,
    "predict_mountain_number": 681,
    "predict_mountain_precision": 0.4478594950603732,
    "predict_mountain_recall": 0.5991189427312775,
    "predict_music_f1": 0.5846153846153845,
    "predict_music_number": 1041,
    "predict_music_precision": 0.5851780558229066,
    "predict_music_recall": 0.5840537944284342,
    "predict_other_f1": 0.43401243928704863,
    "predict_other_number": 21035,
    "predict_other_precision": 0.40358047903212624,
    "predict_other_recall": 0.4694081293082957,
    "predict_overall_accuracy": 0.8972470669472148,
    "predict_overall_f1": 0.5494652342153965,
    "predict_overall_precision": 0.5142384135753039,
    "predict_overall_recall": 0.5898732609503364,
    "predict_painting_f1": 0.0,
    "predict_painting_number": 58,
    "predict_painting_precision": 0.0,
    "predict_painting_recall": 0.0,
    "predict_park_f1": 0.45669291338582674,
    "predict_park_number": 458,