{
    "predict_GPE_f1": 0.741065454629352,
    "predict_GPE_number": 20409,
    "predict_GPE_precision": 0.70027034097846,
    "predict_GPE_recall": 0.7869077367827919,
    "predict_actor_f1": 0.6148040638606678,
    "predict_actor_number": 1638,
    "predict_actor_precision": 0.586054233536248,
    "predict_actor_recall": 0.6465201465201466,
    "predict_airplane_f1": 0.4921348314606741,
    "predict_airplane_number": 794,
    "predict_airplane_precision": 0.44421906693711966,
    "predict_airplane_recall": 0.5516372795969773,
    "predict_airport_f1": 0.6263096623981373,
    "predict_airport_number": 364,
    "predict_airport_precision": 0.5434343434343434,
    "predict_airport_recall": 0.739010989010989,
    "predict_artist/author_f1": 0.505990910342928,
    "predict_artist/author_number": 3464,
    "predict_artist/author_precision": 0.48380300237029233,
    "predict_artist/author_recall": 0.5303117782909931,
    "predict_astronomything_f1": 0.6075949367088608,
    "predict_astronomything_number": 678,
    "predict_astronomything_precision": 0.5806451612903226,
    "predict_astronomything_recall": 0.6371681415929203,
    "predict_athlete_f1": 0.7721838693382724,
    "predict_athlete_number": 2907,
    "predict_athlete_precision": 0.7562664907651715,
    "predict_athlete_recall": 0.7887856897144823,
    "predict_attack/battle/war/militaryconflict_f1": 0.5776048421962819,
    "predict_attack/battle/war/militaryconflict_number": 1099,
    "predict_attack/battle/war/militaryconflict_precision": 0.5502471169686985,
    "predict_attack/battle/war/militaryconflict_recall": 0.607825295723385,
    "predict_award_f1": 0.39422643211547137,
    "predict_award_number": 941,
    "predict_award_precision": 0.34247648902821315,
    "predict_award_recall": 0.46439957492029754,
    "predict_biologything_f1": 0.520446096654275,
    "predict_biologything_number": 1875,
    "predict_biologything_precision": 0.518244315177155,
    "predict_biologything_recall": 0.5226666666666666,
    "predict_bodiesofwater_f1": 0.5987107171635777,
    "predict_bodiesofwater_number": 1169,
    "predict_bodiesofwater_precision": 0.5658796648895659,
    "predict_bodiesofwater_recall": 0.6355859709153122,
    "predict_broadcastprogram_f1": 0.33478260869565213,
    "predict_broadcastprogram_number": 605,
    "predict_broadcastprogram_precision": 0.29806451612903223,
    "predict_broadcastprogram_recall": 0.38181818181818183,
    "predict_car_f1": 0.5937072503419972,
    "predict_car_number": 688,
    "predict_car_precision": 0.5607235142118863,
    "predict_car_recall": 0.6308139534883721,
    "predict_chemicalthing_f1": 0.30898876404494385,
    "predict_chemicalthing_number": 1014,
    "predict_chemicalthing_precision": 0.35900783289817234,
    "predict_chemicalthing_recall": 0.27120315581854043,
    "predict_company_f1": 0.5475285171102662,
    "predict_company_number": 3903,
    "predict_company_precision": 0.510525149567915,
    "predict_company_recall": 0.5903151421983089,
    "predict_currency_f1": 0.6790595954073264,
    "predict_currency_number": 799,
    "predict_currency_precision": 0.6029126213592233,
    "predict_currency_recall": 0.7772215269086358,
    "predict_director_f1": 0.43944099378881984,
    "predict_director_number": 554,
    "predict_director_precision": 0.385558583106267,
    "predict_director_recall": 0.5108303249097473,
    "predict_disaster_f1": 0.3004484304932735,
    "predict_disaster_number": 207,
    "predict_disaster_precision": 0.2803347280334728,
    "predict_disaster_recall": 0.32367149758454106,
    "predict_disease_f1": 0.45614035087719296,
    "predict_disease_number": 750,
    "predict_disease_precision": 0.4448669201520912,
    "predict_disease_recall": 0.468,
    "predict_education_f1": 0.6283027317510076,
    "predict_education_number": 2082,
    "predict_education_precision": 0.5885067114093959,
    "predict_education_recall": 0.6738712776176753,
    "predict_educationaldegree_f1": 0.40293809024134314,
    "predict_educationaldegree_number": 367,
    "predict_educationaldegree_precision": 0.32764505119453924,
    "predict_educationaldegree_recall": 0.5231607629427792,
    "predict_election_f1": 0.16933638443935928,
    "predict_election_number": 184,
    "predict_election_precision": 0.14624505928853754,
    "predict_election_recall": 0.20108695652173914,
    "predict_film_f1": 0.4004944375772559,
    "predict_film_number": 759,
    "predict_film_precision": 0.37718277066356226,
    "predict_film_recall": 0.4268774703557312,
    "predict_food_f1": 0.40909090909090906,
    "predict_food_number": 432,
    "predict_food_precision": 0.33682634730538924,
    "predict_food_recall": 0.5208333333333334,
    "predict_game_f1": 0.2693266832917706,
    "predict_game_number": 496,
    "predict_game_precision": 0.35294117647058826,
    "predict_game_recall": 0.21774193548387097,
    "predict_god_f1": 0.5122103944896681,
    "predict_god_number": 635,
    "predict_god_precision": 0.42515592515592515,
    "predict_god_recall": 0.6440944881889764,
    "predict_government/governmentagency_f1": 0.2962532674992739,
    "predict_government/governmentagency_number": 1535,
    "predict_government/governmentagency_precision": 0.2672955974842767,
    "predict_government/governmentagency_recall": 0.3322475570032573,
    "predict_hospital_f1": 0.5182291666666665,
    "predict_hospital_number": 364,
    "predict_hospital_precision": 0.49257425742574257,
    "predict_hospital_recall": 0.5467032967032966,
    "predict_hotel_f1": 0.5350553505535055,
    "predict_hotel_number": 265,
    "predict_hotel_precision": 0.5234657039711191,
    "predict_hotel_recall": 0.5471698113207547,
    "predict_island_f1": 0.47010869565217395,
    "predict_island_number": 646,
    "predict_island_precision": 0.4188861985472155,
    "predict_island_recall": 0.5356037151702786,
    "predict_language_f1": 0.6144018583042974,
    "predict_language_number": 753,
    "predict_language_precision": 0.5459236326109391,
    "predict_language_recall": 0.702523240371846,
    "predict_law_f1": 0.40030326004548905,
    "predict_law_number": 488,
    "predict_law_precision": 0.3176895306859206,
    "predict_law_recall": 0.5409836065573771,
    "predict_library_f1": 0.5513126491646778,
    "predict_library_number": 357,
    "predict_library_precision": 0.4802494802494803,
    "predict_library_recall": 0.6470588235294118,
    "predict_livingthing_f1": 0.515625,
    "predict_livingthing_number": 865,
    "predict_livingthing_precision": 0.4463229078613694,
    "predict_livingthing_recall": 0.6104046242774567,
    "predict_loss": 0.7174908518791199,
    "predict_media/newspaper_f1": 0.5103503184713376,
    "predict_media/newspaper_number": 1234,
    "predict_media/newspaper_precision": 0.5015649452269171,
    "predict_media/newspaper_recall": 0.5194489465153971,
    "predict_medical_f1": 0.27985865724381626,
    "predict_medical_number": 397,
    "predict_medical_precision": 0.1944990176817289,
    "predict_medical_recall": 0.4987405541561713,
    "predict_mountain_f1": 0.4942606347062795,
    "predict_mountain_number": 681,
    "predict_mountain_precision": 0.4575,
    "predict_mountain_recall": 0.5374449339207048,
    "predict_music_f1": 0.5509908168197196,
    "predict_music_number": 1041,
    "predict_music_precision": 0.5544747081712063,
    "predict_music_recall": 0.547550432276657,
    "predict_other_f1": 0.43037703053582543,
    "predict_other_number": 21035,
    "predict_other_precision": 0.3922396933427208,
    "predict_other_recall": 0.47672926075588307,
    "predict_overall_accuracy": 0.8943167284437178,
    "predict_overall_f1": 0.5378693793194983,
    "predict_overall_precision": 0.4973700359428421,
    "predict_overall_recall": 0.5855488585228915,
    "predict_painting_f1": 0.0,
    "predict_painting_number": 58,
    "predict_painting_precision": 0.0,
    "predict_painting_recall": 0.0,
    "predict_park_f1": 0.29973707274320766,
    "predict_park_number": 458,