{
    "predict_GPE_f1": 0.7531085154483799,
    "predict_GPE_number": 20409,
    "predict_GPE_precision": 0.7250056676490592,
    "predict_GPE_recall": 0.7834778774070263,
    "predict_actor_f1": 0.6887376237623762,
    "predict_actor_number": 1638,
    "predict_actor_precision": 0.6982434127979925,
    "predict_actor_recall": 0.6794871794871795,
    "predict_airplane_f1": 0.5170362358031368,
    "predict_airplane_number": 794,
    "predict_airplane_precision": 0.45308056872037916,
    "predict_airplane_recall": 0.6020151133501259,
    "predict_airport_f1": 0.6317073170731707,
    "predict_airport_number": 364,
    "predict_airport_precision": 0.5679824561403509,
    "predict_airport_recall": 0.7115384615384616,
    "predict_artist/author_f1": 0.5972610396869759,
    "predict_artist/author_number": 3464,
    "predict_artist/author_precision": 0.578819068255688,
    "predict_artist/author_recall": 0.6169168591224018,
    "predict_astronomything_f1": 0.653631284916201,
    "predict_astronomything_number": 678,
    "predict_astronomything_precision": 0.6206896551724138,
    "predict_astronomything_recall": 0.6902654867256637,
    "predict_athlete_f1": 0.765109441359033,
    "predict_athlete_number": 2907,
    "predict_athlete_precision": 0.7284603421461897,
    "predict_athlete_recall": 0.8056415548675611,
    "predict_attack/battle/war/militaryconflict_f1": 0.6041841004184101,
    "predict_attack/battle/war/militaryconflict_number": 1099,
    "predict_attack/battle/war/militaryconflict_precision": 0.5592563903950426,
    "predict_attack/battle/war/militaryconflict_recall": 0.6569608735213831,
    "predict_award_f1": 0.42801932367149764,
    "predict_award_number": 941,
    "predict_award_precision": 0.39238263950398583,
    "predict_award_recall": 0.4707757704569607,
    "predict_biologything_f1": 0.5314285714285714,
    "predict_biologything_number": 1875,
    "predict_biologything_precision": 0.5179746835443038,
    "predict_biologything_recall": 0.5456,
    "predict_bodiesofwater_f1": 0.603238866396761,
    "predict_bodiesofwater_number": 1169,
    "predict_bodiesofwater_precision": 0.5726364335126826,
    "predict_bodiesofwater_recall": 0.6372968349016254,
    "predict_broadcastprogram_f1": 0.4459876543209877,
    "predict_broadcastprogram_number": 605,
    "predict_broadcastprogram_precision": 0.4182344428364689,
    "predict_broadcastprogram_recall": 0.47768595041322315,
    "predict_car_f1": 0.5614525139664804,
    "predict_car_number": 688,
    "predict_car_precision": 0.5403225806451613,
    "predict_car_recall": 0.5843023255813954,
    "predict_chemicalthing_f1": 0.4807692307692307,
    "predict_chemicalthing_number": 1014,
    "predict_chemicalthing_precision": 0.4172714078374456,
    "predict_chemicalthing_recall": 0.5670611439842209,
    "predict_company_f1": 0.5571142284569138,
    "predict_company_number": 3903,
    "predict_company_precision": 0.515938864628821,
    "predict_company_recall": 0.6054317191903664,
    "predict_currency_f1": 0.6623453152622274,
    "predict_currency_number": 799,
    "predict_currency_precision": 0.6258351893095768,
    "predict_currency_recall": 0.7033792240300375,
    "predict_director_f1": 0.5581749049429658,
    "predict_director_number": 554,
    "predict_director_precision": 0.48226018396846254,
    "predict_director_recall": 0.6624548736462094,
    "predict_disaster_f1": 0.3473053892215569,
    "predict_disaster_number": 207,
    "predict_disaster_precision": 0.29591836734693877,
    "predict_disaster_recall": 0.42028985507246375,
    "predict_disease_f1": 0.5558139534883721,
    "predict_disease_number": 750,
    "predict_disease_precision": 0.4927835051546392,
    "predict_disease_recall": 0.6373333333333333,
    "predict_education_f1": 0.6284941388638413,
    "predict_education_number": 2082,
    "predict_education_precision": 0.5921835174171622,
    "predict_education_recall": 0.6695485110470701,
    "predict_educationaldegree_f1": 0.42744656917885265,
    "predict_educationaldegree_number": 367,
    "predict_educationaldegree_precision": 0.36398467432950193,
    "predict_educationaldegree_recall": 0.5177111716621253,
    "predict_election_f1": 0.15212527964205816,
    "predict_election_number": 184,
    "predict_election_precision": 0.12927756653992395,
    "predict_election_recall": 0.18478260869565216,
    "predict_film_f1": 0.5988977342314759,
    "predict_film_number": 759,
    "predict_film_precision": 0.5594965675057209,
    "predict_film_recall": 0.6442687747035574,
    "predict_food_f1": 0.4537246049661399,
    "predict_food_number": 432,
    "predict_food_precision": 0.44273127753303965,
    "predict_food_recall": 0.4652777777777778,
    "predict_game_f1": 0.5816733067729084,
    "predict_game_number": 496,
    "predict_game_precision": 0.5748031496062992,
    "predict_game_recall": 0.5887096774193549,
    "predict_god_f1": 0.5125628140703518,
    "predict_god_number": 635,
    "predict_god_precision": 0.5474060822898033,
    "predict_god_recall": 0.4818897637795276,
    "predict_government/governmentagency_f1": 0.30778625954198474,
    "predict_government/governmentagency_number": 1535,
    "predict_government/governmentagency_precision": 0.2896551724137931,
    "predict_government/governmentagency_recall": 0.3283387622149837,
    "predict_hospital_f1": 0.5450121654501217,
    "predict_hospital_number": 364,
    "predict_hospital_precision": 0.4890829694323144,
    "predict_hospital_recall": 0.6153846153846154,
    "predict_hotel_f1": 0.4752851711026616,
    "predict_hotel_number": 265,
    "predict_hotel_precision": 0.4789272030651341,
    "predict_hotel_recall": 0.4716981132075472,
    "predict_island_f1": 0.487012987012987,
    "predict_island_number": 646,
    "predict_island_precision": 0.5119453924914675,
    "predict_island_recall": 0.46439628482972134,
    "predict_language_f1": 0.6254375729288215,
    "predict_language_number": 753,
    "predict_language_precision": 0.5577523413111343,
    "predict_language_recall": 0.7118193891102258,
    "predict_law_f1": 0.4601611459265891,
    "predict_law_number": 488,
    "predict_law_precision": 0.40858505564387915,
    "predict_law_recall": 0.5266393442622951,
    "predict_library_f1": 0.5208053691275168,
    "predict_library_number": 357,
    "predict_library_precision": 0.5,
    "predict_library_recall": 0.5434173669467787,
    "predict_livingthing_f1": 0.5039787798408488,
    "predict_livingthing_number": 865,
    "predict_livingthing_precision": 0.46568627450980393,
    "predict_livingthing_recall": 0.5491329479768786,
    "predict_loss": 0.6111546754837036,
    "predict_media/newspaper_f1": 0.5328898743532889,
    "predict_media/newspaper_number": 1234,
    "predict_media/newspaper_precision": 0.4898097826086957,
    "predict_media/newspaper_recall": 0.5842787682333873,
    "predict_medical_f1": 0.3851851851851852,
    "predict_medical_number": 397,
    "predict_medical_precision": 0.37772397094430993,
    "predict_medical_recall": 0.3929471032745592,
    "predict_mountain_f1": 0.5480696442089328,
    "predict_mountain_number": 681,
    "predict_mountain_precision": 0.565625,
    "predict_mountain_recall": 0.5315712187958884,
    "predict_music_f1": 0.6441136671177266,
    "predict_music_number": 1041,
    "predict_music_precision": 0.6071428571428571,
    "predict_music_recall": 0.6858789625360231,
    "predict_other_f1": 0.46403662196886275,
    "predict_other_number": 21035,
    "predict_other_precision": 0.42510682069947775,
    "predict_other_recall": 0.5108153078202995,
    "predict_overall_accuracy": 0.9028102586819013,
    "predict_overall_f1": 0.5679938588995264,
    "predict_overall_precision": 0.5336139408728466,
    "predict_overall_recall": 0.607108946043017,
    "predict_painting_f1": 0.30000000000000004,
    "predict_painting_number": 58,
    "predict_painting_precision": 0.2903225806451613,
    "predict_painting_recall": 0.3103448275862069,
    "predict_park_f1": 0.36114044350580776,