{
    "predict_GPE_f1": 0.7428937807223766,
    "predict_GPE_number": 20409,
    "predict_GPE_precision": 0.7207630633121371,
    "predict_GPE_recall": 0.7664265765103631,
    "predict_actor_f1": 0.6458141674333028,
    "predict_actor_number": 1638,
    "predict_actor_precision": 0.6487985212569316,
    "predict_actor_recall": 0.6428571428571429,
    "predict_airplane_f1": 0.5162666666666667,
    "predict_airplane_number": 794,
    "predict_airplane_precision": 0.4477335800185014,
    "predict_airplane_recall": 0.6095717884130982,
    "predict_airport_f1": 0.5305738476011289,
    "predict_airport_number": 364,
    "predict_airport_precision": 0.4034334763948498,
    "predict_airport_recall": 0.7747252747252747,
    "predict_artist/author_f1": 0.5328320128910972,
    "predict_artist/author_number": 3464,
    "predict_artist/author_precision": 0.49811699723826264,
    "predict_artist/author_recall": 0.5727482678983834,
    "predict_astronomything_f1": 0.551092318534179,
    "predict_astronomything_number": 678,
    "predict_astronomything_precision": 0.5276653171390013,
    "predict_astronomything_recall": 0.5766961651917404,
    "predict_athlete_f1": 0.755399296835761,
    "predict_athlete_number": 2907,
    "predict_athlete_precision": 0.735812133072407,
    "predict_athlete_recall": 0.7760577915376677,
    "predict_attack/battle/war/militaryconflict_f1": 0.562938505984317,
    "predict_attack/battle/war/militaryconflict_number": 1099,
    "predict_attack/battle/war/militaryconflict_precision": 0.5151057401812689,
    "predict_attack/battle/war/militaryconflict_recall": 0.6205641492265697,
    "predict_award_f1": 0.3802559414990859,
    "predict_award_number": 941,
    "predict_award_precision": 0.33360064153969526,
    "predict_award_recall": 0.44208289054197664,
    "predict_biologything_f1": 0.5033214103219212,
    "predict_biologything_number": 1875,
    "predict_biologything_precision": 0.4830799411476214,
    "predict_biologything_recall": 0.5253333333333333,
    "predict_bodiesofwater_f1": 0.6197295147175814,
    "predict_bodiesofwater_number": 1169,
    "predict_bodiesofwater_precision": 0.579182156133829,
    "predict_bodiesofwater_recall": 0.6663815226689478,
    "predict_broadcastprogram_f1": 0.33172302737520126,
    "predict_broadcastprogram_number": 605,
    "predict_broadcastprogram_precision": 0.32339089481946626,
    "predict_broadcastprogram_recall": 0.34049586776859503,
    "predict_car_f1": 0.5619377162629758,
    "predict_car_number": 688,
    "predict_car_precision": 0.5363276089828269,
    "predict_car_recall": 0.5901162790697675,
    "predict_chemicalthing_f1": 0.48753696662441914,
    "predict_chemicalthing_number": 1014,
    "predict_chemicalthing_precision": 0.42645971914264597,
    "predict_chemicalthing_recall": 0.5690335305719921,
    "predict_company_f1": 0.5578823529411765,
    "predict_company_number": 3903,
    "predict_company_precision": 0.5157711551011529,
    "predict_company_recall": 0.6074814245452216,
    "predict_currency_f1": 0.5687091017251636,
    "predict_currency_number": 799,
    "predict_currency_precision": 0.5419501133786848,
    "predict_currency_recall": 0.5982478097622027,
    "predict_director_f1": 0.4227353463587922,
    "predict_director_number": 554,
    "predict_director_precision": 0.4160839160839161,
    "predict_director_recall": 0.4296028880866426,
    "predict_disaster_f1": 0.34660421545667447,
    "predict_disaster_number": 207,
    "predict_disaster_precision": 0.33636363636363636,
    "predict_disaster_recall": 0.357487922705314,
    "predict_disease_f1": 0.5063879210220674,
    "predict_disease_number": 750,
    "predict_disease_precision": 0.448559670781893,
    "predict_disease_recall": 0.5813333333333334,
    "predict_education_f1": 0.6117216117216118,
    "predict_education_number": 2082,
    "predict_education_precision": 0.584426946631671,
    "predict_education_recall": 0.6416906820365034,
    "predict_educationaldegree_f1": 0.40119165839126114,
    "predict_educationaldegree_number": 367,
    "predict_educationaldegree_precision": 0.315625,
    "predict_educationaldegree_recall": 0.5504087193460491,
    "predict_election_f1": 0.1166077738515901,
    "predict_election_number": 184,
    "predict_election_precision": 0.08638743455497382,
    "predict_election_recall": 0.1793478260869565,
    "predict_film_f1": 0.47990255785627284,
    "predict_film_number": 759,
    "predict_film_precision": 0.44620611551528877,
    "predict_film_recall": 0.5191040843214756,
    "predict_food_f1": 0.3728813559322034,
    "predict_food_number": 432,
    "predict_food_precision": 0.39086294416243655,
    "predict_food_recall": 0.35648148148148145,
    "predict_game_f1": 0.48846153846153845,
    "predict_game_number": 496,
    "predict_game_precision": 0.46691176470588236,
    "predict_game_recall": 0.5120967741935484,
    "predict_god_f1": 0.5594405594405594,
    "predict_god_number": 635,
    "predict_god_precision": 0.5031446540880503,
    "predict_god_recall": 0.6299212598425197,
    "predict_government/governmentagency_f1": 0.3144515059408676,
    "predict_government/governmentagency_number": 1535,
    "predict_government/governmentagency_precision": 0.27303262955854124,
    "predict_government/governmentagency_recall": 0.3706840390879479,
    "predict_hospital_f1": 0.5763125763125764,
    "predict_hospital_number": 364,
    "predict_hospital_precision": 0.5186813186813187,
    "predict_hospital_recall": 0.6483516483516484,
    "predict_hotel_f1": 0.4874446085672082,
    "predict_hotel_number": 265,
    "predict_hotel_precision": 0.40048543689320387,
    "predict_hotel_recall": 0.6226415094339622,
    "predict_island_f1": 0.44506258692628653,
    "predict_island_number": 646,
    "predict_island_precision": 0.40404040404040403,
    "predict_island_recall": 0.4953560371517028,
    "predict_language_f1": 0.5809987819732034,
    "predict_language_number": 753,
    "predict_language_precision": 0.5365579302587177,
    "predict_language_recall": 0.6334661354581673,
    "predict_law_f1": 0.3920318725099602,
    "predict_law_number": 488,
    "predict_law_precision": 0.32073011734028684,
    "predict_law_recall": 0.5040983606557377,
    "predict_library_f1": 0.5005988023952096,
    "predict_library_number": 357,
    "predict_library_precision": 0.4372384937238494,
    "predict_library_recall": 0.5854341736694678,
    "predict_livingthing_f1": 0.4853833425261997,
    "predict_livingthing_number": 865,
    "predict_livingthing_precision": 0.4641350210970464,
    "predict_livingthing_recall": 0.5086705202312138,
    "predict_loss": 0.5158445835113525,
    "predict_media/newspaper_f1": 0.48842592592592593,
    "predict_media/newspaper_number": 1234,
    "predict_media/newspaper_precision": 0.46612665684830634,
    "predict_media/newspaper_recall": 0.5129659643435981,
    "predict_medical_f1": 0.32526881720430106,
    "predict_medical_number": 397,
    "predict_medical_precision": 0.34870317002881845,
    "predict_medical_recall": 0.3047858942065491,
    "predict_mountain_f1": 0.5650887573964498,
    "predict_mountain_number": 681,
    "predict_mountain_precision": 0.5692995529061102,
    "predict_mountain_recall": 0.5609397944199707,
    "predict_music_f1": 0.5829003306565895,
    "predict_music_number": 1041,
    "predict_music_precision": 0.5734200743494424,
    "predict_music_recall": 0.5926993275696446,
    "predict_other_f1": 0.42303830459954284,
    "predict_other_number": 21035,
    "predict_other_precision": 0.3841468146193839,
    "predict_other_recall": 0.47069170430235324,
    "predict_overall_accuracy": 0.8955978693974512,
    "predict_overall_f1": 0.5353981240504023,
    "predict_overall_precision": 0.49980760454232254,
    "predict_overall_recall": 0.5764459398092722,
    "predict_painting_f1": 0.06896551724137931,
    "predict_painting_number": 58,
    "predict_painting_precision": 0.10344827586206896,
    "predict_painting_recall": 0.05172413793103448,