{
    "predict_GPE_f1": 0.7368763204940679,
    "predict_GPE_number": 20409,
    "predict_GPE_precision": 0.7002471096990557,
    "predict_GPE_recall": 0.7775491204860601,
    "predict_actor_f1": 0.6309704898083358,
    "predict_actor_number": 1638,
    "predict_actor_precision": 0.6288659793814433,
    "predict_actor_recall": 0.6330891330891331,
    "predict_airplane_f1": 0.46220036877688997,
    "predict_airplane_number": 794,
    "predict_airplane_precision": 0.45138055222088835,
    "predict_airplane_recall": 0.473551637279597,
    "predict_airport_f1": 0.5317919075144508,
    "predict_airport_number": 364,
    "predict_airport_precision": 0.4590818363273453,
    "predict_airport_recall": 0.6318681318681318,
    "predict_artist/author_f1": 0.5134529147982063,
    "predict_artist/author_number": 3464,
    "predict_artist/author_precision": 0.4989106753812636,
    "predict_artist/author_recall": 0.5288683602771362,
    "predict_astronomything_f1": 0.5586987270155588,
    "predict_astronomything_number": 678,
    "predict_astronomything_precision": 0.5366847826086957,
    "predict_astronomything_recall": 0.5825958702064897,
    "predict_athlete_f1": 0.7036717807274608,
    "predict_athlete_number": 2907,
    "predict_athlete_precision": 0.7052522460262612,
    "predict_athlete_recall": 0.7020983832129343,
    "predict_attack/battle/war/militaryconflict_f1": 0.5957805907172995,
    "predict_attack/battle/war/militaryconflict_number": 1099,
    "predict_attack/battle/war/militaryconflict_precision": 0.5554681353265145,
    "predict_attack/battle/war/militaryconflict_recall": 0.6424021838034577,
    "predict_award_f1": 0.42320819112627983,
    "predict_award_number": 941,
    "predict_award_precision": 0.390990990990991,
    "predict_award_recall": 0.461211477151966,
    "predict_biologything_f1": 0.5085248332097849,
    "predict_biologything_number": 1875,
    "predict_biologything_precision": 0.47375690607734805,
    "predict_biologything_recall": 0.5488,
    "predict_bodiesofwater_f1": 0.5886669384427231,
    "predict_bodiesofwater_number": 1169,
    "predict_bodiesofwater_precision": 0.5623052959501558,
    "predict_bodiesofwater_recall": 0.6176218990590248,
    "predict_broadcastprogram_f1": 0.3537082314588427,
    "predict_broadcastprogram_number": 605,
    "predict_broadcastprogram_precision": 0.34887459807073956,
    "predict_broadcastprogram_recall": 0.3586776859504132,
    "predict_car_f1": 0.4978601997146933,
    "predict_car_number": 688,
    "predict_car_precision": 0.4887955182072829,
    "predict_car_recall": 0.5072674418604651,
    "predict_chemicalthing_f1": 0.4161073825503355,
    "predict_chemicalthing_number": 1014,
    "predict_chemicalthing_precision": 0.4048507462686567,
    "predict_chemicalthing_recall": 0.4280078895463511,
    "predict_company_f1": 0.5018007202881153,
    "predict_company_number": 3903,
    "predict_company_precision": 0.4721030042918455,
    "predict_company_recall": 0.5354855239559313,
    "predict_currency_f1": 0.6124401913875599,
    "predict_currency_number": 799,
    "predict_currency_precision": 0.586483390607102,
    "predict_currency_recall": 0.6408010012515645,
    "predict_director_f1": 0.49348659003831424,
    "predict_director_number": 554,
    "predict_director_precision": 0.42876165113182424,
    "predict_director_recall": 0.5812274368231047,
    "predict_disaster_f1": 0.3587628865979382,
    "predict_disaster_number": 207,
    "predict_disaster_precision": 0.3129496402877698,
    "predict_disaster_recall": 0.42028985507246375,
    "predict_disease_f1": 0.4806470248411323,
    "predict_disease_number": 750,
    "predict_disease_precision": 0.4240570846075433,
    "predict_disease_recall": 0.5546666666666666,
    "predict_education_f1": 0.615933943316224,
    "predict_education_number": 2082,
    "predict_education_precision": 0.5752396832013339,
    "predict_education_recall": 0.6628242074927954,
    "predict_educationaldegree_f1": 0.3964165733482643,
    "predict_educationaldegree_number": 367,
    "predict_educationaldegree_precision": 0.3365019011406844,
    "predict_educationaldegree_recall": 0.4822888283378747,
    "predict_election_f1": 0.1016949152542373,
    "predict_election_number": 184,
    "predict_election_precision": 0.10588235294117647,
    "predict_election_recall": 0.09782608695652174,
    "predict_film_f1": 0.4542168674698795,
    "predict_film_number": 759,
    "predict_film_precision": 0.4184239733629301,
    "predict_film_recall": 0.49670619235836627,
    "predict_food_f1": 0.36103151862464183,
    "predict_food_number": 432,
    "predict_food_precision": 0.3073170731707317,
    "predict_food_recall": 0.4375,
    "predict_game_f1": 0.45437956204379565,
    "predict_game_number": 496,
    "predict_game_precision": 0.415,
    "predict_game_recall": 0.5020161290322581,
    "predict_god_f1": 0.5660377358490567,
    "predict_god_number": 635,
    "predict_god_precision": 0.49469964664310956,
    "predict_god_recall": 0.6614173228346457,
    "predict_government/governmentagency_f1": 0.28211432083589427,
    "predict_government/governmentagency_number": 1535,
    "predict_government/governmentagency_precision": 0.2670157068062827,
    "predict_government/governmentagency_recall": 0.2990228013029316,
    "predict_hospital_f1": 0.5136897001303781,
    "predict_hospital_number": 364,
    "predict_hospital_precision": 0.48883374689826303,
    "predict_hospital_recall": 0.5412087912087912,
    "predict_hotel_f1": 0.48770491803278687,
    "predict_hotel_number": 265,
    "predict_hotel_precision": 0.5336322869955157,
    "predict_hotel_recall": 0.4490566037735849,
    "predict_island_f1": 0.5043069694596711,
    "predict_island_number": 646,
    "predict_island_precision": 0.5103011093502378,
    "predict_island_recall": 0.4984520123839009,
    "predict_language_f1": 0.6092796092796092,
    "predict_language_number": 753,
    "predict_language_precision": 0.5638418079096045,
    "predict_language_recall": 0.6626826029216467,
    "predict_law_f1": 0.4150943396226415,
    "predict_law_number": 488,
    "predict_law_precision": 0.3696,
    "predict_law_recall": 0.4733606557377049,
    "predict_library_f1": 0.46685082872928174,
    "predict_library_number": 357,
    "predict_library_precision": 0.4604904632152589,
    "predict_library_recall": 0.4733893557422969,
    "predict_livingthing_f1": 0.48177339901477834,
    "predict_livingthing_number": 865,
    "predict_livingthing_precision": 0.41974248927038627,
    "predict_livingthing_recall": 0.5653179190751445,
    "predict_loss": 0.6789807677268982,
    "predict_media/newspaper_f1": 0.503030303030303,
    "predict_media/newspaper_number": 1234,
    "predict_media/newspaper_precision": 0.4722617354196302,
    "predict_media/newspaper_recall": 0.5380875202593193,
    "predict_medical_f1": 0.3430962343096234,
    "predict_medical_number": 397,
    "predict_medical_precision": 0.384375,
    "predict_medical_recall": 0.30982367758186397,
    "predict_mountain_f1": 0.4927536231884058,
    "predict_mountain_number": 681,
    "predict_mountain_precision": 0.46484375,
    "predict_mountain_recall": 0.5242290748898678,
    "predict_music_f1": 0.5421120136810603,
    "predict_music_number": 1041,
    "predict_music_precision": 0.4884437596302003,
    "predict_music_recall": 0.6090297790585975,
    "predict_other_f1": 0.412627082823519,
    "predict_other_number": 21035,
    "predict_other_precision": 0.3877738752299716,
    "predict_other_recall": 0.44088424055146186,
    "predict_overall_accuracy": 0.8941071858978953,
    "predict_overall_f1": 0.5298017096005116,
    "predict_overall_precision": 0.49936056708564747,
    "predict_overall_recall": 0.5641951863930975,
    "predict_painting_f1": 0.11320754716981132,
    "predict_painting_number": 58,
    "predict_painting_precision": 0.125,
    "predict_painting_recall": 0.10344827586206896,
    "predict_park_f1": 0.34906695938529086,
    "predict_park_number": 458,