{
    "predict_GPE_f1": 0.7490157715158312,
    "predict_GPE_number": 20409,
    "predict_GPE_precision": 0.7299786066412427,
    "predict_GPE_recall": 0.7690724680288108,
    "predict_actor_f1": 0.6690997566909975,
    "predict_actor_number": 1638,
    "predict_actor_precision": 0.6666666666666666,
    "predict_actor_recall": 0.6715506715506715,
    "predict_airplane_f1": 0.5049073064340239,
    "predict_airplane_number": 794,
    "predict_airplane_precision": 0.44519230769230766,
    "predict_airplane_recall": 0.5831234256926953,
    "predict_airport_f1": 0.6512890094979648,
    "predict_airport_number": 364,
    "predict_airport_precision": 0.6434316353887399,
    "predict_airport_recall": 0.6593406593406593,
    "predict_artist/author_f1": 0.5713937027092995,
    "predict_artist/author_number": 3464,
    "predict_artist/author_precision": 0.49492600422832983,
    "predict_artist/author_recall": 0.6758083140877598,
    "predict_astronomything_f1": 0.6423982869379016,
    "predict_astronomything_number": 678,
    "predict_astronomything_precision": 0.6224066390041494,
    "predict_astronomything_recall": 0.6637168141592921,
    "predict_athlete_f1": 0.7657815232946414,
    "predict_athlete_number": 2907,
    "predict_athlete_precision": 0.7120047309284447,
    "predict_athlete_recall": 0.8283453732370141,
    "predict_attack/battle/war/militaryconflict_f1": 0.5887733887733888,
    "predict_attack/battle/war/militaryconflict_number": 1099,
    "predict_attack/battle/war/militaryconflict_precision": 0.5421133231240429,
    "predict_attack/battle/war/militaryconflict_recall": 0.6442220200181984,
    "predict_award_f1": 0.42758620689655175,
    "predict_award_number": 941,
    "predict_award_precision": 0.3985307621671258,
    "predict_award_recall": 0.461211477151966,
    "predict_biologything_f1": 0.5107954545454545,
    "predict_biologything_number": 1875,
    "predict_biologything_precision": 0.5465045592705167,
    "predict_biologything_recall": 0.47946666666666665,
    "predict_bodiesofwater_f1": 0.6055118110236221,
    "predict_bodiesofwater_number": 1169,
    "predict_bodiesofwater_precision": 0.5609044493070752,
    "predict_bodiesofwater_recall": 0.6578272027373824,
    "predict_broadcastprogram_f1": 0.4291632145816073,
    "predict_broadcastprogram_number": 605,
    "predict_broadcastprogram_precision": 0.43023255813953487,
    "predict_broadcastprogram_recall": 0.428099173553719,
    "predict_car_f1": 0.581151832460733,
    "predict_car_number": 688,
    "predict_car_precision": 0.5285714285714286,
    "predict_car_recall": 0.6453488372093024,
    "predict_chemicalthing_f1": 0.489086859688196,
    "predict_chemicalthing_number": 1014,
    "predict_chemicalthing_precision": 0.44597887896019495,
    "predict_chemicalthing_recall": 0.5414201183431953,
    "predict_company_f1": 0.5439079908949324,
    "predict_company_number": 3903,
    "predict_company_precision": 0.5108010801080108,
    "predict_company_recall": 0.5816038944401742,
    "predict_currency_f1": 0.6737076153418566,
    "predict_currency_number": 799,
    "predict_currency_precision": 0.606,
    "predict_currency_recall": 0.7584480600750939,
    "predict_director_f1": 0.4276729559748428,
    "predict_director_number": 554,
    "predict_director_precision": 0.4257602862254025,
    "predict_director_recall": 0.4296028880866426,
    "predict_disaster_f1": 0.37768240343347637,
    "predict_disaster_number": 207,
    "predict_disaster_precision": 0.33976833976833976,
    "predict_disaster_recall": 0.4251207729468599,
    "predict_disease_f1": 0.4752475247524753,
    "predict_disease_number": 750,
    "predict_disease_precision": 0.3779527559055118,
    "predict_disease_recall": 0.64,
    "predict_education_f1": 0.6293864613991397,
    "predict_education_number": 2082,
    "predict_education_precision": 0.5952890792291221,
    "predict_education_recall": 0.6676272814601345,
    "predict_educationaldegree_f1": 0.3819951338199513,
    "predict_educationaldegree_number": 367,
    "predict_educationaldegree_precision": 0.34505494505494505,
    "predict_educationaldegree_recall": 0.42779291553133514,
    "predict_election_f1": 0.13870246085011187,
    "predict_election_number": 184,
    "predict_election_precision": 0.11787072243346007,
    "predict_election_recall": 0.16847826086956522,
    "predict_film_f1": 0.5213622291021671,
    "predict_film_number": 759,
    "predict_film_precision": 0.49182242990654207,
    "predict_film_recall": 0.5546772068511199,
    "predict_food_f1": 0.3922231614539307,
    "predict_food_number": 432,
    "predict_food_precision": 0.30892143808255657,
    "predict_food_recall": 0.5370370370370371,
    "predict_game_f1": 0.5189393939393939,
    "predict_game_number": 496,
    "predict_game_precision": 0.48928571428571427,
    "predict_game_recall": 0.5524193548387096,
    "predict_god_f1": 0.48028169014084504,
    "predict_god_number": 635,
    "predict_god_precision": 0.43439490445859874,
    "predict_god_recall": 0.537007874015748,
    "predict_government/governmentagency_f1": 0.25808497146480663,
    "predict_government/governmentagency_number": 1535,
    "predict_government/governmentagency_precision": 0.25138974675725756,
    "predict_government/governmentagency_recall": 0.26514657980456025,
    "predict_hospital_f1": 0.6044943820224719,
    "predict_hospital_number": 364,
    "predict_hospital_precision": 0.5114068441064639,
    "predict_hospital_recall": 0.739010989010989,
    "predict_hotel_f1": 0.5748709122203098,
    "predict_hotel_number": 265,
    "predict_hotel_precision": 0.5284810126582279,
    "predict_hotel_recall": 0.630188679245283,
    "predict_island_f1": 0.5104602510460251,
    "predict_island_number": 646,
    "predict_island_precision": 0.5555555555555556,
    "predict_island_recall": 0.47213622291021673,
    "predict_language_f1": 0.6011904761904763,
    "predict_language_number": 753,
    "predict_language_precision": 0.5447680690399137,
    "predict_language_recall": 0.6706507304116865,
    "predict_law_f1": 0.36648250460405163,
    "predict_law_number": 488,
    "predict_law_precision": 0.33277591973244147,
    "predict_law_recall": 0.4077868852459016,
    "predict_library_f1": 0.5826972010178116,
    "predict_library_number": 357,
    "predict_library_precision": 0.5337995337995338,
    "predict_library_recall": 0.6414565826330533,
    "predict_livingthing_f1": 0.5447556287753983,
    "predict_livingthing_number": 865,
    "predict_livingthing_precision": 0.5188284518828452,
    "predict_livingthing_recall": 0.5734104046242775,
    "predict_loss": 0.5075459480285645,
    "predict_media/newspaper_f1": 0.5508078994614004,
    "predict_media/newspaper_number": 1234,
    "predict_media/newspaper_precision": 0.4945196647324307,
    "predict_media/newspaper_recall": 0.6215559157212318,
    "predict_medical_f1": 0.3986998916576382,
    "predict_medical_number": 397,
    "predict_medical_precision": 0.34980988593155893,
    "predict_medical_recall": 0.4634760705289673,
    "predict_mountain_f1": 0.5583173996175907,
    "predict_mountain_number": 681,
    "predict_mountain_precision": 0.49324324324324326,
    "predict_mountain_recall": 0.6431718061674009,
    "predict_music_f1": 0.560251798561151,
    "predict_music_number": 1041,
    "predict_music_precision": 0.5266272189349113,
    "predict_music_recall": 0.5984630163304515,
    "predict_other_f1": 0.426583840360805,
    "predict_other_number": 21035,
    "predict_other_precision": 0.38604597435601246,
    "predict_other_recall": 0.4766341811266936,
    "predict_overall_accuracy": 0.8981471227528462,
    "predict_overall_f1": 0.5502366269898178,
    "predict_overall_precision": 0.5124935439633831,
    "predict_overall_recall": 0.5939809272179334,
    "predict_painting_f1": 0.02666666666666667,
    "predict_painting_number": 58,
    "predict_painting_precision": 0.058823529411764705,
    "predict_painting_recall": 0.017241379310344827,
    "predict_park_f1": 0.3312883435582822,