{
    "predict_GPE_f1": 0.7372047015012219,
    "predict_GPE_number": 20409,
    "predict_GPE_precision": 0.7021191700656144,
    "predict_GPE_recall": 0.7759811847714244,
    "predict_actor_f1": 0.658275645059786,
    "predict_actor_number": 1638,
    "predict_actor_precision": 0.6792207792207792,
    "predict_actor_recall": 0.6385836385836385,
    "predict_airplane_f1": 0.5110081112398609,
    "predict_airplane_number": 794,
    "predict_airplane_precision": 0.47317596566523606,
    "predict_airplane_recall": 0.5554156171284634,
    "predict_airport_f1": 0.6159600997506236,
    "predict_airport_number": 364,
    "predict_airport_precision": 0.5639269406392694,
    "predict_airport_recall": 0.6785714285714286,
    "predict_artist/author_f1": 0.565459971454522,
    "predict_artist/author_number": 3464,
    "predict_artist/author_precision": 0.5135517322649069,
    "predict_artist/author_recall": 0.629041570438799,
    "predict_astronomything_f1": 0.6348973607038123,
    "predict_astronomything_number": 678,
    "predict_astronomything_precision": 0.6311953352769679,
    "predict_astronomything_recall": 0.6386430678466076,
    "predict_athlete_f1": 0.7694338999834958,
    "predict_athlete_number": 2907,
    "predict_athlete_precision": 0.7395304568527918,
    "predict_athlete_recall": 0.8018575851393189,
    "predict_attack/battle/war/militaryconflict_f1": 0.558234572946465,
    "predict_attack/battle/war/militaryconflict_number": 1099,
    "predict_attack/battle/war/militaryconflict_precision": 0.5066765578635015,
    "predict_attack/battle/war/militaryconflict_recall": 0.62147406733394,
    "predict_award_f1": 0.42731072921504876,
    "predict_award_number": 941,
    "predict_award_precision": 0.3795379537953795,
    "predict_award_recall": 0.48884165781083955,
    "predict_biologything_f1": 0.5294257803192757,
    "predict_biologything_number": 1875,
    "predict_biologything_precision": 0.4784668389319552,
    "predict_biologything_recall": 0.5925333333333334,
    "predict_bodiesofwater_f1": 0.5907012195121951,
    "predict_bodiesofwater_number": 1169,
    "predict_bodiesofwater_precision": 0.5326460481099656,
    "predict_bodiesofwater_recall": 0.6629597946963216,
    "predict_broadcastprogram_f1": 0.319744204636291,
    "predict_broadcastprogram_number": 605,
    "predict_broadcastprogram_precision": 0.30959752321981426,
    "predict_broadcastprogram_recall": 0.3305785123966942,
    "predict_car_f1": 0.5576102418207682,
    "predict_car_number": 688,
    "predict_car_precision": 0.5459610027855153,
    "predict_car_recall": 0.5697674418604651,
    "predict_chemicalthing_f1": 0.4666964684845776,
    "predict_chemicalthing_number": 1014,
    "predict_chemicalthing_precision": 0.4268192968111202,
    "predict_chemicalthing_recall": 0.514792899408284,
    "predict_company_f1": 0.5218114822298823,
    "predict_company_number": 3903,
    "predict_company_precision": 0.4866962305986696,
    "predict_company_recall": 0.5623879067384063,
    "predict_currency_f1": 0.6678082191780822,
    "predict_currency_number": 799,
    "predict_currency_precision": 0.6138509968520461,
    "predict_currency_recall": 0.7321652065081352,
    "predict_director_f1": 0.4237918215613383,
    "predict_director_number": 554,
    "predict_director_precision": 0.4367816091954023,
    "predict_director_recall": 0.41155234657039713,
    "predict_disaster_f1": 0.36116504854368936,
    "predict_disaster_number": 207,
    "predict_disaster_precision": 0.30194805194805197,
    "predict_disaster_recall": 0.4492753623188406,
    "predict_disease_f1": 0.5233545647558385,
    "predict_disease_number": 750,
    "predict_disease_precision": 0.4347442680776014,
    "predict_disease_recall": 0.6573333333333333,
    "predict_education_f1": 0.5738073807380738,
    "predict_education_number": 2082,
    "predict_education_precision": 0.5397967823878069,
    "predict_education_recall": 0.6123919308357348,
    "predict_educationaldegree_f1": 0.40628507295173966,
    "predict_educationaldegree_number": 367,
    "predict_educationaldegree_precision": 0.34541984732824427,
    "predict_educationaldegree_recall": 0.49318801089918257,
    "predict_election_f1": 0.23008849557522124,
    "predict_election_number": 184,
    "predict_election_precision": 0.19402985074626866,
    "predict_election_recall": 0.2826086956521739,
    "predict_film_f1": 0.5409292035398231,
    "predict_film_number": 759,
    "predict_film_precision": 0.4661582459485224,
    "predict_film_recall": 0.6442687747035574,
    "predict_food_f1": 0.36760691537761603,
    "predict_food_number": 432,
    "predict_food_precision": 0.3028485757121439,
    "predict_food_recall": 0.4675925925925926,
    "predict_game_f1": 0.47553816046966735,
    "predict_game_number": 496,
    "predict_game_precision": 0.4619771863117871,
    "predict_game_recall": 0.4899193548387097,
    "predict_god_f1": 0.5300240192153723,
    "predict_god_number": 635,
    "predict_god_precision": 0.5390879478827362,
    "predict_god_recall": 0.521259842519685,
    "predict_government/governmentagency_f1": 0.30051223676721683,
    "predict_government/governmentagency_number": 1535,
    "predict_government/governmentagency_precision": 0.26680141485598785,
    "predict_government/governmentagency_recall": 0.3439739413680782,
    "predict_hospital_f1": 0.52353616532721,
    "predict_hospital_number": 364,
    "predict_hospital_precision": 0.44970414201183434,
    "predict_hospital_recall": 0.6263736263736264,
    "predict_hotel_f1": 0.36932707355242567,
    "predict_hotel_number": 265,
    "predict_hotel_precision": 0.3155080213903743,
    "predict_hotel_recall": 0.44528301886792454,
    "predict_island_f1": 0.5116279069767442,
    "predict_island_number": 646,
    "predict_island_precision": 0.4963609898107715,
    "predict_island_recall": 0.5278637770897833,
    "predict_language_f1": 0.5837378640776699,
    "predict_language_number": 753,
    "predict_language_precision": 0.5374301675977654,
    "predict_language_recall": 0.6387782204515272,
    "predict_law_f1": 0.37542662116040953,
    "predict_law_number": 488,
    "predict_law_precision": 0.3216374269005848,
    "predict_law_recall": 0.45081967213114754,
    "predict_library_f1": 0.4717444717444717,
    "predict_library_number": 357,
    "predict_library_precision": 0.4201312910284464,
    "predict_library_recall": 0.5378151260504201,
    "predict_livingthing_f1": 0.40225352112676055,
    "predict_livingthing_number": 865,
    "predict_livingthing_precision": 0.3923076923076923,
    "predict_livingthing_recall": 0.41271676300578036,
    "predict_loss": 0.6265485286712646,
    "predict_media/newspaper_f1": 0.4935972060535506,
    "predict_media/newspaper_number": 1234,
    "predict_media/newspaper_precision": 0.47356664184661207,
    "predict_media/newspaper_recall": 0.5153970826580226,
    "predict_medical_f1": 0.35123367198838895,
    "predict_medical_number": 397,
    "predict_medical_precision": 0.4143835616438356,
    "predict_medical_recall": 0.3047858942065491,
    "predict_mountain_f1": 0.5239114917915774,
    "predict_mountain_number": 681,
    "predict_mountain_precision": 0.5097222222222222,
    "predict_mountain_recall": 0.5389133627019089,
    "predict_music_f1": 0.5520702634880802,
    "predict_music_number": 1041,
    "predict_music_precision": 0.4888888888888889,
    "predict_music_recall": 0.6340057636887608,
    "predict_other_f1": 0.4201717204651668,
    "predict_other_number": 21035,
    "predict_other_precision": 0.38706447737284744,
    "predict_other_recall": 0.45947230805799855,
    "predict_overall_accuracy": 0.8967899819120269,
    "predict_overall_f1": 0.5360327674769425,
    "predict_overall_precision": 0.4986765437362325,
    "predict_overall_recall": 0.5794389629690789,
    "predict_painting_f1": 0.2831858407079646,
    "predict_painting_number": 58,
    "predict_painting_precision": 0.2909090909090909,
    "predict_painting_recall": 0.27586206896551724,