{
    "predict_GPE_f1": 0.7585626180560296,
    "predict_GPE_number": 20409,
    "predict_GPE_precision": 0.7082270950195478,
    "predict_GPE_recall": 0.8166005193787055,
    "predict_actor_f1": 0.585494716618636,
    "predict_actor_number": 1638,
    "predict_actor_precision": 0.4825811559778306,
    "predict_actor_recall": 0.7442002442002442,
    "predict_airplane_f1": 0.47246525990735977,
    "predict_airplane_number": 794,
    "predict_airplane_precision": 0.39947780678851175,
    "predict_airplane_recall": 0.5780856423173804,
    "predict_airport_f1": 0.16835016835016833,
    "predict_airport_number": 364,
    "predict_airport_precision": 0.21739130434782608,
    "predict_airport_recall": 0.13736263736263737,
    "predict_artist/author_f1": 0.48639402892240713,
    "predict_artist/author_number": 3464,
    "predict_artist/author_precision": 0.5271317829457365,
    "predict_artist/author_recall": 0.4515011547344111,
    "predict_astronomything_f1": 0.5463994060876021,
    "predict_astronomything_number": 678,
    "predict_astronomything_precision": 0.5500747384155455,
    "predict_astronomything_recall": 0.5427728613569321,
    "predict_athlete_f1": 0.7788062559846792,
    "predict_athlete_number": 2907,
    "predict_athlete_precision": 0.7264066686513844,
    "predict_athlete_recall": 0.8393532851737187,
    "predict_attack/battle/war/militaryconflict_f1": 0.5120738636363635,
    "predict_attack/battle/war/militaryconflict_number": 1099,
    "predict_attack/battle/war/militaryconflict_precision": 0.4199184624344787,
    "predict_attack/battle/war/militaryconflict_recall": 0.6560509554140127,
    "predict_award_f1": 0.36291038154392186,
    "predict_award_number": 941,
    "predict_award_precision": 0.3115003808073115,
    "predict_award_recall": 0.434643995749203,
    "predict_biologything_f1": 0.43337195828505215,
    "predict_biologything_number": 1875,
    "predict_biologything_precision": 0.33969118982742963,
    "predict_biologything_recall": 0.5984,
    "predict_bodiesofwater_f1": 0.5352798053527981,
    "predict_bodiesofwater_number": 1169,
    "predict_bodiesofwater_precision": 0.45081967213114754,
    "predict_bodiesofwater_recall": 0.6586826347305389,
    "predict_broadcastprogram_f1": 0.09018567639257294,
    "predict_broadcastprogram_number": 605,
    "predict_broadcastprogram_precision": 0.22818791946308725,
    "predict_broadcastprogram_recall": 0.05619834710743802,
    "predict_car_f1": 0.5371104815864022,
    "predict_car_number": 688,
    "predict_car_precision": 0.4401114206128134,
    "predict_car_recall": 0.688953488372093,
    "predict_chemicalthing_f1": 0.009633911368015413,
    "predict_chemicalthing_number": 1014,
    "predict_chemicalthing_precision": 0.20833333333333334,
    "predict_chemicalthing_recall": 0.004930966469428008,
    "predict_company_f1": 0.5608047016274864,
    "predict_company_number": 3903,
    "predict_company_precision": 0.5017189079878666,
    "predict_company_recall": 0.6356648731744812,
    "predict_currency_f1": 0.645014245014245,
    "predict_currency_number": 799,
    "predict_currency_precision": 0.5920502092050209,
    "predict_currency_recall": 0.7083854818523154,
    "predict_director_f1": 0.020942408376963352,
    "predict_director_number": 554,
    "predict_director_precision": 0.3157894736842105,
    "predict_director_recall": 0.010830324909747292,
    "predict_disaster_f1": 0.0,
    "predict_disaster_number": 207,
    "predict_disaster_precision": 0.0,
    "predict_disaster_recall": 0.0,
    "predict_disease_f1": 0.0,
    "predict_disease_number": 750,
    "predict_disease_precision": 0.0,
    "predict_disease_recall": 0.0,
    "predict_education_f1": 0.6320853377954403,
    "predict_education_number": 2082,
    "predict_education_precision": 0.5598369766580215,
    "predict_education_recall": 0.7257444764649376,
    "predict_educationaldegree_f1": 0.40454076367389064,
    "predict_educationaldegree_number": 367,
    "predict_educationaldegree_precision": 0.32558139534883723,
    "predict_educationaldegree_recall": 0.5340599455040872,
    "predict_election_f1": 0.0,
    "predict_election_number": 184,
    "predict_election_precision": 0.0,
    "predict_election_recall": 0.0,
    "predict_film_f1": 0.3554169914263445,
    "predict_film_number": 759,
    "predict_film_precision": 0.2523519645821804,
    "predict_film_recall": 0.6007905138339921,
    "predict_food_f1": 0.029723991507430998,
    "predict_food_number": 432,
    "predict_food_precision": 0.1794871794871795,
    "predict_food_recall": 0.016203703703703703,
    "predict_game_f1": 0.0,
    "predict_game_number": 496,
    "predict_game_precision": 0.0,
    "predict_game_recall": 0.0,
    "predict_god_f1": 0.16833095577746077,
    "predict_god_number": 635,
    "predict_god_precision": 0.8939393939393939,
    "predict_god_recall": 0.09291338582677165,
    "predict_government/governmentagency_f1": 0.27404403244495945,
    "predict_government/governmentagency_number": 1535,
    "predict_government/governmentagency_precision": 0.2467396974439228,
    "predict_government/governmentagency_recall": 0.30814332247557,
    "predict_hospital_f1": 0.035623409669211195,
    "predict_hospital_number": 364,
    "predict_hospital_precision": 0.2413793103448276,
    "predict_hospital_recall": 0.019230769230769232,
    "predict_hotel_f1": 0.19338422391857507,
    "predict_hotel_number": 265,
    "predict_hotel_precision": 0.296875,
    "predict_hotel_recall": 0.14339622641509434,
    "predict_island_f1": 0.4694533762057878,
    "predict_island_number": 646,
    "predict_island_precision": 0.4882943143812709,
    "predict_island_recall": 0.4520123839009288,
    "predict_language_f1": 0.5990037359900373,
    "predict_language_number": 753,
    "predict_language_precision": 0.5638921453692849,
    "predict_language_recall": 0.6387782204515272,
    "predict_law_f1": 0.2836879432624113,
    "predict_law_number": 488,
    "predict_law_precision": 0.280561122244489,
    "predict_law_recall": 0.28688524590163933,
    "predict_library_f1": 0.0,
    "predict_library_number": 357,
    "predict_library_precision": 0.0,
    "predict_library_recall": 0.0,
    "predict_livingthing_f1": 0.4299923488905891,
    "predict_livingthing_number": 865,
    "predict_livingthing_precision": 0.3213264722698685,
    "predict_livingthing_recall": 0.6497109826589595,
    "predict_loss": 0.44923165440559387,
    "predict_media/newspaper_f1": 0.5265109380793473,
    "predict_media/newspaper_number": 1234,
    "predict_media/newspaper_precision": 0.48530416951469585,
    "predict_media/newspaper_recall": 0.5753646677471637,
    "predict_medical_f1": 0.23369565217391305,
    "predict_medical_number": 397,
    "predict_medical_precision": 0.16,
    "predict_medical_recall": 0.4332493702770781,
    "predict_mountain_f1": 0.11658031088082904,
    "predict_mountain_number": 681,
    "predict_mountain_precision": 0.4945054945054945,
    "predict_mountain_recall": 0.06607929515418502,
    "predict_music_f1": 0.5070697220867868,
    "predict_music_number": 1041,
    "predict_music_precision": 0.5148514851485149,
    "predict_music_recall": 0.49951969260326606,
    "predict_other_f1": 0.4347599618022398,
    "predict_other_number": 21035,
    "predict_other_precision": 0.3999840261970369,
    "predict_other_recall": 0.4761587829807464,
    "predict_overall_accuracy": 0.889617763996465,
    "predict_overall_f1": 0.5235196779531445,
    "predict_overall_precision": 0.49277685679412675,
    "predict_overall_recall": 0.558353630846716,
    "predict_painting_f1": 0.0,
    "predict_painting_number": 58,
    "predict_painting_precision": 0.0,
    "predict_painting_recall": 0.0,
    "predict_park_f1": 0.0,
    "predict_park_number": 458,
    "predict_park_precision": 0.0,
    "predict_park_recall": 0.0,
    "predict_politicalparty_f1": 0.5524608927890118,
    "predict_politicalparty_number": 1057,
    "predict_politicalparty_precision": 0.4629156010230179,