{
    "predict_GPE_f1": 0.7696744363411029,
    "predict_GPE_number": 20409,
    "predict_GPE_precision": 0.749315513480904,
    "predict_GPE_recall": 0.7911705620069577,
    "predict_actor_f1": 0.6783216783216783,
    "predict_actor_number": 1638,
    "predict_actor_precision": 0.6488294314381271,
    "predict_actor_recall": 0.7106227106227107,
    "predict_airplane_f1": 0.535262206148282,
    "predict_airplane_number": 794,
    "predict_airplane_precision": 0.5132947976878612,
    "predict_airplane_recall": 0.5591939546599496,
    "predict_airport_f1": 0.6707168894289185,
    "predict_airport_number": 364,
    "predict_airport_precision": 0.6013071895424836,
    "predict_airport_recall": 0.7582417582417582,
    "predict_artist/author_f1": 0.5611796398695591,
    "predict_artist/author_number": 3464,
    "predict_artist/author_precision": 0.551407077180273,
    "predict_artist/author_recall": 0.5713048498845266,
    "predict_astronomything_f1": 0.5930831493745402,
    "predict_astronomything_number": 678,
    "predict_astronomything_precision": 0.591776798825257,
    "predict_astronomything_recall": 0.5943952802359882,
    "predict_athlete_f1": 0.7657259435566133,
    "predict_athlete_number": 2907,
    "predict_athlete_precision": 0.7569747899159663,
    "predict_athlete_recall": 0.7746818025455796,
    "predict_attack/battle/war/militaryconflict_f1": 0.5987488829311886,
    "predict_attack/battle/war/militaryconflict_number": 1099,
    "predict_attack/battle/war/militaryconflict_precision": 0.5882352941176471,
    "predict_attack/battle/war/militaryconflict_recall": 0.6096451319381255,
    "predict_award_f1": 0.4530870199319397,
    "predict_award_number": 941,
    "predict_award_precision": 0.4175627240143369,
    "predict_award_recall": 0.4952178533475027,
    "predict_biologything_f1": 0.48343493241452423,
    "predict_biologything_number": 1875,
    "predict_biologything_precision": 0.48050579557428874,
    "predict_biologything_recall": 0.4864,
    "predict_bodiesofwater_f1": 0.5953002610966056,
    "predict_bodiesofwater_number": 1169,
    "predict_bodiesofwater_precision": 0.6058458813108946,
    "predict_bodiesofwater_recall": 0.5851154833190761,
    "predict_broadcastprogram_f1": 0.4485235434956105,
    "predict_broadcastprogram_number": 605,
    "predict_broadcastprogram_precision": 0.43364197530864196,
    "predict_broadcastprogram_recall": 0.4644628099173554,
    "predict_car_f1": 0.5738161559888578,
    "predict_car_number": 688,
    "predict_car_precision": 0.5508021390374331,
    "predict_car_recall": 0.5988372093023255,
    "predict_chemicalthing_f1": 0.4549718574108818,
    "predict_chemicalthing_number": 1014,
    "predict_chemicalthing_precision": 0.4338103756708408,
    "predict_chemicalthing_recall": 0.47830374753451677,
    "predict_company_f1": 0.5584887381932672,
    "predict_company_number": 3903,
    "predict_company_precision": 0.5295063145809414,
    "predict_company_recall": 0.5908275685370228,
    "predict_currency_f1": 0.6137975499677628,
    "predict_currency_number": 799,
    "predict_currency_precision": 0.6329787234042553,
    "predict_currency_recall": 0.5957446808510638,
    "predict_director_f1": 0.49714751426242876,
    "predict_director_number": 554,
    "predict_director_precision": 0.45319465081723626,
    "predict_director_recall": 0.5505415162454874,
    "predict_disaster_f1": 0.42398286937901497,
    "predict_disaster_number": 207,
    "predict_disaster_precision": 0.38076923076923075,
    "predict_disaster_recall": 0.4782608695652174,
    "predict_disease_f1": 0.4997223764575236,
    "predict_disease_number": 750,
    "predict_disease_precision": 0.42816365366317793,
    "predict_disease_recall": 0.6,
    "predict_education_f1": 0.6709763709317877,
    "predict_education_number": 2082,
    "predict_education_precision": 0.6260399334442596,
    "predict_education_recall": 0.722862632084534,
    "predict_educationaldegree_f1": 0.4121621621621622,
    "predict_educationaldegree_number": 367,
    "predict_educationaldegree_precision": 0.3512476007677543,
    "predict_educationaldegree_recall": 0.4986376021798365,
    "predict_election_f1": 0.09659090909090909,
    "predict_election_number": 184,
    "predict_election_precision": 0.10119047619047619,
    "predict_election_recall": 0.09239130434782608,
    "predict_film_f1": 0.5848925848925849,
    "predict_film_number": 759,
    "predict_film_precision": 0.6169590643274854,
    "predict_film_recall": 0.5559947299077734,
    "predict_food_f1": 0.4188790560471976,
    "predict_food_number": 432,
    "predict_food_precision": 0.3641025641025641,
    "predict_food_recall": 0.4930555555555556,
    "predict_game_f1": 0.535752401280683,
    "predict_game_number": 496,
    "predict_game_precision": 0.5691609977324263,
    "predict_game_recall": 0.5060483870967742,
    "predict_god_f1": 0.5152129817444219,
    "predict_god_number": 635,
    "predict_god_precision": 0.4514218009478673,
    "predict_god_recall": 0.6,
    "predict_government/governmentagency_f1": 0.3293219841502788,
    "predict_government/governmentagency_number": 1535,
    "predict_government/governmentagency_precision": 0.29967948717948717,
    "predict_government/governmentagency_recall": 0.36547231270358305,
    "predict_hospital_f1": 0.6102117061021171,
    "predict_hospital_number": 364,
    "predict_hospital_precision": 0.5580865603644647,
    "predict_hospital_recall": 0.6730769230769231,
    "predict_hotel_f1": 0.5328330206378987,
    "predict_hotel_number": 265,
    "predict_hotel_precision": 0.5298507462686567,
    "predict_hotel_recall": 0.5358490566037736,
    "predict_island_f1": 0.5442404006677796,
    "predict_island_number": 646,
    "predict_island_precision": 0.5905797101449275,
    "predict_island_recall": 0.5046439628482973,
    "predict_language_f1": 0.578368999421631,
    "predict_language_number": 753,
    "predict_language_precision": 0.5122950819672131,
    "predict_language_recall": 0.6640106241699867,
    "predict_law_f1": 0.38790035587188604,
    "predict_law_number": 488,
    "predict_law_precision": 0.34276729559748426,
    "predict_law_recall": 0.44672131147540983,
    "predict_library_f1": 0.5732647814910026,
    "predict_library_number": 357,
    "predict_library_precision": 0.5296912114014252,
    "predict_library_recall": 0.6246498599439776,
    "predict_livingthing_f1": 0.4976177871889888,
    "predict_livingthing_number": 865,
    "predict_livingthing_precision": 0.458984375,
    "predict_livingthing_recall": 0.5433526011560693,
    "predict_loss": 0.5068658590316772,
    "predict_media/newspaper_f1": 0.5043087298613713,
    "predict_media/newspaper_number": 1234,
    "predict_media/newspaper_precision": 0.4689895470383275,
    "predict_media/newspaper_recall": 0.5453808752025932,
    "predict_medical_f1": 0.4245175936435868,
    "predict_medical_number": 397,
    "predict_medical_precision": 0.38636363636363635,
    "predict_medical_recall": 0.47103274559193953,
    "predict_mountain_f1": 0.5817091454272865,
    "predict_mountain_number": 681,
    "predict_mountain_precision": 0.5941807044410413,
    "predict_mountain_recall": 0.5697503671071953,
    "predict_music_f1": 0.6409660938225731,
    "predict_music_number": 1041,
    "predict_music_precision": 0.6205035971223022,
    "predict_music_recall": 0.6628242074927954,
    "predict_other_f1": 0.45858395852927664,
    "predict_other_number": 21035,
    "predict_other_precision": 0.4246880570409982,
    "predict_other_recall": 0.49835987639648205,
    "predict_overall_accuracy": 0.9022304881147034,
    "predict_overall_f1": 0.5685579370099589,
    "predict_overall_precision": 0.5415946564528936,
    "predict_overall_recall": 0.5983466127234447,
    "predict_painting_f1": 0.20930232558139536,
    "predict_painting_number": 58,
    "predict_painting_precision": 0.32142857142857145,
    "predict_painting_recall": 0.15517241379310345,
    "predict_park_f1": 0.447265625,
    "predict_park_number": 458,