{
    "predict_GPE_f1": 0.7634838864262609,
    "predict_GPE_number": 20409,
    "predict_GPE_precision": 0.747069305073619,
    "predict_GPE_recall": 0.7806359939242491,
    "predict_actor_f1": 0.6389811738648948,
    "predict_actor_number": 1638,
    "predict_actor_precision": 0.5845997973657548,
    "predict_actor_recall": 0.7045177045177046,
    "predict_airplane_f1": 0.49133663366336633,
    "predict_airplane_number": 794,
    "predict_airplane_precision": 0.4829683698296837,
    "predict_airplane_recall": 0.5,
    "predict_airport_f1": 0.641826923076923,
    "predict_airport_number": 364,
    "predict_airport_precision": 0.5705128205128205,
    "predict_airport_recall": 0.7335164835164835,
    "predict_artist/author_f1": 0.5644569816643159,
    "predict_artist/author_number": 3464,
    "predict_artist/author_precision": 0.5518477661334804,
    "predict_artist/author_recall": 0.5776558891454965,
    "predict_astronomything_f1": 0.5944444444444444,
    "predict_astronomything_number": 678,
    "predict_astronomything_precision": 0.5616797900262467,
    "predict_astronomything_recall": 0.6312684365781711,
    "predict_athlete_f1": 0.7395333972515181,
    "predict_athlete_number": 2907,
    "predict_athlete_precision": 0.690540137272456,
    "predict_athlete_recall": 0.7960096319229446,
    "predict_attack/battle/war/militaryconflict_f1": 0.6295971978984238,
    "predict_attack/battle/war/militaryconflict_number": 1099,
    "predict_attack/battle/war/militaryconflict_precision": 0.6067510548523207,
    "predict_attack/battle/war/militaryconflict_recall": 0.654231119199272,
    "predict_award_f1": 0.47341176470588237,
    "predict_award_number": 941,
    "predict_award_precision": 0.4248310810810811,
    "predict_award_recall": 0.5345377258235919,
    "predict_biologything_f1": 0.5288118306986231,
    "predict_biologything_number": 1875,
    "predict_biologything_precision": 0.5065950170981924,
    "predict_biologything_recall": 0.5530666666666667,
    "predict_bodiesofwater_f1": 0.6003460207612457,
    "predict_bodiesofwater_number": 1169,
    "predict_bodiesofwater_precision": 0.6071741032370953,
    "predict_bodiesofwater_recall": 0.5936698032506416,
    "predict_broadcastprogram_f1": 0.4585987261146497,
    "predict_broadcastprogram_number": 605,
    "predict_broadcastprogram_precision": 0.4423963133640553,
    "predict_broadcastprogram_recall": 0.47603305785123967,
    "predict_car_f1": 0.5431164901664146,
    "predict_car_number": 688,
    "predict_car_precision": 0.5662460567823344,
    "predict_car_recall": 0.5218023255813954,
    "predict_chemicalthing_f1": 0.45139557266602504,
    "predict_chemicalthing_number": 1014,
    "predict_chemicalthing_precision": 0.4407894736842105,
    "predict_chemicalthing_recall": 0.4625246548323471,
    "predict_company_f1": 0.5395569620253166,
    "predict_company_number": 3903,
    "predict_company_precision": 0.5558272208638957,
    "predict_company_recall": 0.5242121445042275,
    "predict_currency_f1": 0.6526195899772209,
    "predict_currency_number": 799,
    "predict_currency_precision": 0.5987460815047022,
    "predict_currency_recall": 0.7171464330413017,
    "predict_director_f1": 0.5060630557801132,
    "predict_director_number": 554,
    "predict_director_precision": 0.4582723279648609,
    "predict_director_recall": 0.5649819494584838,
    "predict_disaster_f1": 0.367965367965368,
    "predict_disaster_number": 207,
    "predict_disaster_precision": 0.3333333333333333,
    "predict_disaster_recall": 0.4106280193236715,
    "predict_disease_f1": 0.525756771109931,
    "predict_disease_number": 750,
    "predict_disease_precision": 0.4368932038834951,
    "predict_disease_recall": 0.66,
    "predict_education_f1": 0.6404741000877964,
    "predict_education_number": 2082,
    "predict_education_precision": 0.589733225545675,
    "predict_education_recall": 0.7007684918347743,
    "predict_educationaldegree_f1": 0.4708680142687277,
    "predict_educationaldegree_number": 367,
    "predict_educationaldegree_precision": 0.4177215189873418,
    "predict_educationaldegree_recall": 0.5395095367847411,
    "predict_election_f1": 0.23195876288659797,
    "predict_election_number": 184,
    "predict_election_precision": 0.22058823529411764,
    "predict_election_recall": 0.24456521739130435,
    "predict_film_f1": 0.5826972010178116,
    "predict_film_number": 759,
    "predict_film_precision": 0.5633456334563346,
    "predict_film_recall": 0.6034255599472991,
    "predict_food_f1": 0.4096133751306166,
    "predict_food_number": 432,
    "predict_food_precision": 0.37333333333333335,
    "predict_food_recall": 0.4537037037037037,
    "predict_game_f1": 0.5371980676328502,
    "predict_game_number": 496,
    "predict_game_precision": 0.5157699443413729,
    "predict_game_recall": 0.5604838709677419,
    "predict_god_f1": 0.5312500000000001,
    "predict_god_number": 635,
    "predict_god_precision": 0.5035260930888575,
    "predict_god_recall": 0.5622047244094488,
    "predict_government/governmentagency_f1": 0.30098779779198137,
    "predict_government/governmentagency_number": 1535,
    "predict_government/governmentagency_precision": 0.2716308337703199,
    "predict_government/governmentagency_recall": 0.33745928338762216,
    "predict_hospital_f1": 0.5813333333333334,
    "predict_hospital_number": 364,
    "predict_hospital_precision": 0.5647668393782384,
    "predict_hospital_recall": 0.5989010989010989,
    "predict_hotel_f1": 0.5571955719557197,
    "predict_hotel_number": 265,
    "predict_hotel_precision": 0.5451263537906137,
    "predict_hotel_recall": 0.569811320754717,
    "predict_island_f1": 0.5499600319744206,
    "predict_island_number": 646,
    "predict_island_precision": 0.5685950413223141,
    "predict_island_recall": 0.5325077399380805,
    "predict_language_f1": 0.5730129390018485,
    "predict_language_number": 753,
    "predict_language_precision": 0.5344827586206896,
    "predict_language_recall": 0.6175298804780877,
    "predict_law_f1": 0.45185185185185184,
    "predict_law_number": 488,
    "predict_law_precision": 0.41216216216216217,
    "predict_law_recall": 0.5,
    "predict_library_f1": 0.545662100456621,
    "predict_library_number": 357,
    "predict_library_precision": 0.4605009633911368,
    "predict_library_recall": 0.6694677871148459,
    "predict_livingthing_f1": 0.5010548523206751,
    "predict_livingthing_number": 865,
    "predict_livingthing_precision": 0.46071774975751695,
    "predict_livingthing_recall": 0.5491329479768786,
    "predict_loss": 0.6697390079498291,
    "predict_media/newspaper_f1": 0.5328923190003675,
    "predict_media/newspaper_number": 1234,
    "predict_media/newspaper_precision": 0.48755884330867516,
    "predict_media/newspaper_recall": 0.5875202593192869,
    "predict_medical_f1": 0.35051546391752575,
    "predict_medical_number": 397,
    "predict_medical_precision": 0.35883905013192613,
    "predict_medical_recall": 0.3425692695214106,
    "predict_mountain_f1": 0.5203357004519046,
    "predict_mountain_number": 681,
    "predict_mountain_precision": 0.4642857142857143,
    "predict_mountain_recall": 0.591776798825257,
    "predict_music_f1": 0.622503653190453,
    "predict_music_number": 1041,
    "predict_music_precision": 0.6314229249011858,
    "predict_music_recall": 0.6138328530259366,
    "predict_other_f1": 0.44494745351657233,
    "predict_other_number": 21035,
    "predict_other_precision": 0.4327044025157233,
    "predict_other_recall": 0.4579034941763727,
    "predict_overall_accuracy": 0.8996182634242943,
    "predict_overall_f1": 0.5640830787906302,
    "predict_overall_precision": 0.5404362749269566,
    "predict_overall_recall": 0.5898939024893696,
    "predict_painting_f1": 0.052173913043478265,
    "predict_painting_number": 58,
    "predict_painting_precision": 0.05263157894736842,
    "predict_painting_recall": 0.05172413793103448,
    "predict_park_f1": 0.4182648401826484,
    "predict_park_number": 458,