{
    "predict_GPE_f1": 0.736775906645238,
    "predict_GPE_number": 20409,
    "predict_GPE_precision": 0.702184336707512,
    "predict_GPE_recall": 0.7749522269586947,
    "predict_actor_f1": 0.6428782070185786,
    "predict_actor_number": 1638,
    "predict_actor_precision": 0.6217912150598973,
    "predict_actor_recall": 0.6654456654456654,
    "predict_airplane_f1": 0.5020196191575304,
    "predict_airplane_number": 794,
    "predict_airplane_precision": 0.46325878594249204,
    "predict_airplane_recall": 0.5478589420654912,
    "predict_airport_f1": 0.6066897347174164,
    "predict_airport_number": 364,
    "predict_airport_precision": 0.5228628230616302,
    "predict_airport_recall": 0.7225274725274725,
    "predict_artist/author_f1": 0.5177564825253664,
    "predict_artist/author_number": 3464,
    "predict_artist/author_precision": 0.5057819383259912,
    "predict_artist/author_recall": 0.5303117782909931,
    "predict_astronomything_f1": 0.583732057416268,
    "predict_astronomything_number": 678,
    "predict_astronomything_precision": 0.5439490445859873,
    "predict_astronomything_recall": 0.6297935103244838,
    "predict_athlete_f1": 0.7775198938992043,
    "predict_athlete_number": 2907,
    "predict_athlete_precision": 0.7504,
    "predict_athlete_recall": 0.8066735466116272,
    "predict_attack/battle/war/militaryconflict_f1": 0.5424969499796665,
    "predict_attack/battle/war/militaryconflict_number": 1099,
    "predict_attack/battle/war/militaryconflict_precision": 0.4904411764705882,
    "predict_attack/battle/war/militaryconflict_recall": 0.6069153776160146,
    "predict_award_f1": 0.4,
    "predict_award_number": 941,
    "predict_award_precision": 0.35007974481658694,
    "predict_award_recall": 0.4665249734325186,
    "predict_biologything_f1": 0.5140411874832843,
    "predict_biologything_number": 1875,
    "predict_biologything_precision": 0.5155579399141631,
    "predict_biologything_recall": 0.5125333333333333,
    "predict_bodiesofwater_f1": 0.5868312757201646,
    "predict_bodiesofwater_number": 1169,
    "predict_bodiesofwater_precision": 0.5654242664551943,
    "predict_bodiesofwater_recall": 0.6099230111206159,
    "predict_broadcastprogram_f1": 0.36113360323886645,
    "predict_broadcastprogram_number": 605,
    "predict_broadcastprogram_precision": 0.353968253968254,
    "predict_broadcastprogram_recall": 0.3685950413223141,
    "predict_car_f1": 0.5615826419910658,
    "predict_car_number": 688,
    "predict_car_precision": 0.5005688282138794,
    "predict_car_recall": 0.6395348837209303,
    "predict_chemicalthing_f1": 0.35146443514644354,
    "predict_chemicalthing_number": 1014,
    "predict_chemicalthing_precision": 0.3741648106904232,
    "predict_chemicalthing_recall": 0.33136094674556216,
    "predict_company_f1": 0.5542590431738622,
    "predict_company_number": 3903,
    "predict_company_precision": 0.508892221984144,
    "predict_company_recall": 0.6085062772226493,
    "predict_currency_f1": 0.6763070077864294,
    "predict_currency_number": 799,
    "predict_currency_precision": 0.6086086086086087,
    "predict_currency_recall": 0.7609511889862328,
    "predict_director_f1": 0.454324979789814,
    "predict_director_number": 554,
    "predict_director_precision": 0.41142020497803805,
    "predict_director_recall": 0.5072202166064982,
    "predict_disaster_f1": 0.27586206896551724,
    "predict_disaster_number": 207,
    "predict_disaster_precision": 0.2631578947368421,
    "predict_disaster_recall": 0.2898550724637681,
    "predict_disease_f1": 0.48023598820058994,
    "predict_disease_number": 750,
    "predict_disease_precision": 0.4306878306878307,
    "predict_disease_recall": 0.5426666666666666,
    "predict_education_f1": 0.6201029773897471,
    "predict_education_number": 2082,
    "predict_education_precision": 0.5807127882599581,
    "predict_education_recall": 0.665225744476465,
    "predict_educationaldegree_f1": 0.3882476390346275,
    "predict_educationaldegree_number": 367,
    "predict_educationaldegree_precision": 0.31569965870307165,
    "predict_educationaldegree_recall": 0.5040871934604905,
    "predict_election_f1": 0.1810344827586207,
    "predict_election_number": 184,
    "predict_election_precision": 0.15,
    "predict_election_recall": 0.22826086956521738,
    "predict_film_f1": 0.4130557118739448,
    "predict_film_number": 759,
    "predict_film_precision": 0.3605108055009823,
    "predict_film_recall": 0.48353096179183136,
    "predict_food_f1": 0.38488576449912126,
    "predict_food_number": 432,
    "predict_food_precision": 0.3101983002832861,
    "predict_food_recall": 0.5069444444444444,
    "predict_game_f1": 0.2385321100917431,
    "predict_game_number": 496,
    "predict_game_precision": 0.3408239700374532,
    "predict_game_recall": 0.18346774193548387,
    "predict_god_f1": 0.4961439588688945,
    "predict_god_number": 635,
    "predict_god_precision": 0.4191096634093377,
    "predict_god_recall": 0.6078740157480315,
    "predict_government/governmentagency_f1": 0.3034238488783943,
    "predict_government/governmentagency_number": 1535,
    "predict_government/governmentagency_precision": 0.27738801942795466,
    "predict_government/governmentagency_recall": 0.33485342019543973,
    "predict_hospital_f1": 0.5178791615289765,
    "predict_hospital_number": 364,
    "predict_hospital_precision": 0.4697986577181208,
    "predict_hospital_recall": 0.5769230769230769,
    "predict_hotel_f1": 0.480565371024735,
    "predict_hotel_number": 265,
    "predict_hotel_precision": 0.45182724252491696,
    "predict_hotel_recall": 0.5132075471698113,
    "predict_island_f1": 0.4693498452012384,
    "predict_island_number": 646,
    "predict_island_precision": 0.391124871001032,
    "predict_island_recall": 0.586687306501548,
    "predict_language_f1": 0.6184834123222749,
    "predict_language_number": 753,
    "predict_language_precision": 0.558288770053476,
    "predict_language_recall": 0.6932270916334662,
    "predict_law_f1": 0.3727810650887574,
    "predict_law_number": 488,
    "predict_law_precision": 0.2916666666666667,
    "predict_law_recall": 0.5163934426229508,
    "predict_library_f1": 0.5463414634146342,
    "predict_library_number": 357,
    "predict_library_precision": 0.4838012958963283,
    "predict_library_recall": 0.6274509803921569,
    "predict_livingthing_f1": 0.5056526207605344,
    "predict_livingthing_number": 865,
    "predict_livingthing_precision": 0.4551341350601295,
    "predict_livingthing_recall": 0.5687861271676301,
    "predict_loss": 0.5952565670013428,
    "predict_media/newspaper_f1": 0.5068825910931175,
    "predict_media/newspaper_number": 1234,
    "predict_media/newspaper_precision": 0.5064724919093851,
    "predict_media/newspaper_recall": 0.5072933549432739,
    "predict_medical_f1": 0.32173913043478264,
    "predict_medical_number": 397,
    "predict_medical_precision": 0.22583926754832145,
    "predict_medical_recall": 0.5591939546599496,
    "predict_mountain_f1": 0.5112474437627812,
    "predict_mountain_number": 681,
    "predict_mountain_precision": 0.4770992366412214,
    "predict_mountain_recall": 0.5506607929515418,
    "predict_music_f1": 0.5955165692007799,
    "predict_music_number": 1041,
    "predict_music_precision": 0.6043521266073195,
    "predict_music_recall": 0.5869356388088377,
    "predict_other_f1": 0.43791003312319693,
    "predict_other_number": 21035,
    "predict_other_precision": 0.39774844720496894,
    "predict_other_recall": 0.4870929403375327,
    "predict_overall_accuracy": 0.8946967278791471,
    "predict_overall_f1": 0.53960203257824,
    "predict_overall_precision": 0.4997624870247541,
    "predict_overall_recall": 0.5863435577756677,
    "predict_painting_f1": 0.0,
    "predict_painting_number": 58,
    "predict_painting_precision": 0.0,
    "predict_painting_recall": 0.0,
    "predict_park_f1": 0.21608448415922013,
    "predict_park_number": 458,
    "predict_park_precision": 0.17205692108667528,