{
    "predict_GPE_f1": 0.7475157653353717,
    "predict_GPE_number": 20409,
    "predict_GPE_precision": 0.7292938708925658,
    "predict_GPE_recall": 0.766671566465775,
    "predict_actor_f1": 0.64779299847793,
    "predict_actor_number": 1638,
    "predict_actor_precision": 0.6460230722525805,
    "predict_actor_recall": 0.6495726495726496,
    "predict_airplane_f1": 0.47917737789203085,
    "predict_airplane_number": 794,
    "predict_airplane_precision": 0.40486533449174633,
    "predict_airplane_recall": 0.5869017632241813,
    "predict_airport_f1": 0.6675639300134589,
    "predict_airport_number": 364,
    "predict_airport_precision": 0.6543535620052771,
    "predict_airport_recall": 0.6813186813186813,
    "predict_artist/author_f1": 0.5698529411764706,
    "predict_artist/author_number": 3464,
    "predict_artist/author_precision": 0.4951022146507666,
    "predict_artist/author_recall": 0.671189376443418,
    "predict_astronomything_f1": 0.6395511921458626,
    "predict_astronomything_number": 678,
    "predict_astronomything_precision": 0.6096256684491979,
    "predict_astronomything_recall": 0.672566371681416,
    "predict_athlete_f1": 0.761783032433296,
    "predict_athlete_number": 2907,
    "predict_athlete_precision": 0.711217183770883,
    "predict_athlete_recall": 0.8200894392844857,
    "predict_attack/battle/war/militaryconflict_f1": 0.5697163403915302,
    "predict_attack/battle/war/militaryconflict_number": 1099,
    "predict_attack/battle/war/militaryconflict_precision": 0.5078347578347578,
    "predict_attack/battle/war/militaryconflict_recall": 0.6487716105550501,
    "predict_award_f1": 0.431736218444101,
    "predict_award_number": 941,
    "predict_award_precision": 0.419,
    "predict_award_recall": 0.4452709883103082,
    "predict_biologything_f1": 0.523486288351887,
    "predict_biologything_number": 1875,
    "predict_biologything_precision": 0.5331858407079646,
    "predict_biologything_recall": 0.5141333333333333,
    "predict_bodiesofwater_f1": 0.5984508764777823,
    "predict_bodiesofwater_number": 1169,
    "predict_bodiesofwater_precision": 0.5716510903426791,
    "predict_bodiesofwater_recall": 0.6278870829769033,
    "predict_broadcastprogram_f1": 0.44408688656476264,
    "predict_broadcastprogram_number": 605,
    "predict_broadcastprogram_precision": 0.43260188087774293,
    "predict_broadcastprogram_recall": 0.456198347107438,
    "predict_car_f1": 0.5800687285223368,
    "predict_car_number": 688,
    "predict_car_precision": 0.5501955671447197,
    "predict_car_recall": 0.6133720930232558,
    "predict_chemicalthing_f1": 0.48317757009345796,
    "predict_chemicalthing_number": 1014,
    "predict_chemicalthing_precision": 0.4591474245115453,
    "predict_chemicalthing_recall": 0.5098619329388561,
    "predict_company_f1": 0.5453879047037263,
    "predict_company_number": 3903,
    "predict_company_precision": 0.5212517515179822,
    "predict_company_recall": 0.5718677940046119,
    "predict_currency_f1": 0.671945701357466,
    "predict_currency_number": 799,
    "predict_currency_precision": 0.6130030959752322,
    "predict_currency_recall": 0.7434292866082604,
    "predict_director_f1": 0.45590994371482174,
    "predict_director_number": 554,
    "predict_director_precision": 0.474609375,
    "predict_director_recall": 0.43862815884476536,
    "predict_disaster_f1": 0.32547169811320753,
    "predict_disaster_number": 207,
    "predict_disaster_precision": 0.31797235023041476,
    "predict_disaster_recall": 0.3333333333333333,
    "predict_disease_f1": 0.48857287963433216,
    "predict_disease_number": 750,
    "predict_disease_precision": 0.3945857260049221,
    "predict_disease_recall": 0.6413333333333333,
    "predict_education_f1": 0.6224719101123595,
    "predict_education_number": 2082,
    "predict_education_precision": 0.5848817567567568,
    "predict_education_recall": 0.665225744476465,
    "predict_educationaldegree_f1": 0.35883905013192613,
    "predict_educationaldegree_number": 367,
    "predict_educationaldegree_precision": 0.34782608695652173,
    "predict_educationaldegree_recall": 0.37057220708446864,
    "predict_election_f1": 0.1613588110403397,
    "predict_election_number": 184,
    "predict_election_precision": 0.13240418118466898,
    "predict_election_recall": 0.20652173913043478,
    "predict_film_f1": 0.5477855477855479,
    "predict_film_number": 759,
    "predict_film_precision": 0.49111807732497387,
    "predict_film_recall": 0.619235836627141,
    "predict_food_f1": 0.3948936170212766,
    "predict_food_number": 432,
    "predict_food_precision": 0.3122476446837147,
    "predict_food_recall": 0.5370370370370371,
    "predict_game_f1": 0.543859649122807,
    "predict_game_number": 496,
    "predict_game_precision": 0.5264150943396226,
    "predict_game_recall": 0.5625,
    "predict_god_f1": 0.4843537414965986,
    "predict_god_number": 635,
    "predict_god_precision": 0.42634730538922155,
    "predict_god_recall": 0.5606299212598426,
    "predict_government/governmentagency_f1": 0.28071272272585185,
    "predict_government/governmentagency_number": 1535,
    "predict_government/governmentagency_precision": 0.2698317307692308,
    "predict_government/governmentagency_recall": 0.29250814332247554,
    "predict_hospital_f1": 0.6043329532497149,
    "predict_hospital_number": 364,
    "predict_hospital_precision": 0.5165692007797271,
    "predict_hospital_recall": 0.728021978021978,
    "predict_hotel_f1": 0.564102564102564,
    "predict_hotel_number": 265,
    "predict_hotel_precision": 0.515625,
    "predict_hotel_recall": 0.6226415094339622,
    "predict_island_f1": 0.5249788314987298,
    "predict_island_number": 646,
    "predict_island_precision": 0.5794392523364486,
    "predict_island_recall": 0.47987616099071206,
    "predict_language_f1": 0.5690430314707773,
    "predict_language_number": 753,
    "predict_language_precision": 0.5509950248756219,
    "predict_language_recall": 0.5883134130146083,
    "predict_law_f1": 0.3815668202764977,
    "predict_law_number": 488,
    "predict_law_precision": 0.34673366834170855,
    "predict_law_recall": 0.42418032786885246,
    "predict_library_f1": 0.5879332477535302,
    "predict_library_number": 357,
    "predict_library_precision": 0.542654028436019,
    "predict_library_recall": 0.6414565826330533,
    "predict_livingthing_f1": 0.5493656922228352,
    "predict_livingthing_number": 865,
    "predict_livingthing_precision": 0.5253164556962026,
    "predict_livingthing_recall": 0.5757225433526012,
    "predict_loss": 0.5002625584602356,
    "predict_media/newspaper_f1": 0.5450704225352113,
    "predict_media/newspaper_number": 1234,
    "predict_media/newspaper_precision": 0.48194271481942713,
    "predict_media/newspaper_recall": 0.6272285251215559,
    "predict_medical_f1": 0.3875802997858672,
    "predict_medical_number": 397,
    "predict_medical_precision": 0.3370577281191806,
    "predict_medical_recall": 0.45591939546599497,
    "predict_mountain_f1": 0.5421836228287842,
    "predict_mountain_number": 681,
    "predict_mountain_precision": 0.46938775510204084,
    "predict_mountain_recall": 0.6417033773861968,
    "predict_music_f1": 0.5728198317839752,
    "predict_music_number": 1041,
    "predict_music_precision": 0.5311986863711001,
    "predict_music_recall": 0.6215177713736791,
    "predict_other_f1": 0.4271487010344606,
    "predict_other_number": 21035,
    "predict_other_precision": 0.38868101028999064,
    "predict_other_recall": 0.47406703113857857,
    "predict_overall_accuracy": 0.8978246660890675,
    "predict_overall_f1": 0.5509235333524739,
    "predict_overall_precision": 0.5135786168010849,
    "predict_overall_recall": 0.5941254179911655,
    "predict_painting_f1": 0.029850746268656716,
    "predict_painting_number": 58,
    "predict_painting_precision": 0.1111111111111111,
    "predict_painting_recall": 0.017241379310344827,
    "predict_park_f1": 0.3789020452099031,
    "predict_park_number": 458,