{
    "predict_GPE_f1": 0.753147365188842,
    "predict_GPE_number": 20409,
    "predict_GPE_precision": 0.7270612914994528,
    "predict_GPE_recall": 0.7811749718261551,
    "predict_actor_f1": 0.6434437836306995,
    "predict_actor_number": 1638,
    "predict_actor_precision": 0.6001056524035921,
    "predict_actor_recall": 0.6935286935286935,
    "predict_airplane_f1": 0.499131441806601,
    "predict_airplane_number": 794,
    "predict_airplane_precision": 0.46195069667738475,
    "predict_airplane_recall": 0.5428211586901763,
    "predict_airport_f1": 0.6128266033254157,
    "predict_airport_number": 364,
    "predict_airport_precision": 0.5397489539748954,
    "predict_airport_recall": 0.7087912087912088,
    "predict_artist/author_f1": 0.5965945461528614,
    "predict_artist/author_number": 3464,
    "predict_artist/author_precision": 0.5360018403496665,
    "predict_artist/author_recall": 0.6726327944572749,
    "predict_astronomything_f1": 0.6375358166189111,
    "predict_astronomything_number": 678,
    "predict_astronomything_precision": 0.6197771587743732,
    "predict_astronomything_recall": 0.6563421828908554,
    "predict_athlete_f1": 0.7765344184469312,
    "predict_athlete_number": 2907,
    "predict_athlete_precision": 0.7656302240053494,
    "predict_athlete_recall": 0.7877536979704163,
    "predict_attack/battle/war/militaryconflict_f1": 0.634231103388358,
    "predict_attack/battle/war/militaryconflict_number": 1099,
    "predict_attack/battle/war/militaryconflict_precision": 0.6068162926018288,
    "predict_attack/battle/war/militaryconflict_recall": 0.6642402183803457,
    "predict_award_f1": 0.42627737226277373,
    "predict_award_number": 941,
    "predict_award_precision": 0.39317773788150806,
    "predict_award_recall": 0.46546227417640806,
    "predict_biologything_f1": 0.5178384050367262,
    "predict_biologything_number": 1875,
    "predict_biologything_precision": 0.5095508518327311,
    "predict_biologything_recall": 0.5264,
    "predict_bodiesofwater_f1": 0.6244111349036402,
    "predict_bodiesofwater_number": 1169,
    "predict_bodiesofwater_precision": 0.6252144082332761,
    "predict_bodiesofwater_recall": 0.6236099230111206,
    "predict_broadcastprogram_f1": 0.42703091301222146,
    "predict_broadcastprogram_number": 605,
    "predict_broadcastprogram_precision": 0.37786259541984735,
    "predict_broadcastprogram_recall": 0.4909090909090909,
    "predict_car_f1": 0.5770270270270271,
    "predict_car_number": 688,
    "predict_car_precision": 0.5391414141414141,
    "predict_car_recall": 0.6206395348837209,
    "predict_chemicalthing_f1": 0.46851607221488334,
    "predict_chemicalthing_number": 1014,
    "predict_chemicalthing_precision": 0.4232299124900557,
    "predict_chemicalthing_recall": 0.52465483234714,
    "predict_company_f1": 0.5335983107688486,
    "predict_company_number": 3903,
    "predict_company_precision": 0.5178399228543876,
    "predict_company_recall": 0.5503458877786318,
    "predict_currency_f1": 0.6759098786828422,
    "predict_currency_number": 799,
    "predict_currency_precision": 0.6276824034334764,
    "predict_currency_recall": 0.7321652065081352,
    "predict_director_f1": 0.5441295546558704,
    "predict_director_number": 554,
    "predict_director_precision": 0.4933920704845815,
    "predict_director_recall": 0.6064981949458483,
    "predict_disaster_f1": 0.3842592592592593,
    "predict_disaster_number": 207,
    "predict_disaster_precision": 0.3688888888888889,
    "predict_disaster_recall": 0.40096618357487923,
    "predict_disease_f1": 0.5310421286031043,
    "predict_disease_number": 750,
    "predict_disease_precision": 0.45445920303605314,
    "predict_disease_recall": 0.6386666666666667,
    "predict_education_f1": 0.6420729029424681,
    "predict_education_number": 2082,
    "predict_education_precision": 0.5914239482200647,
    "predict_education_recall": 0.7022094140249759,
    "predict_educationaldegree_f1": 0.445993031358885,
    "predict_educationaldegree_number": 367,
    "predict_educationaldegree_precision": 0.38866396761133604,
    "predict_educationaldegree_recall": 0.5231607629427792,
    "predict_election_f1": 0.20924574209245742,
    "predict_election_number": 184,
    "predict_election_precision": 0.1894273127753304,
    "predict_election_recall": 0.23369565217391305,
    "predict_film_f1": 0.5267395054629097,
    "predict_film_number": 759,
    "predict_film_precision": 0.4673469387755102,
    "predict_film_recall": 0.6034255599472991,
    "predict_food_f1": 0.46088794926004234,
    "predict_food_number": 432,
    "predict_food_precision": 0.42412451361867703,
    "predict_food_recall": 0.5046296296296297,
    "predict_game_f1": 0.5194085027726432,
    "predict_game_number": 496,
    "predict_game_precision": 0.47952218430034127,
    "predict_game_recall": 0.5665322580645161,
    "predict_god_f1": 0.5929411764705882,
    "predict_god_number": 635,
    "predict_god_precision": 0.590625,
    "predict_god_recall": 0.5952755905511811,
    "predict_government/governmentagency_f1": 0.3252232830304897,
    "predict_government/governmentagency_number": 1535,
    "predict_government/governmentagency_precision": 0.308411214953271,
    "predict_government/governmentagency_recall": 0.3439739413680782,
    "predict_hospital_f1": 0.5768261964735516,
    "predict_hospital_number": 364,
    "predict_hospital_precision": 0.5325581395348837,
    "predict_hospital_recall": 0.6291208791208791,
    "predict_hotel_f1": 0.5040916530278232,
    "predict_hotel_number": 265,
    "predict_hotel_precision": 0.44508670520231214,
    "predict_hotel_recall": 0.5811320754716981,
    "predict_island_f1": 0.5379876796714579,
    "predict_island_number": 646,
    "predict_island_precision": 0.4822085889570552,
    "predict_island_recall": 0.608359133126935,
    "predict_language_f1": 0.6418716256748651,
    "predict_language_number": 753,
    "predict_language_precision": 0.5853391684901532,
    "predict_language_recall": 0.7104913678618858,
    "predict_law_f1": 0.5262206148282098,
    "predict_law_number": 488,
    "predict_law_precision": 0.470873786407767,
    "predict_law_recall": 0.5963114754098361,
    "predict_library_f1": 0.6018396846254928,
    "predict_library_number": 357,
    "predict_library_precision": 0.5668316831683168,
    "predict_library_recall": 0.6414565826330533,
    "predict_livingthing_f1": 0.5259549461312439,
    "predict_livingthing_number": 865,
    "predict_livingthing_precision": 0.4562446898895497,
    "predict_livingthing_recall": 0.6208092485549133,
    "predict_loss": 0.6179457902908325,
    "predict_media/newspaper_f1": 0.5044378698224853,
    "predict_media/newspaper_number": 1234,
    "predict_media/newspaper_precision": 0.4639455782312925,
    "predict_media/newspaper_recall": 0.5526742301458671,
    "predict_medical_f1": 0.3385490753911807,
    "predict_medical_number": 397,
    "predict_medical_precision": 0.3888888888888889,
    "predict_medical_recall": 0.29974811083123426,
    "predict_mountain_f1": 0.5681655960028551,
    "predict_mountain_number": 681,
    "predict_mountain_precision": 0.5527777777777778,
    "predict_mountain_recall": 0.5844346549192364,
    "predict_music_f1": 0.6109738012852199,
    "predict_music_number": 1041,
    "predict_music_precision": 0.6293279022403259,
    "predict_music_recall": 0.5936599423631124,
    "predict_other_f1": 0.453886925795053,
    "predict_other_number": 21035,
    "predict_other_precision": 0.4238399670035059,
    "predict_other_recall": 0.4885191347753744,
    "predict_overall_accuracy": 0.9022999737257533,
    "predict_overall_f1": 0.5661234032460271,
    "predict_overall_precision": 0.5330768739915587,
    "predict_overall_recall": 0.6035379597902819,
    "predict_painting_f1": 0.30075187969924816,
    "predict_painting_number": 58,
    "predict_painting_precision": 0.26666666666666666,
    "predict_painting_recall": 0.3448275862068966,
    "predict_park_f1": 0.43452380952380953,