{
    "predict_GPE_f1": 0.7831086723130144,
    "predict_GPE_number": 20409,
    "predict_GPE_precision": 0.7631358690597972,
    "predict_GPE_recall": 0.8041550296437846,
    "predict_actor_f1": 0.7633209417596034,
    "predict_actor_number": 1638,
    "predict_actor_precision": 0.7748427672955975,
    "predict_actor_recall": 0.7521367521367521,
    "predict_airplane_f1": 0.5825242718446602,
    "predict_airplane_number": 794,
    "predict_airplane_precision": 0.5620608899297423,
    "predict_airplane_recall": 0.6045340050377834,
    "predict_airport_f1": 0.7467018469656992,
    "predict_airport_number": 364,
    "predict_airport_precision": 0.7182741116751269,
    "predict_airport_recall": 0.7774725274725275,
    "predict_artist/author_f1": 0.6353404614518853,
    "predict_artist/author_number": 3464,
    "predict_artist/author_precision": 0.6196487376509331,
    "predict_artist/author_recall": 0.6518475750577367,
    "predict_astronomything_f1": 0.674002751031637,
    "predict_astronomything_number": 678,
    "predict_astronomything_precision": 0.6314432989690721,
    "predict_astronomything_recall": 0.7227138643067846,
    "predict_athlete_f1": 0.7984351080115666,
    "predict_athlete_number": 2907,
    "predict_athlete_precision": 0.7897039030955586,
    "predict_athlete_recall": 0.8073615411076711,
    "predict_attack/battle/war/militaryconflict_f1": 0.6493506493506495,
    "predict_attack/battle/war/militaryconflict_number": 1099,
    "predict_attack/battle/war/militaryconflict_precision": 0.6193228736581338,
    "predict_attack/battle/war/militaryconflict_recall": 0.6824385805277525,
    "predict_award_f1": 0.5007526342197691,
    "predict_award_number": 941,
    "predict_award_precision": 0.47433460076045625,
    "predict_award_recall": 0.5302869287991498,
    "predict_biologything_f1": 0.5771947527749747,
    "predict_biologything_number": 1875,
    "predict_biologything_precision": 0.5476304451890857,
    "predict_biologything_recall": 0.6101333333333333,
    "predict_bodiesofwater_f1": 0.6386344712739384,
    "predict_bodiesofwater_number": 1169,
    "predict_bodiesofwater_precision": 0.6220600162206001,
    "predict_bodiesofwater_recall": 0.6561163387510693,
    "predict_broadcastprogram_f1": 0.4817880794701987,
    "predict_broadcastprogram_number": 605,
    "predict_broadcastprogram_precision": 0.48258706467661694,
    "predict_broadcastprogram_recall": 0.4809917355371901,
    "predict_car_f1": 0.6162876008804109,
    "predict_car_number": 688,
    "predict_car_precision": 0.6222222222222222,
    "predict_car_recall": 0.6104651162790697,
    "predict_chemicalthing_f1": 0.48180924287118976,
    "predict_chemicalthing_number": 1014,
    "predict_chemicalthing_precision": 0.4803921568627451,
    "predict_chemicalthing_recall": 0.4832347140039448,
    "predict_company_f1": 0.5905560350141783,
    "predict_company_number": 3903,
    "predict_company_precision": 0.5691539923954373,
    "predict_company_recall": 0.6136305406097874,
    "predict_currency_f1": 0.6760398359695371,
    "predict_currency_number": 799,
    "predict_currency_precision": 0.6354625550660793,
    "predict_currency_recall": 0.7221526908635795,
    "predict_director_f1": 0.6258503401360545,
    "predict_director_number": 554,
    "predict_director_precision": 0.5916398713826366,
    "predict_director_recall": 0.6642599277978339,
    "predict_disaster_f1": 0.4531590413943355,
    "predict_disaster_number": 207,
    "predict_disaster_precision": 0.4126984126984127,
    "predict_disaster_recall": 0.5024154589371981,
    "predict_disease_f1": 0.5617577197149644,
    "predict_disease_number": 750,
    "predict_disease_precision": 0.5064239828693791,
    "predict_disease_recall": 0.6306666666666667,
    "predict_education_f1": 0.6866017617060732,
    "predict_education_number": 2082,
    "predict_education_precision": 0.6635304659498208,
    "predict_education_recall": 0.7113352545629202,
    "predict_educationaldegree_f1": 0.48831775700934577,
    "predict_educationaldegree_number": 367,
    "predict_educationaldegree_precision": 0.4274028629856851,
    "predict_educationaldegree_recall": 0.5694822888283378,
    "predict_election_f1": 0.195,
    "predict_election_number": 184,
    "predict_election_precision": 0.18055555555555555,
    "predict_election_recall": 0.21195652173913043,
    "predict_film_f1": 0.6633846153846155,
    "predict_film_number": 759,
    "predict_film_precision": 0.6224018475750578,
    "predict_film_recall": 0.7101449275362319,
    "predict_food_f1": 0.42117117117117114,
    "predict_food_number": 432,
    "predict_food_precision": 0.4100877192982456,
    "predict_food_recall": 0.43287037037037035,
    "predict_game_f1": 0.5915768854064642,
    "predict_game_number": 496,
    "predict_game_precision": 0.5752380952380952,
    "predict_game_recall": 0.6088709677419355,
    "predict_god_f1": 0.6004882017900732,
    "predict_god_number": 635,
    "predict_god_precision": 0.6212121212121212,
    "predict_god_recall": 0.5811023622047244,
    "predict_government/governmentagency_f1": 0.35712040238918585,
    "predict_government/governmentagency_number": 1535,
    "predict_government/governmentagency_precision": 0.3450789793438639,
    "predict_government/governmentagency_recall": 0.3700325732899023,
    "predict_hospital_f1": 0.5879458794587945,
    "predict_hospital_number": 364,
    "predict_hospital_precision": 0.532293986636971,
    "predict_hospital_recall": 0.6565934065934066,
    "predict_hotel_f1": 0.5985401459854015,
    "predict_hotel_number": 265,
    "predict_hotel_precision": 0.5795053003533569,
    "predict_hotel_recall": 0.6188679245283019,
    "predict_island_f1": 0.5936777178103315,
    "predict_island_number": 646,
    "predict_island_precision": 0.5913978494623656,
    "predict_island_recall": 0.5959752321981424,
    "predict_language_f1": 0.6623605402231357,
    "predict_language_number": 753,
    "predict_language_precision": 0.5936842105263158,
    "predict_language_recall": 0.749003984063745,
    "predict_law_f1": 0.48333333333333334,
    "predict_law_number": 488,
    "predict_law_precision": 0.4408783783783784,
    "predict_law_recall": 0.5348360655737705,
    "predict_library_f1": 0.6076923076923078,
    "predict_library_number": 357,
    "predict_library_precision": 0.5602836879432624,
    "predict_library_recall": 0.6638655462184874,
    "predict_livingthing_f1": 0.5371024734982333,
    "predict_livingthing_number": 865,
    "predict_livingthing_precision": 0.4767025089605735,
    "predict_livingthing_recall": 0.6150289017341041,
    "predict_loss": 0.46825969219207764,
    "predict_media/newspaper_f1": 0.5616547334924423,
    "predict_media/newspaper_number": 1234,
    "predict_media/newspaper_precision": 0.5515625,
    "predict_media/newspaper_recall": 0.5721231766612642,
    "predict_medical_f1": 0.44153005464480877,
    "predict_medical_number": 397,
    "predict_medical_precision": 0.38996138996138996,
    "predict_medical_recall": 0.5088161209068011,
    "predict_mountain_f1": 0.6215613382899627,
    "predict_mountain_number": 681,
    "predict_mountain_precision": 0.6295180722891566,
    "predict_mountain_recall": 0.6138032305433186,
    "predict_music_f1": 0.6855287569573284,
    "predict_music_number": 1041,
    "predict_music_precision": 0.662780269058296,
    "predict_music_recall": 0.7098943323727186,
    "predict_other_f1": 0.5080342494999662,
    "predict_other_number": 21035,
    "predict_other_precision": 0.4817577359133919,
    "predict_other_recall": 0.537342524364155,
    "predict_overall_accuracy": 0.9116523026880075,
    "predict_overall_f1": 0.6124457279623384,
    "predict_overall_precision": 0.587914174499193,
    "predict_overall_recall": 0.6391136523139165,
    "predict_painting_f1": 0.4081632653061224,
    "predict_painting_number": 58,
    "predict_painting_precision": 0.33707865168539325,
    "predict_painting_recall": 0.5172413793103449,
    "predict_park_f1": 0.5699263932702419,