{
    "predict_GPE_f1": 0.759232328048635,
    "predict_GPE_number": 20409,
    "predict_GPE_precision": 0.7393666419019317,
    "predict_GPE_recall": 0.7801950120045078,
    "predict_actor_f1": 0.6917933130699088,
    "predict_actor_number": 1638,
    "predict_actor_precision": 0.6888619854721549,
    "predict_actor_recall": 0.6947496947496947,
    "predict_airplane_f1": 0.5023310023310025,
    "predict_airplane_number": 794,
    "predict_airplane_precision": 0.46746203904555317,
    "predict_airplane_recall": 0.5428211586901763,
    "predict_airport_f1": 0.6027397260273972,
    "predict_airport_number": 364,
    "predict_airport_precision": 0.515625,
    "predict_airport_recall": 0.7252747252747253,
    "predict_artist/author_f1": 0.5759618084807638,
    "predict_artist/author_number": 3464,
    "predict_artist/author_precision": 0.5606889010388191,
    "predict_artist/author_recall": 0.5920900692840647,
    "predict_astronomything_f1": 0.6303724928366763,
    "predict_astronomything_number": 678,
    "predict_astronomything_precision": 0.6128133704735376,
    "predict_astronomything_recall": 0.6489675516224189,
    "predict_athlete_f1": 0.7790200591910555,
    "predict_athlete_number": 2907,
    "predict_athlete_precision": 0.7461417322834646,
    "predict_athlete_recall": 0.8149294805641555,
    "predict_attack/battle/war/militaryconflict_f1": 0.5732758620689655,
    "predict_attack/battle/war/militaryconflict_number": 1099,
    "predict_attack/battle/war/militaryconflict_precision": 0.5446355446355446,
    "predict_attack/battle/war/militaryconflict_recall": 0.6050955414012739,
    "predict_award_f1": 0.4490762671719564,
    "predict_award_number": 941,
    "predict_award_precision": 0.40512820512820513,
    "predict_award_recall": 0.5037194473963869,
    "predict_biologything_f1": 0.5092546273136569,
    "predict_biologything_number": 1875,
    "predict_biologything_precision": 0.479510127178521,
    "predict_biologything_recall": 0.5429333333333334,
    "predict_bodiesofwater_f1": 0.5989804587935428,
    "predict_bodiesofwater_number": 1169,
    "predict_bodiesofwater_precision": 0.5949367088607594,
    "predict_bodiesofwater_recall": 0.6030795551753636,
    "predict_broadcastprogram_f1": 0.4414478353442157,
    "predict_broadcastprogram_number": 605,
    "predict_broadcastprogram_precision": 0.38681592039800994,
    "predict_broadcastprogram_recall": 0.5140495867768595,
    "predict_car_f1": 0.5622188905547226,
    "predict_car_number": 688,
    "predict_car_precision": 0.5804953560371517,
    "predict_car_recall": 0.5450581395348837,
    "predict_chemicalthing_f1": 0.48984666390385406,
    "predict_chemicalthing_number": 1014,
    "predict_chemicalthing_precision": 0.4224446032880629,
    "predict_chemicalthing_recall": 0.5828402366863905,
    "predict_company_f1": 0.5605269699229432,
    "predict_company_number": 3903,
    "predict_company_precision": 0.5442915761525464,
    "predict_company_recall": 0.5777606968998207,
    "predict_currency_f1": 0.6575963718820862,
    "predict_currency_number": 799,
    "predict_currency_precision": 0.6010362694300518,
    "predict_currency_recall": 0.7259073842302879,
    "predict_director_f1": 0.5220949263502455,
    "predict_director_number": 554,
    "predict_director_precision": 0.47754491017964074,
    "predict_director_recall": 0.575812274368231,
    "predict_disaster_f1": 0.3991228070175438,
    "predict_disaster_number": 207,
    "predict_disaster_precision": 0.3654618473895582,
    "predict_disaster_recall": 0.4396135265700483,
    "predict_disease_f1": 0.5110977804439113,
    "predict_disease_number": 750,
    "predict_disease_precision": 0.46455834242093785,
    "predict_disease_recall": 0.568,
    "predict_education_f1": 0.6654386368869445,
    "predict_education_number": 2082,
    "predict_education_precision": 0.6390977443609023,
    "predict_education_recall": 0.6940441882804995,
    "predict_educationaldegree_f1": 0.4018912529550827,
    "predict_educationaldegree_number": 367,
    "predict_educationaldegree_precision": 0.35490605427974947,
    "predict_educationaldegree_recall": 0.46321525885558584,
    "predict_election_f1": 0.21024258760107817,
    "predict_election_number": 184,
    "predict_election_precision": 0.20855614973262032,
    "predict_election_recall": 0.21195652173913043,
    "predict_film_f1": 0.5911199469847581,
    "predict_film_number": 759,
    "predict_film_precision": 0.5946666666666667,
    "predict_film_recall": 0.5876152832674572,
    "predict_food_f1": 0.32933478735005456,
    "predict_food_number": 432,
    "predict_food_precision": 0.311340206185567,
    "predict_food_recall": 0.34953703703703703,
    "predict_game_f1": 0.5511811023622047,
    "predict_game_number": 496,
    "predict_game_precision": 0.5384615384615384,
    "predict_game_recall": 0.5645161290322581,
    "predict_god_f1": 0.5288753799392097,
    "predict_god_number": 635,
    "predict_god_precision": 0.5110132158590308,
    "predict_god_recall": 0.5480314960629922,
    "predict_government/governmentagency_f1": 0.3431512725193022,
    "predict_government/governmentagency_number": 1535,
    "predict_government/governmentagency_precision": 0.3058103975535168,
    "predict_government/governmentagency_recall": 0.39087947882736157,
    "predict_hospital_f1": 0.575609756097561,
    "predict_hospital_number": 364,
    "predict_hospital_precision": 0.5175438596491229,
    "predict_hospital_recall": 0.6483516483516484,
    "predict_hotel_f1": 0.5570093457943924,
    "predict_hotel_number": 265,
    "predict_hotel_precision": 0.5518518518518518,
    "predict_hotel_recall": 0.5622641509433962,
    "predict_island_f1": 0.556808326105811,
    "predict_island_number": 646,
    "predict_island_precision": 0.6331360946745562,
    "predict_island_recall": 0.4969040247678019,
    "predict_language_f1": 0.5933660933660935,
    "predict_language_number": 753,
    "predict_language_precision": 0.552,
    "predict_language_recall": 0.6414342629482072,
    "predict_law_f1": 0.43629697525206235,
    "predict_law_number": 488,
    "predict_law_precision": 0.3946932006633499,
    "predict_law_recall": 0.48770491803278687,
    "predict_library_f1": 0.5678391959798995,
    "predict_library_number": 357,
    "predict_library_precision": 0.5148063781321185,
    "predict_library_recall": 0.6330532212885154,
    "predict_livingthing_f1": 0.5008384572386808,
    "predict_livingthing_number": 865,
    "predict_livingthing_precision": 0.48484848484848486,
    "predict_livingthing_recall": 0.5179190751445086,
    "predict_loss": 0.6408135294914246,
    "predict_media/newspaper_f1": 0.5248554913294797,
    "predict_media/newspaper_number": 1234,
    "predict_media/newspaper_precision": 0.5003673769287289,
    "predict_media/newspaper_recall": 0.5518638573743923,
    "predict_medical_f1": 0.37987421383647796,
    "predict_medical_number": 397,
    "predict_medical_precision": 0.3793969849246231,
    "predict_medical_recall": 0.380352644836272,
    "predict_mountain_f1": 0.5471039776692254,
    "predict_mountain_number": 681,
    "predict_mountain_precision": 0.5212765957446809,
    "predict_mountain_recall": 0.5756240822320118,
    "predict_music_f1": 0.6296296296296297,
    "predict_music_number": 1041,
    "predict_music_precision": 0.6076854334226989,
    "predict_music_recall": 0.6532180595581172,
    "predict_other_f1": 0.4552292813438891,
    "predict_other_number": 21035,
    "predict_other_precision": 0.4225289040872822,
    "predict_other_recall": 0.49341573567863084,
    "predict_overall_accuracy": 0.9017039174684655,
    "predict_overall_f1": 0.5674133445278065,
    "predict_overall_precision": 0.5383019514499263,
    "predict_overall_recall": 0.5998534450728646,
    "predict_painting_f1": 0.2524271844660194,
    "predict_painting_number": 58,
    "predict_painting_precision": 0.28888888888888886,
    "predict_painting_recall": 0.22413793103448276,
    "predict_park_f1": 0.418560606060606,