{
    "predict_GPE_f1": 0.7439176977617128,
    "predict_GPE_number": 20409,
    "predict_GPE_precision": 0.7056573915336938,
    "predict_GPE_recall": 0.7865647508452154,
    "predict_actor_f1": 0.6662599145820622,
    "predict_actor_number": 1638,
    "predict_actor_precision": 0.6658536585365854,
    "predict_actor_recall": 0.6666666666666666,
    "predict_airplane_f1": 0.49480757483200977,
    "predict_airplane_number": 794,
    "predict_airplane_precision": 0.4804270462633452,
    "predict_airplane_recall": 0.5100755667506297,
    "predict_airport_f1": 0.61840490797546,
    "predict_airport_number": 364,
    "predict_airport_precision": 0.5587583148558758,
    "predict_airport_recall": 0.6923076923076923,
    "predict_artist/author_f1": 0.5543960344377772,
    "predict_artist/author_number": 3464,
    "predict_artist/author_precision": 0.50571156592099,
    "predict_artist/author_recall": 0.6134526558891455,
    "predict_astronomything_f1": 0.5878136200716846,
    "predict_astronomything_number": 678,
    "predict_astronomything_precision": 0.5718270571827058,
    "predict_astronomything_recall": 0.6047197640117994,
    "predict_athlete_f1": 0.7523061154765973,
    "predict_athlete_number": 2907,
    "predict_athlete_precision": 0.7472005429250085,
    "predict_athlete_recall": 0.7574819401444789,
    "predict_attack/battle/war/militaryconflict_f1": 0.5785123966942148,
    "predict_attack/battle/war/militaryconflict_number": 1099,
    "predict_attack/battle/war/militaryconflict_precision": 0.5299015897047691,
    "predict_attack/battle/war/militaryconflict_recall": 0.6369426751592356,
    "predict_award_f1": 0.4516431924882629,
    "predict_award_number": 941,
    "predict_award_precision": 0.40454163162321277,
    "predict_award_recall": 0.5111583421891605,
    "predict_biologything_f1": 0.5169172932330827,
    "predict_biologything_number": 1875,
    "predict_biologything_precision": 0.4619907601847963,
    "predict_biologything_recall": 0.5866666666666667,
    "predict_bodiesofwater_f1": 0.6073546856465006,
    "predict_bodiesofwater_number": 1169,
    "predict_bodiesofwater_precision": 0.5647058823529412,
    "predict_bodiesofwater_recall": 0.6569717707442259,
    "predict_broadcastprogram_f1": 0.36877076411960136,
    "predict_broadcastprogram_number": 605,
    "predict_broadcastprogram_precision": 0.37061769616026713,
    "predict_broadcastprogram_recall": 0.3669421487603306,
    "predict_car_f1": 0.5523672883787661,
    "predict_car_number": 688,
    "predict_car_precision": 0.5453257790368272,
    "predict_car_recall": 0.559593023255814,
    "predict_chemicalthing_f1": 0.43790248390064396,
    "predict_chemicalthing_number": 1014,
    "predict_chemicalthing_precision": 0.4103448275862069,
    "predict_chemicalthing_recall": 0.46942800788954636,
    "predict_company_f1": 0.528713113750459,
    "predict_company_number": 3903,
    "predict_company_precision": 0.5063320825515948,
    "predict_company_recall": 0.5531642326415578,
    "predict_currency_f1": 0.6492204899777282,
    "predict_currency_number": 799,
    "predict_currency_precision": 0.5847542627883651,
    "predict_currency_recall": 0.7296620775969962,
    "predict_director_f1": 0.44879786286731965,
    "predict_director_number": 554,
    "predict_director_precision": 0.4428822495606327,
    "predict_director_recall": 0.4548736462093863,
    "predict_disaster_f1": 0.3736263736263737,
    "predict_disaster_number": 207,
    "predict_disaster_precision": 0.3008849557522124,
    "predict_disaster_recall": 0.4927536231884058,
    "predict_disease_f1": 0.5290322580645161,
    "predict_disease_number": 750,
    "predict_disease_precision": 0.44324324324324327,
    "predict_disease_recall": 0.656,
    "predict_education_f1": 0.6227951153324288,
    "predict_education_number": 2082,
    "predict_education_precision": 0.5884615384615385,
    "predict_education_recall": 0.6613832853025937,
    "predict_educationaldegree_f1": 0.4151376146788991,
    "predict_educationaldegree_number": 367,
    "predict_educationaldegree_precision": 0.3584158415841584,
    "predict_educationaldegree_recall": 0.49318801089918257,
    "predict_election_f1": 0.18571428571428572,
    "predict_election_number": 184,
    "predict_election_precision": 0.1652542372881356,
    "predict_election_recall": 0.21195652173913043,
    "predict_film_f1": 0.5545945945945945,
    "predict_film_number": 759,
    "predict_film_precision": 0.4702108157653529,
    "predict_film_recall": 0.6758893280632411,
    "predict_food_f1": 0.36007130124777187,
    "predict_food_number": 432,
    "predict_food_precision": 0.2927536231884058,
    "predict_food_recall": 0.4675925925925926,
    "predict_game_f1": 0.5401015228426396,
    "predict_game_number": 496,
    "predict_game_precision": 0.5439672801635992,
    "predict_game_recall": 0.5362903225806451,
    "predict_god_f1": 0.49312977099236643,
    "predict_god_number": 635,
    "predict_god_precision": 0.4785185185185185,
    "predict_god_recall": 0.5086614173228347,
    "predict_government/governmentagency_f1": 0.2943201376936317,
    "predict_government/governmentagency_number": 1535,
    "predict_government/governmentagency_precision": 0.2629420809841107,
    "predict_government/governmentagency_recall": 0.33420195439739414,
    "predict_hospital_f1": 0.5278450363196125,
    "predict_hospital_number": 364,
    "predict_hospital_precision": 0.47186147186147187,
    "predict_hospital_recall": 0.5989010989010989,
    "predict_hotel_f1": 0.4177215189873418,
    "predict_hotel_number": 265,
    "predict_hotel_precision": 0.35967302452316074,
    "predict_hotel_recall": 0.4981132075471698,
    "predict_island_f1": 0.5049429657794677,
    "predict_island_number": 646,
    "predict_island_precision": 0.4962630792227205,
    "predict_island_recall": 0.5139318885448917,
    "predict_language_f1": 0.6095717884130982,
    "predict_language_number": 753,
    "predict_language_precision": 0.5796407185628742,
    "predict_language_recall": 0.6427622841965471,
    "predict_law_f1": 0.3817712811693895,
    "predict_law_number": 488,
    "predict_law_precision": 0.3288888888888889,
    "predict_law_recall": 0.45491803278688525,
    "predict_library_f1": 0.3989218328840971,
    "predict_library_number": 357,
    "predict_library_precision": 0.38441558441558443,
    "predict_library_recall": 0.41456582633053224,
    "predict_livingthing_f1": 0.38523076923076927,
    "predict_livingthing_number": 865,
    "predict_livingthing_precision": 0.4118421052631579,
    "predict_livingthing_recall": 0.36184971098265895,
    "predict_loss": 0.6726253628730774,
    "predict_media/newspaper_f1": 0.5115369573719202,
    "predict_media/newspaper_number": 1234,
    "predict_media/newspaper_precision": 0.4943310657596372,
    "predict_media/newspaper_recall": 0.5299837925445705,
    "predict_medical_f1": 0.35359116022099446,
    "predict_medical_number": 397,
    "predict_medical_precision": 0.39143730886850153,
    "predict_medical_recall": 0.3224181360201511,
    "predict_mountain_f1": 0.5070028011204482,
    "predict_mountain_number": 681,
    "predict_mountain_precision": 0.48460508701472554,
    "predict_mountain_recall": 0.5315712187958884,
    "predict_music_f1": 0.5964444444444446,
    "predict_music_number": 1041,
    "predict_music_precision": 0.555004135649297,
    "predict_music_recall": 0.6445725264169068,
    "predict_other_f1": 0.42906252079221097,
    "predict_other_number": 21035,
    "predict_other_precision": 0.402136858734514,
    "predict_other_recall": 0.45985262657475634,
    "predict_overall_accuracy": 0.8958530118755252,
    "predict_overall_f1": 0.5423472942633738,
    "predict_overall_precision": 0.5105119329568227,
    "predict_overall_recall": 0.5784172067869381,
    "predict_painting_f1": 0.23529411764705882,
    "predict_painting_number": 58,
    "predict_painting_precision": 0.20512820512820512,
    "predict_painting_recall": 0.27586206896551724,