{
    "predict_GPE_f1": 0.7543420804228808,
    "predict_GPE_number": 20409,
    "predict_GPE_precision": 0.7275913870806209,
    "predict_GPE_recall": 0.7831348914694497,
    "predict_actor_f1": 0.6869790169588963,
    "predict_actor_number": 1638,
    "predict_actor_precision": 0.6491037479630636,
    "predict_actor_recall": 0.7295482295482295,
    "predict_airplane_f1": 0.5358744394618834,
    "predict_airplane_number": 794,
    "predict_airplane_precision": 0.48282828282828283,
    "predict_airplane_recall": 0.6020151133501259,
    "predict_airport_f1": 0.6810228802153432,
    "predict_airport_number": 364,
    "predict_airport_precision": 0.6675461741424802,
    "predict_airport_recall": 0.695054945054945,
    "predict_artist/author_f1": 0.5926517571884984,
    "predict_artist/author_number": 3464,
    "predict_artist/author_precision": 0.549901185770751,
    "predict_artist/author_recall": 0.6426096997690531,
    "predict_astronomything_f1": 0.5978181818181819,
    "predict_astronomything_number": 678,
    "predict_astronomything_precision": 0.5896700143472023,
    "predict_astronomything_recall": 0.6061946902654868,
    "predict_athlete_f1": 0.7915690866510539,
    "predict_athlete_number": 2907,
    "predict_athlete_precision": 0.7704330836860958,
    "predict_athlete_recall": 0.8138974888200894,
    "predict_attack/battle/war/militaryconflict_f1": 0.5722943722943722,
    "predict_attack/battle/war/militaryconflict_number": 1099,
    "predict_attack/battle/war/militaryconflict_precision": 0.5458298926507019,
    "predict_attack/battle/war/militaryconflict_recall": 0.6014558689717925,
    "predict_award_f1": 0.3904270295635852,
    "predict_award_number": 941,
    "predict_award_precision": 0.3495798319327731,
    "predict_award_recall": 0.44208289054197664,
    "predict_biologything_f1": 0.5465805061927841,
    "predict_biologything_number": 1875,
    "predict_biologything_precision": 0.5519303969548668,
    "predict_biologything_recall": 0.5413333333333333,
    "predict_bodiesofwater_f1": 0.6215875682486349,
    "predict_bodiesofwater_number": 1169,
    "predict_bodiesofwater_precision": 0.6105610561056105,
    "predict_bodiesofwater_recall": 0.6330196749358425,
    "predict_broadcastprogram_f1": 0.4212121212121212,
    "predict_broadcastprogram_number": 605,
    "predict_broadcastprogram_precision": 0.3888111888111888,
    "predict_broadcastprogram_recall": 0.45950413223140496,
    "predict_car_f1": 0.5854341736694677,
    "predict_car_number": 688,
    "predict_car_precision": 0.5648648648648649,
    "predict_car_recall": 0.6075581395348837,
    "predict_chemicalthing_f1": 0.48205625606207564,
    "predict_chemicalthing_number": 1014,
    "predict_chemicalthing_precision": 0.47423664122137404,
    "predict_chemicalthing_recall": 0.490138067061144,
    "predict_company_f1": 0.544620811287478,
    "predict_company_number": 3903,
    "predict_company_precision": 0.5032594524119948,
    "predict_company_recall": 0.5933897002305919,
    "predict_currency_f1": 0.610981308411215,
    "predict_currency_number": 799,
    "predict_currency_precision": 0.5728368017524644,
    "predict_currency_recall": 0.6545682102628285,
    "predict_director_f1": 0.5121152586771448,
    "predict_director_number": 554,
    "predict_director_precision": 0.40184994861253853,
    "predict_director_recall": 0.7057761732851986,
    "predict_disaster_f1": 0.3556581986143187,
    "predict_disaster_number": 207,
    "predict_disaster_precision": 0.3407079646017699,
    "predict_disaster_recall": 0.3719806763285024,
    "predict_disease_f1": 0.5034740780331374,
    "predict_disease_number": 750,
    "predict_disease_precision": 0.4201605709188225,
    "predict_disease_recall": 0.628,
    "predict_education_f1": 0.6115935226472659,
    "predict_education_number": 2082,
    "predict_education_precision": 0.5979807251032584,
    "predict_education_recall": 0.6258405379442843,
    "predict_educationaldegree_f1": 0.37252619324796277,
    "predict_educationaldegree_number": 367,
    "predict_educationaldegree_precision": 0.3252032520325203,
    "predict_educationaldegree_recall": 0.4359673024523161,
    "predict_election_f1": 0.16205533596837945,
    "predict_election_number": 184,
    "predict_election_precision": 0.12732919254658384,
    "predict_election_recall": 0.22282608695652173,
    "predict_film_f1": 0.5757746478873239,
    "predict_film_number": 759,
    "predict_film_precision": 0.5029527559055118,
    "predict_film_recall": 0.6732542819499341,
    "predict_food_f1": 0.40120361083249756,
    "predict_food_number": 432,
    "predict_food_precision": 0.35398230088495575,
    "predict_food_recall": 0.46296296296296297,
    "predict_game_f1": 0.5265348595213319,
    "predict_game_number": 496,
    "predict_game_precision": 0.5440860215053763,
    "predict_game_recall": 0.5100806451612904,
    "predict_god_f1": 0.5386949924127465,
    "predict_god_number": 635,
    "predict_god_precision": 0.5197657393850659,
    "predict_god_recall": 0.5590551181102362,
    "predict_government/governmentagency_f1": 0.279030910609858,
    "predict_government/governmentagency_number": 1535,
    "predict_government/governmentagency_precision": 0.24367704280155641,
    "predict_government/governmentagency_recall": 0.32638436482084693,
    "predict_hospital_f1": 0.5205479452054794,
    "predict_hospital_number": 364,
    "predict_hospital_precision": 0.4760820045558087,
    "predict_hospital_recall": 0.5741758241758241,
    "predict_hotel_f1": 0.5481481481481482,
    "predict_hotel_number": 265,
    "predict_hotel_precision": 0.5381818181818182,
    "predict_hotel_recall": 0.5584905660377358,
    "predict_island_f1": 0.5287915652879156,
    "predict_island_number": 646,
    "predict_island_precision": 0.555366269165247,
    "predict_island_recall": 0.5046439628482973,
    "predict_language_f1": 0.6160287081339713,
    "predict_language_number": 753,
    "predict_language_precision": 0.5603917301414582,
    "predict_language_recall": 0.6839309428950863,
    "predict_law_f1": 0.4154676258992806,
    "predict_law_number": 488,
    "predict_law_precision": 0.3701923076923077,
    "predict_law_recall": 0.4733606557377049,
    "predict_library_f1": 0.49869451697127937,
    "predict_library_number": 357,
    "predict_library_precision": 0.4669926650366748,
    "predict_library_recall": 0.5350140056022409,
    "predict_livingthing_f1": 0.5414585414585414,
    "predict_livingthing_number": 865,
    "predict_livingthing_precision": 0.4766930518909411,
    "predict_livingthing_recall": 0.6265895953757226,
    "predict_loss": 0.5098200440406799,
    "predict_media/newspaper_f1": 0.5079120030876111,
    "predict_media/newspaper_number": 1234,
    "predict_media/newspaper_precision": 0.4848931466470155,
    "predict_media/newspaper_recall": 0.5332252836304701,
    "predict_medical_f1": 0.420937840785169,
    "predict_medical_number": 397,
    "predict_medical_precision": 0.37115384615384617,
    "predict_medical_recall": 0.48614609571788414,
    "predict_mountain_f1": 0.5591695501730104,
    "predict_mountain_number": 681,
    "predict_mountain_precision": 0.5287958115183246,
    "predict_mountain_recall": 0.593245227606461,
    "predict_music_f1": 0.6338600451467269,
    "predict_music_number": 1041,
    "predict_music_precision": 0.5979557069846678,
    "predict_music_recall": 0.6743515850144092,
    "predict_other_f1": 0.4440587097908244,
    "predict_other_number": 21035,
    "predict_other_precision": 0.4128365404257058,
    "predict_other_recall": 0.4803898264796767,
    "predict_overall_accuracy": 0.9010199184846925,
    "predict_overall_f1": 0.5608062191848164,
    "predict_overall_precision": 0.5260635652606357,
    "predict_overall_recall": 0.6004623704743426,
    "predict_painting_f1": 0.0,
    "predict_painting_number": 58,
    "predict_painting_precision": 0.0,
    "predict_painting_recall": 0.0,
    "predict_park_f1": 0.3592938733125649,
    "predict_park_number": 458,