{
    "predict_GPE_f1": 0.7660561606610256,
    "predict_GPE_number": 20409,
    "predict_GPE_precision": 0.6975537136879375,
    "predict_GPE_recall": 0.8494781713949728,
    "predict_actor_f1": 0.5839150227617603,
    "predict_actor_number": 1638,
    "predict_actor_precision": 0.5805672902836452,
    "predict_actor_recall": 0.5873015873015873,
    "predict_airplane_f1": 0.43165467625899284,
    "predict_airplane_number": 794,
    "predict_airplane_precision": 0.32504780114722753,
    "predict_airplane_recall": 0.6423173803526449,
    "predict_airport_f1": 0.0,
    "predict_airport_number": 364,
    "predict_airport_precision": 0.0,
    "predict_airport_recall": 0.0,
    "predict_artist/author_f1": 0.5149232914923292,
    "predict_artist/author_number": 3464,
    "predict_artist/author_precision": 0.49811117107393416,
    "predict_artist/author_recall": 0.5329099307159353,
    "predict_astronomything_f1": 0.0,
    "predict_astronomything_number": 678,
    "predict_astronomything_precision": 0.0,
    "predict_astronomything_recall": 0.0,
    "predict_athlete_f1": 0.7714474991719112,
    "predict_athlete_number": 2907,
    "predict_athlete_precision": 0.7438518045352922,
    "predict_athlete_recall": 0.8011695906432749,
    "predict_attack/battle/war/militaryconflict_f1": 0.5811965811965812,
    "predict_attack/battle/war/militaryconflict_number": 1099,
    "predict_attack/battle/war/militaryconflict_precision": 0.47747220596840256,
    "predict_attack/battle/war/militaryconflict_recall": 0.7424931756141947,
    "predict_award_f1": 0.5111336032388664,
    "predict_award_number": 941,
    "predict_award_precision": 0.48792270531400966,
    "predict_award_recall": 0.536663124335813,
    "predict_biologything_f1": 0.480217456961643,
    "predict_biologything_number": 1875,
    "predict_biologything_precision": 0.5536211699164345,
    "predict_biologything_recall": 0.424,
    "predict_bodiesofwater_f1": 0.5875968992248062,
    "predict_bodiesofwater_number": 1169,
    "predict_bodiesofwater_precision": 0.5372076541459957,
    "predict_bodiesofwater_recall": 0.6484174508126604,
    "predict_broadcastprogram_f1": 0.25361512791991103,
    "predict_broadcastprogram_number": 605,
    "predict_broadcastprogram_precision": 0.3877551020408163,
    "predict_broadcastprogram_recall": 0.1884297520661157,
    "predict_car_f1": 0.3699421965317919,
    "predict_car_number": 688,
    "predict_car_precision": 0.5485714285714286,
    "predict_car_recall": 0.27906976744186046,
    "predict_chemicalthing_f1": 0.4158863416209235,
    "predict_chemicalthing_number": 1014,
    "predict_chemicalthing_precision": 0.30916946711473836,
    "predict_chemicalthing_recall": 0.6351084812623274,
    "predict_company_f1": 0.5786692548258384,
    "predict_company_number": 3903,
    "predict_company_precision": 0.49962756052141527,
    "predict_company_recall": 0.687419933384576,
    "predict_currency_f1": 0.3851239669421488,
    "predict_currency_number": 799,
    "predict_currency_precision": 0.5669099756690997,
    "predict_currency_recall": 0.29161451814768463,
    "predict_director_f1": 0.0,
    "predict_director_number": 554,
    "predict_director_precision": 0.0,
    "predict_director_recall": 0.0,
    "predict_disaster_f1": 0.0,
    "predict_disaster_number": 207,
    "predict_disaster_precision": 0.0,
    "predict_disaster_recall": 0.0,
    "predict_disease_f1": 0.4804400977995111,
    "predict_disease_number": 750,
    "predict_disease_precision": 0.4435665914221219,
    "predict_disease_recall": 0.524,
    "predict_education_f1": 0.6881296539640824,
    "predict_education_number": 2082,
    "predict_education_precision": 0.6324476650563607,
    "predict_education_recall": 0.7545629202689721,
    "predict_educationaldegree_f1": 0.4468339307048985,
    "predict_educationaldegree_number": 367,
    "predict_educationaldegree_precision": 0.39787234042553193,
    "predict_educationaldegree_recall": 0.5095367847411444,
    "predict_election_f1": 0.0,
    "predict_election_number": 184,
    "predict_election_precision": 0.0,
    "predict_election_recall": 0.0,
    "predict_film_f1": 0.3597069597069597,
    "predict_film_number": 759,
    "predict_film_precision": 0.24911212582445458,
    "predict_film_recall": 0.6469038208168643,
    "predict_food_f1": 0.1935483870967742,
    "predict_food_number": 432,
    "predict_food_precision": 0.3630573248407643,
    "predict_food_recall": 0.13194444444444445,
    "predict_game_f1": 0.0,
    "predict_game_number": 496,
    "predict_game_precision": 0.0,
    "predict_game_recall": 0.0,
    "predict_god_f1": 0.0,
    "predict_god_number": 635,
    "predict_god_precision": 0.0,
    "predict_god_recall": 0.0,
    "predict_government/governmentagency_f1": 0.2557009345794392,
    "predict_government/governmentagency_number": 1535,
    "predict_government/governmentagency_precision": 0.3,
    "predict_government/governmentagency_recall": 0.22280130293159608,
    "predict_hospital_f1": 0.64804469273743,
    "predict_hospital_number": 364,
    "predict_hospital_precision": 0.6590909090909091,
    "predict_hospital_recall": 0.6373626373626373,
    "predict_hotel_f1": 0.0,
    "predict_hotel_number": 265,
    "predict_hotel_precision": 0.0,
    "predict_hotel_recall": 0.0,
    "predict_island_f1": 0.11241830065359477,
    "predict_island_number": 646,
    "predict_island_precision": 0.36134453781512604,
    "predict_island_recall": 0.06656346749226007,
    "predict_language_f1": 0.0,
    "predict_language_number": 753,
    "predict_language_precision": 0.0,
    "predict_language_recall": 0.0,
    "predict_law_f1": 0.4299363057324841,
    "predict_law_number": 488,
    "predict_law_precision": 0.3515625,
    "predict_law_recall": 0.5532786885245902,
    "predict_library_f1": 0.0,
    "predict_library_number": 357,
    "predict_library_precision": 0.0,
    "predict_library_recall": 0.0,
    "predict_livingthing_f1": 0.23190789473684212,
    "predict_livingthing_number": 865,
    "predict_livingthing_precision": 0.4017094017094017,
    "predict_livingthing_recall": 0.1630057803468208,
    "predict_loss": 0.43738415837287903,
    "predict_media/newspaper_f1": 0.44346289752650175,
    "predict_media/newspaper_number": 1234,
    "predict_media/newspaper_precision": 0.487378640776699,
    "predict_media/newspaper_recall": 0.406807131280389,
    "predict_medical_f1": 0.0,
    "predict_medical_number": 397,
    "predict_medical_precision": 0.0,
    "predict_medical_recall": 0.0,
    "predict_mountain_f1": 0.46223021582733814,
    "predict_mountain_number": 681,
    "predict_mountain_precision": 0.5962877030162413,
    "predict_mountain_recall": 0.37738619676945667,
    "predict_music_f1": 0.5893635571054927,
    "predict_music_number": 1041,
    "predict_music_precision": 0.5395051875498803,
    "predict_music_recall": 0.6493756003842459,
    "predict_other_f1": 0.4590184124638217,
    "predict_other_number": 21035,
    "predict_other_precision": 0.4039086771187053,
    "predict_other_recall": 0.5315426669835988,
    "predict_overall_accuracy": 0.893868329109911,
    "predict_overall_f1": 0.5353892493280207,
    "predict_overall_precision": 0.5179717276981715,
    "predict_overall_recall": 0.5540189076497544,
    "predict_painting_f1": 0.0,
    "predict_painting_number": 58,
    "predict_painting_precision": 0.0,
    "predict_painting_recall": 0.0,
    "predict_park_f1": 0.11893583724569638,
    "predict_park_number": 458,
    "predict_park_precision": 0.20994475138121546,
    "predict_park_recall": 0.08296943231441048,
    "predict_politicalparty_f1": 0.553832902670112,
    "predict_politicalparty_number": 1057,
    "predict_politicalparty_precision": 0.508300395256917,
    "predict_politicalparty_recall": 0.6083254493850521,
    "predict_politician_f1": 0.5422547482139746,
    "predict_politician_number": 2859,
    "predict_politician_precision": 0.5402777777777777,
    "predict_politician_recall": 0.5442462399440364,
    "predict_protest_f1": 0.0,