{
    "predict_GPE_f1": 0.7689532377471653,
    "predict_GPE_number": 20409,
    "predict_GPE_precision": 0.7367452300785634,
    "predict_GPE_recall": 0.8041060316527022,
    "predict_actor_f1": 0.7223178427997705,
    "predict_actor_number": 1638,
    "predict_actor_precision": 0.6812770562770563,
    "predict_actor_recall": 0.7686202686202687,
    "predict_airplane_f1": 0.5674698795180724,
    "predict_airplane_number": 794,
    "predict_airplane_precision": 0.5438799076212472,
    "predict_airplane_recall": 0.593198992443325,
    "predict_airport_f1": 0.739240506329114,
    "predict_airport_number": 364,
    "predict_airport_precision": 0.6854460093896714,
    "predict_airport_recall": 0.8021978021978022,
    "predict_artist/author_f1": 0.6257939795636565,
    "predict_artist/author_number": 3464,
    "predict_artist/author_precision": 0.5997882477501324,
    "predict_artist/author_recall": 0.6541570438799076,
    "predict_astronomything_f1": 0.6601123595505618,
    "predict_astronomything_number": 678,
    "predict_astronomything_precision": 0.6300268096514745,
    "predict_astronomything_recall": 0.6932153392330384,
    "predict_athlete_f1": 0.8040066777963273,
    "predict_athlete_number": 2907,
    "predict_athlete_precision": 0.7810574116120662,
    "predict_athlete_recall": 0.8283453732370141,
    "predict_attack/battle/war/militaryconflict_f1": 0.5782556750298685,
    "predict_attack/battle/war/militaryconflict_number": 1099,
    "predict_attack/battle/war/militaryconflict_precision": 0.5141643059490085,
    "predict_attack/battle/war/militaryconflict_recall": 0.6606005459508644,
    "predict_award_f1": 0.4547085201793722,
    "predict_award_number": 941,
    "predict_award_precision": 0.39332816136539955,
    "predict_award_recall": 0.538788522848034,
    "predict_biologything_f1": 0.5579444153120084,
    "predict_biologything_number": 1875,
    "predict_biologything_precision": 0.5487364620938628,
    "predict_biologything_recall": 0.5674666666666667,
    "predict_bodiesofwater_f1": 0.6384976525821596,
    "predict_bodiesofwater_number": 1169,
    "predict_bodiesofwater_precision": 0.5883201153568853,
    "predict_bodiesofwater_recall": 0.69803250641574,
    "predict_broadcastprogram_f1": 0.4296675191815857,
    "predict_broadcastprogram_number": 605,
    "predict_broadcastprogram_precision": 0.44366197183098594,
    "predict_broadcastprogram_recall": 0.41652892561983473,
    "predict_car_f1": 0.6470185058259081,
    "predict_car_number": 688,
    "predict_car_precision": 0.6121919584954605,
    "predict_car_recall": 0.686046511627907,
    "predict_chemicalthing_f1": 0.5127334465195247,
    "predict_chemicalthing_number": 1014,
    "predict_chemicalthing_precision": 0.45007451564828616,
    "predict_chemicalthing_recall": 0.5956607495069034,
    "predict_company_f1": 0.6011256136989582,
    "predict_company_number": 3903,
    "predict_company_precision": 0.5642985611510791,
    "predict_company_recall": 0.6430950550858314,
    "predict_currency_f1": 0.678510028653295,
    "predict_currency_number": 799,
    "predict_currency_precision": 0.6257928118393234,
    "predict_currency_recall": 0.7409261576971214,
    "predict_director_f1": 0.5850694444444444,
    "predict_director_number": 554,
    "predict_director_precision": 0.5635451505016722,
    "predict_director_recall": 0.6083032490974729,
    "predict_disaster_f1": 0.3228915662650602,
    "predict_disaster_number": 207,
    "predict_disaster_precision": 0.32211538461538464,
    "predict_disaster_recall": 0.32367149758454106,
    "predict_disease_f1": 0.5204137180185084,
    "predict_disease_number": 750,
    "predict_disease_precision": 0.43974241030358785,
    "predict_disease_recall": 0.6373333333333333,
    "predict_education_f1": 0.6626878868258178,
    "predict_education_number": 2082,
    "predict_education_precision": 0.6138411138411138,
    "predict_education_recall": 0.7199807877041307,
    "predict_educationaldegree_f1": 0.46255506607929514,
    "predict_educationaldegree_number": 367,
    "predict_educationaldegree_precision": 0.38817005545286504,
    "predict_educationaldegree_recall": 0.5722070844686649,
    "predict_election_f1": 0.17972350230414746,
    "predict_election_number": 184,
    "predict_election_precision": 0.156,
    "predict_election_recall": 0.21195652173913043,
    "predict_film_f1": 0.5986959098992295,
    "predict_film_number": 759,
    "predict_film_precision": 0.5441810344827587,
    "predict_film_recall": 0.6653491436100132,
    "predict_food_f1": 0.44487804878048776,
    "predict_food_number": 432,
    "predict_food_precision": 0.3844856661045531,
    "predict_food_recall": 0.5277777777777778,
    "predict_game_f1": 0.5782901056676273,
    "predict_game_number": 496,
    "predict_game_precision": 0.5522935779816514,
    "predict_game_recall": 0.6068548387096774,
    "predict_god_f1": 0.6024896265560166,
    "predict_god_number": 635,
    "predict_god_precision": 0.6368421052631579,
    "predict_god_recall": 0.5716535433070866,
    "predict_government/governmentagency_f1": 0.2888349514563107,
    "predict_government/governmentagency_number": 1535,
    "predict_government/governmentagency_precision": 0.27030096536059056,
    "predict_government/governmentagency_recall": 0.31009771986970686,
    "predict_hospital_f1": 0.6433734939759037,
    "predict_hospital_number": 364,
    "predict_hospital_precision": 0.572961373390558,
    "predict_hospital_recall": 0.7335164835164835,
    "predict_hotel_f1": 0.5395348837209303,
    "predict_hotel_number": 265,
    "predict_hotel_precision": 0.45789473684210524,
    "predict_hotel_recall": 0.6566037735849056,
    "predict_island_f1": 0.5664913598797896,
    "predict_island_number": 646,
    "predict_island_precision": 0.5503649635036496,
    "predict_island_recall": 0.5835913312693498,
    "predict_language_f1": 0.6631142687981054,
    "predict_language_number": 753,
    "predict_language_precision": 0.5982905982905983,
    "predict_language_recall": 0.7436918990703851,
    "predict_law_f1": 0.45965770171149145,
    "predict_law_number": 488,
    "predict_law_precision": 0.38159675236806495,
    "predict_law_recall": 0.5778688524590164,
    "predict_library_f1": 0.5799256505576209,
    "predict_library_number": 357,
    "predict_library_precision": 0.52,
    "predict_library_recall": 0.6554621848739496,
    "predict_livingthing_f1": 0.5506948018528048,
    "predict_livingthing_number": 865,
    "predict_livingthing_precision": 0.4962894248608534,
    "predict_livingthing_recall": 0.6184971098265896,
    "predict_loss": 0.3595602512359619,
    "predict_media/newspaper_f1": 0.5572625698324023,
    "predict_media/newspaper_number": 1234,
    "predict_media/newspaper_precision": 0.48957055214723927,
    "predict_media/newspaper_recall": 0.646677471636953,
    "predict_medical_f1": 0.34398782343987816,
    "predict_medical_number": 397,
    "predict_medical_precision": 0.4346153846153846,
    "predict_medical_recall": 0.28463476070528965,
    "predict_mountain_f1": 0.5908440629470673,
    "predict_mountain_number": 681,
    "predict_mountain_precision": 0.5760111576011158,
    "predict_mountain_recall": 0.6064610866372981,
    "predict_music_f1": 0.6697038724373576,
    "predict_music_number": 1041,
    "predict_music_precision": 0.6369150779896013,
    "predict_music_recall": 0.7060518731988472,
    "predict_other_f1": 0.4809613765163757,
    "predict_other_number": 21035,
    "predict_other_precision": 0.4613570867173173,
    "predict_other_recall": 0.5023056810078441,
    "predict_overall_accuracy": 0.908464650281091,
    "predict_overall_f1": 0.5941788042556285,
    "predict_overall_precision": 0.5601564570519909,
    "predict_overall_recall": 0.6326012467489576,
    "predict_painting_f1": 0.0,
    "predict_painting_number": 58,
    "predict_painting_precision": 0.0,
    "predict_painting_recall": 0.0,
    "predict_park_f1": 0.3978947368421053,
    "predict_park_number": 458,