{
    "predict_GPE_f1": 0.7505070014485756,
    "predict_GPE_number": 20409,
    "predict_GPE_precision": 0.7397553662367331,
    "predict_GPE_recall": 0.7615757753932089,
    "predict_actor_f1": 0.6391872278664731,
    "predict_actor_number": 1638,
    "predict_actor_precision": 0.6092971776425014,
    "predict_actor_recall": 0.6721611721611722,
    "predict_airplane_f1": 0.4921968787515006,
    "predict_airplane_number": 794,
    "predict_airplane_precision": 0.4701834862385321,
    "predict_airplane_recall": 0.5163727959697733,
    "predict_airport_f1": 0.5402542372881355,
    "predict_airport_number": 364,
    "predict_airport_precision": 0.4396551724137931,
    "predict_airport_recall": 0.7005494505494505,
    "predict_artist/author_f1": 0.5497475092125018,
    "predict_artist/author_number": 3464,
    "predict_artist/author_precision": 0.5213564587108465,
    "predict_artist/author_recall": 0.5814087759815243,
    "predict_astronomything_f1": 0.495293265749457,
    "predict_astronomything_number": 678,
    "predict_astronomything_precision": 0.4864864864864865,
    "predict_astronomything_recall": 0.504424778761062,
    "predict_athlete_f1": 0.759056164838817,
    "predict_athlete_number": 2907,
    "predict_athlete_precision": 0.7341690774670524,
    "predict_athlete_recall": 0.7856897144822842,
    "predict_attack/battle/war/militaryconflict_f1": 0.5925039872408292,
    "predict_attack/battle/war/militaryconflict_number": 1099,
    "predict_attack/battle/war/militaryconflict_precision": 0.5273243435060326,
    "predict_attack/battle/war/militaryconflict_recall": 0.6760691537761602,
    "predict_award_f1": 0.42047713717693835,
    "predict_award_number": 941,
    "predict_award_precision": 0.3949579831932773,
    "predict_award_recall": 0.4495217853347503,
    "predict_biologything_f1": 0.505787619526925,
    "predict_biologything_number": 1875,
    "predict_biologything_precision": 0.4787994282991901,
    "predict_biologything_recall": 0.536,
    "predict_bodiesofwater_f1": 0.6341463414634148,
    "predict_bodiesofwater_number": 1169,
    "predict_bodiesofwater_precision": 0.6136,
    "predict_bodiesofwater_recall": 0.6561163387510693,
    "predict_broadcastprogram_f1": 0.41963578780680916,
    "predict_broadcastprogram_number": 605,
    "predict_broadcastprogram_precision": 0.4027355623100304,
    "predict_broadcastprogram_recall": 0.4380165289256198,
    "predict_car_f1": 0.5791090629800307,
    "predict_car_number": 688,
    "predict_car_precision": 0.6140065146579805,
    "predict_car_recall": 0.5479651162790697,
    "predict_chemicalthing_f1": 0.46160962072155415,
    "predict_chemicalthing_number": 1014,
    "predict_chemicalthing_precision": 0.4346689895470383,
    "predict_chemicalthing_recall": 0.4921104536489152,
    "predict_company_f1": 0.5589416489487362,
    "predict_company_number": 3903,
    "predict_company_precision": 0.5185185185185185,
    "predict_company_recall": 0.6062003586984371,
    "predict_currency_f1": 0.6472237801458216,
    "predict_currency_number": 799,
    "predict_currency_precision": 0.5863821138211383,
    "predict_currency_recall": 0.7221526908635795,
    "predict_director_f1": 0.4325883201153569,
    "predict_director_number": 554,
    "predict_director_precision": 0.36014405762304924,
    "predict_director_recall": 0.5415162454873647,
    "predict_disaster_f1": 0.4271844660194175,
    "predict_disaster_number": 207,
    "predict_disaster_precision": 0.35714285714285715,
    "predict_disaster_recall": 0.5314009661835749,
    "predict_disease_f1": 0.4787123572170302,
    "predict_disease_number": 750,
    "predict_disease_precision": 0.39200680272108845,
    "predict_disease_recall": 0.6146666666666667,
    "predict_education_f1": 0.6513700155936734,
    "predict_education_number": 2082,
    "predict_education_precision": 0.6073950976319069,
    "predict_education_recall": 0.7022094140249759,
    "predict_educationaldegree_f1": 0.4118811881188119,
    "predict_educationaldegree_number": 367,
    "predict_educationaldegree_precision": 0.3234836702954899,
    "predict_educationaldegree_recall": 0.5667574931880109,
    "predict_election_f1": 0.15537848605577687,
    "predict_election_number": 184,
    "predict_election_precision": 0.12264150943396226,
    "predict_election_recall": 0.21195652173913043,
    "predict_film_f1": 0.5287221570926143,
    "predict_film_number": 759,
    "predict_film_precision": 0.47624076029567053,
    "predict_film_recall": 0.5942028985507246,
    "predict_food_f1": 0.4157043879907621,
    "predict_food_number": 432,
    "predict_food_precision": 0.31141868512110726,
    "predict_food_recall": 0.625,
    "predict_game_f1": 0.5233644859813085,
    "predict_game_number": 496,
    "predict_game_precision": 0.5396145610278372,
    "predict_game_recall": 0.5080645161290323,
    "predict_god_f1": 0.38214565387627253,
    "predict_god_number": 635,
    "predict_god_precision": 0.38006230529595014,
    "predict_god_recall": 0.384251968503937,
    "predict_government/governmentagency_f1": 0.3082364830722587,
    "predict_government/governmentagency_number": 1535,
    "predict_government/governmentagency_precision": 0.25175402393726787,
    "predict_government/governmentagency_recall": 0.3973941368078176,
    "predict_hospital_f1": 0.5364705882352941,
    "predict_hospital_number": 364,
    "predict_hospital_precision": 0.4691358024691358,
    "predict_hospital_recall": 0.6263736263736264,
    "predict_hotel_f1": 0.5189873417721519,
    "predict_hotel_number": 265,
    "predict_hotel_precision": 0.5885167464114832,
    "predict_hotel_recall": 0.4641509433962264,
    "predict_island_f1": 0.5018288222384785,
    "predict_island_number": 646,
    "predict_island_precision": 0.47572815533980584,
    "predict_island_recall": 0.5309597523219814,
    "predict_language_f1": 0.5276073619631901,
    "predict_language_number": 753,
    "predict_language_precision": 0.4903078677309008,
    "predict_language_recall": 0.5710491367861886,
    "predict_law_f1": 0.40383080606544297,
    "predict_law_number": 488,
    "predict_law_precision": 0.330718954248366,
    "predict_law_recall": 0.5184426229508197,
    "predict_library_f1": 0.5012106537530266,
    "predict_library_number": 357,
    "predict_library_precision": 0.44136460554371004,
    "predict_library_recall": 0.5798319327731093,
    "predict_livingthing_f1": 0.5206349206349207,
    "predict_livingthing_number": 865,
    "predict_livingthing_precision": 0.42835820895522386,
    "predict_livingthing_recall": 0.6635838150289017,
    "predict_loss": 0.5183701515197754,
    "predict_media/newspaper_f1": 0.5510812826249067,
    "predict_media/newspaper_number": 1234,
    "predict_media/newspaper_precision": 0.5103591160220995,
    "predict_media/newspaper_recall": 0.5988654781199352,
    "predict_medical_f1": 0.3209580838323354,
    "predict_medical_number": 397,
    "predict_medical_precision": 0.3059360730593607,
    "predict_medical_recall": 0.33753148614609574,
    "predict_mountain_f1": 0.5327573794096473,
    "predict_mountain_number": 681,
    "predict_mountain_precision": 0.5225988700564972,
    "predict_mountain_recall": 0.5433186490455213,
    "predict_music_f1": 0.567659574468085,
    "predict_music_number": 1041,
    "predict_music_precision": 0.5095492742551566,
    "predict_music_recall": 0.6407300672430355,
    "predict_other_f1": 0.42895935341786223,
    "predict_other_number": 21035,
    "predict_other_precision": 0.38979560115022927,
    "predict_other_recall": 0.4768718801996672,
    "predict_overall_accuracy": 0.8952428413534929,
    "predict_overall_f1": 0.5411174126302881,
    "predict_overall_precision": 0.5048804033036576,
    "predict_overall_recall": 0.5829583453742311,
    "predict_painting_f1": 0.11458333333333333,
    "predict_painting_number": 58,
    "predict_painting_precision": 0.08208955223880597,
    "predict_painting_recall": 0.1896551724137931,
    "predict_park_f1": 0.23036649214659685,