{
    "predict_GPE_f1": 0.754043555032372,
    "predict_GPE_number": 20409,
    "predict_GPE_precision": 0.7257318952234206,
    "predict_GPE_recall": 0.7846538291930031,
    "predict_actor_f1": 0.6525063721325404,
    "predict_actor_number": 1638,
    "predict_actor_precision": 0.6085578446909667,
    "predict_actor_recall": 0.7032967032967034,
    "predict_airplane_f1": 0.5352449223416964,
    "predict_airplane_number": 794,
    "predict_airplane_precision": 0.509090909090909,
    "predict_airplane_recall": 0.5642317380352645,
    "predict_airport_f1": 0.6075949367088609,
    "predict_airport_number": 364,
    "predict_airport_precision": 0.622478386167147,
    "predict_airport_recall": 0.5934065934065934,
    "predict_artist/author_f1": 0.581862282711225,
    "predict_artist/author_number": 3464,
    "predict_artist/author_precision": 0.5456153651756381,
    "predict_artist/author_recall": 0.6232678983833718,
    "predict_astronomything_f1": 0.6101938262742284,
    "predict_astronomything_number": 678,
    "predict_astronomything_precision": 0.5944055944055944,
    "predict_astronomything_recall": 0.6268436578171092,
    "predict_athlete_f1": 0.7656433484314712,
    "predict_athlete_number": 2907,
    "predict_athlete_precision": 0.7472167648984938,
    "predict_athlete_recall": 0.7850017199862401,
    "predict_attack/battle/war/militaryconflict_f1": 0.5943196269605766,
    "predict_attack/battle/war/militaryconflict_number": 1099,
    "predict_attack/battle/war/militaryconflict_precision": 0.5563492063492064,
    "predict_attack/battle/war/militaryconflict_recall": 0.637852593266606,
    "predict_award_f1": 0.4643564356435643,
    "predict_award_number": 941,
    "predict_award_precision": 0.43466172381835033,
    "predict_award_recall": 0.49840595111583424,
    "predict_biologything_f1": 0.521505376344086,
    "predict_biologything_number": 1875,
    "predict_biologything_precision": 0.5257452574525745,
    "predict_biologything_recall": 0.5173333333333333,
    "predict_bodiesofwater_f1": 0.601195559350982,
    "predict_bodiesofwater_number": 1169,
    "predict_bodiesofwater_precision": 0.6001705029838023,
    "predict_bodiesofwater_recall": 0.602224123182207,
    "predict_broadcastprogram_f1": 0.42834890965732086,
    "predict_broadcastprogram_number": 605,
    "predict_broadcastprogram_precision": 0.4050073637702504,
    "predict_broadcastprogram_recall": 0.45454545454545453,
    "predict_car_f1": 0.5935127674258109,
    "predict_car_number": 688,
    "predict_car_precision": 0.5650459921156373,
    "predict_car_recall": 0.625,
    "predict_chemicalthing_f1": 0.47622852576907715,
    "predict_chemicalthing_number": 1014,
    "predict_chemicalthing_precision": 0.40026863666890533,
    "predict_chemicalthing_recall": 0.5877712031558185,
    "predict_company_f1": 0.5693855290267846,
    "predict_company_number": 3903,
    "predict_company_precision": 0.5402483900643974,
    "predict_company_recall": 0.6018447348193697,
    "predict_currency_f1": 0.6464410735122521,
    "predict_currency_number": 799,
    "predict_currency_precision": 0.6054644808743169,
    "predict_currency_recall": 0.6933667083854819,
    "predict_director_f1": 0.48389405869720825,
    "predict_director_number": 554,
    "predict_director_precision": 0.40094899169632264,
    "predict_director_recall": 0.6101083032490975,
    "predict_disaster_f1": 0.2978723404255319,
    "predict_disaster_number": 207,
    "predict_disaster_precision": 0.2916666666666667,
    "predict_disaster_recall": 0.30434782608695654,
    "predict_disease_f1": 0.5258964143426295,
    "predict_disease_number": 750,
    "predict_disease_precision": 0.45878848063555117,
    "predict_disease_recall": 0.616,
    "predict_education_f1": 0.6491033872038963,
    "predict_education_number": 2082,
    "predict_education_precision": 0.602053388090349,
    "predict_education_recall": 0.7041306436119116,
    "predict_educationaldegree_f1": 0.45195353748680045,
    "predict_educationaldegree_number": 367,
    "predict_educationaldegree_precision": 0.3689655172413793,
    "predict_educationaldegree_recall": 0.5831062670299727,
    "predict_election_f1": 0.12398921832884098,
    "predict_election_number": 184,
    "predict_election_precision": 0.12299465240641712,
    "predict_election_recall": 0.125,
    "predict_film_f1": 0.5443526170798898,
    "predict_film_number": 759,
    "predict_film_precision": 0.4678030303030303,
    "predict_film_recall": 0.6508563899868248,
    "predict_food_f1": 0.3946932006633499,
    "predict_food_number": 432,
    "predict_food_precision": 0.30749354005167956,
    "predict_food_recall": 0.5509259259259259,
    "predict_game_f1": 0.527803958529689,
    "predict_game_number": 496,
    "predict_game_precision": 0.49557522123893805,
    "predict_game_recall": 0.5645161290322581,
    "predict_god_f1": 0.5147881694644285,
    "predict_god_number": 635,
    "predict_god_precision": 0.5227272727272727,
    "predict_god_recall": 0.5070866141732283,
    "predict_government/governmentagency_f1": 0.32097367676195865,
    "predict_government/governmentagency_number": 1535,
    "predict_government/governmentagency_precision": 0.28378378378378377,
    "predict_government/governmentagency_recall": 0.36938110749185665,
    "predict_hospital_f1": 0.5956907477820026,
    "predict_hospital_number": 364,
    "predict_hospital_precision": 0.5529411764705883,
    "predict_hospital_recall": 0.6456043956043956,
    "predict_hotel_f1": 0.5115452930728241,
    "predict_hotel_number": 265,
    "predict_hotel_precision": 0.48322147651006714,
    "predict_hotel_recall": 0.5433962264150943,
    "predict_island_f1": 0.5179640718562875,
    "predict_island_number": 646,
    "predict_island_precision": 0.5014492753623189,
    "predict_island_recall": 0.5356037151702786,
    "predict_language_f1": 0.6178571428571429,
    "predict_language_number": 753,
    "predict_language_precision": 0.5598705501618123,
    "predict_language_recall": 0.6892430278884463,
    "predict_law_f1": 0.4587301587301587,
    "predict_law_number": 488,
    "predict_law_precision": 0.3743523316062176,
    "predict_law_recall": 0.5922131147540983,
    "predict_library_f1": 0.5285215366705471,
    "predict_library_number": 357,
    "predict_library_precision": 0.45219123505976094,
    "predict_library_recall": 0.6358543417366946,
    "predict_livingthing_f1": 0.5055999999999999,
    "predict_livingthing_number": 865,
    "predict_livingthing_precision": 0.4693069306930693,
    "predict_livingthing_recall": 0.5479768786127167,
    "predict_loss": 0.5106649994850159,
    "predict_media/newspaper_f1": 0.5409775817714075,
    "predict_media/newspaper_number": 1234,
    "predict_media/newspaper_precision": 0.4949562878278413,
    "predict_media/newspaper_recall": 0.5964343598055105,
    "predict_medical_f1": 0.3299565846599132,
    "predict_medical_number": 397,
    "predict_medical_precision": 0.3877551020408163,
    "predict_medical_recall": 0.2871536523929471,
    "predict_mountain_f1": 0.5616246498599441,
    "predict_mountain_number": 681,
    "predict_mountain_precision": 0.536813922356091,
    "predict_mountain_recall": 0.5888399412628488,
    "predict_music_f1": 0.6173826173826173,
    "predict_music_number": 1041,
    "predict_music_precision": 0.6430801248699272,
    "predict_music_recall": 0.5936599423631124,
    "predict_other_f1": 0.4469511126686525,
    "predict_other_number": 21035,
    "predict_other_precision": 0.4144023394663092,
    "predict_other_recall": 0.4850487283099596,
    "predict_overall_accuracy": 0.9009004900907004,
    "predict_overall_f1": 0.5610946025997293,
    "predict_overall_precision": 0.5260011738678947,
    "predict_overall_recall": 0.6012054658795359,
    "predict_painting_f1": 0.06349206349206349,
    "predict_painting_number": 58,
    "predict_painting_precision": 0.4,
    "predict_painting_recall": 0.034482758620689655,
    "predict_park_f1": 0.43632958801498134,
    "predict_park_number": 458,