{
    "predict_GPE_f1": 0.7606033382193013,
    "predict_GPE_number": 20409,
    "predict_GPE_precision": 0.7348896706108091,
    "predict_GPE_recall": 0.7881816845509334,
    "predict_actor_f1": 0.6061827956989247,
    "predict_actor_number": 1638,
    "predict_actor_precision": 0.6741405082212257,
    "predict_actor_recall": 0.5506715506715507,
    "predict_airplane_f1": 0.48590281943611274,
    "predict_airplane_number": 794,
    "predict_airplane_precision": 0.4639175257731959,
    "predict_airplane_recall": 0.5100755667506297,
    "predict_airport_f1": 0.7160493827160493,
    "predict_airport_number": 364,
    "predict_airport_precision": 0.7150684931506849,
    "predict_airport_recall": 0.717032967032967,
    "predict_artist/author_f1": 0.5626970652437546,
    "predict_artist/author_number": 3464,
    "predict_artist/author_precision": 0.4851526557925554,
    "predict_artist/author_recall": 0.6697459584295612,
    "predict_astronomything_f1": 0.4948453608247423,
    "predict_astronomything_number": 678,
    "predict_astronomything_precision": 0.46332046332046334,
    "predict_astronomything_recall": 0.5309734513274337,
    "predict_athlete_f1": 0.7653369091518606,
    "predict_athlete_number": 2907,
    "predict_athlete_precision": 0.7463223275580255,
    "predict_athlete_recall": 0.7853457172342622,
    "predict_attack/battle/war/militaryconflict_f1": 0.5804665875840253,
    "predict_attack/battle/war/militaryconflict_number": 1099,
    "predict_attack/battle/war/militaryconflict_precision": 0.5132867132867133,
    "predict_attack/battle/war/militaryconflict_recall": 0.6678798908098271,
    "predict_award_f1": 0.44702467343976776,
    "predict_award_number": 941,
    "predict_award_precision": 0.4103019538188277,
    "predict_award_recall": 0.4909670563230606,
    "predict_biologything_f1": 0.5156164383561644,
    "predict_biologything_number": 1875,
    "predict_biologything_precision": 0.5301408450704226,
    "predict_biologything_recall": 0.5018666666666667,
    "predict_bodiesofwater_f1": 0.6294995610184372,
    "predict_bodiesofwater_number": 1169,
    "predict_bodiesofwater_precision": 0.6465284039675383,
    "predict_bodiesofwater_recall": 0.613344739093242,
    "predict_broadcastprogram_f1": 0.41103202846975084,
    "predict_broadcastprogram_number": 605,
    "predict_broadcastprogram_precision": 0.44508670520231214,
    "predict_broadcastprogram_recall": 0.38181818181818183,
    "predict_car_f1": 0.5907111756168361,
    "predict_car_number": 688,
    "predict_car_precision": 0.5898550724637681,
    "predict_car_recall": 0.5915697674418605,
    "predict_chemicalthing_f1": 0.49237288135593227,
    "predict_chemicalthing_number": 1014,
    "predict_chemicalthing_precision": 0.43164933135215455,
    "predict_chemicalthing_recall": 0.5729783037475346,
    "predict_company_f1": 0.554383320773675,
    "predict_company_number": 3903,
    "predict_company_precision": 0.543729982754373,
    "predict_company_recall": 0.5654624647706892,
    "predict_currency_f1": 0.5913911416094821,
    "predict_currency_number": 799,
    "predict_currency_precision": 0.5895522388059702,
    "predict_currency_recall": 0.5932415519399249,
    "predict_director_f1": 0.3567874911158493,
    "predict_director_number": 554,
    "predict_director_precision": 0.29425556858147717,
    "predict_director_recall": 0.45306859205776173,
    "predict_disaster_f1": 0.4148471615720524,
    "predict_disaster_number": 207,
    "predict_disaster_precision": 0.3784860557768924,
    "predict_disaster_recall": 0.45893719806763283,
    "predict_disease_f1": 0.4905857740585773,
    "predict_disease_number": 750,
    "predict_disease_precision": 0.4036144578313253,
    "predict_disease_recall": 0.6253333333333333,
    "predict_education_f1": 0.6435487502814682,
    "predict_education_number": 2082,
    "predict_education_precision": 0.6057651547265791,
    "predict_education_recall": 0.686359269932757,
    "predict_educationaldegree_f1": 0.40483383685800606,
    "predict_educationaldegree_number": 367,
    "predict_educationaldegree_precision": 0.3210862619808307,
    "predict_educationaldegree_recall": 0.547683923705722,
    "predict_election_f1": 0.11170212765957446,
    "predict_election_number": 184,
    "predict_election_precision": 0.109375,
    "predict_election_recall": 0.11413043478260869,
    "predict_film_f1": 0.5376344086021505,
    "predict_film_number": 759,
    "predict_film_precision": 0.4918032786885246,
    "predict_film_recall": 0.5928853754940712,
    "predict_food_f1": 0.4285714285714286,
    "predict_food_number": 432,
    "predict_food_precision": 0.41379310344827586,
    "predict_food_recall": 0.4444444444444444,
    "predict_game_f1": 0.5463510848126233,
    "predict_game_number": 496,
    "predict_game_precision": 0.5347490347490348,
    "predict_game_recall": 0.5584677419354839,
    "predict_god_f1": 0.41304347826086957,
    "predict_god_number": 635,
    "predict_god_precision": 0.4861407249466951,
    "predict_god_recall": 0.3590551181102362,
    "predict_government/governmentagency_f1": 0.30892857142857144,
    "predict_government/governmentagency_number": 1535,
    "predict_government/governmentagency_precision": 0.2843835616438356,
    "predict_government/governmentagency_recall": 0.33811074918566775,
    "predict_hospital_f1": 0.6101265822784809,
    "predict_hospital_number": 364,
    "predict_hospital_precision": 0.5657276995305164,
    "predict_hospital_recall": 0.6620879120879121,
    "predict_hotel_f1": 0.5009009009009009,
    "predict_hotel_number": 265,
    "predict_hotel_precision": 0.4793103448275862,
    "predict_hotel_recall": 0.5245283018867924,
    "predict_island_f1": 0.51067463706234,
    "predict_island_number": 646,
    "predict_island_precision": 0.5695238095238095,
    "predict_island_recall": 0.4628482972136223,
    "predict_language_f1": 0.5931790499390985,
    "predict_language_number": 753,
    "predict_language_precision": 0.547806524184477,
    "predict_language_recall": 0.646746347941567,
    "predict_law_f1": 0.4181494661921708,
    "predict_law_number": 488,
    "predict_law_precision": 0.3694968553459119,
    "predict_law_recall": 0.48155737704918034,
    "predict_library_f1": 0.5321336760925449,
    "predict_library_number": 357,
    "predict_library_precision": 0.4916864608076009,
    "predict_library_recall": 0.5798319327731093,
    "predict_livingthing_f1": 0.48971193415637854,
    "predict_livingthing_number": 865,
    "predict_livingthing_precision": 0.4411492122335496,
    "predict_livingthing_recall": 0.5502890173410404,
    "predict_loss": 0.5134857296943665,
    "predict_media/newspaper_f1": 0.5483264385107184,
    "predict_media/newspaper_number": 1234,
    "predict_media/newspaper_precision": 0.511578947368421,
    "predict_media/newspaper_recall": 0.5907617504051864,
    "predict_medical_f1": 0.3478260869565218,
    "predict_medical_number": 397,
    "predict_medical_precision": 0.40955631399317405,
    "predict_medical_recall": 0.3022670025188917,
    "predict_mountain_f1": 0.543046357615894,
    "predict_mountain_number": 681,
    "predict_mountain_precision": 0.6223908918406073,
    "predict_mountain_recall": 0.48164464023494863,
    "predict_music_f1": 0.597938144329897,
    "predict_music_number": 1041,
    "predict_music_precision": 0.6114457831325302,
    "predict_music_recall": 0.5850144092219021,
    "predict_other_f1": 0.4447125050261359,
    "predict_other_number": 21035,
    "predict_other_precision": 0.4194513505541275,
    "predict_other_recall": 0.47321131447587356,
    "predict_overall_accuracy": 0.8983924938168664,
    "predict_overall_f1": 0.5568930076148916,
    "predict_overall_precision": 0.5262147691686029,
    "predict_overall_recall": 0.5913697725302398,
    "predict_painting_f1": 0.0,
    "predict_painting_number": 58,
    "predict_painting_precision": 0.0,
    "predict_painting_recall": 0.0,
    "predict_park_f1": 0.4227318045862413,
    "predict_park_number": 458,