{
    "predict_GPE_f1": 0.7591665474657894,
    "predict_GPE_number": 20409,
    "predict_GPE_precision": 0.7392858801132934,
    "predict_GPE_recall": 0.7801460140134254,
    "predict_actor_f1": 0.6505871152015233,
    "predict_actor_number": 1638,
    "predict_actor_precision": 0.6774619960343689,
    "predict_actor_recall": 0.6257631257631258,
    "predict_airplane_f1": 0.5393532641854789,
    "predict_airplane_number": 794,
    "predict_airplane_precision": 0.5230769230769231,
    "predict_airplane_recall": 0.5566750629722922,
    "predict_airport_f1": 0.6793893129770991,
    "predict_airport_number": 364,
    "predict_airport_precision": 0.6327014218009479,
    "predict_airport_recall": 0.7335164835164835,
    "predict_artist/author_f1": 0.5625871201561193,
    "predict_artist/author_number": 3464,
    "predict_artist/author_precision": 0.5439353099730458,
    "predict_artist/author_recall": 0.5825635103926097,
    "predict_astronomything_f1": 0.5857247976453274,
    "predict_astronomything_number": 678,
    "predict_astronomything_precision": 0.5844346549192364,
    "predict_astronomything_recall": 0.5870206489675516,
    "predict_athlete_f1": 0.7510460251046026,
    "predict_athlete_number": 2907,
    "predict_athlete_precision": 0.7613997879109226,
    "predict_athlete_recall": 0.7409700722394221,
    "predict_attack/battle/war/militaryconflict_f1": 0.6302924487123528,
    "predict_attack/battle/war/militaryconflict_number": 1099,
    "predict_attack/battle/war/militaryconflict_precision": 0.6057046979865772,
    "predict_attack/battle/war/militaryconflict_recall": 0.6569608735213831,
    "predict_award_f1": 0.5066144047035767,
    "predict_award_number": 941,
    "predict_award_precision": 0.47,
    "predict_award_recall": 0.5494155154091392,
    "predict_biologything_f1": 0.5435059964276601,
    "predict_biologything_number": 1875,
    "predict_biologything_precision": 0.5210371819960861,
    "predict_biologything_recall": 0.568,
    "predict_bodiesofwater_f1": 0.6190476190476191,
    "predict_bodiesofwater_number": 1169,
    "predict_bodiesofwater_precision": 0.6153846153846154,
    "predict_bodiesofwater_recall": 0.6227544910179641,
    "predict_broadcastprogram_f1": 0.4286934244235696,
    "predict_broadcastprogram_number": 605,
    "predict_broadcastprogram_precision": 0.44346289752650175,
    "predict_broadcastprogram_recall": 0.41487603305785126,
    "predict_car_f1": 0.551924473493101,
    "predict_car_number": 688,
    "predict_car_precision": 0.5515239477503628,
    "predict_car_recall": 0.5523255813953488,
    "predict_chemicalthing_f1": 0.47299423177766126,
    "predict_chemicalthing_number": 1014,
    "predict_chemicalthing_precision": 0.5050391937290034,
    "predict_chemicalthing_recall": 0.4447731755424063,
    "predict_company_f1": 0.5616751269035533,
    "predict_company_number": 3903,
    "predict_company_precision": 0.5564495851144079,
    "predict_company_recall": 0.5669997437868306,
    "predict_currency_f1": 0.646590909090909,
    "predict_currency_number": 799,
    "predict_currency_precision": 0.5920915712799167,
    "predict_currency_recall": 0.7121401752190237,
    "predict_director_f1": 0.49498843484965305,
    "predict_director_number": 554,
    "predict_director_precision": 0.43203230148048455,
    "predict_director_recall": 0.5794223826714802,
    "predict_disaster_f1": 0.40792079207920795,
    "predict_disaster_number": 207,
    "predict_disaster_precision": 0.34563758389261745,
    "predict_disaster_recall": 0.4975845410628019,
    "predict_disease_f1": 0.5303370786516854,
    "predict_disease_number": 750,
    "predict_disease_precision": 0.458252427184466,
    "predict_disease_recall": 0.6293333333333333,
    "predict_education_f1": 0.6469373709566415,
    "predict_education_number": 2082,
    "predict_education_precision": 0.619235836627141,
    "predict_education_recall": 0.6772334293948127,
    "predict_educationaldegree_f1": 0.4811320754716981,
    "predict_educationaldegree_number": 367,
    "predict_educationaldegree_precision": 0.42411642411642414,
    "predict_educationaldegree_recall": 0.555858310626703,
    "predict_election_f1": 0.16228070175438597,
    "predict_election_number": 184,
    "predict_election_precision": 0.13602941176470587,
    "predict_election_recall": 0.20108695652173914,
    "predict_film_f1": 0.5535911602209944,
    "predict_film_number": 759,
    "predict_film_precision": 0.47668886774500474,
    "predict_film_recall": 0.6600790513833992,
    "predict_food_f1": 0.4089935760171306,
    "predict_food_number": 432,
    "predict_food_precision": 0.3804780876494024,
    "predict_food_recall": 0.44212962962962965,
    "predict_game_f1": 0.4923664122137405,
    "predict_game_number": 496,
    "predict_game_precision": 0.4673913043478261,
    "predict_game_recall": 0.5201612903225806,
    "predict_god_f1": 0.5347928068803753,
    "predict_god_number": 635,
    "predict_god_precision": 0.531055900621118,
    "predict_god_recall": 0.5385826771653544,
    "predict_government/governmentagency_f1": 0.3025418474891507,
    "predict_government/governmentagency_number": 1535,
    "predict_government/governmentagency_precision": 0.2885866351271437,
    "predict_government/governmentagency_recall": 0.31791530944625407,
    "predict_hospital_f1": 0.5626598465473145,
    "predict_hospital_number": 364,
    "predict_hospital_precision": 0.5263157894736842,
    "predict_hospital_recall": 0.6043956043956044,
    "predict_hotel_f1": 0.5177304964539008,
    "predict_hotel_number": 265,
    "predict_hotel_precision": 0.4882943143812709,
    "predict_hotel_recall": 0.5509433962264151,
    "predict_island_f1": 0.5234604105571848,
    "predict_island_number": 646,
    "predict_island_precision": 0.4972144846796657,
    "predict_island_recall": 0.5526315789473685,
    "predict_language_f1": 0.595695171611402,
    "predict_language_number": 753,
    "predict_language_precision": 0.5300207039337475,
    "predict_language_recall": 0.6799468791500664,
    "predict_law_f1": 0.443859649122807,
    "predict_law_number": 488,
    "predict_law_precision": 0.3880368098159509,
    "predict_law_recall": 0.5184426229508197,
    "predict_library_f1": 0.5340751043115438,
    "predict_library_number": 357,
    "predict_library_precision": 0.5303867403314917,
    "predict_library_recall": 0.5378151260504201,
    "predict_livingthing_f1": 0.5042016806722689,
    "predict_livingthing_number": 865,
    "predict_livingthing_precision": 0.4891304347826087,
    "predict_livingthing_recall": 0.5202312138728323,
    "predict_loss": 0.6659685373306274,
    "predict_media/newspaper_f1": 0.5037481259370314,
    "predict_media/newspaper_number": 1234,
    "predict_media/newspaper_precision": 0.4686192468619247,
    "predict_media/newspaper_recall": 0.5445705024311183,
    "predict_medical_f1": 0.40509259259259256,
    "predict_medical_number": 397,
    "predict_medical_precision": 0.3747323340471092,
    "predict_medical_recall": 0.44080604534005036,
    "predict_mountain_f1": 0.6016504126031508,
    "predict_mountain_number": 681,
    "predict_mountain_precision": 0.6150306748466258,
    "predict_mountain_recall": 0.5888399412628488,
    "predict_music_f1": 0.624874623871615,
    "predict_music_number": 1041,
    "predict_music_precision": 0.6537250786988458,
    "predict_music_recall": 0.5984630163304515,
    "predict_other_f1": 0.45903973657277625,
    "predict_other_number": 21035,
    "predict_other_precision": 0.4314332315670612,
    "predict_other_recall": 0.4904207273591633,
    "predict_overall_accuracy": 0.9002599196138337,
    "predict_overall_f1": 0.5659519007289721,
    "predict_overall_precision": 0.5443521863888121,
    "predict_overall_recall": 0.5893365809354746,
    "predict_painting_f1": 0.07407407407407407,
    "predict_painting_number": 58,
    "predict_painting_precision": 0.13043478260869565,
    "predict_painting_recall": 0.05172413793103448,
    "predict_park_f1": 0.44150943396226416,