{
    "predict_GPE_f1": 0.7312734300416792,
    "predict_GPE_number": 20409,
    "predict_GPE_precision": 0.6967344041174904,
    "predict_GPE_recall": 0.7694154539663873,
    "predict_actor_f1": 0.5998225377107365,
    "predict_actor_number": 1638,
    "predict_actor_precision": 0.5817555938037866,
    "predict_actor_recall": 0.6190476190476191,
    "predict_airplane_f1": 0.5009609224855862,
    "predict_airplane_number": 794,
    "predict_airplane_precision": 0.5097783572359843,
    "predict_airplane_recall": 0.4924433249370277,
    "predict_airport_f1": 0.5356695869837297,
    "predict_airport_number": 364,
    "predict_airport_precision": 0.49195402298850577,
    "predict_airport_recall": 0.5879120879120879,
    "predict_artist/author_f1": 0.546670095140139,
    "predict_artist/author_number": 3464,
    "predict_artist/author_precision": 0.49281409364858597,
    "predict_artist/author_recall": 0.6137413394919169,
    "predict_astronomything_f1": 0.6369337979094076,
    "predict_astronomything_number": 678,
    "predict_astronomything_precision": 0.6036988110964333,
    "predict_astronomything_recall": 0.6740412979351033,
    "predict_athlete_f1": 0.7551671987901192,
    "predict_athlete_number": 2907,
    "predict_athlete_precision": 0.738173455978975,
    "predict_athlete_recall": 0.7729618163054696,
    "predict_attack/battle/war/militaryconflict_f1": 0.5752285951787199,
    "predict_attack/battle/war/militaryconflict_number": 1099,
    "predict_attack/battle/war/militaryconflict_precision": 0.5294567712318287,
    "predict_attack/battle/war/militaryconflict_recall": 0.629663330300273,
    "predict_award_f1": 0.4247867085765605,
    "predict_award_number": 941,
    "predict_award_precision": 0.3678071539657854,
    "predict_award_recall": 0.5026567481402763,
    "predict_biologything_f1": 0.5574193548387096,
    "predict_biologything_number": 1875,
    "predict_biologything_precision": 0.54,
    "predict_biologything_recall": 0.576,
    "predict_bodiesofwater_f1": 0.5647952722667793,
    "predict_bodiesofwater_number": 1169,
    "predict_bodiesofwater_precision": 0.5575,
    "predict_bodiesofwater_recall": 0.572284003421728,
    "predict_broadcastprogram_f1": 0.39375,
    "predict_broadcastprogram_number": 605,
    "predict_broadcastprogram_precision": 0.37333333333333335,
    "predict_broadcastprogram_recall": 0.41652892561983473,
    "predict_car_f1": 0.5624521072796935,
    "predict_car_number": 688,
    "predict_car_precision": 0.5948136142625607,
    "predict_car_recall": 0.5334302325581395,
    "predict_chemicalthing_f1": 0.47929269427640764,
    "predict_chemicalthing_number": 1014,
    "predict_chemicalthing_precision": 0.45374449339207046,
    "predict_chemicalthing_recall": 0.5078895463510849,
    "predict_company_f1": 0.5154487493869544,
    "predict_company_number": 3903,
    "predict_company_precision": 0.49423936045144606,
    "predict_company_recall": 0.5385600819882141,
    "predict_currency_f1": 0.6338108882521489,
    "predict_currency_number": 799,
    "predict_currency_precision": 0.5845665961945031,
    "predict_currency_recall": 0.6921151439299124,
    "predict_director_f1": 0.4806629834254143,
    "predict_director_number": 554,
    "predict_director_precision": 0.4906015037593985,
    "predict_director_recall": 0.4711191335740072,
    "predict_disaster_f1": 0.33138401559454195,
    "predict_disaster_number": 207,
    "predict_disaster_precision": 0.2777777777777778,
    "predict_disaster_recall": 0.4106280193236715,
    "predict_disease_f1": 0.5195920558239397,
    "predict_disease_number": 750,
    "predict_disease_precision": 0.4348607367475292,
    "predict_disease_recall": 0.6453333333333333,
    "predict_education_f1": 0.5901848311026132,
    "predict_education_number": 2082,
    "predict_education_precision": 0.5291428571428571,
    "predict_education_recall": 0.6671469740634006,
    "predict_educationaldegree_f1": 0.4317673378076063,
    "predict_educationaldegree_number": 367,
    "predict_educationaldegree_precision": 0.36622390891840606,
    "predict_educationaldegree_recall": 0.5258855585831063,
    "predict_election_f1": 0.12935323383084574,
    "predict_election_number": 184,
    "predict_election_precision": 0.11926605504587157,
    "predict_election_recall": 0.14130434782608695,
    "predict_film_f1": 0.5044293903074517,
    "predict_film_number": 759,
    "predict_film_precision": 0.41724137931034483,
    "predict_film_recall": 0.6376811594202898,
    "predict_food_f1": 0.35584137191854237,
    "predict_food_number": 432,
    "predict_food_precision": 0.3313373253493014,
    "predict_food_recall": 0.38425925925925924,
    "predict_game_f1": 0.5222222222222223,
    "predict_game_number": 496,
    "predict_game_precision": 0.4828767123287671,
    "predict_game_recall": 0.5685483870967742,
    "predict_god_f1": 0.5480427046263345,
    "predict_god_number": 635,
    "predict_god_precision": 0.5,
    "predict_god_recall": 0.6062992125984252,
    "predict_government/governmentagency_f1": 0.30404685835995743,
    "predict_government/governmentagency_number": 1535,
    "predict_government/governmentagency_precision": 0.2570914002701486,
    "predict_government/governmentagency_recall": 0.3719869706840391,
    "predict_hospital_f1": 0.5682382133995039,
    "predict_hospital_number": 364,
    "predict_hospital_precision": 0.5180995475113123,
    "predict_hospital_recall": 0.6291208791208791,
    "predict_hotel_f1": 0.5200642054574639,
    "predict_hotel_number": 265,
    "predict_hotel_precision": 0.45251396648044695,
    "predict_hotel_recall": 0.6113207547169811,
    "predict_island_f1": 0.4791508718726308,
    "predict_island_number": 646,
    "predict_island_precision": 0.46953937592867756,
    "predict_island_recall": 0.4891640866873065,
    "predict_language_f1": 0.6247240618101545,
    "predict_language_number": 753,
    "predict_language_precision": 0.534466477809254,
    "predict_language_recall": 0.751660026560425,
    "predict_law_f1": 0.4027898866608544,
    "predict_law_number": 488,
    "predict_law_precision": 0.3505311077389985,
    "predict_law_recall": 0.4733606557377049,
    "predict_library_f1": 0.4645308924485126,
    "predict_library_number": 357,
    "predict_library_precision": 0.39264990328820115,
    "predict_library_recall": 0.5686274509803921,
    "predict_livingthing_f1": 0.49005337214944206,
    "predict_livingthing_number": 865,
    "predict_livingthing_precision": 0.4222408026755853,
    "predict_livingthing_recall": 0.5838150289017341,
    "predict_loss": 0.612250030040741,
    "predict_media/newspaper_f1": 0.5022321428571429,
    "predict_media/newspaper_number": 1234,
    "predict_media/newspaper_precision": 0.4642365887207703,
    "predict_media/newspaper_recall": 0.5470016207455429,
    "predict_medical_f1": 0.40690505548705297,
    "predict_medical_number": 397,
    "predict_medical_precision": 0.39855072463768115,
    "predict_medical_recall": 0.4156171284634761,
    "predict_mountain_f1": 0.5426917510853835,
    "predict_mountain_number": 681,
    "predict_mountain_precision": 0.5349500713266762,
    "predict_mountain_recall": 0.5506607929515418,
    "predict_music_f1": 0.5873161764705882,
    "predict_music_number": 1041,
    "predict_music_precision": 0.5629955947136563,
    "predict_music_recall": 0.6138328530259366,
    "predict_other_f1": 0.41443538998835855,
    "predict_other_number": 21035,
    "predict_other_precision": 0.38518699983668137,
    "predict_other_recall": 0.44849061088661757,
    "predict_overall_accuracy": 0.8976259806699716,
    "predict_overall_f1": 0.5373726771785025,
    "predict_overall_precision": 0.499658424494069,
    "predict_overall_recall": 0.5812450976344796,
    "predict_painting_f1": 0.08602150537634408,
    "predict_painting_number": 58,
    "predict_painting_precision": 0.11428571428571428,
    "predict_painting_recall": 0.06896551724137931,
    "predict_park_f1": 0.4027237354085603,
    "predict_park_number": 458,