{
    "predict_GPE_f1": 0.6864873245988061,
    "predict_GPE_number": 20409,
    "predict_GPE_precision": 0.5678648154679835,
    "predict_GPE_recall": 0.8677544220686951,
    "predict_actor_f1": 0.0,
    "predict_actor_number": 1638,
    "predict_actor_precision": 0.0,
    "predict_actor_recall": 0.0,
    "predict_airplane_f1": 0.09898762654668168,
    "predict_airplane_number": 794,
    "predict_airplane_precision": 0.4631578947368421,
    "predict_airplane_recall": 0.055415617128463476,
    "predict_airport_f1": 0.0,
    "predict_airport_number": 364,
    "predict_airport_precision": 0.0,
    "predict_airport_recall": 0.0,
    "predict_artist/author_f1": 0.13969482054588436,
    "predict_artist/author_number": 3464,
    "predict_artist/author_precision": 0.27333894028595457,
    "predict_artist/author_recall": 0.09382217090069284,
    "predict_astronomything_f1": 0.10275689223057644,
    "predict_astronomything_number": 678,
    "predict_astronomything_precision": 0.3416666666666667,
    "predict_astronomything_recall": 0.06047197640117994,
    "predict_athlete_f1": 0.14298642533936654,
    "predict_athlete_number": 2907,
    "predict_athlete_precision": 0.5808823529411765,
    "predict_athlete_recall": 0.08152734778121776,
    "predict_attack/battle/war/militaryconflict_f1": 0.4395935265336846,
    "predict_attack/battle/war/militaryconflict_number": 1099,
    "predict_attack/battle/war/militaryconflict_precision": 0.3748395378690629,
    "predict_attack/battle/war/militaryconflict_recall": 0.5313921747042766,
    "predict_award_f1": 0.14112615823235922,
    "predict_award_number": 941,
    "predict_award_precision": 0.21428571428571427,
    "predict_award_recall": 0.10520722635494155,
    "predict_biologything_f1": 0.012671594508975714,
    "predict_biologything_number": 1875,
    "predict_biologything_precision": 0.631578947368421,
    "predict_biologything_recall": 0.0064,
    "predict_bodiesofwater_f1": 0.14928649835345775,
    "predict_bodiesofwater_number": 1169,
    "predict_bodiesofwater_precision": 0.2082695252679939,
    "predict_bodiesofwater_recall": 0.11633875106929,
    "predict_broadcastprogram_f1": 0.0,
    "predict_broadcastprogram_number": 605,
    "predict_broadcastprogram_precision": 0.0,
    "predict_broadcastprogram_recall": 0.0,
    "predict_car_f1": 0.0,
    "predict_car_number": 688,
    "predict_car_precision": 0.0,
    "predict_car_recall": 0.0,
    "predict_chemicalthing_f1": 0.16654384672070746,
    "predict_chemicalthing_number": 1014,
    "predict_chemicalthing_precision": 0.3294460641399417,
    "predict_chemicalthing_recall": 0.11143984220907298,
    "predict_company_f1": 0.43620364550597107,
    "predict_company_number": 3903,
    "predict_company_precision": 0.33577550456179156,
    "predict_company_recall": 0.6223417883679221,
    "predict_currency_f1": 0.0,
    "predict_currency_number": 799,
    "predict_currency_precision": 0.0,
    "predict_currency_recall": 0.0,
    "predict_director_f1": 0.0,
    "predict_director_number": 554,
    "predict_director_precision": 0.0,
    "predict_director_recall": 0.0,
    "predict_disaster_f1": 0.0,
    "predict_disaster_number": 207,
    "predict_disaster_precision": 0.0,
    "predict_disaster_recall": 0.0,
    "predict_disease_f1": 0.0,
    "predict_disease_number": 750,
    "predict_disease_precision": 0.0,
    "predict_disease_recall": 0.0,
    "predict_education_f1": 0.528424033987457,
    "predict_education_number": 2082,
    "predict_education_precision": 0.4564837469416288,
    "predict_education_recall": 0.627281460134486,
    "predict_educationaldegree_f1": 0.0,
    "predict_educationaldegree_number": 367,
    "predict_educationaldegree_precision": 0.0,
    "predict_educationaldegree_recall": 0.0,
    "predict_election_f1": 0.0,
    "predict_election_number": 184,
    "predict_election_precision": 0.0,
    "predict_election_recall": 0.0,
    "predict_film_f1": 0.0,
    "predict_film_number": 759,
    "predict_film_precision": 0.0,
    "predict_film_recall": 0.0,
    "predict_food_f1": 0.0,
    "predict_food_number": 432,
    "predict_food_precision": 0.0,
    "predict_food_recall": 0.0,
    "predict_game_f1": 0.0,
    "predict_game_number": 496,
    "predict_game_precision": 0.0,
    "predict_game_recall": 0.0,
    "predict_god_f1": 0.0,
    "predict_god_number": 635,
    "predict_god_precision": 0.0,
    "predict_god_recall": 0.0,
    "predict_government/governmentagency_f1": 0.0,
    "predict_government/governmentagency_number": 1535,
    "predict_government/governmentagency_precision": 0.0,
    "predict_government/governmentagency_recall": 0.0,
    "predict_hospital_f1": 0.0,
    "predict_hospital_number": 364,
    "predict_hospital_precision": 0.0,
    "predict_hospital_recall": 0.0,
    "predict_hotel_f1": 0.0,
    "predict_hotel_number": 265,
    "predict_hotel_precision": 0.0,
    "predict_hotel_recall": 0.0,
    "predict_island_f1": 0.0,
    "predict_island_number": 646,
    "predict_island_precision": 0.0,
    "predict_island_recall": 0.0,
    "predict_language_f1": 0.0,
    "predict_language_number": 753,
    "predict_language_precision": 0.0,
    "predict_language_recall": 0.0,
    "predict_law_f1": 0.0,
    "predict_law_number": 488,
    "predict_law_precision": 0.0,
    "predict_law_recall": 0.0,
    "predict_library_f1": 0.0,
    "predict_library_number": 357,
    "predict_library_precision": 0.0,
    "predict_library_recall": 0.0,
    "predict_livingthing_f1": 0.20354563361785946,
    "predict_livingthing_number": 865,
    "predict_livingthing_precision": 0.23556231003039513,
    "predict_livingthing_recall": 0.1791907514450867,
    "predict_loss": 0.6311265826225281,
    "predict_media/newspaper_f1": 0.0,
    "predict_media/newspaper_number": 1234,
    "predict_media/newspaper_precision": 0.0,
    "predict_media/newspaper_recall": 0.0,
    "predict_medical_f1": 0.0,
    "predict_medical_number": 397,
    "predict_medical_precision": 0.0,
    "predict_medical_recall": 0.0,
    "predict_mountain_f1": 0.0,
    "predict_mountain_number": 681,
    "predict_mountain_precision": 0.0,
    "predict_mountain_recall": 0.0,
    "predict_music_f1": 0.2657077971233914,
    "predict_music_number": 1041,
    "predict_music_precision": 0.16544897478199388,
    "predict_music_recall": 0.6743515850144092,
    "predict_other_f1": 0.37624668912069587,
    "predict_other_number": 21035,
    "predict_other_precision": 0.28673960176439806,
    "predict_other_recall": 0.5469931067268837,
    "predict_overall_accuracy": 0.8586293528935328,
    "predict_overall_f1": 0.3921426376272741,
    "predict_overall_precision": 0.38306249200271664,
    "predict_overall_recall": 0.40166370804607193,
    "predict_painting_f1": 0.0,
    "predict_painting_number": 58,
    "predict_painting_precision": 0.0,
    "predict_painting_recall": 0.0,
    "predict_park_f1": 0.0,
    "predict_park_number": 458,
    "predict_park_precision": 0.0,
    "predict_park_recall": 0.0,
    "predict_politicalparty_f1": 0.019713261648745522,
    "predict_politicalparty_number": 1057,
    "predict_politicalparty_precision": 0.1864406779661017,
    "predict_politicalparty_recall": 0.010406811731315043,
    "predict_politician_f1": 0.28214932582008456,
    "predict_politician_number": 2859,
    "predict_politician_precision": 0.33222748815165876,
    "predict_politician_recall": 0.24519062609303952,
    "predict_protest_f1": 0.0,
    "predict_protest_number": 166,
    "predict_protest_precision": 0.0,
    "predict_protest_recall": 0.0,
    "predict_religion_f1": 0.0,
    "predict_religion_number": 676,
    "predict_religion_precision": 0.0,
    "predict_religion_recall": 0.0,
    "predict_restaurant_f1": 0.0,
    "predict_restaurant_number": 232,
    "predict_restaurant_precision": 0.0,
    "predict_restaurant_recall": 0.0,
    "predict_road/railway/highway/transit_f1": 0.20218386755899964,
    "predict_road/railway/highway/transit_number": 1702,