{
    "predict_GPE_f1": 0.7891242639641541,
    "predict_GPE_number": 20409,
    "predict_GPE_precision": 0.7569988297776578,
    "predict_GPE_recall": 0.8240972120143074,
    "predict_actor_f1": 0.750328515111695,
    "predict_actor_number": 1638,
    "predict_actor_precision": 0.8122332859174964,
    "predict_actor_recall": 0.6971916971916972,
    "predict_airplane_f1": 0.5740291262135923,
    "predict_airplane_number": 794,
    "predict_airplane_precision": 0.5538641686182669,
    "predict_airplane_recall": 0.5957178841309824,
    "predict_airport_f1": 0.7786885245901639,
    "predict_airport_number": 364,
    "predict_airport_precision": 0.7744565217391305,
    "predict_airport_recall": 0.782967032967033,
    "predict_artist/author_f1": 0.6538906752411577,
    "predict_artist/author_number": 3464,
    "predict_artist/author_precision": 0.5896543725353747,
    "predict_artist/author_recall": 0.7338337182448037,
    "predict_astronomything_f1": 0.6636568848758465,
    "predict_astronomything_number": 678,
    "predict_astronomything_precision": 0.6774193548387096,
    "predict_astronomything_recall": 0.6504424778761062,
    "predict_athlete_f1": 0.8028638028638029,
    "predict_athlete_number": 2907,
    "predict_athlete_precision": 0.7779929009357858,
    "predict_athlete_recall": 0.8293773649810802,
    "predict_attack/battle/war/militaryconflict_f1": 0.6468817204301075,
    "predict_attack/battle/war/militaryconflict_number": 1099,
    "predict_attack/battle/war/militaryconflict_precision": 0.6133768352365416,
    "predict_attack/battle/war/militaryconflict_recall": 0.6842584167424932,
    "predict_award_f1": 0.5522233712512926,
    "predict_award_number": 941,
    "predict_award_precision": 0.5377643504531722,
    "predict_award_recall": 0.5674814027630181,
    "predict_biologything_f1": 0.5615462868769076,
    "predict_biologything_number": 1875,
    "predict_biologything_precision": 0.5367039377734565,
    "predict_biologything_recall": 0.5888,
    "predict_bodiesofwater_f1": 0.6650426309378806,
    "predict_bodiesofwater_number": 1169,
    "predict_bodiesofwater_precision": 0.6329211746522411,
    "predict_bodiesofwater_recall": 0.7005988023952096,
    "predict_broadcastprogram_f1": 0.5008431703204048,
    "predict_broadcastprogram_number": 605,
    "predict_broadcastprogram_precision": 0.5111876075731497,
    "predict_broadcastprogram_recall": 0.4909090909090909,
    "predict_car_f1": 0.6444759206798867,
    "predict_car_number": 688,
    "predict_car_precision": 0.6284530386740331,
    "predict_car_recall": 0.6613372093023255,
    "predict_chemicalthing_f1": 0.5019607843137255,
    "predict_chemicalthing_number": 1014,
    "predict_chemicalthing_precision": 0.4496487119437939,
    "predict_chemicalthing_recall": 0.5680473372781065,
    "predict_company_f1": 0.6377513932638721,
    "predict_company_number": 3903,
    "predict_company_precision": 0.6049184095610205,
    "predict_company_recall": 0.6743530617473739,
    "predict_currency_f1": 0.6096189881324172,
    "predict_currency_number": 799,
    "predict_currency_precision": 0.6084788029925187,
    "predict_currency_recall": 0.6107634543178974,
    "predict_director_f1": 0.5969062784349408,
    "predict_director_number": 554,
    "predict_director_precision": 0.6018348623853211,
    "predict_director_recall": 0.592057761732852,
    "predict_disaster_f1": 0.4332603938730854,
    "predict_disaster_number": 207,
    "predict_disaster_precision": 0.396,
    "predict_disaster_recall": 0.4782608695652174,
    "predict_disease_f1": 0.5603917301414582,
    "predict_disease_number": 750,
    "predict_disease_precision": 0.4733455882352941,
    "predict_disease_recall": 0.6866666666666666,
    "predict_education_f1": 0.7071494042163153,
    "predict_education_number": 2082,
    "predict_education_precision": 0.6761612620508326,
    "predict_education_recall": 0.7411143131604226,
    "predict_educationaldegree_f1": 0.4545454545454546,
    "predict_educationaldegree_number": 367,
    "predict_educationaldegree_precision": 0.3898635477582846,
    "predict_educationaldegree_recall": 0.5449591280653951,
    "predict_election_f1": 0.25542168674698795,
    "predict_election_number": 184,
    "predict_election_precision": 0.22943722943722944,
    "predict_election_recall": 0.28804347826086957,
    "predict_film_f1": 0.6298472385428907,
    "predict_film_number": 759,
    "predict_film_precision": 0.5683987274655355,
    "predict_film_recall": 0.7061923583662714,
    "predict_food_f1": 0.48372093023255813,
    "predict_food_number": 432,
    "predict_food_precision": 0.48598130841121495,
    "predict_food_recall": 0.48148148148148145,
    "predict_game_f1": 0.6210640608034745,
    "predict_game_number": 496,
    "predict_game_precision": 0.6729411764705883,
    "predict_game_recall": 0.5766129032258065,
    "predict_god_f1": 0.45161290322580644,
    "predict_god_number": 635,
    "predict_god_precision": 0.5444444444444444,
    "predict_god_recall": 0.3858267716535433,
    "predict_government/governmentagency_f1": 0.3403453689167975,
    "predict_government/governmentagency_number": 1535,
    "predict_government/governmentagency_precision": 0.3284848484848485,
    "predict_government/governmentagency_recall": 0.35309446254071664,
    "predict_hospital_f1": 0.7100130039011704,
    "predict_hospital_number": 364,
    "predict_hospital_precision": 0.674074074074074,
    "predict_hospital_recall": 0.75,
    "predict_hotel_f1": 0.6285714285714286,
    "predict_hotel_number": 265,
    "predict_hotel_precision": 0.5966101694915255,
    "predict_hotel_recall": 0.6641509433962264,
    "predict_island_f1": 0.5910204081632654,
    "predict_island_number": 646,
    "predict_island_precision": 0.6252158894645942,
    "predict_island_recall": 0.5603715170278638,
    "predict_language_f1": 0.6687461010605116,
    "predict_language_number": 753,
    "predict_language_precision": 0.6305882352941177,
    "predict_language_recall": 0.7118193891102258,
    "predict_law_f1": 0.5725264169068205,
    "predict_law_number": 488,
    "predict_law_precision": 0.538878842676311,
    "predict_law_recall": 0.610655737704918,
    "predict_library_f1": 0.6169665809768639,
    "predict_library_number": 357,
    "predict_library_precision": 0.5700712589073634,
    "predict_library_recall": 0.6722689075630253,
    "predict_livingthing_f1": 0.5274725274725274,
    "predict_livingthing_number": 865,
    "predict_livingthing_precision": 0.5277777777777778,
    "predict_livingthing_recall": 0.5271676300578034,
    "predict_loss": 0.3460683226585388,
    "predict_media/newspaper_f1": 0.5922777187389302,
    "predict_media/newspaper_number": 1234,
    "predict_media/newspaper_precision": 0.526117054751416,
    "predict_media/newspaper_recall": 0.6774716369529984,
    "predict_medical_f1": 0.2052313883299799,
    "predict_medical_number": 397,
    "predict_medical_precision": 0.51,
    "predict_medical_recall": 0.12846347607052896,
    "predict_mountain_f1": 0.6444616576297444,
    "predict_mountain_number": 681,
    "predict_mountain_precision": 0.6819672131147541,
    "predict_mountain_recall": 0.6108663729809104,
    "predict_music_f1": 0.7015902712815716,
    "predict_music_number": 1041,
    "predict_music_precision": 0.6836827711941659,
    "predict_music_recall": 0.7204610951008645,
    "predict_other_f1": 0.5247524752475248,
    "predict_other_number": 21035,
    "predict_other_precision": 0.5023259858267032,
    "predict_other_recall": 0.5492750178274305,
    "predict_overall_accuracy": 0.9144186985779336,
    "predict_overall_f1": 0.6240060096569652,
    "predict_overall_precision": 0.5986875171884039,
    "predict_overall_recall": 0.6515605003509062,
    "predict_painting_f1": 0.0,
    "predict_painting_number": 58,
    "predict_painting_precision": 0.0,
    "predict_painting_recall": 0.0,
    "predict_park_f1": 0.5397590361445783,
    "predict_park_number": 458,
    "predict_park_precision": 0.6021505376344086,