{
    "predict_GPE_f1": 0.744228432563791,
    "predict_GPE_number": 20409,
    "predict_GPE_precision": 0.7113503372492964,
    "predict_GPE_recall": 0.7802930079866726,
    "predict_actor_f1": 0.6484560570071258,
    "predict_actor_number": 1638,
    "predict_actor_precision": 0.63121387283237,
    "predict_actor_recall": 0.6666666666666666,
    "predict_airplane_f1": 0.4949193066347878,
    "predict_airplane_number": 794,
    "predict_airplane_precision": 0.4709897610921502,
    "predict_airplane_recall": 0.5214105793450882,
    "predict_airport_f1": 0.6084070796460177,
    "predict_airport_number": 364,
    "predict_airport_precision": 0.5092592592592593,
    "predict_airport_recall": 0.7554945054945055,
    "predict_artist/author_f1": 0.5645946321791128,
    "predict_artist/author_number": 3464,
    "predict_artist/author_precision": 0.5446740005366246,
    "predict_artist/author_recall": 0.586027713625866,
    "predict_astronomything_f1": 0.6030341340075853,
    "predict_astronomything_number": 678,
    "predict_astronomything_precision": 0.5276548672566371,
    "predict_astronomything_recall": 0.7035398230088495,
    "predict_athlete_f1": 0.7529801324503311,
    "predict_athlete_number": 2907,
    "predict_athlete_precision": 0.7258218959463772,
    "predict_athlete_recall": 0.782249742002064,
    "predict_attack/battle/war/militaryconflict_f1": 0.5914659907055344,
    "predict_attack/battle/war/militaryconflict_number": 1099,
    "predict_attack/battle/war/militaryconflict_precision": 0.5520504731861199,
    "predict_attack/battle/war/militaryconflict_recall": 0.6369426751592356,
    "predict_award_f1": 0.44139194139194143,
    "predict_award_number": 941,
    "predict_award_precision": 0.38777152051488334,
    "predict_award_recall": 0.512221041445271,
    "predict_biologything_f1": 0.5367521367521367,
    "predict_biologything_number": 1875,
    "predict_biologything_precision": 0.49504504504504504,
    "predict_biologything_recall": 0.5861333333333333,
    "predict_bodiesofwater_f1": 0.6052409129332206,
    "predict_bodiesofwater_number": 1169,
    "predict_bodiesofwater_precision": 0.5981620718462823,
    "predict_bodiesofwater_recall": 0.6124893071000855,
    "predict_broadcastprogram_f1": 0.4156479217603912,
    "predict_broadcastprogram_number": 605,
    "predict_broadcastprogram_precision": 0.409967845659164,
    "predict_broadcastprogram_recall": 0.4214876033057851,
    "predict_car_f1": 0.5553206483439042,
    "predict_car_number": 688,
    "predict_car_precision": 0.5389876880984952,
    "predict_car_recall": 0.5726744186046512,
    "predict_chemicalthing_f1": 0.4834166288050886,
    "predict_chemicalthing_number": 1014,
    "predict_chemicalthing_precision": 0.44818871103622576,
    "predict_chemicalthing_recall": 0.52465483234714,
    "predict_company_f1": 0.527909887359199,
    "predict_company_number": 3903,
    "predict_company_precision": 0.5160264252507952,
    "predict_company_recall": 0.5403535741737125,
    "predict_currency_f1": 0.6351981351981353,
    "predict_currency_number": 799,
    "predict_currency_precision": 0.5943293347873501,
    "predict_currency_recall": 0.6821026282853567,
    "predict_director_f1": 0.5266666666666666,
    "predict_director_number": 554,
    "predict_director_precision": 0.4891640866873065,
    "predict_director_recall": 0.5703971119133574,
    "predict_disaster_f1": 0.396694214876033,
    "predict_disaster_number": 207,
    "predict_disaster_precision": 0.34657039711191334,
    "predict_disaster_recall": 0.463768115942029,
    "predict_disease_f1": 0.5214424951267056,
    "predict_disease_number": 750,
    "predict_disease_precision": 0.4109062980030722,
    "predict_disease_recall": 0.7133333333333334,
    "predict_education_f1": 0.6006674082313682,
    "predict_education_number": 2082,
    "predict_education_precision": 0.5594695399917116,
    "predict_education_recall": 0.6484149855907781,
    "predict_educationaldegree_f1": 0.4411764705882353,
    "predict_educationaldegree_number": 367,
    "predict_educationaldegree_precision": 0.3771760154738878,
    "predict_educationaldegree_recall": 0.5313351498637602,
    "predict_election_f1": 0.18226600985221675,
    "predict_election_number": 184,
    "predict_election_precision": 0.16666666666666666,
    "predict_election_recall": 0.20108695652173914,
    "predict_film_f1": 0.5426721600941731,
    "predict_film_number": 759,
    "predict_film_precision": 0.49042553191489363,
    "predict_film_recall": 0.6073781291172595,
    "predict_food_f1": 0.4164989939637827,
    "predict_food_number": 432,
    "predict_food_precision": 0.3683274021352313,
    "predict_food_recall": 0.4791666666666667,
    "predict_game_f1": 0.4956369982547994,
    "predict_game_number": 496,
    "predict_game_precision": 0.4369230769230769,
    "predict_game_recall": 0.5725806451612904,
    "predict_god_f1": 0.5483405483405484,
    "predict_god_number": 635,
    "predict_god_precision": 0.5059920106524634,
    "predict_god_recall": 0.5984251968503937,
    "predict_government/governmentagency_f1": 0.2982131854590265,
    "predict_government/governmentagency_number": 1535,
    "predict_government/governmentagency_precision": 0.28287551139684397,
    "predict_government/governmentagency_recall": 0.31530944625407165,
    "predict_hospital_f1": 0.456140350877193,
    "predict_hospital_number": 364,
    "predict_hospital_precision": 0.4482758620689655,
    "predict_hospital_recall": 0.4642857142857143,
    "predict_hotel_f1": 0.5178571428571428,
    "predict_hotel_number": 265,
    "predict_hotel_precision": 0.4915254237288136,
    "predict_hotel_recall": 0.5471698113207547,
    "predict_island_f1": 0.5443137254901961,
    "predict_island_number": 646,
    "predict_island_precision": 0.5516693163751988,
    "predict_island_recall": 0.5371517027863777,
    "predict_language_f1": 0.5963127781309598,
    "predict_language_number": 753,
    "predict_language_precision": 0.5719512195121951,
    "predict_language_recall": 0.6228419654714475,
    "predict_law_f1": 0.40905280804694044,
    "predict_law_number": 488,
    "predict_law_precision": 0.34609929078014184,
    "predict_law_recall": 0.5,
    "predict_library_f1": 0.4895448954489545,
    "predict_library_number": 357,
    "predict_library_precision": 0.43640350877192985,
    "predict_library_recall": 0.5574229691876751,
    "predict_livingthing_f1": 0.49976558837318324,
    "predict_livingthing_number": 865,
    "predict_livingthing_precision": 0.42034700315457413,
    "predict_livingthing_recall": 0.6161849710982659,
    "predict_loss": 0.6071314215660095,
    "predict_media/newspaper_f1": 0.5168456127360237,
    "predict_media/newspaper_number": 1234,
    "predict_media/newspaper_precision": 0.4758009543285617,
    "predict_media/newspaper_recall": 0.5656401944894651,
    "predict_medical_f1": 0.3602015113350126,
    "predict_medical_number": 397,
    "predict_medical_precision": 0.3602015113350126,
    "predict_medical_recall": 0.3602015113350126,
    "predict_mountain_f1": 0.5060088551549653,
    "predict_mountain_number": 681,
    "predict_mountain_precision": 0.4444444444444444,
    "predict_mountain_recall": 0.5873715124816447,
    "predict_music_f1": 0.5870646766169154,
    "predict_music_number": 1041,
    "predict_music_precision": 0.5547008547008547,
    "predict_music_recall": 0.6234390009606148,
    "predict_other_f1": 0.43251195292386907,
    "predict_other_number": 21035,
    "predict_other_precision": 0.39685564554549785,
    "predict_other_recall": 0.4752079866888519,
    "predict_overall_accuracy": 0.8987127790552997,
    "predict_overall_f1": 0.5499390666443642,
    "predict_overall_precision": 0.5121002554448925,
    "predict_overall_recall": 0.5938157949056682,
    "predict_painting_f1": 0.020618556701030927,
    "predict_painting_number": 58,
    "predict_painting_precision": 0.02564102564102564,
    "predict_painting_recall": 0.017241379310344827,
    "predict_park_f1": 0.3798977853492334,