{
    "predict_GPE_f1": 0.7867935354308119,
    "predict_GPE_number": 20409,
    "predict_GPE_precision": 0.7682431486063775,
    "predict_GPE_recall": 0.8062619432603263,
    "predict_actor_f1": 0.7499245852187028,
    "predict_actor_number": 1638,
    "predict_actor_precision": 0.7412045319022064,
    "predict_actor_recall": 0.7588522588522588,
    "predict_airplane_f1": 0.5873297809354648,
    "predict_airplane_number": 794,
    "predict_airplane_precision": 0.5541899441340782,
    "predict_airplane_recall": 0.6246851385390428,
    "predict_airport_f1": 0.7601078167115903,
    "predict_airport_number": 364,
    "predict_airport_precision": 0.746031746031746,
    "predict_airport_recall": 0.7747252747252747,
    "predict_artist/author_f1": 0.6380733324313355,
    "predict_artist/author_number": 3464,
    "predict_artist/author_precision": 0.6004583651642476,
    "predict_artist/author_recall": 0.680715935334873,
    "predict_astronomything_f1": 0.6496624156039009,
    "predict_astronomything_number": 678,
    "predict_astronomything_precision": 0.6610687022900763,
    "predict_astronomything_recall": 0.6386430678466076,
    "predict_athlete_f1": 0.7986543313708999,
    "predict_athlete_number": 2907,
    "predict_athlete_precision": 0.781435154707044,
    "predict_athlete_recall": 0.8166494668042655,
    "predict_attack/battle/war/militaryconflict_f1": 0.6707000864304236,
    "predict_attack/battle/war/militaryconflict_number": 1099,
    "predict_attack/battle/war/militaryconflict_precision": 0.6386831275720165,
    "predict_attack/battle/war/militaryconflict_recall": 0.7060964513193813,
    "predict_award_f1": 0.5168646080760095,
    "predict_award_number": 941,
    "predict_award_precision": 0.46735395189003437,
    "predict_award_recall": 0.5781083953241233,
    "predict_biologything_f1": 0.5342429808449226,
    "predict_biologything_number": 1875,
    "predict_biologything_precision": 0.5258264462809917,
    "predict_biologything_recall": 0.5429333333333334,
    "predict_bodiesofwater_f1": 0.6688285366842318,
    "predict_bodiesofwater_number": 1169,
    "predict_bodiesofwater_precision": 0.635593220338983,
    "predict_bodiesofwater_recall": 0.7057313943541489,
    "predict_broadcastprogram_f1": 0.4318766066838047,
    "predict_broadcastprogram_number": 605,
    "predict_broadcastprogram_precision": 0.4483985765124555,
    "predict_broadcastprogram_recall": 0.41652892561983473,
    "predict_car_f1": 0.6377792823290452,
    "predict_car_number": 688,
    "predict_car_precision": 0.596958174904943,
    "predict_car_recall": 0.684593023255814,
    "predict_chemicalthing_f1": 0.5018359853121175,
    "predict_chemicalthing_number": 1014,
    "predict_chemicalthing_precision": 0.4279749478079332,
    "predict_chemicalthing_recall": 0.606508875739645,
    "predict_company_f1": 0.627112462006079,
    "predict_company_number": 3903,
    "predict_company_precision": 0.5967144840351689,
    "predict_company_recall": 0.6607737637714578,
    "predict_currency_f1": 0.6616366802089378,
    "predict_currency_number": 799,
    "predict_currency_precision": 0.6168831168831169,
    "predict_currency_recall": 0.7133917396745932,
    "predict_director_f1": 0.6231884057971016,
    "predict_director_number": 554,
    "predict_director_precision": 0.6254545454545455,
    "predict_director_recall": 0.6209386281588448,
    "predict_disaster_f1": 0.39685658153241654,
    "predict_disaster_number": 207,
    "predict_disaster_precision": 0.3344370860927152,
    "predict_disaster_recall": 0.48792270531400966,
    "predict_disease_f1": 0.5599547511312216,
    "predict_disease_number": 750,
    "predict_disease_precision": 0.4862475442043222,
    "predict_disease_recall": 0.66,
    "predict_education_f1": 0.7351816443594648,
    "predict_education_number": 2082,
    "predict_education_precision": 0.7316841103710752,
    "predict_education_recall": 0.7387127761767531,
    "predict_educationaldegree_f1": 0.4459016393442623,
    "predict_educationaldegree_number": 367,
    "predict_educationaldegree_precision": 0.3722627737226277,
    "predict_educationaldegree_recall": 0.555858310626703,
    "predict_election_f1": 0.2242562929061785,
    "predict_election_number": 184,
    "predict_election_precision": 0.19367588932806323,
    "predict_election_recall": 0.266304347826087,
    "predict_film_f1": 0.6035215543412266,
    "predict_film_number": 759,
    "predict_film_precision": 0.5596846846846847,
    "predict_film_recall": 0.6548089591567853,
    "predict_food_f1": 0.41674780915287246,
    "predict_food_number": 432,
    "predict_food_precision": 0.3596638655462185,
    "predict_food_recall": 0.49537037037037035,
    "predict_game_f1": 0.603734439834025,
    "predict_game_number": 496,
    "predict_game_precision": 0.6217948717948718,
    "predict_game_recall": 0.5866935483870968,
    "predict_god_f1": 0.5383275261324041,
    "predict_god_number": 635,
    "predict_god_precision": 0.6023391812865497,
    "predict_god_recall": 0.48661417322834644,
    "predict_government/governmentagency_f1": 0.34265734265734266,
    "predict_government/governmentagency_number": 1535,
    "predict_government/governmentagency_precision": 0.30996309963099633,
    "predict_government/governmentagency_recall": 0.38306188925081436,
    "predict_hospital_f1": 0.704635761589404,
    "predict_hospital_number": 364,
    "predict_hospital_precision": 0.680306905370844,
    "predict_hospital_recall": 0.7307692307692307,
    "predict_hotel_f1": 0.6153846153846153,
    "predict_hotel_number": 265,
    "predict_hotel_precision": 0.5850340136054422,
    "predict_hotel_recall": 0.6490566037735849,
    "predict_island_f1": 0.5859375000000001,
    "predict_island_number": 646,
    "predict_island_precision": 0.5914826498422713,
    "predict_island_recall": 0.5804953560371517,
    "predict_language_f1": 0.6650631389055923,
    "predict_language_number": 753,
    "predict_language_precision": 0.6076923076923076,
    "predict_language_recall": 0.7343957503320053,
    "predict_law_f1": 0.5575868372943327,
    "predict_law_number": 488,
    "predict_law_precision": 0.5033003300330033,
    "predict_law_recall": 0.625,
    "predict_library_f1": 0.6310013717421125,
    "predict_library_number": 357,
    "predict_library_precision": 0.6182795698924731,
    "predict_library_recall": 0.6442577030812325,
    "predict_livingthing_f1": 0.5327991987981973,
    "predict_livingthing_number": 865,
    "predict_livingthing_precision": 0.46996466431095407,
    "predict_livingthing_recall": 0.6150289017341041,
    "predict_loss": 0.46556317806243896,
    "predict_media/newspaper_f1": 0.569321533923304,
    "predict_media/newspaper_number": 1234,
    "predict_media/newspaper_precision": 0.5223274695534507,
    "predict_media/newspaper_recall": 0.6256077795786061,
    "predict_medical_f1": 0.3734439834024896,
    "predict_medical_number": 397,
    "predict_medical_precision": 0.41411042944785276,
    "predict_medical_recall": 0.34005037783375314,
    "predict_mountain_f1": 0.6338028169014085,
    "predict_mountain_number": 681,
    "predict_mountain_precision": 0.6089309878213802,
    "predict_mountain_recall": 0.6607929515418502,
    "predict_music_f1": 0.7057663873829473,
    "predict_music_number": 1041,
    "predict_music_precision": 0.7246963562753036,
    "predict_music_recall": 0.6878001921229587,
    "predict_other_f1": 0.5143207020885774,
    "predict_other_number": 21035,
    "predict_other_precision": 0.49171797762553116,
    "predict_other_recall": 0.5391014975041597,
    "predict_overall_accuracy": 0.9108662467130049,
    "predict_overall_f1": 0.6146839581302375,
    "predict_overall_precision": 0.5877097181162558,
    "predict_overall_recall": 0.644253395533171,
    "predict_painting_f1": 0.14084507042253522,
    "predict_painting_number": 58,
    "predict_painting_precision": 0.38461538461538464,
    "predict_painting_recall": 0.08620689655172414,
    "predict_park_f1": 0.589010989010989,
    "predict_park_number": 458,