{
    "predict_GPE_f1": 0.7317677878093278,
    "predict_GPE_number": 20409,
    "predict_GPE_precision": 0.7000671291116581,
    "predict_GPE_recall": 0.7664755745014454,
    "predict_actor_f1": 0.637551990493167,
    "predict_actor_number": 1638,
    "predict_actor_precision": 0.6209490740740741,
    "predict_actor_recall": 0.6550671550671551,
    "predict_airplane_f1": 0.48498845265588914,
    "predict_airplane_number": 794,
    "predict_airplane_precision": 0.44776119402985076,
    "predict_airplane_recall": 0.5289672544080605,
    "predict_airport_f1": 0.5298759864712514,
    "predict_airport_number": 364,
    "predict_airport_precision": 0.44933078393881454,
    "predict_airport_recall": 0.6456043956043956,
    "predict_artist/author_f1": 0.5423299056205101,
    "predict_artist/author_number": 3464,
    "predict_artist/author_precision": 0.5295735900962861,
    "predict_artist/author_recall": 0.555715935334873,
    "predict_astronomything_f1": 0.607167955024596,
    "predict_astronomything_number": 678,
    "predict_astronomything_precision": 0.5798657718120805,
    "predict_astronomything_recall": 0.6371681415929203,
    "predict_athlete_f1": 0.7438715131022823,
    "predict_athlete_number": 2907,
    "predict_athlete_precision": 0.7313829787234043,
    "predict_athlete_recall": 0.7567939456484348,
    "predict_attack/battle/war/militaryconflict_f1": 0.5862209539339583,
    "predict_attack/battle/war/militaryconflict_number": 1099,
    "predict_attack/battle/war/militaryconflict_precision": 0.5310192023633677,
    "predict_attack/battle/war/militaryconflict_recall": 0.654231119199272,
    "predict_award_f1": 0.4459203036053131,
    "predict_award_number": 941,
    "predict_award_precision": 0.4027420736932305,
    "predict_award_recall": 0.49946865037194477,
    "predict_biologything_f1": 0.5328467153284672,
    "predict_biologything_number": 1875,
    "predict_biologything_precision": 0.4899328859060403,
    "predict_biologything_recall": 0.584,
    "predict_bodiesofwater_f1": 0.588420638046475,
    "predict_bodiesofwater_number": 1169,
    "predict_bodiesofwater_precision": 0.5452554744525547,
    "predict_bodiesofwater_recall": 0.6390076988879384,
    "predict_broadcastprogram_f1": 0.3616523772408418,
    "predict_broadcastprogram_number": 605,
    "predict_broadcastprogram_precision": 0.3421828908554572,
    "predict_broadcastprogram_recall": 0.3834710743801653,
    "predict_car_f1": 0.5387811634349031,
    "predict_car_number": 688,
    "predict_car_precision": 0.5145502645502645,
    "predict_car_recall": 0.565406976744186,
    "predict_chemicalthing_f1": 0.4527777777777778,
    "predict_chemicalthing_number": 1014,
    "predict_chemicalthing_precision": 0.42670157068062825,
    "predict_chemicalthing_recall": 0.4822485207100592,
    "predict_company_f1": 0.5183252283240422,
    "predict_company_number": 3903,
    "predict_company_precision": 0.4825530035335689,
    "predict_company_recall": 0.5598257750448373,
    "predict_currency_f1": 0.6265199768384482,
    "predict_currency_number": 799,
    "predict_currency_precision": 0.5829741379310345,
    "predict_currency_recall": 0.6770963704630788,
    "predict_director_f1": 0.533026113671275,
    "predict_director_number": 554,
    "predict_director_precision": 0.46390374331550804,
    "predict_director_recall": 0.6263537906137184,
    "predict_disaster_f1": 0.3556581986143187,
    "predict_disaster_number": 207,
    "predict_disaster_precision": 0.3407079646017699,
    "predict_disaster_recall": 0.3719806763285024,
    "predict_disease_f1": 0.4966442953020134,
    "predict_disease_number": 750,
    "predict_disease_precision": 0.4277456647398844,
    "predict_disease_recall": 0.592,
    "predict_education_f1": 0.5998621006665135,
    "predict_education_number": 2082,
    "predict_education_precision": 0.5751432349052445,
    "predict_education_recall": 0.6268011527377522,
    "predict_educationaldegree_f1": 0.42289719626168226,
    "predict_educationaldegree_number": 367,
    "predict_educationaldegree_precision": 0.37014314928425357,
    "predict_educationaldegree_recall": 0.49318801089918257,
    "predict_election_f1": 0.14479638009049772,
    "predict_election_number": 184,
    "predict_election_precision": 0.12403100775193798,
    "predict_election_recall": 0.17391304347826086,
    "predict_film_f1": 0.4832962138084632,
    "predict_film_number": 759,
    "predict_film_precision": 0.4185149469623915,
    "predict_film_recall": 0.5718050065876152,
    "predict_food_f1": 0.4008016032064128,
    "predict_food_number": 432,
    "predict_food_precision": 0.35335689045936397,
    "predict_food_recall": 0.46296296296296297,
    "predict_game_f1": 0.49864498644986455,
    "predict_game_number": 496,
    "predict_game_precision": 0.45171849427168576,
    "predict_game_recall": 0.5564516129032258,
    "predict_god_f1": 0.5816108339272985,
    "predict_god_number": 635,
    "predict_god_precision": 0.53125,
    "predict_god_recall": 0.6425196850393701,
    "predict_government/governmentagency_f1": 0.2666286040536683,
    "predict_government/governmentagency_number": 1535,
    "predict_government/governmentagency_precision": 0.23729674796747968,
    "predict_government/governmentagency_recall": 0.3042345276872964,
    "predict_hospital_f1": 0.5652724968314322,
    "predict_hospital_number": 364,
    "predict_hospital_precision": 0.5247058823529411,
    "predict_hospital_recall": 0.6126373626373627,
    "predict_hotel_f1": 0.5070921985815603,
    "predict_hotel_number": 265,
    "predict_hotel_precision": 0.4782608695652174,
    "predict_hotel_recall": 0.539622641509434,
    "predict_island_f1": 0.4857142857142857,
    "predict_island_number": 646,
    "predict_island_precision": 0.4509283819628647,
    "predict_island_recall": 0.5263157894736842,
    "predict_language_f1": 0.6237328562909958,
    "predict_language_number": 753,
    "predict_language_precision": 0.566017316017316,
    "predict_language_recall": 0.6945551128818062,
    "predict_law_f1": 0.44655172413793104,
    "predict_law_number": 488,
    "predict_law_precision": 0.3854166666666667,
    "predict_law_recall": 0.5307377049180327,
    "predict_library_f1": 0.5468164794007491,
    "predict_library_number": 357,
    "predict_library_precision": 0.49324324324324326,
    "predict_library_recall": 0.6134453781512605,
    "predict_livingthing_f1": 0.4824069352371239,
    "predict_livingthing_number": 865,
    "predict_livingthing_precision": 0.43156934306569344,
    "predict_livingthing_recall": 0.5468208092485549,
    "predict_loss": 0.6162861585617065,
    "predict_media/newspaper_f1": 0.5150123631225716,
    "predict_media/newspaper_number": 1234,
    "predict_media/newspaper_precision": 0.45648090169067,
    "predict_media/newspaper_recall": 0.5907617504051864,
    "predict_medical_f1": 0.3626062322946175,
    "predict_medical_number": 397,
    "predict_medical_precision": 0.41423948220064727,
    "predict_medical_recall": 0.3224181360201511,
    "predict_mountain_f1": 0.5227272727272727,
    "predict_mountain_number": 681,
    "predict_mountain_precision": 0.5061898211829436,
    "predict_mountain_recall": 0.540381791483113,
    "predict_music_f1": 0.5917761763459093,
    "predict_music_number": 1041,
    "predict_music_precision": 0.5295902883156297,
    "predict_music_recall": 0.6705091258405379,
    "predict_other_f1": 0.4257214881780251,
    "predict_other_number": 21035,
    "predict_other_precision": 0.3920979944758016,
    "predict_other_recall": 0.46565248395531256,
    "predict_overall_accuracy": 0.8977410662132731,
    "predict_overall_f1": 0.5396781420321285,
    "predict_overall_precision": 0.5023342670401494,
    "predict_overall_recall": 0.5830202699913306,
    "predict_painting_f1": 0.23853211009174313,
    "predict_painting_number": 58,
    "predict_painting_precision": 0.2549019607843137,
    "predict_painting_recall": 0.22413793103448276,
    "predict_park_f1": 0.35005117707267147,
    "predict_park_number": 458,