{
    "predict_GPE_f1": 0.7462305729529112,
    "predict_GPE_number": 20409,
    "predict_GPE_precision": 0.7085590943130259,
    "predict_GPE_recall": 0.788132686559851,
    "predict_actor_f1": 0.6610220743876626,
    "predict_actor_number": 1638,
    "predict_actor_precision": 0.6548831635710006,
    "predict_actor_recall": 0.6672771672771672,
    "predict_airplane_f1": 0.5104408352668214,
    "predict_airplane_number": 794,
    "predict_airplane_precision": 0.4731182795698925,
    "predict_airplane_recall": 0.5541561712846348,
    "predict_airport_f1": 0.5370165745856353,
    "predict_airport_number": 364,
    "predict_airport_precision": 0.4491682070240296,
    "predict_airport_recall": 0.6675824175824175,
    "predict_artist/author_f1": 0.5558770841945708,
    "predict_artist/author_number": 3464,
    "predict_artist/author_precision": 0.5317690482467704,
    "predict_artist/author_recall": 0.5822748267898383,
    "predict_astronomything_f1": 0.6254392129304287,
    "predict_astronomything_number": 678,
    "predict_astronomything_precision": 0.5973154362416108,
    "predict_astronomything_recall": 0.6563421828908554,
    "predict_athlete_f1": 0.7668102020536601,
    "predict_athlete_number": 2907,
    "predict_athlete_precision": 0.7393803896518684,
    "predict_athlete_recall": 0.7963536291709666,
    "predict_attack/battle/war/militaryconflict_f1": 0.5886373344724477,
    "predict_attack/battle/war/militaryconflict_number": 1099,
    "predict_attack/battle/war/militaryconflict_precision": 0.5547504025764896,
    "predict_attack/battle/war/militaryconflict_recall": 0.626933575978162,
    "predict_award_f1": 0.42878120411160064,
    "predict_award_number": 941,
    "predict_award_precision": 0.397459165154265,
    "predict_award_recall": 0.46546227417640806,
    "predict_biologything_f1": 0.5306841046277665,
    "predict_biologything_number": 1875,
    "predict_biologything_precision": 0.5021418372203712,
    "predict_biologything_recall": 0.5626666666666666,
    "predict_bodiesofwater_f1": 0.6103476151980598,
    "predict_bodiesofwater_number": 1169,
    "predict_bodiesofwater_precision": 0.578544061302682,
    "predict_bodiesofwater_recall": 0.6458511548331908,
    "predict_broadcastprogram_f1": 0.4260089686098654,
    "predict_broadcastprogram_number": 605,
    "predict_broadcastprogram_precision": 0.3888130968622101,
    "predict_broadcastprogram_recall": 0.47107438016528924,
    "predict_car_f1": 0.5599435825105783,
    "predict_car_number": 688,
    "predict_car_precision": 0.5438356164383562,
    "predict_car_recall": 0.5770348837209303,
    "predict_chemicalthing_f1": 0.47033158813263526,
    "predict_chemicalthing_number": 1014,
    "predict_chemicalthing_precision": 0.4217527386541471,
    "predict_chemicalthing_recall": 0.5315581854043393,
    "predict_company_f1": 0.5354255825011889,
    "predict_company_number": 3903,
    "predict_company_precision": 0.4994455533377689,
    "predict_company_recall": 0.57699205739175,
    "predict_currency_f1": 0.6347165400350673,
    "predict_currency_number": 799,
    "predict_currency_precision": 0.5953947368421053,
    "predict_currency_recall": 0.6795994993742178,
    "predict_director_f1": 0.5320945945945945,
    "predict_director_number": 554,
    "predict_director_precision": 0.5,
    "predict_director_recall": 0.5685920577617328,
    "predict_disaster_f1": 0.2948717948717949,
    "predict_disaster_number": 207,
    "predict_disaster_precision": 0.26436781609195403,
    "predict_disaster_recall": 0.3333333333333333,
    "predict_disease_f1": 0.5222623345367028,
    "predict_disease_number": 750,
    "predict_disease_precision": 0.4758771929824561,
    "predict_disease_recall": 0.5786666666666667,
    "predict_education_f1": 0.6181818181818182,
    "predict_education_number": 2082,
    "predict_education_precision": 0.5802781289506953,
    "predict_education_recall": 0.6613832853025937,
    "predict_educationaldegree_f1": 0.3940774487471526,
    "predict_educationaldegree_number": 367,
    "predict_educationaldegree_precision": 0.3385518590998043,
    "predict_educationaldegree_recall": 0.4713896457765668,
    "predict_election_f1": 0.1488833746898263,
    "predict_election_number": 184,
    "predict_election_precision": 0.136986301369863,
    "predict_election_recall": 0.16304347826086957,
    "predict_film_f1": 0.550125313283208,
    "predict_film_number": 759,
    "predict_film_precision": 0.5244922341696535,
    "predict_film_recall": 0.5783926218708827,
    "predict_food_f1": 0.3779527559055118,
    "predict_food_number": 432,
    "predict_food_precision": 0.3287671232876712,
    "predict_food_recall": 0.4444444444444444,
    "predict_game_f1": 0.517175572519084,
    "predict_game_number": 496,
    "predict_game_precision": 0.49094202898550726,
    "predict_game_recall": 0.5463709677419355,
    "predict_god_f1": 0.5342261904761904,
    "predict_god_number": 635,
    "predict_god_precision": 0.5063469675599436,
    "predict_god_recall": 0.5653543307086614,
    "predict_government/governmentagency_f1": 0.2915211178151794,
    "predict_government/governmentagency_number": 1535,
    "predict_government/governmentagency_precision": 0.2843866171003718,
    "predict_government/governmentagency_recall": 0.2990228013029316,
    "predict_hospital_f1": 0.5448028673835125,
    "predict_hospital_number": 364,
    "predict_hospital_precision": 0.4820295983086681,
    "predict_hospital_recall": 0.6263736263736264,
    "predict_hotel_f1": 0.4666666666666667,
    "predict_hotel_number": 265,
    "predict_hotel_precision": 0.4581818181818182,
    "predict_hotel_recall": 0.47547169811320755,
    "predict_island_f1": 0.533639143730887,
    "predict_island_number": 646,
    "predict_island_precision": 0.527190332326284,
    "predict_island_recall": 0.5402476780185759,
    "predict_language_f1": 0.6107986501687289,
    "predict_language_number": 753,
    "predict_language_precision": 0.5297560975609756,
    "predict_language_recall": 0.7211155378486056,
    "predict_law_f1": 0.41852487135506006,
    "predict_law_number": 488,
    "predict_law_precision": 0.35988200589970504,
    "predict_law_recall": 0.5,
    "predict_library_f1": 0.5310880829015544,
    "predict_library_number": 357,
    "predict_library_precision": 0.4939759036144578,
    "predict_library_recall": 0.5742296918767507,
    "predict_livingthing_f1": 0.5023449713392392,
    "predict_livingthing_number": 865,
    "predict_livingthing_precision": 0.4573055028462998,
    "predict_livingthing_recall": 0.5572254335260116,
    "predict_loss": 0.6086634397506714,
    "predict_media/newspaper_f1": 0.5058248778654642,
    "predict_media/newspaper_number": 1234,
    "predict_media/newspaper_precision": 0.4716187806587246,
    "predict_media/newspaper_recall": 0.5453808752025932,
    "predict_medical_f1": 0.3178807947019867,
    "predict_medical_number": 397,
    "predict_medical_precision": 0.33519553072625696,
    "predict_medical_recall": 0.3022670025188917,
    "predict_mountain_f1": 0.5626373626373627,
    "predict_mountain_number": 681,
    "predict_mountain_precision": 0.5614035087719298,
    "predict_mountain_recall": 0.5638766519823789,
    "predict_music_f1": 0.6027641551493536,
    "predict_music_number": 1041,
    "predict_music_precision": 0.562396006655574,
    "predict_music_recall": 0.6493756003842459,
    "predict_other_f1": 0.44315381153425776,
    "predict_other_number": 21035,
    "predict_other_precision": 0.4034574260516663,
    "predict_other_recall": 0.4915141430948419,
    "predict_overall_accuracy": 0.9001850054394205,
    "predict_overall_f1": 0.5522176868137929,
    "predict_overall_precision": 0.5158480522622793,
    "predict_overall_recall": 0.5941047764521322,
    "predict_painting_f1": 0.039603960396039604,
    "predict_painting_number": 58,
    "predict_painting_precision": 0.046511627906976744,
    "predict_painting_recall": 0.034482758620689655,
    "predict_park_f1": 0.3654033041788144,
    "predict_park_number": 458,