{
    "predict_accuracy": 0.9250195971137414,
    "predict_f1": 0.6749773506025499,
    "predict_loss": 0.5511168837547302,
    "predict_precision": 0.6622634950588469,
    "predict_recall": 0.6881889113652314,
    "predict_runtime": 167.0135,
    "predict_samples_per_second": 225.413,
    "predict_steps_per_second": 7.047
}