{
    "predict_GPE_f1": 0.753000692008495,
    "predict_GPE_number": 20409,
    "predict_GPE_precision": 0.7339287375569821,
    "predict_GPE_recall": 0.7730903032975648,
    "predict_actor_f1": 0.6412259615384615,
    "predict_actor_number": 1638,
    "predict_actor_precision": 0.6313609467455621,
    "predict_actor_recall": 0.6514041514041514,
    "predict_airplane_f1": 0.5045592705167173,
    "predict_airplane_number": 794,
    "predict_airplane_precision": 0.48766157461809634,
    "predict_airplane_recall": 0.5226700251889169,
    "predict_airport_f1": 0.6658354114713216,
    "predict_airport_number": 364,
    "predict_airport_precision": 0.6095890410958904,
    "predict_airport_recall": 0.7335164835164835,
    "predict_artist/author_f1": 0.5491957687291696,
    "predict_artist/author_number": 3464,
    "predict_artist/author_precision": 0.5513529240616817,
    "predict_artist/author_recall": 0.5470554272517321,
    "predict_astronomything_f1": 0.5285053929121727,
    "predict_astronomything_number": 678,
    "predict_astronomything_precision": 0.5532258064516129,
    "predict_astronomything_recall": 0.5058997050147492,
    "predict_athlete_f1": 0.7427766032417195,
    "predict_athlete_number": 2907,
    "predict_athlete_precision": 0.7612856626941134,
    "predict_athlete_recall": 0.7251461988304093,
    "predict_attack/battle/war/militaryconflict_f1": 0.6370106761565836,
    "predict_attack/battle/war/militaryconflict_number": 1099,
    "predict_attack/battle/war/militaryconflict_precision": 0.6231505657093125,
    "predict_attack/battle/war/militaryconflict_recall": 0.651501364877161,
    "predict_award_f1": 0.4854176964903608,
    "predict_award_number": 941,
    "predict_award_precision": 0.4537892791127542,
    "predict_award_recall": 0.5217853347502657,
    "predict_biologything_f1": 0.5134388344637026,
    "predict_biologything_number": 1875,
    "predict_biologything_precision": 0.4852801519468186,
    "predict_biologything_recall": 0.5450666666666667,
    "predict_bodiesofwater_f1": 0.5994854202401372,
    "predict_bodiesofwater_number": 1169,
    "predict_bodiesofwater_precision": 0.6010318142734308,
    "predict_bodiesofwater_recall": 0.5979469632164243,
    "predict_broadcastprogram_f1": 0.4053811659192825,
    "predict_broadcastprogram_number": 605,
    "predict_broadcastprogram_precision": 0.44313725490196076,
    "predict_broadcastprogram_recall": 0.37355371900826445,
    "predict_car_f1": 0.5104377104377105,
    "predict_car_number": 688,
    "predict_car_precision": 0.4755332496863237,
    "predict_car_recall": 0.5508720930232558,
    "predict_chemicalthing_f1": 0.4794651384909264,
    "predict_chemicalthing_number": 1014,
    "predict_chemicalthing_precision": 0.4648148148148148,
    "predict_chemicalthing_recall": 0.49506903353057197,
    "predict_company_f1": 0.5216380312621108,
    "predict_company_number": 3903,
    "predict_company_precision": 0.5260552371026577,
    "predict_company_recall": 0.5172943889315911,
    "predict_currency_f1": 0.633011911514464,
    "predict_currency_number": 799,
    "predict_currency_precision": 0.578838174273859,
    "predict_currency_recall": 0.6983729662077597,
    "predict_director_f1": 0.47961630695443647,
    "predict_director_number": 554,
    "predict_director_precision": 0.430416068866571,
    "predict_director_recall": 0.5415162454873647,
    "predict_disaster_f1": 0.4180327868852459,
    "predict_disaster_number": 207,
    "predict_disaster_precision": 0.36298932384341637,
    "predict_disaster_recall": 0.4927536231884058,
    "predict_disease_f1": 0.5239808153477218,
    "predict_disease_number": 750,
    "predict_disease_precision": 0.4760348583877996,
    "predict_disease_recall": 0.5826666666666667,
    "predict_education_f1": 0.6225626740947074,
    "predict_education_number": 2082,
    "predict_education_precision": 0.6024258760107817,
    "predict_education_recall": 0.6440922190201729,
    "predict_educationaldegree_f1": 0.4426877470355731,
    "predict_educationaldegree_number": 367,
    "predict_educationaldegree_precision": 0.42857142857142855,
    "predict_educationaldegree_recall": 0.45776566757493187,
    "predict_election_f1": 0.16363636363636366,
    "predict_election_number": 184,
    "predict_election_precision": 0.140625,
    "predict_election_recall": 0.1956521739130435,
    "predict_film_f1": 0.5206611570247934,
    "predict_film_number": 759,
    "predict_film_precision": 0.4716577540106952,
    "predict_film_recall": 0.5810276679841897,
    "predict_food_f1": 0.37982832618025747,
    "predict_food_number": 432,
    "predict_food_precision": 0.354,
    "predict_food_recall": 0.4097222222222222,
    "predict_game_f1": 0.43415637860082307,
    "predict_game_number": 496,
    "predict_game_precision": 0.4432773109243697,
    "predict_game_recall": 0.4254032258064516,
    "predict_god_f1": 0.529857022708158,
    "predict_god_number": 635,
    "predict_god_precision": 0.5685920577617328,
    "predict_god_recall": 0.49606299212598426,
    "predict_government/governmentagency_f1": 0.30654205607476637,
    "predict_government/governmentagency_number": 1535,
    "predict_government/governmentagency_precision": 0.2937313432835821,
    "predict_government/governmentagency_recall": 0.3205211726384365,
    "predict_hospital_f1": 0.5132336018411968,
    "predict_hospital_number": 364,
    "predict_hospital_precision": 0.4415841584158416,
    "predict_hospital_recall": 0.6126373626373627,
    "predict_hotel_f1": 0.5045045045045045,
    "predict_hotel_number": 265,
    "predict_hotel_precision": 0.4827586206896552,
    "predict_hotel_recall": 0.5283018867924528,
    "predict_island_f1": 0.5108359133126935,
    "predict_island_number": 646,
    "predict_island_precision": 0.5108359133126935,
    "predict_island_recall": 0.5108359133126935,
    "predict_language_f1": 0.5857307249712314,
    "predict_language_number": 753,
    "predict_language_precision": 0.516751269035533,
    "predict_language_recall": 0.6759628154050464,
    "predict_law_f1": 0.392578125,
    "predict_law_number": 488,
    "predict_law_precision": 0.375,
    "predict_law_recall": 0.41188524590163933,
    "predict_library_f1": 0.493573264781491,
    "predict_library_number": 357,
    "predict_library_precision": 0.45605700712589076,
    "predict_library_recall": 0.5378151260504201,
    "predict_livingthing_f1": 0.4972677595628415,
    "predict_livingthing_number": 865,
    "predict_livingthing_precision": 0.47150259067357514,
    "predict_livingthing_recall": 0.5260115606936416,
    "predict_loss": 0.674911618232727,
    "predict_media/newspaper_f1": 0.5168624478969307,
    "predict_media/newspaper_number": 1234,
    "predict_media/newspaper_precision": 0.48540925266903917,
    "predict_media/newspaper_recall": 0.5526742301458671,
    "predict_medical_f1": 0.39950372208436724,
    "predict_medical_number": 397,
    "predict_medical_precision": 0.39364303178484106,
    "predict_medical_recall": 0.40554156171284633,
    "predict_mountain_f1": 0.5447761194029851,
    "predict_mountain_number": 681,
    "predict_mountain_precision": 0.5538694992412747,
    "predict_mountain_recall": 0.5359765051395007,
    "predict_music_f1": 0.5710130877363063,
    "predict_music_number": 1041,
    "predict_music_precision": 0.576320939334638,
    "predict_music_recall": 0.5658021133525456,
    "predict_other_f1": 0.4437193403032119,
    "predict_other_number": 21035,
    "predict_other_precision": 0.41618087941372417,
    "predict_other_recall": 0.4751604468742572,
    "predict_overall_accuracy": 0.8981264942120657,
    "predict_overall_f1": 0.551542535683294,
    "predict_overall_precision": 0.5336318542394473,
    "predict_overall_recall": 0.5706972711885399,
    "predict_painting_f1": 0.14634146341463414,
    "predict_painting_number": 58,
    "predict_painting_precision": 0.25,
    "predict_painting_recall": 0.10344827586206896,
    "predict_park_f1": 0.4050367261280168,
    "predict_park_number": 458,