{
    "predict_GPE_f1": 0.7841119279108371,
    "predict_GPE_number": 20409,
    "predict_GPE_precision": 0.7597536877900831,
    "predict_GPE_recall": 0.8100837865647509,
    "predict_actor_f1": 0.7266625991458207,
    "predict_actor_number": 1638,
    "predict_actor_precision": 0.7262195121951219,
    "predict_actor_recall": 0.7271062271062271,
    "predict_airplane_f1": 0.5637254901960784,
    "predict_airplane_number": 794,
    "predict_airplane_precision": 0.548926014319809,
    "predict_airplane_recall": 0.5793450881612091,
    "predict_airport_f1": 0.7879656160458451,
    "predict_airport_number": 364,
    "predict_airport_precision": 0.8233532934131736,
    "predict_airport_recall": 0.7554945054945055,
    "predict_artist/author_f1": 0.6145176439017845,
    "predict_artist/author_number": 3464,
    "predict_artist/author_precision": 0.5740787164702933,
    "predict_artist/author_recall": 0.6610854503464203,
    "predict_astronomything_f1": 0.6002710027100271,
    "predict_astronomything_number": 678,
    "predict_astronomything_precision": 0.5551378446115288,
    "predict_astronomything_recall": 0.6533923303834809,
    "predict_athlete_f1": 0.7781296882813802,
    "predict_athlete_number": 2907,
    "predict_athlete_precision": 0.7548512289780077,
    "predict_athlete_recall": 0.8028895768833849,
    "predict_attack/battle/war/militaryconflict_f1": 0.6405394016013485,
    "predict_attack/battle/war/militaryconflict_number": 1099,
    "predict_attack/battle/war/militaryconflict_precision": 0.5965463108320251,
    "predict_attack/battle/war/militaryconflict_recall": 0.6915377616014559,
    "predict_award_f1": 0.5107661492238357,
    "predict_award_number": 941,
    "predict_award_precision": 0.48295454545454547,
    "predict_award_recall": 0.5419766206163655,
    "predict_biologything_f1": 0.5500621118012423,
    "predict_biologything_number": 1875,
    "predict_biologything_precision": 0.5148837209302326,
    "predict_biologything_recall": 0.5904,
    "predict_bodiesofwater_f1": 0.6520017597888254,
    "predict_bodiesofwater_number": 1169,
    "predict_bodiesofwater_precision": 0.6711956521739131,
    "predict_bodiesofwater_recall": 0.6338751069289992,
    "predict_broadcastprogram_f1": 0.4843260188087774,
    "predict_broadcastprogram_number": 605,
    "predict_broadcastprogram_precision": 0.46050670640834573,
    "predict_broadcastprogram_recall": 0.5107438016528926,
    "predict_car_f1": 0.5961152042866713,
    "predict_car_number": 688,
    "predict_car_precision": 0.5527950310559007,
    "predict_car_recall": 0.6468023255813954,
    "predict_chemicalthing_f1": 0.48846153846153845,
    "predict_chemicalthing_number": 1014,
    "predict_chemicalthing_precision": 0.47654784240150094,
    "predict_chemicalthing_recall": 0.5009861932938856,
    "predict_company_f1": 0.6259671179883946,
    "predict_company_number": 3903,
    "predict_company_precision": 0.5925841153582055,
    "predict_company_recall": 0.6633358954650269,
    "predict_currency_f1": 0.6080843585237258,
    "predict_currency_number": 799,
    "predict_currency_precision": 0.5715859030837004,
    "predict_currency_recall": 0.6495619524405507,
    "predict_director_f1": 0.5773755656108598,
    "predict_director_number": 554,
    "predict_director_precision": 0.5789473684210527,
    "predict_director_recall": 0.575812274368231,
    "predict_disaster_f1": 0.38477801268498946,
    "predict_disaster_number": 207,
    "predict_disaster_precision": 0.34210526315789475,
    "predict_disaster_recall": 0.4396135265700483,
    "predict_disease_f1": 0.524240809802877,
    "predict_disease_number": 750,
    "predict_disease_precision": 0.43655723158828746,
    "predict_disease_recall": 0.656,
    "predict_education_f1": 0.7286108555657774,
    "predict_education_number": 2082,
    "predict_education_precision": 0.6990291262135923,
    "predict_education_recall": 0.760806916426513,
    "predict_educationaldegree_f1": 0.46601941747572817,
    "predict_educationaldegree_number": 367,
    "predict_educationaldegree_precision": 0.38571428571428573,
    "predict_educationaldegree_recall": 0.5885558583106267,
    "predict_election_f1": 0.21004566210045664,
    "predict_election_number": 184,
    "predict_election_precision": 0.18110236220472442,
    "predict_election_recall": 0.25,
    "predict_film_f1": 0.6061381074168797,
    "predict_film_number": 759,
    "predict_film_precision": 0.5888198757763975,
    "predict_film_recall": 0.6245059288537549,
    "predict_food_f1": 0.46607669616519176,
    "predict_food_number": 432,
    "predict_food_precision": 0.40512820512820513,
    "predict_food_recall": 0.5486111111111112,
    "predict_game_f1": 0.5688442211055277,
    "predict_game_number": 496,
    "predict_game_precision": 0.5671342685370742,
    "predict_game_recall": 0.5705645161290323,
    "predict_god_f1": 0.5558052434456929,
    "predict_god_number": 635,
    "predict_god_precision": 0.53,
    "predict_god_recall": 0.584251968503937,
    "predict_government/governmentagency_f1": 0.3566176470588235,
    "predict_government/governmentagency_number": 1535,
    "predict_government/governmentagency_precision": 0.3366107576633892,
    "predict_government/governmentagency_recall": 0.3791530944625407,
    "predict_hospital_f1": 0.7030456852791879,
    "predict_hospital_number": 364,
    "predict_hospital_precision": 0.6533018867924528,
    "predict_hospital_recall": 0.760989010989011,
    "predict_hotel_f1": 0.6397058823529411,
    "predict_hotel_number": 265,
    "predict_hotel_precision": 0.6236559139784946,
    "predict_hotel_recall": 0.6566037735849056,
    "predict_island_f1": 0.5608108108108107,
    "predict_island_number": 646,
    "predict_island_precision": 0.6171003717472119,
    "predict_island_recall": 0.5139318885448917,
    "predict_language_f1": 0.6352657004830917,
    "predict_language_number": 753,
    "predict_language_precision": 0.5825027685492802,
    "predict_language_recall": 0.6985391766268261,
    "predict_law_f1": 0.4516129032258065,
    "predict_law_number": 488,
    "predict_law_precision": 0.4103852596314908,
    "predict_law_recall": 0.5020491803278688,
    "predict_library_f1": 0.6096256684491979,
    "predict_library_number": 357,
    "predict_library_precision": 0.5831202046035806,
    "predict_library_recall": 0.6386554621848739,
    "predict_livingthing_f1": 0.5105263157894736,
    "predict_livingthing_number": 865,
    "predict_livingthing_precision": 0.46859903381642515,
    "predict_livingthing_recall": 0.5606936416184971,
    "predict_loss": 0.45959898829460144,
    "predict_media/newspaper_f1": 0.5936891312816517,
    "predict_media/newspaper_number": 1234,
    "predict_media/newspaper_precision": 0.5716429107276819,
    "predict_media/newspaper_recall": 0.6175040518638574,
    "predict_medical_f1": 0.4507042253521127,
    "predict_medical_number": 397,
    "predict_medical_precision": 0.421978021978022,
    "predict_medical_recall": 0.4836272040302267,
    "predict_mountain_f1": 0.6208425720620843,
    "predict_mountain_number": 681,
    "predict_mountain_precision": 0.625,
    "predict_mountain_recall": 0.6167400881057269,
    "predict_music_f1": 0.684557438794727,
    "predict_music_number": 1041,
    "predict_music_precision": 0.6712834718374885,
    "predict_music_recall": 0.6983669548511047,
    "predict_other_f1": 0.49997724687144485,
    "predict_other_number": 21035,
    "predict_other_precision": 0.47946759764346497,
    "predict_other_recall": 0.5223199429522225,
    "predict_overall_accuracy": 0.9087501927139994,
    "predict_overall_f1": 0.6079729317687791,
    "predict_overall_precision": 0.5806887999549067,
    "predict_overall_recall": 0.6379474053585436,
    "predict_painting_f1": 0.0,
    "predict_painting_number": 58,
    "predict_painting_precision": 0.0,
    "predict_painting_recall": 0.0,
    "predict_park_f1": 0.5695652173913043,
    "predict_park_number": 458,
    "predict_park_precision": 0.5670995670995671,