{
    "predict_GPE_f1": 0.7539267015706806,
    "predict_GPE_number": 20409,
    "predict_GPE_precision": 0.7361344537815127,
    "predict_GPE_recall": 0.7726003233867411,
    "predict_actor_f1": 0.6855777844132576,
    "predict_actor_number": 1638,
    "predict_actor_precision": 0.6709526592635885,
    "predict_actor_recall": 0.7008547008547008,
    "predict_airplane_f1": 0.5220588235294119,
    "predict_airplane_number": 794,
    "predict_airplane_precision": 0.5083532219570406,
    "predict_airplane_recall": 0.5365239294710328,
    "predict_airport_f1": 0.6282485875706214,
    "predict_airport_number": 364,
    "predict_airport_precision": 0.5335892514395394,
    "predict_airport_recall": 0.7637362637362637,
    "predict_artist/author_f1": 0.5861155272919978,
    "predict_artist/author_number": 3464,
    "predict_artist/author_precision": 0.5416258570029383,
    "predict_artist/author_recall": 0.6385681293302541,
    "predict_astronomything_f1": 0.6368305209097579,
    "predict_astronomything_number": 678,
    "predict_astronomything_precision": 0.6335766423357664,
    "predict_astronomything_recall": 0.640117994100295,
    "predict_athlete_f1": 0.7766151802026242,
    "predict_athlete_number": 2907,
    "predict_athlete_precision": 0.7508028259473346,
    "predict_athlete_recall": 0.804265565875473,
    "predict_attack/battle/war/militaryconflict_f1": 0.6101398601398602,
    "predict_attack/battle/war/militaryconflict_number": 1099,
    "predict_attack/battle/war/militaryconflict_precision": 0.5870479394449117,
    "predict_attack/battle/war/militaryconflict_recall": 0.635122838944495,
    "predict_award_f1": 0.4837615123606398,
    "predict_award_number": 941,
    "predict_award_precision": 0.4447415329768271,
    "predict_award_recall": 0.5302869287991498,
    "predict_biologything_f1": 0.5368207211782631,
    "predict_biologything_number": 1875,
    "predict_biologything_precision": 0.5123606398448861,
    "predict_biologything_recall": 0.5637333333333333,
    "predict_bodiesofwater_f1": 0.5906432748538012,
    "predict_bodiesofwater_number": 1169,
    "predict_bodiesofwater_precision": 0.5771428571428572,
    "predict_bodiesofwater_recall": 0.6047904191616766,
    "predict_broadcastprogram_f1": 0.37179487179487175,
    "predict_broadcastprogram_number": 605,
    "predict_broadcastprogram_precision": 0.3608087091757387,
    "predict_broadcastprogram_recall": 0.3834710743801653,
    "predict_car_f1": 0.5838068181818181,
    "predict_car_number": 688,
    "predict_car_precision": 0.5708333333333333,
    "predict_car_recall": 0.5973837209302325,
    "predict_chemicalthing_f1": 0.45560204556020456,
    "predict_chemicalthing_number": 1014,
    "predict_chemicalthing_precision": 0.4309586631486368,
    "predict_chemicalthing_recall": 0.4832347140039448,
    "predict_company_f1": 0.5596276905177429,
    "predict_company_number": 3903,
    "predict_company_precision": 0.5125745950554135,
    "predict_company_recall": 0.6161926723033564,
    "predict_currency_f1": 0.6435820895522387,
    "predict_currency_number": 799,
    "predict_currency_precision": 0.615296803652968,
    "predict_currency_recall": 0.6745932415519399,
    "predict_director_f1": 0.5609157808667211,
    "predict_director_number": 554,
    "predict_director_precision": 0.5127055306427504,
    "predict_director_recall": 0.6191335740072202,
    "predict_disaster_f1": 0.3917525773195877,
    "predict_disaster_number": 207,
    "predict_disaster_precision": 0.34172661870503596,
    "predict_disaster_recall": 0.45893719806763283,
    "predict_disease_f1": 0.5443181818181818,
    "predict_disease_number": 750,
    "predict_disease_precision": 0.47425742574257423,
    "predict_disease_recall": 0.6386666666666667,
    "predict_education_f1": 0.6274852523487001,
    "predict_education_number": 2082,
    "predict_education_precision": 0.5755511022044089,
    "predict_education_recall": 0.6897214217098944,
    "predict_educationaldegree_f1": 0.4687144482366325,
    "predict_educationaldegree_number": 367,
    "predict_educationaldegree_precision": 0.40234375,
    "predict_educationaldegree_recall": 0.5613079019073569,
    "predict_election_f1": 0.1862745098039216,
    "predict_election_number": 184,
    "predict_election_precision": 0.16964285714285715,
    "predict_election_recall": 0.20652173913043478,
    "predict_film_f1": 0.5340314136125655,
    "predict_film_number": 759,
    "predict_film_precision": 0.478125,
    "predict_film_recall": 0.6047430830039525,
    "predict_food_f1": 0.4346895074946467,
    "predict_food_number": 432,
    "predict_food_precision": 0.4043824701195219,
    "predict_food_recall": 0.4699074074074074,
    "predict_game_f1": 0.5295275590551182,
    "predict_game_number": 496,
    "predict_game_precision": 0.5173076923076924,
    "predict_game_recall": 0.5423387096774194,
    "predict_god_f1": 0.5430968726163236,
    "predict_god_number": 635,
    "predict_god_precision": 0.5266272189349113,
    "predict_god_recall": 0.5606299212598426,
    "predict_government/governmentagency_f1": 0.30384836300976453,
    "predict_government/governmentagency_number": 1535,
    "predict_government/governmentagency_precision": 0.2717000513610683,
    "predict_government/governmentagency_recall": 0.3446254071661238,
    "predict_hospital_f1": 0.5209424083769634,
    "predict_hospital_number": 364,
    "predict_hospital_precision": 0.4975,
    "predict_hospital_recall": 0.5467032967032966,
    "predict_hotel_f1": 0.4658385093167702,
    "predict_hotel_number": 265,
    "predict_hotel_precision": 0.39577836411609496,
    "predict_hotel_recall": 0.5660377358490566,
    "predict_island_f1": 0.5007564296520424,
    "predict_island_number": 646,
    "predict_island_precision": 0.4896449704142012,
    "predict_island_recall": 0.5123839009287926,
    "predict_language_f1": 0.5996387718242023,
    "predict_language_number": 753,
    "predict_language_precision": 0.5484581497797357,
    "predict_language_recall": 0.6613545816733067,
    "predict_law_f1": 0.4489082969432315,
    "predict_law_number": 488,
    "predict_law_precision": 0.3911719939117199,
    "predict_law_recall": 0.5266393442622951,
    "predict_library_f1": 0.5721271393643031,
    "predict_library_number": 357,
    "predict_library_precision": 0.5075921908893709,
    "predict_library_recall": 0.6554621848739496,
    "predict_livingthing_f1": 0.4844015882019285,
    "predict_livingthing_number": 865,
    "predict_livingthing_precision": 0.4755011135857461,
    "predict_livingthing_recall": 0.4936416184971098,
    "predict_loss": 0.6180802583694458,
    "predict_media/newspaper_f1": 0.4979408461250468,
    "predict_media/newspaper_number": 1234,
    "predict_media/newspaper_precision": 0.4627696590118302,
    "predict_media/newspaper_recall": 0.5388978930307942,
    "predict_medical_f1": 0.37740384615384615,
    "predict_medical_number": 397,
    "predict_medical_precision": 0.36091954022988504,
    "predict_medical_recall": 0.3954659949622166,
    "predict_mountain_f1": 0.5425824175824175,
    "predict_mountain_number": 681,
    "predict_mountain_precision": 0.5096774193548387,
    "predict_mountain_recall": 0.580029368575624,
    "predict_music_f1": 0.6318161333934206,
    "predict_music_number": 1041,
    "predict_music_precision": 0.5950764006791172,
    "predict_music_recall": 0.6733909702209414,
    "predict_other_f1": 0.4579787118260377,
    "predict_other_number": 21035,
    "predict_other_precision": 0.42238817955512725,
    "predict_other_recall": 0.5001188495364868,
    "predict_overall_accuracy": 0.9028667157408795,
    "predict_overall_f1": 0.5643724500881153,
    "predict_overall_precision": 0.5302432341707266,
    "predict_overall_recall": 0.603197374396235,
    "predict_painting_f1": 0.24000000000000002,
    "predict_painting_number": 58,
    "predict_painting_precision": 0.2857142857142857,
    "predict_painting_recall": 0.20689655172413793,
    "predict_park_f1": 0.38140417457305503,