{
    "predict_GPE_f1": 0.7690841059129149,
    "predict_GPE_number": 20409,
    "predict_GPE_precision": 0.7487238979118329,
    "predict_GPE_recall": 0.7905825861139694,
    "predict_actor_f1": 0.7036592681463707,
    "predict_actor_number": 1638,
    "predict_actor_precision": 0.691627358490566,
    "predict_actor_recall": 0.7161172161172161,
    "predict_airplane_f1": 0.5134291068082448,
    "predict_airplane_number": 794,
    "predict_airplane_precision": 0.5092936802973977,
    "predict_airplane_recall": 0.517632241813602,
    "predict_airport_f1": 0.6534161490683229,
    "predict_airport_number": 364,
    "predict_airport_precision": 0.5963718820861678,
    "predict_airport_recall": 0.7225274725274725,
    "predict_artist/author_f1": 0.5921280853902602,
    "predict_artist/author_number": 3464,
    "predict_artist/author_precision": 0.5504837509302902,
    "predict_artist/author_recall": 0.6405889145496536,
    "predict_astronomything_f1": 0.5888966971187632,
    "predict_astronomything_number": 678,
    "predict_astronomything_precision": 0.5624161073825503,
    "predict_astronomything_recall": 0.6179941002949852,
    "predict_athlete_f1": 0.7849783981389167,
    "predict_athlete_number": 2907,
    "predict_athlete_precision": 0.7592414014786243,
    "predict_athlete_recall": 0.8125214998280014,
    "predict_attack/battle/war/militaryconflict_f1": 0.6138933764135702,
    "predict_attack/battle/war/militaryconflict_number": 1099,
    "predict_attack/battle/war/militaryconflict_precision": 0.5519244734931009,
    "predict_attack/battle/war/militaryconflict_recall": 0.6915377616014559,
    "predict_award_f1": 0.4408502772643253,
    "predict_award_number": 941,
    "predict_award_precision": 0.3900245298446443,
    "predict_award_recall": 0.5069075451647184,
    "predict_biologything_f1": 0.537037037037037,
    "predict_biologything_number": 1875,
    "predict_biologything_precision": 0.5486922648859209,
    "predict_biologything_recall": 0.5258666666666667,
    "predict_bodiesofwater_f1": 0.6299009047824213,
    "predict_bodiesofwater_number": 1169,
    "predict_bodiesofwater_precision": 0.6345486111111112,
    "predict_bodiesofwater_recall": 0.6253207869974337,
    "predict_broadcastprogram_f1": 0.4105344694035631,
    "predict_broadcastprogram_number": 605,
    "predict_broadcastprogram_precision": 0.38629737609329445,
    "predict_broadcastprogram_recall": 0.4380165289256198,
    "predict_car_f1": 0.5676975945017182,
    "predict_car_number": 688,
    "predict_car_precision": 0.5384615384615384,
    "predict_car_recall": 0.6002906976744186,
    "predict_chemicalthing_f1": 0.49481748535376296,
    "predict_chemicalthing_number": 1014,
    "predict_chemicalthing_precision": 0.45560165975103734,
    "predict_chemicalthing_recall": 0.5414201183431953,
    "predict_company_f1": 0.5706787546224502,
    "predict_company_number": 3903,
    "predict_company_precision": 0.5339285714285714,
    "predict_company_recall": 0.6128619011017167,
    "predict_currency_f1": 0.6268320180383314,
    "predict_currency_number": 799,
    "predict_currency_precision": 0.5702564102564103,
    "predict_currency_recall": 0.6958698372966208,
    "predict_director_f1": 0.5742128935532234,
    "predict_director_number": 554,
    "predict_director_precision": 0.491025641025641,
    "predict_director_recall": 0.6913357400722022,
    "predict_disaster_f1": 0.39207048458149785,
    "predict_disaster_number": 207,
    "predict_disaster_precision": 0.3603238866396761,
    "predict_disaster_recall": 0.42995169082125606,
    "predict_disease_f1": 0.515356585111921,
    "predict_disease_number": 750,
    "predict_disease_precision": 0.4227156276686593,
    "predict_disease_recall": 0.66,
    "predict_education_f1": 0.6707650273224044,
    "predict_education_number": 2082,
    "predict_education_precision": 0.6376623376623377,
    "predict_education_recall": 0.707492795389049,
    "predict_educationaldegree_f1": 0.45411764705882357,
    "predict_educationaldegree_number": 367,
    "predict_educationaldegree_precision": 0.3995859213250518,
    "predict_educationaldegree_recall": 0.5258855585831063,
    "predict_election_f1": 0.19221967963386727,
    "predict_election_number": 184,
    "predict_election_precision": 0.16600790513833993,
    "predict_election_recall": 0.22826086956521738,
    "predict_film_f1": 0.6121134020618556,
    "predict_film_number": 759,
    "predict_film_precision": 0.5989911727616646,
    "predict_film_recall": 0.6258234519104084,
    "predict_food_f1": 0.3900769888793841,
    "predict_food_number": 432,
    "predict_food_precision": 0.3093622795115332,
    "predict_food_recall": 0.5277777777777778,
    "predict_game_f1": 0.5720620842572061,
    "predict_game_number": 496,
    "predict_game_precision": 0.6354679802955665,
    "predict_game_recall": 0.5201612903225806,
    "predict_god_f1": 0.5651537335285505,
    "predict_god_number": 635,
    "predict_god_precision": 0.5280437756497948,
    "predict_god_recall": 0.6078740157480315,
    "predict_government/governmentagency_f1": 0.3249850924269529,
    "predict_government/governmentagency_number": 1535,
    "predict_government/governmentagency_precision": 0.2996151731720726,
    "predict_government/governmentagency_recall": 0.3550488599348534,
    "predict_hospital_f1": 0.6215538847117794,
    "predict_hospital_number": 364,
    "predict_hospital_precision": 0.5714285714285714,
    "predict_hospital_recall": 0.6813186813186813,
    "predict_hotel_f1": 0.5676567656765676,
    "predict_hotel_number": 265,
    "predict_hotel_precision": 0.5043988269794721,
    "predict_hotel_recall": 0.6490566037735849,
    "predict_island_f1": 0.5785953177257526,
    "predict_island_number": 646,
    "predict_island_precision": 0.6290909090909091,
    "predict_island_recall": 0.5356037151702786,
    "predict_language_f1": 0.6065388951521984,
    "predict_language_number": 753,
    "predict_language_precision": 0.5269343780607247,
    "predict_language_recall": 0.7144754316069057,
    "predict_law_f1": 0.4675090252707581,
    "predict_law_number": 488,
    "predict_law_precision": 0.41774193548387095,
    "predict_law_recall": 0.5307377049180327,
    "predict_library_f1": 0.5506493506493506,
    "predict_library_number": 357,
    "predict_library_precision": 0.513317191283293,
    "predict_library_recall": 0.5938375350140056,
    "predict_livingthing_f1": 0.5340482573726542,
    "predict_livingthing_number": 865,
    "predict_livingthing_precision": 0.498,
    "predict_livingthing_recall": 0.5757225433526012,
    "predict_loss": 0.5231065154075623,
    "predict_media/newspaper_f1": 0.5249999999999999,
    "predict_media/newspaper_number": 1234,
    "predict_media/newspaper_precision": 0.5067873303167421,
    "predict_media/newspaper_recall": 0.5445705024311183,
    "predict_medical_f1": 0.3489167616875713,
    "predict_medical_number": 397,
    "predict_medical_precision": 0.31875,
    "predict_medical_recall": 0.3853904282115869,
    "predict_mountain_f1": 0.5768667642752562,
    "predict_mountain_number": 681,
    "predict_mountain_precision": 0.5751824817518248,
    "predict_mountain_recall": 0.57856093979442,
    "predict_music_f1": 0.6165930289641629,
    "predict_music_number": 1041,
    "predict_music_precision": 0.6305220883534136,
    "predict_music_recall": 0.6032660902977905,
    "predict_other_f1": 0.4604736865758843,
    "predict_other_number": 21035,
    "predict_other_precision": 0.4366131162909618,
    "predict_other_recall": 0.4870929403375327,
    "predict_overall_accuracy": 0.9032836294071792,
    "predict_overall_f1": 0.5781394488625856,
    "predict_overall_precision": 0.5470370438594876,
    "predict_overall_recall": 0.6129917846674648,
    "predict_painting_f1": 0.2105263157894737,
    "predict_painting_number": 58,
    "predict_painting_precision": 0.15151515151515152,
    "predict_painting_recall": 0.3448275862068966,
    "predict_park_f1": 0.46850393700787407,
    "predict_park_number": 458,