{
    "predict_GPE_f1": 0.7663743950936707,
    "predict_GPE_number": 20409,
    "predict_GPE_precision": 0.7497773402709418,
    "predict_GPE_recall": 0.7837228673624381,
    "predict_actor_f1": 0.6704480998298354,
    "predict_actor_number": 1638,
    "predict_actor_precision": 0.6260593220338984,
    "predict_actor_recall": 0.7216117216117216,
    "predict_airplane_f1": 0.5040556199304752,
    "predict_airplane_number": 794,
    "predict_airplane_precision": 0.4667381974248927,
    "predict_airplane_recall": 0.5478589420654912,
    "predict_airport_f1": 0.7012658227848101,
    "predict_airport_number": 364,
    "predict_airport_precision": 0.6502347417840375,
    "predict_airport_recall": 0.760989010989011,
    "predict_artist/author_f1": 0.5728375316540051,
    "predict_artist/author_number": 3464,
    "predict_artist/author_precision": 0.5320623916811091,
    "predict_artist/author_recall": 0.6203810623556582,
    "predict_astronomything_f1": 0.6333333333333334,
    "predict_astronomything_number": 678,
    "predict_astronomything_precision": 0.6225071225071225,
    "predict_astronomything_recall": 0.644542772861357,
    "predict_athlete_f1": 0.7707563025210084,
    "predict_athlete_number": 2907,
    "predict_athlete_precision": 0.7535326979953992,
    "predict_athlete_recall": 0.7887856897144823,
    "predict_attack/battle/war/militaryconflict_f1": 0.6255545696539484,
    "predict_attack/battle/war/militaryconflict_number": 1099,
    "predict_attack/battle/war/militaryconflict_precision": 0.6103896103896104,
    "predict_attack/battle/war/militaryconflict_recall": 0.6414922656960873,
    "predict_award_f1": 0.497799511002445,
    "predict_award_number": 941,
    "predict_award_precision": 0.46105072463768115,
    "predict_award_recall": 0.5409139213602551,
    "predict_biologything_f1": 0.5168187744458931,
    "predict_biologything_number": 1875,
    "predict_biologything_precision": 0.5056122448979592,
    "predict_biologything_recall": 0.5285333333333333,
    "predict_bodiesofwater_f1": 0.6039783001808318,
    "predict_bodiesofwater_number": 1169,
    "predict_bodiesofwater_precision": 0.6404602109300096,
    "predict_bodiesofwater_recall": 0.5714285714285714,
    "predict_broadcastprogram_f1": 0.45461479786422576,
    "predict_broadcastprogram_number": 605,
    "predict_broadcastprogram_precision": 0.42209631728045327,
    "predict_broadcastprogram_recall": 0.4925619834710744,
    "predict_car_f1": 0.5222146274777852,
    "predict_car_number": 688,
    "predict_car_precision": 0.49290322580645163,
    "predict_car_recall": 0.5552325581395349,
    "predict_chemicalthing_f1": 0.4786821705426357,
    "predict_chemicalthing_number": 1014,
    "predict_chemicalthing_precision": 0.4704761904761905,
    "predict_chemicalthing_recall": 0.48717948717948717,
    "predict_company_f1": 0.5466107083810251,
    "predict_company_number": 3903,
    "predict_company_precision": 0.5426767676767676,
    "predict_company_recall": 0.5506021009479888,
    "predict_currency_f1": 0.6729522687094874,
    "predict_currency_number": 799,
    "predict_currency_precision": 0.6358574610244989,
    "predict_currency_recall": 0.7146433041301627,
    "predict_director_f1": 0.4654418197725284,
    "predict_director_number": 554,
    "predict_director_precision": 0.45161290322580644,
    "predict_director_recall": 0.48014440433212996,
    "predict_disaster_f1": 0.3963553530751708,
    "predict_disaster_number": 207,
    "predict_disaster_precision": 0.375,
    "predict_disaster_recall": 0.42028985507246375,
    "predict_disease_f1": 0.5148960089938168,
    "predict_disease_number": 750,
    "predict_disease_precision": 0.44509232264334303,
    "predict_disease_recall": 0.6106666666666667,
    "predict_education_f1": 0.6850828729281768,
    "predict_education_number": 2082,
    "predict_education_precision": 0.6578249336870027,
    "predict_education_recall": 0.7146974063400576,
    "predict_educationaldegree_f1": 0.421784472769409,
    "predict_educationaldegree_number": 367,
    "predict_educationaldegree_precision": 0.36693548387096775,
    "predict_educationaldegree_recall": 0.49591280653950953,
    "predict_election_f1": 0.1420765027322404,
    "predict_election_number": 184,
    "predict_election_precision": 0.14285714285714285,
    "predict_election_recall": 0.14130434782608695,
    "predict_film_f1": 0.6057068741893644,
    "predict_film_number": 759,
    "predict_film_precision": 0.5964240102171137,
    "predict_film_recall": 0.6152832674571805,
    "predict_food_f1": 0.4256198347107438,
    "predict_food_number": 432,
    "predict_food_precision": 0.3843283582089552,
    "predict_food_recall": 0.47685185185185186,
    "predict_game_f1": 0.4971209213051823,
    "predict_game_number": 496,
    "predict_game_precision": 0.47435897435897434,
    "predict_game_recall": 0.5221774193548387,
    "predict_god_f1": 0.5752017608217168,
    "predict_god_number": 635,
    "predict_god_precision": 0.5384615384615384,
    "predict_god_recall": 0.6173228346456693,
    "predict_government/governmentagency_f1": 0.31801522413307026,
    "predict_government/governmentagency_number": 1535,
    "predict_government/governmentagency_precision": 0.2803180914512923,
    "predict_government/governmentagency_recall": 0.3674267100977199,
    "predict_hospital_f1": 0.5844980940279542,
    "predict_hospital_number": 364,
    "predict_hospital_precision": 0.5437352245862884,
    "predict_hospital_recall": 0.6318681318681318,
    "predict_hotel_f1": 0.5551181102362205,
    "predict_hotel_number": 265,
    "predict_hotel_precision": 0.5802469135802469,
    "predict_hotel_recall": 0.5320754716981132,
    "predict_island_f1": 0.5098360655737706,
    "predict_island_number": 646,
    "predict_island_precision": 0.5418118466898955,
    "predict_island_recall": 0.48142414860681115,
    "predict_language_f1": 0.6096654275092936,
    "predict_language_number": 753,
    "predict_language_precision": 0.5714285714285714,
    "predict_language_recall": 0.6533864541832669,
    "predict_law_f1": 0.4627802690582959,
    "predict_law_number": 488,
    "predict_law_precision": 0.41148325358851673,
    "predict_law_recall": 0.5286885245901639,
    "predict_library_f1": 0.5486725663716814,
    "predict_library_number": 357,
    "predict_library_precision": 0.5,
    "predict_library_recall": 0.6078431372549019,
    "predict_livingthing_f1": 0.5209614309670206,
    "predict_livingthing_number": 865,
    "predict_livingthing_precision": 0.5043290043290043,
    "predict_livingthing_recall": 0.5387283236994219,
    "predict_loss": 0.6281127333641052,
    "predict_media/newspaper_f1": 0.5216730038022813,
    "predict_media/newspaper_number": 1234,
    "predict_media/newspaper_precision": 0.49140401146131807,
    "predict_media/newspaper_recall": 0.5559157212317666,
    "predict_medical_f1": 0.4276018099547511,
    "predict_medical_number": 397,
    "predict_medical_precision": 0.38809034907597534,
    "predict_medical_recall": 0.4760705289672544,
    "predict_mountain_f1": 0.5347517730496454,
    "predict_mountain_number": 681,
    "predict_mountain_precision": 0.5171467764060357,
    "predict_mountain_recall": 0.55359765051395,
    "predict_music_f1": 0.6155321188878236,
    "predict_music_number": 1041,
    "predict_music_precision": 0.614354066985646,
    "predict_music_recall": 0.6167146974063401,
    "predict_other_f1": 0.4533576691076636,
    "predict_other_number": 21035,
    "predict_other_precision": 0.4262514649254981,
    "predict_other_recall": 0.4841454718326599,
    "predict_overall_accuracy": 0.9015714605224016,
    "predict_overall_f1": 0.5691622585803913,
    "predict_overall_precision": 0.5438951219282819,
    "predict_overall_recall": 0.5968913842216076,
    "predict_painting_f1": 0.3768115942028986,
    "predict_painting_number": 58,
    "predict_painting_precision": 0.325,
    "predict_painting_recall": 0.4482758620689655,
    "predict_park_f1": 0.4826175869120654,
    "predict_park_number": 458,