{
    "predict_GPE_f1": 0.7624781975007765,
    "predict_GPE_number": 20409,
    "predict_GPE_precision": 0.7440775974631598,
    "predict_GPE_recall": 0.7818119457102258,
    "predict_actor_f1": 0.6722591842638126,
    "predict_actor_number": 1638,
    "predict_actor_precision": 0.6388125343595382,
    "predict_actor_recall": 0.7094017094017094,
    "predict_airplane_f1": 0.5234979179060084,
    "predict_airplane_number": 794,
    "predict_airplane_precision": 0.496054114994363,
    "predict_airplane_recall": 0.5541561712846348,
    "predict_airport_f1": 0.6893939393939393,
    "predict_airport_number": 364,
    "predict_airport_precision": 0.6378504672897196,
    "predict_airport_recall": 0.75,
    "predict_artist/author_f1": 0.5719494725875766,
    "predict_artist/author_number": 3464,
    "predict_artist/author_precision": 0.5209964412811388,
    "predict_artist/author_recall": 0.6339491916859122,
    "predict_astronomything_f1": 0.5575221238938053,
    "predict_astronomything_number": 678,
    "predict_astronomything_precision": 0.5575221238938053,
    "predict_astronomything_recall": 0.5575221238938053,
    "predict_athlete_f1": 0.7634965736252716,
    "predict_athlete_number": 2907,
    "predict_athlete_precision": 0.7425227568270482,
    "predict_athlete_recall": 0.7856897144822842,
    "predict_attack/battle/war/militaryconflict_f1": 0.5985160758450123,
    "predict_attack/battle/war/militaryconflict_number": 1099,
    "predict_attack/battle/war/militaryconflict_precision": 0.5470987189148455,
    "predict_attack/battle/war/militaryconflict_recall": 0.6606005459508644,
    "predict_award_f1": 0.48599137931034486,
    "predict_award_number": 941,
    "predict_award_precision": 0.492896174863388,
    "predict_award_recall": 0.47927736450584485,
    "predict_biologything_f1": 0.5225273260463875,
    "predict_biologything_number": 1875,
    "predict_biologything_precision": 0.5223880597014925,
    "predict_biologything_recall": 0.5226666666666666,
    "predict_bodiesofwater_f1": 0.6094527363184079,
    "predict_bodiesofwater_number": 1169,
    "predict_bodiesofwater_precision": 0.5913113435237329,
    "predict_bodiesofwater_recall": 0.6287425149700598,
    "predict_broadcastprogram_f1": 0.3881856540084388,
    "predict_broadcastprogram_number": 605,
    "predict_broadcastprogram_precision": 0.39655172413793105,
    "predict_broadcastprogram_recall": 0.38016528925619836,
    "predict_car_f1": 0.5435684647302904,
    "predict_car_number": 688,
    "predict_car_precision": 0.5184696569920845,
    "predict_car_recall": 0.5712209302325582,
    "predict_chemicalthing_f1": 0.4440135724672807,
    "predict_chemicalthing_number": 1014,
    "predict_chemicalthing_precision": 0.43660629170638704,
    "predict_chemicalthing_recall": 0.4516765285996055,
    "predict_company_f1": 0.5420928402832415,
    "predict_company_number": 3903,
    "predict_company_precision": 0.5551974214343272,
    "predict_company_recall": 0.5295926210607225,
    "predict_currency_f1": 0.667818077144502,
    "predict_currency_number": 799,
    "predict_currency_precision": 0.6183368869936035,
    "predict_currency_recall": 0.7259073842302879,
    "predict_director_f1": 0.532456861133936,
    "predict_director_number": 554,
    "predict_director_precision": 0.48868778280542985,
    "predict_director_recall": 0.5848375451263538,
    "predict_disaster_f1": 0.44803695150115475,
    "predict_disaster_number": 207,
    "predict_disaster_precision": 0.42920353982300885,
    "predict_disaster_recall": 0.46859903381642515,
    "predict_disease_f1": 0.5106635071090048,
    "predict_disease_number": 750,
    "predict_disease_precision": 0.4594882729211087,
    "predict_disease_recall": 0.5746666666666667,
    "predict_education_f1": 0.6632747456059205,
    "predict_education_number": 2082,
    "predict_education_precision": 0.639607493309545,
    "predict_education_recall": 0.6887608069164265,
    "predict_educationaldegree_f1": 0.45520581113801456,
    "predict_educationaldegree_number": 367,
    "predict_educationaldegree_precision": 0.4095860566448802,
    "predict_educationaldegree_recall": 0.5122615803814714,
    "predict_election_f1": 0.19951338199513383,
    "predict_election_number": 184,
    "predict_election_precision": 0.18061674008810572,
    "predict_election_recall": 0.22282608695652173,
    "predict_film_f1": 0.5690954773869348,
    "predict_film_number": 759,
    "predict_film_precision": 0.5438175270108043,
    "predict_film_recall": 0.5968379446640316,
    "predict_food_f1": 0.4131274131274131,
    "predict_food_number": 432,
    "predict_food_precision": 0.3543046357615894,
    "predict_food_recall": 0.49537037037037035,
    "predict_game_f1": 0.563350785340314,
    "predict_game_number": 496,
    "predict_game_precision": 0.5860566448801743,
    "predict_game_recall": 0.5423387096774194,
    "predict_god_f1": 0.49244712990936557,
    "predict_god_number": 635,
    "predict_god_precision": 0.4731494920174166,
    "predict_god_recall": 0.5133858267716536,
    "predict_government/governmentagency_f1": 0.3114061557030779,
    "predict_government/governmentagency_number": 1535,
    "predict_government/governmentagency_precision": 0.2900505902192243,
    "predict_government/governmentagency_recall": 0.33615635179153097,
    "predict_hospital_f1": 0.6351515151515151,
    "predict_hospital_number": 364,
    "predict_hospital_precision": 0.5683297180043384,
    "predict_hospital_recall": 0.7197802197802198,
    "predict_hotel_f1": 0.44142614601018676,
    "predict_hotel_number": 265,
    "predict_hotel_precision": 0.4012345679012346,
    "predict_hotel_recall": 0.49056603773584906,
    "predict_island_f1": 0.5636497424576894,
    "predict_island_number": 646,
    "predict_island_precision": 0.5371669004207573,
    "predict_island_recall": 0.5928792569659442,
    "predict_language_f1": 0.6057007125890737,
    "predict_language_number": 753,
    "predict_language_precision": 0.547798066595059,
    "predict_language_recall": 0.6772908366533864,
    "predict_law_f1": 0.40103716508210885,
    "predict_law_number": 488,
    "predict_law_precision": 0.34678624813153963,
    "predict_law_recall": 0.47540983606557374,
    "predict_library_f1": 0.5397590361445783,
    "predict_library_number": 357,
    "predict_library_precision": 0.47357293868921774,
    "predict_library_recall": 0.6274509803921569,
    "predict_livingthing_f1": 0.5133037694013304,
    "predict_livingthing_number": 865,
    "predict_livingthing_precision": 0.49307774227902024,
    "predict_livingthing_recall": 0.5352601156069364,
    "predict_loss": 0.6794994473457336,
    "predict_media/newspaper_f1": 0.5190397350993377,
    "predict_media/newspaper_number": 1234,
    "predict_media/newspaper_precision": 0.5304568527918782,
    "predict_media/newspaper_recall": 0.5081037277147488,
    "predict_medical_f1": 0.4077669902912621,
    "predict_medical_number": 397,
    "predict_medical_precision": 0.35660377358490564,
    "predict_medical_recall": 0.4760705289672544,
    "predict_mountain_f1": 0.5739130434782608,
    "predict_mountain_number": 681,
    "predict_mountain_precision": 0.5665236051502146,
    "predict_mountain_recall": 0.5814977973568282,
    "predict_music_f1": 0.5893635571054927,
    "predict_music_number": 1041,
    "predict_music_precision": 0.5395051875498803,
    "predict_music_recall": 0.6493756003842459,
    "predict_other_f1": 0.4510553129548763,
    "predict_other_number": 21035,
    "predict_other_precision": 0.43239000566868707,
    "predict_other_recall": 0.47140480152127406,
    "predict_overall_accuracy": 0.8997224918408693,
    "predict_overall_f1": 0.565360268428517,
    "predict_overall_precision": 0.5423670961686151,
    "predict_overall_recall": 0.5903892994261652,
    "predict_painting_f1": 0.20689655172413793,
    "predict_painting_number": 58,
    "predict_painting_precision": 0.20689655172413793,
    "predict_painting_recall": 0.20689655172413793,
    "predict_park_f1": 0.4923076923076922,