{
    "predict_GPE_f1": 0.7748405604684796,
    "predict_GPE_number": 20409,
    "predict_GPE_precision": 0.7506201194304088,
    "predict_GPE_recall": 0.8006761722769367,
    "predict_actor_f1": 0.7294981640146879,
    "predict_actor_number": 1638,
    "predict_actor_precision": 0.7312883435582822,
    "predict_actor_recall": 0.7277167277167277,
    "predict_airplane_f1": 0.5611340815121086,
    "predict_airplane_number": 794,
    "predict_airplane_precision": 0.5283648498331479,
    "predict_airplane_recall": 0.5982367758186398,
    "predict_airport_f1": 0.7367055771725031,
    "predict_airport_number": 364,
    "predict_airport_precision": 0.6977886977886978,
    "predict_airport_recall": 0.7802197802197802,
    "predict_artist/author_f1": 0.6076193095860267,
    "predict_artist/author_number": 3464,
    "predict_artist/author_precision": 0.5802469135802469,
    "predict_artist/author_recall": 0.6377020785219399,
    "predict_astronomything_f1": 0.6592797783933517,
    "predict_astronomything_number": 678,
    "predict_astronomything_precision": 0.6214099216710183,
    "predict_astronomything_recall": 0.7020648967551623,
    "predict_athlete_f1": 0.7780234733798265,
    "predict_athlete_number": 2907,
    "predict_athlete_precision": 0.7695154777927322,
    "predict_athlete_recall": 0.7867217062263502,
    "predict_attack/battle/war/militaryconflict_f1": 0.6472632493483927,
    "predict_attack/battle/war/militaryconflict_number": 1099,
    "predict_attack/battle/war/militaryconflict_precision": 0.6192851205320034,
    "predict_attack/battle/war/militaryconflict_recall": 0.6778889899909009,
    "predict_award_f1": 0.48289538919186914,
    "predict_award_number": 941,
    "predict_award_precision": 0.45260223048327136,
    "predict_award_recall": 0.5175345377258236,
    "predict_biologything_f1": 0.551025576095214,
    "predict_biologything_number": 1875,
    "predict_biologything_precision": 0.5245901639344263,
    "predict_biologything_recall": 0.5802666666666667,
    "predict_bodiesofwater_f1": 0.6416040100250627,
    "predict_bodiesofwater_number": 1169,
    "predict_bodiesofwater_precision": 0.626938775510204,
    "predict_bodiesofwater_recall": 0.6569717707442259,
    "predict_broadcastprogram_f1": 0.47559055118110244,
    "predict_broadcastprogram_number": 605,
    "predict_broadcastprogram_precision": 0.45413533834586467,
    "predict_broadcastprogram_recall": 0.4991735537190083,
    "predict_car_f1": 0.5924339757316203,
    "predict_car_number": 688,
    "predict_car_precision": 0.5820476858345021,
    "predict_car_recall": 0.6031976744186046,
    "predict_chemicalthing_f1": 0.47150735294117646,
    "predict_chemicalthing_number": 1014,
    "predict_chemicalthing_precision": 0.4414802065404475,
    "predict_chemicalthing_recall": 0.5059171597633136,
    "predict_company_f1": 0.5740226986128625,
    "predict_company_number": 3903,
    "predict_company_precision": 0.5651850012416191,
    "predict_company_recall": 0.5831411734563157,
    "predict_currency_f1": 0.6670581327069877,
    "predict_currency_number": 799,
    "predict_currency_precision": 0.6283185840707964,
    "predict_currency_recall": 0.7108886107634543,
    "predict_director_f1": 0.6112115732368897,
    "predict_director_number": 554,
    "predict_director_precision": 0.6123188405797102,
    "predict_director_recall": 0.6101083032490975,
    "predict_disaster_f1": 0.39550561797752815,
    "predict_disaster_number": 207,
    "predict_disaster_precision": 0.3697478991596639,
    "predict_disaster_recall": 0.4251207729468599,
    "predict_disease_f1": 0.5562757807896288,
    "predict_disease_number": 750,
    "predict_disease_precision": 0.498416050686378,
    "predict_disease_recall": 0.6293333333333333,
    "predict_education_f1": 0.7124705882352942,
    "predict_education_number": 2082,
    "predict_education_precision": 0.698339483394834,
    "predict_education_recall": 0.7271853986551393,
    "predict_educationaldegree_f1": 0.4723247232472325,
    "predict_educationaldegree_number": 367,
    "predict_educationaldegree_precision": 0.4304932735426009,
    "predict_educationaldegree_recall": 0.5231607629427792,
    "predict_election_f1": 0.20052770448548812,
    "predict_election_number": 184,
    "predict_election_precision": 0.19487179487179487,
    "predict_election_recall": 0.20652173913043478,
    "predict_film_f1": 0.6287500000000001,
    "predict_film_number": 759,
    "predict_film_precision": 0.5980975029726516,
    "predict_film_recall": 0.6627140974967062,
    "predict_food_f1": 0.4008574490889603,
    "predict_food_number": 432,
    "predict_food_precision": 0.37325349301397204,
    "predict_food_recall": 0.43287037037037035,
    "predict_game_f1": 0.5833333333333333,
    "predict_game_number": 496,
    "predict_game_precision": 0.5881147540983607,
    "predict_game_recall": 0.5786290322580645,
    "predict_god_f1": 0.5863708399366085,
    "predict_god_number": 635,
    "predict_god_precision": 0.5901116427432217,
    "predict_god_recall": 0.5826771653543307,
    "predict_government/governmentagency_f1": 0.3683206106870229,
    "predict_government/governmentagency_number": 1535,
    "predict_government/governmentagency_precision": 0.3598508390304537,
    "predict_government/governmentagency_recall": 0.3771986970684039,
    "predict_hospital_f1": 0.6051282051282051,
    "predict_hospital_number": 364,
    "predict_hospital_precision": 0.5673076923076923,
    "predict_hospital_recall": 0.6483516483516484,
    "predict_hotel_f1": 0.5873873873873874,
    "predict_hotel_number": 265,
    "predict_hotel_precision": 0.5620689655172414,
    "predict_hotel_recall": 0.6150943396226415,
    "predict_island_f1": 0.5764331210191083,
    "predict_island_number": 646,
    "predict_island_precision": 0.5934426229508196,
    "predict_island_recall": 0.5603715170278638,
    "predict_language_f1": 0.6280193236714977,
    "predict_language_number": 753,
    "predict_language_precision": 0.5758582502768549,
    "predict_language_recall": 0.6905710491367862,
    "predict_law_f1": 0.5046904315197,
    "predict_law_number": 488,
    "predict_law_precision": 0.46539792387543255,
    "predict_law_recall": 0.5512295081967213,
    "predict_library_f1": 0.6527415143603134,
    "predict_library_number": 357,
    "predict_library_precision": 0.6112469437652812,
    "predict_library_recall": 0.7002801120448179,
    "predict_livingthing_f1": 0.5066124109867752,
    "predict_livingthing_number": 865,
    "predict_livingthing_precision": 0.45231607629427795,
    "predict_livingthing_recall": 0.5757225433526012,
    "predict_loss": 0.6295075416564941,
    "predict_media/newspaper_f1": 0.5454545454545453,
    "predict_media/newspaper_number": 1234,
    "predict_media/newspaper_precision": 0.5280728376327769,
    "predict_media/newspaper_recall": 0.5640194489465153,
    "predict_medical_f1": 0.39748427672955977,
    "predict_medical_number": 397,
    "predict_medical_precision": 0.3969849246231156,
    "predict_medical_recall": 0.3979848866498741,
    "predict_mountain_f1": 0.6259204712812961,
    "predict_mountain_number": 681,
    "predict_mountain_precision": 0.6277695716395865,
    "predict_mountain_recall": 0.6240822320117474,
    "predict_music_f1": 0.6760168302945302,
    "predict_music_number": 1041,
    "predict_music_precision": 0.6584699453551912,
    "predict_music_recall": 0.6945244956772334,
    "predict_other_f1": 0.49052170180076365,
    "predict_other_number": 21035,
    "predict_other_precision": 0.46740440923182913,
    "predict_other_recall": 0.5160446874257191,
    "predict_overall_accuracy": 0.9087914497955603,
    "predict_overall_f1": 0.6000634693958506,
    "predict_overall_precision": 0.5774766176751288,
    "predict_overall_recall": 0.6244891219089296,
    "predict_painting_f1": 0.44628099173553715,
    "predict_painting_number": 58,
    "predict_painting_precision": 0.42857142857142855,
    "predict_painting_recall": 0.46551724137931033,