{
    "predict_GPE_f1": 0.7370763595901526,
    "predict_GPE_number": 20409,
    "predict_GPE_precision": 0.6994588411280742,
    "predict_GPE_recall": 0.7789700622274487,
    "predict_actor_f1": 0.6668635558180743,
    "predict_actor_number": 1638,
    "predict_actor_precision": 0.6458810068649885,
    "predict_actor_recall": 0.6892551892551892,
    "predict_airplane_f1": 0.5150115473441109,
    "predict_airplane_number": 794,
    "predict_airplane_precision": 0.47547974413646055,
    "predict_airplane_recall": 0.5617128463476071,
    "predict_airport_f1": 0.5837004405286343,
    "predict_airport_number": 364,
    "predict_airport_precision": 0.48713235294117646,
    "predict_airport_recall": 0.728021978021978,
    "predict_artist/author_f1": 0.5421037709101219,
    "predict_artist/author_number": 3464,
    "predict_artist/author_precision": 0.5325905292479108,
    "predict_artist/author_recall": 0.5519630484988453,
    "predict_astronomything_f1": 0.6213592233009709,
    "predict_astronomything_number": 678,
    "predict_astronomything_precision": 0.5863874345549738,
    "predict_astronomything_recall": 0.6607669616519174,
    "predict_athlete_f1": 0.7695688926458156,
    "predict_athlete_number": 2907,
    "predict_athlete_precision": 0.7566489361702128,
    "predict_athlete_recall": 0.782937736498108,
    "predict_attack/battle/war/militaryconflict_f1": 0.6021881838074398,
    "predict_attack/battle/war/militaryconflict_number": 1099,
    "predict_attack/battle/war/militaryconflict_precision": 0.5801011804384486,
    "predict_attack/battle/war/militaryconflict_recall": 0.6260236578707916,
    "predict_award_f1": 0.4289203712750366,
    "predict_award_number": 941,
    "predict_award_precision": 0.3969258589511754,
    "predict_award_recall": 0.4665249734325186,
    "predict_biologything_f1": 0.528735632183908,
    "predict_biologything_number": 1875,
    "predict_biologything_precision": 0.5073529411764706,
    "predict_biologything_recall": 0.552,
    "predict_bodiesofwater_f1": 0.6093502377179082,
    "predict_bodiesofwater_number": 1169,
    "predict_bodiesofwater_precision": 0.5675276752767527,
    "predict_bodiesofwater_recall": 0.6578272027373824,
    "predict_broadcastprogram_f1": 0.42048929663608564,
    "predict_broadcastprogram_number": 605,
    "predict_broadcastprogram_precision": 0.3911806543385491,
    "predict_broadcastprogram_recall": 0.45454545454545453,
    "predict_car_f1": 0.5535714285714286,
    "predict_car_number": 688,
    "predict_car_precision": 0.5247395833333334,
    "predict_car_recall": 0.5857558139534884,
    "predict_chemicalthing_f1": 0.47301854974704893,
    "predict_chemicalthing_number": 1014,
    "predict_chemicalthing_precision": 0.41310751104565535,
    "predict_chemicalthing_recall": 0.5532544378698225,
    "predict_company_f1": 0.5314244115505945,
    "predict_company_number": 3903,
    "predict_company_precision": 0.5047245909195667,
    "predict_company_recall": 0.5611068408916219,
    "predict_currency_f1": 0.6412583182093164,
    "predict_currency_number": 799,
    "predict_currency_precision": 0.6206088992974239,
    "predict_currency_recall": 0.6633291614518148,
    "predict_director_f1": 0.5149700598802395,
    "predict_director_number": 554,
    "predict_director_precision": 0.4894308943089431,
    "predict_director_recall": 0.5433212996389891,
    "predict_disaster_f1": 0.30155210643015523,
    "predict_disaster_number": 207,
    "predict_disaster_precision": 0.2786885245901639,
    "predict_disaster_recall": 0.3285024154589372,
    "predict_disease_f1": 0.5284848484848484,
    "predict_disease_number": 750,
    "predict_disease_precision": 0.48444444444444446,
    "predict_disease_recall": 0.5813333333333334,
    "predict_education_f1": 0.6322323209931279,
    "predict_education_number": 2082,
    "predict_education_precision": 0.5870728694936188,
    "predict_education_recall": 0.6849183477425552,
    "predict_educationaldegree_f1": 0.41902604756511896,
    "predict_educationaldegree_number": 367,
    "predict_educationaldegree_precision": 0.35852713178294576,
    "predict_educationaldegree_recall": 0.5040871934604905,
    "predict_election_f1": 0.12299465240641712,
    "predict_election_number": 184,
    "predict_election_precision": 0.12105263157894737,
    "predict_election_recall": 0.125,
    "predict_film_f1": 0.5426642111724984,
    "predict_film_number": 759,
    "predict_film_precision": 0.5080459770114942,
    "predict_film_recall": 0.5823451910408433,
    "predict_food_f1": 0.40284842319430314,
    "predict_food_number": 432,
    "predict_food_precision": 0.35934664246823955,
    "predict_food_recall": 0.4583333333333333,
    "predict_game_f1": 0.48884381338742394,
    "predict_game_number": 496,
    "predict_game_precision": 0.49183673469387756,
    "predict_game_recall": 0.48588709677419356,
    "predict_god_f1": 0.5498891352549888,
    "predict_god_number": 635,
    "predict_god_precision": 0.5181058495821727,
    "predict_god_recall": 0.5858267716535434,
    "predict_government/governmentagency_f1": 0.28973966309341503,
    "predict_government/governmentagency_number": 1535,
    "predict_government/governmentagency_precision": 0.27341040462427746,
    "predict_government/governmentagency_recall": 0.30814332247557,
    "predict_hospital_f1": 0.5411203814064364,
    "predict_hospital_number": 364,
    "predict_hospital_precision": 0.47789473684210526,
    "predict_hospital_recall": 0.6236263736263736,
    "predict_hotel_f1": 0.4767025089605734,
    "predict_hotel_number": 265,
    "predict_hotel_precision": 0.4539249146757679,
    "predict_hotel_recall": 0.5018867924528302,
    "predict_island_f1": 0.5279265493496557,
    "predict_island_number": 646,
    "predict_island_precision": 0.5219364599092284,
    "predict_island_recall": 0.5340557275541795,
    "predict_language_f1": 0.594656054576464,
    "predict_language_number": 753,
    "predict_language_precision": 0.5198807157057654,
    "predict_language_recall": 0.6945551128818062,
    "predict_law_f1": 0.40768588137009193,
    "predict_law_number": 488,
    "predict_law_precision": 0.3441466854724965,
    "predict_law_recall": 0.5,
    "predict_library_f1": 0.5382716049382716,
    "predict_library_number": 357,
    "predict_library_precision": 0.48123620309050774,
    "predict_library_recall": 0.6106442577030813,
    "predict_livingthing_f1": 0.4932975871313673,
    "predict_livingthing_number": 865,
    "predict_livingthing_precision": 0.46,
    "predict_livingthing_recall": 0.5317919075144508,
    "predict_loss": 0.6073777079582214,
    "predict_media/newspaper_f1": 0.4978870533999232,
    "predict_media/newspaper_number": 1234,
    "predict_media/newspaper_precision": 0.4733382030679328,
    "predict_media/newspaper_recall": 0.5251215559157212,
    "predict_medical_f1": 0.30203045685279184,
    "predict_medical_number": 397,
    "predict_medical_precision": 0.30434782608695654,
    "predict_medical_recall": 0.29974811083123426,
    "predict_mountain_f1": 0.5445103857566765,
    "predict_mountain_number": 681,
    "predict_mountain_precision": 0.5502248875562219,
    "predict_mountain_recall": 0.5389133627019089,
    "predict_music_f1": 0.5964145168342807,
    "predict_music_number": 1041,
    "predict_music_precision": 0.5473515248796148,
    "predict_music_recall": 0.6551392891450528,
    "predict_other_f1": 0.4394878503871148,
    "predict_other_number": 21035,
    "predict_other_precision": 0.4003594873397937,
    "predict_other_recall": 0.4870929403375327,
    "predict_overall_accuracy": 0.8992545496789548,
    "predict_overall_f1": 0.5477046214676795,
    "predict_overall_precision": 0.5118156136496121,
    "predict_overall_recall": 0.5890063163109441,
    "predict_painting_f1": 0.019801980198019802,
    "predict_painting_number": 58,
    "predict_painting_precision": 0.023255813953488372,
    "predict_painting_recall": 0.017241379310344827,
    "predict_park_f1": 0.35468895078922935,
    "predict_park_number": 458,