{
    "predict_GPE_f1": 0.7575882767503462,
    "predict_GPE_number": 20409,
    "predict_GPE_precision": 0.751542912246866,
    "predict_GPE_recall": 0.7637316870008329,
    "predict_actor_f1": 0.6688046647230321,
    "predict_actor_number": 1638,
    "predict_actor_precision": 0.6400669642857143,
    "predict_actor_recall": 0.7002442002442002,
    "predict_airplane_f1": 0.4947368421052632,
    "predict_airplane_number": 794,
    "predict_airplane_precision": 0.46179039301310043,
    "predict_airplane_recall": 0.5327455919395466,
    "predict_airport_f1": 0.5550847457627119,
    "predict_airport_number": 364,
    "predict_airport_precision": 0.4517241379310345,
    "predict_airport_recall": 0.7197802197802198,
    "predict_artist/author_f1": 0.5874730021598272,
    "predict_artist/author_number": 3464,
    "predict_artist/author_precision": 0.5517241379310345,
    "predict_artist/author_recall": 0.628175519630485,
    "predict_astronomything_f1": 0.5375438596491229,
    "predict_astronomything_number": 678,
    "predict_astronomything_precision": 0.5127175368139224,
    "predict_astronomything_recall": 0.5648967551622419,
    "predict_athlete_f1": 0.7688508396443859,
    "predict_athlete_number": 2907,
    "predict_athlete_precision": 0.737290811493527,
    "predict_athlete_recall": 0.803233574131407,
    "predict_attack/battle/war/militaryconflict_f1": 0.5891167192429022,
    "predict_attack/battle/war/militaryconflict_number": 1099,
    "predict_attack/battle/war/militaryconflict_precision": 0.5198329853862212,
    "predict_attack/battle/war/militaryconflict_recall": 0.6797088262056415,
    "predict_award_f1": 0.42063882063882063,
    "predict_award_number": 941,
    "predict_award_precision": 0.3912248628884826,
    "predict_award_recall": 0.45483528161530284,
    "predict_biologything_f1": 0.5090190264393378,
    "predict_biologything_number": 1875,
    "predict_biologything_precision": 0.47421731123388583,
    "predict_biologything_recall": 0.5493333333333333,
    "predict_bodiesofwater_f1": 0.6392657621707901,
    "predict_bodiesofwater_number": 1169,
    "predict_bodiesofwater_precision": 0.5991024682124159,
    "predict_bodiesofwater_recall": 0.6852010265183918,
    "predict_broadcastprogram_f1": 0.43478260869565216,
    "predict_broadcastprogram_number": 605,
    "predict_broadcastprogram_precision": 0.43159609120521175,
    "predict_broadcastprogram_recall": 0.4380165289256198,
    "predict_car_f1": 0.6137404580152672,
    "predict_car_number": 688,
    "predict_car_precision": 0.6463022508038585,
    "predict_car_recall": 0.5843023255813954,
    "predict_chemicalthing_f1": 0.4734251968503937,
    "predict_chemicalthing_number": 1014,
    "predict_chemicalthing_precision": 0.4724950884086444,
    "predict_chemicalthing_recall": 0.47435897435897434,
    "predict_company_f1": 0.5666420300566642,
    "predict_company_number": 3903,
    "predict_company_precision": 0.5456702253855279,
    "predict_company_recall": 0.5892902895208814,
    "predict_currency_f1": 0.6515065378055713,
    "predict_currency_number": 799,
    "predict_currency_precision": 0.596875,
    "predict_currency_recall": 0.7171464330413017,
    "predict_director_f1": 0.47534246575342465,
    "predict_director_number": 554,
    "predict_director_precision": 0.3830022075055188,
    "predict_director_recall": 0.6263537906137184,
    "predict_disaster_f1": 0.41568627450980394,
    "predict_disaster_number": 207,
    "predict_disaster_precision": 0.34983498349834985,
    "predict_disaster_recall": 0.5120772946859904,
    "predict_disease_f1": 0.5033407572383073,
    "predict_disease_number": 750,
    "predict_disease_precision": 0.4321223709369025,
    "predict_disease_recall": 0.6026666666666667,
    "predict_education_f1": 0.6449743704033876,
    "predict_education_number": 2082,
    "predict_education_precision": 0.6016632016632016,
    "predict_education_recall": 0.6950048030739674,
    "predict_educationaldegree_f1": 0.3902439024390244,
    "predict_educationaldegree_number": 367,
    "predict_educationaldegree_precision": 0.31118314424635335,
    "predict_educationaldegree_recall": 0.5231607629427792,
    "predict_election_f1": 0.21897810218978103,
    "predict_election_number": 184,
    "predict_election_precision": 0.16483516483516483,
    "predict_election_recall": 0.32608695652173914,
    "predict_film_f1": 0.5205030071077091,
    "predict_film_number": 759,
    "predict_film_precision": 0.44485981308411215,
    "predict_film_recall": 0.6271409749670619,
    "predict_food_f1": 0.43989769820971864,
    "predict_food_number": 432,
    "predict_food_precision": 0.3481781376518219,
    "predict_food_recall": 0.5972222222222222,
    "predict_game_f1": 0.5518590998043053,
    "predict_game_number": 496,
    "predict_game_precision": 0.5361216730038023,
    "predict_game_recall": 0.5685483870967742,
    "predict_god_f1": 0.4060031595576619,
    "predict_god_number": 635,
    "predict_god_precision": 0.40729001584786056,
    "predict_god_recall": 0.4047244094488189,
    "predict_government/governmentagency_f1": 0.3037661050545094,
    "predict_government/governmentagency_number": 1535,
    "predict_government/governmentagency_precision": 0.24510195921631348,
    "predict_government/governmentagency_recall": 0.3993485342019544,
    "predict_hospital_f1": 0.5861664712778428,
    "predict_hospital_number": 364,
    "predict_hospital_precision": 0.5112474437627812,
    "predict_hospital_recall": 0.6868131868131868,
    "predict_hotel_f1": 0.5051334702258727,
    "predict_hotel_number": 265,
    "predict_hotel_precision": 0.5540540540540541,
    "predict_hotel_recall": 0.4641509433962264,
    "predict_island_f1": 0.49664429530201337,
    "predict_island_number": 646,
    "predict_island_precision": 0.479136690647482,
    "predict_island_recall": 0.5154798761609907,
    "predict_language_f1": 0.5229077580940746,
    "predict_language_number": 753,
    "predict_language_precision": 0.4841628959276018,
    "predict_language_recall": 0.5683930942895087,
    "predict_law_f1": 0.37766830870279144,
    "predict_law_number": 488,
    "predict_law_precision": 0.3150684931506849,
    "predict_law_recall": 0.4713114754098361,
    "predict_library_f1": 0.5149253731343284,
    "predict_library_number": 357,
    "predict_library_precision": 0.46308724832214765,
    "predict_library_recall": 0.5798319327731093,
    "predict_livingthing_f1": 0.5340802987861811,
    "predict_livingthing_number": 865,
    "predict_livingthing_precision": 0.44792482380579485,
    "predict_livingthing_recall": 0.661271676300578,
    "predict_loss": 0.5217607617378235,
    "predict_media/newspaper_f1": 0.5634807417974322,
    "predict_media/newspaper_number": 1234,
    "predict_media/newspaper_precision": 0.5031847133757962,
    "predict_media/newspaper_recall": 0.640194489465154,
    "predict_medical_f1": 0.35591274397244543,
    "predict_medical_number": 397,
    "predict_medical_precision": 0.3270042194092827,
    "predict_medical_recall": 0.3904282115869018,
    "predict_mountain_f1": 0.5654303708887333,
    "predict_mountain_number": 681,
    "predict_mountain_precision": 0.5401069518716578,
    "predict_mountain_recall": 0.593245227606461,
    "predict_music_f1": 0.6112554112554112,
    "predict_music_number": 1041,
    "predict_music_precision": 0.5563435776201734,
    "predict_music_recall": 0.6781940441882806,
    "predict_other_f1": 0.43932165163081194,
    "predict_other_number": 21035,
    "predict_other_precision": 0.40391593890816285,
    "predict_other_recall": 0.4815307820299501,
    "predict_overall_accuracy": 0.8975304379547779,
    "predict_overall_f1": 0.552055214136657,
    "predict_overall_precision": 0.5147358086397715,
    "predict_overall_recall": 0.5952090987904058,
    "predict_painting_f1": 0.18269230769230768,
    "predict_painting_number": 58,
    "predict_painting_precision": 0.12666666666666668,
    "predict_painting_recall": 0.3275862068965517,