{
    "predict_GPE_f1": 0.7472736996302928,
    "predict_GPE_number": 20409,
    "predict_GPE_precision": 0.7110806266041243,
    "predict_GPE_recall": 0.7873487187025332,
    "predict_actor_f1": 0.6318377381684082,
    "predict_actor_number": 1638,
    "predict_actor_precision": 0.6361386138613861,
    "predict_actor_recall": 0.6275946275946276,
    "predict_airplane_f1": 0.47265625,
    "predict_airplane_number": 794,
    "predict_airplane_precision": 0.48921832884097033,
    "predict_airplane_recall": 0.45717884130982367,
    "predict_airport_f1": 0.6124661246612466,
    "predict_airport_number": 364,
    "predict_airport_precision": 0.6042780748663101,
    "predict_airport_recall": 0.6208791208791209,
    "predict_artist/author_f1": 0.5460352728787669,
    "predict_artist/author_number": 3464,
    "predict_artist/author_precision": 0.526090446882526,
    "predict_artist/author_recall": 0.5675519630484989,
    "predict_astronomything_f1": 0.6061946902654868,
    "predict_astronomything_number": 678,
    "predict_astronomything_precision": 0.6061946902654868,
    "predict_astronomything_recall": 0.6061946902654868,
    "predict_athlete_f1": 0.7293913043478261,
    "predict_athlete_number": 2907,
    "predict_athlete_precision": 0.7376011255715793,
    "predict_athlete_recall": 0.7213622291021672,
    "predict_attack/battle/war/militaryconflict_f1": 0.6132743362831858,
    "predict_attack/battle/war/militaryconflict_number": 1099,
    "predict_attack/battle/war/militaryconflict_precision": 0.5968992248062015,
    "predict_attack/battle/war/militaryconflict_recall": 0.6305732484076433,
    "predict_award_f1": 0.4484435797665369,
    "predict_award_number": 941,
    "predict_award_precision": 0.4134529147982063,
    "predict_award_recall": 0.48990435706695007,
    "predict_biologything_f1": 0.5277558537227046,
    "predict_biologything_number": 1875,
    "predict_biologything_precision": 0.5207684319833853,
    "predict_biologything_recall": 0.5349333333333334,
    "predict_bodiesofwater_f1": 0.5588484335309061,
    "predict_bodiesofwater_number": 1169,
    "predict_bodiesofwater_precision": 0.5532271584241408,
    "predict_bodiesofwater_recall": 0.564585115483319,
    "predict_broadcastprogram_f1": 0.3860502838605029,
    "predict_broadcastprogram_number": 605,
    "predict_broadcastprogram_precision": 0.37898089171974525,
    "predict_broadcastprogram_recall": 0.3933884297520661,
    "predict_car_f1": 0.5340729001584785,
    "predict_car_number": 688,
    "predict_car_precision": 0.5871080139372822,
    "predict_car_recall": 0.4898255813953488,
    "predict_chemicalthing_f1": 0.46603970741901785,
    "predict_chemicalthing_number": 1014,
    "predict_chemicalthing_precision": 0.4955555555555556,
    "predict_chemicalthing_recall": 0.43984220907297833,
    "predict_company_f1": 0.5208224882873503,
    "predict_company_number": 3903,
    "predict_company_precision": 0.5292250727320814,
    "predict_company_recall": 0.5126825518831668,
    "predict_currency_f1": 0.607311320754717,
    "predict_currency_number": 799,
    "predict_currency_precision": 0.5741360089186176,
    "predict_currency_recall": 0.6445556946182729,
    "predict_director_f1": 0.49710024855012436,
    "predict_director_number": 554,
    "predict_director_precision": 0.45941807044410415,
    "predict_director_recall": 0.5415162454873647,
    "predict_disaster_f1": 0.38512035010940915,
    "predict_disaster_number": 207,
    "predict_disaster_precision": 0.352,
    "predict_disaster_recall": 0.4251207729468599,
    "predict_disease_f1": 0.5089887640449438,
    "predict_disease_number": 750,
    "predict_disease_precision": 0.43980582524271844,
    "predict_disease_recall": 0.604,
    "predict_education_f1": 0.6345811051693405,
    "predict_education_number": 2082,
    "predict_education_precision": 0.5918536990856192,
    "predict_education_recall": 0.6839577329490875,
    "predict_educationaldegree_f1": 0.4591346153846154,
    "predict_educationaldegree_number": 367,
    "predict_educationaldegree_precision": 0.410752688172043,
    "predict_educationaldegree_recall": 0.5204359673024523,
    "predict_election_f1": 0.16580310880829013,
    "predict_election_number": 184,
    "predict_election_precision": 0.15841584158415842,
    "predict_election_recall": 0.17391304347826086,
    "predict_film_f1": 0.5394144144144144,
    "predict_film_number": 759,
    "predict_film_precision": 0.47099311701081614,
    "predict_film_recall": 0.6310935441370223,
    "predict_food_f1": 0.35193133047210307,
    "predict_food_number": 432,
    "predict_food_precision": 0.328,
    "predict_food_recall": 0.37962962962962965,
    "predict_game_f1": 0.5095541401273885,
    "predict_game_number": 496,
    "predict_game_precision": 0.5381165919282511,
    "predict_game_recall": 0.4838709677419355,
    "predict_god_f1": 0.49185946872322195,
    "predict_god_number": 635,
    "predict_god_precision": 0.5394736842105263,
    "predict_god_recall": 0.4519685039370079,
    "predict_government/governmentagency_f1": 0.31873696753053316,
    "predict_government/governmentagency_number": 1535,
    "predict_government/governmentagency_precision": 0.29363336992316136,
    "predict_government/governmentagency_recall": 0.3485342019543974,
    "predict_hospital_f1": 0.527872582480091,
    "predict_hospital_number": 364,
    "predict_hospital_precision": 0.45048543689320386,
    "predict_hospital_recall": 0.6373626373626373,
    "predict_hotel_f1": 0.4956369982547993,
    "predict_hotel_number": 265,
    "predict_hotel_precision": 0.461038961038961,
    "predict_hotel_recall": 0.5358490566037736,
    "predict_island_f1": 0.541139240506329,
    "predict_island_number": 646,
    "predict_island_precision": 0.5533980582524272,
    "predict_island_recall": 0.5294117647058824,
    "predict_language_f1": 0.5966101694915253,
    "predict_language_number": 753,
    "predict_language_precision": 0.5191740412979351,
    "predict_language_recall": 0.701195219123506,
    "predict_law_f1": 0.4258555133079849,
    "predict_law_number": 488,
    "predict_law_precision": 0.3971631205673759,
    "predict_law_recall": 0.45901639344262296,
    "predict_library_f1": 0.4849215922798552,
    "predict_library_number": 357,
    "predict_library_precision": 0.4258474576271186,
    "predict_library_recall": 0.5630252100840336,
    "predict_livingthing_f1": 0.5018975332068312,
    "predict_livingthing_number": 865,
    "predict_livingthing_precision": 0.4255832662912309,
    "predict_livingthing_recall": 0.6115606936416185,
    "predict_loss": 0.6810398101806641,
    "predict_media/newspaper_f1": 0.4842615012106538,
    "predict_media/newspaper_number": 1234,
    "predict_media/newspaper_precision": 0.48231511254019294,
    "predict_media/newspaper_recall": 0.4862236628849271,
    "predict_medical_f1": 0.4077010192525481,
    "predict_medical_number": 397,
    "predict_medical_precision": 0.37037037037037035,
    "predict_medical_recall": 0.4534005037783375,
    "predict_mountain_f1": 0.5703703703703704,
    "predict_mountain_number": 681,
    "predict_mountain_precision": 0.5754857997010463,
    "predict_mountain_recall": 0.5653450807635829,
    "predict_music_f1": 0.552734375,
    "predict_music_number": 1041,
    "predict_music_precision": 0.5620655412115194,
    "predict_music_recall": 0.5437079731027857,
    "predict_other_f1": 0.43026903262736116,
    "predict_other_number": 21035,
    "predict_other_precision": 0.415017667844523,
    "predict_other_recall": 0.4466840979320181,
    "predict_overall_accuracy": 0.8968963817539471,
    "predict_overall_f1": 0.5457342712692805,
    "predict_overall_precision": 0.5240560928800806,
    "predict_overall_recall": 0.569283325764769,
    "predict_painting_f1": 0.12389380530973451,
    "predict_painting_number": 58,
    "predict_painting_precision": 0.12727272727272726,
    "predict_painting_recall": 0.1206896551724138,
    "predict_park_f1": 0.39134912461380017,
    "predict_park_number": 458,