{
    "predict_GPE_f1": 0.7498195198062457,
    "predict_GPE_number": 20409,
    "predict_GPE_precision": 0.7144949405290254,
    "predict_GPE_recall": 0.7888186584350042,
    "predict_actor_f1": 0.6964020220041629,
    "predict_actor_number": 1638,
    "predict_actor_precision": 0.6788405797101449,
    "predict_actor_recall": 0.7148962148962149,
    "predict_airplane_f1": 0.5137211855104281,
    "predict_airplane_number": 794,
    "predict_airplane_precision": 0.45525291828793774,
    "predict_airplane_recall": 0.5894206549118388,
    "predict_airport_f1": 0.5978552278820375,
    "predict_airport_number": 364,
    "predict_airport_precision": 0.5837696335078534,
    "predict_airport_recall": 0.6126373626373627,
    "predict_artist/author_f1": 0.5870820464616625,
    "predict_artist/author_number": 3464,
    "predict_artist/author_precision": 0.5488325382877228,
    "predict_artist/author_recall": 0.6310623556581986,
    "predict_astronomything_f1": 0.6189801699716713,
    "predict_astronomything_number": 678,
    "predict_astronomything_precision": 0.5953678474114441,
    "predict_astronomything_recall": 0.644542772861357,
    "predict_athlete_f1": 0.7742254449571523,
    "predict_athlete_number": 2907,
    "predict_athlete_precision": 0.7431192660550459,
    "predict_athlete_recall": 0.8080495356037152,
    "predict_attack/battle/war/militaryconflict_f1": 0.5917785917785918,
    "predict_attack/battle/war/militaryconflict_number": 1099,
    "predict_attack/battle/war/militaryconflict_precision": 0.5353460972017673,
    "predict_attack/battle/war/militaryconflict_recall": 0.6615104640582348,
    "predict_award_f1": 0.4374445430346051,
    "predict_award_number": 941,
    "predict_award_precision": 0.37547600913937546,
    "predict_award_recall": 0.5239107332624867,
    "predict_biologything_f1": 0.5506895717396564,
    "predict_biologything_number": 1875,
    "predict_biologything_precision": 0.503985828166519,
    "predict_biologything_recall": 0.6069333333333333,
    "predict_bodiesofwater_f1": 0.6372549019607843,
    "predict_bodiesofwater_number": 1169,
    "predict_bodiesofwater_precision": 0.6098514464425332,
    "predict_bodiesofwater_recall": 0.6672369546621043,
    "predict_broadcastprogram_f1": 0.45817633760361715,
    "predict_broadcastprogram_number": 605,
    "predict_broadcastprogram_precision": 0.42105263157894735,
    "predict_broadcastprogram_recall": 0.5024793388429752,
    "predict_car_f1": 0.5975344452501813,
    "predict_car_number": 688,
    "predict_car_precision": 0.5962373371924746,
    "predict_car_recall": 0.5988372093023255,
    "predict_chemicalthing_f1": 0.462132175590931,
    "predict_chemicalthing_number": 1014,
    "predict_chemicalthing_precision": 0.4523135033050047,
    "predict_chemicalthing_recall": 0.4723865877712032,
    "predict_company_f1": 0.5524588133283785,
    "predict_company_number": 3903,
    "predict_company_precision": 0.5347721822541966,
    "predict_company_recall": 0.571355367665898,
    "predict_currency_f1": 0.6224256292906178,
    "predict_currency_number": 799,
    "predict_currency_precision": 0.5732349841938883,
    "predict_currency_recall": 0.6808510638297872,
    "predict_director_f1": 0.5525525525525526,
    "predict_director_number": 554,
    "predict_director_precision": 0.4730077120822622,
    "predict_director_recall": 0.6642599277978339,
    "predict_disaster_f1": 0.359338061465721,
    "predict_disaster_number": 207,
    "predict_disaster_precision": 0.35185185185185186,
    "predict_disaster_recall": 0.3671497584541063,
    "predict_disease_f1": 0.49504950495049505,
    "predict_disease_number": 750,
    "predict_disease_precision": 0.43950361944157185,
    "predict_disease_recall": 0.5666666666666667,
    "predict_education_f1": 0.6423421455101594,
    "predict_education_number": 2082,
    "predict_education_precision": 0.5891783567134269,
    "predict_education_recall": 0.7060518731988472,
    "predict_educationaldegree_f1": 0.44044943820224725,
    "predict_educationaldegree_number": 367,
    "predict_educationaldegree_precision": 0.37476099426386233,
    "predict_educationaldegree_recall": 0.5340599455040872,
    "predict_election_f1": 0.24390243902439027,
    "predict_election_number": 184,
    "predict_election_precision": 0.1740139211136891,
    "predict_election_recall": 0.4076086956521739,
    "predict_film_f1": 0.5667828106852497,
    "predict_film_number": 759,
    "predict_film_precision": 0.5067497403946002,
    "predict_film_recall": 0.6429512516469038,
    "predict_food_f1": 0.4004424778761062,
    "predict_food_number": 432,
    "predict_food_precision": 0.3834745762711864,
    "predict_food_recall": 0.41898148148148145,
    "predict_game_f1": 0.5529411764705882,
    "predict_game_number": 496,
    "predict_game_precision": 0.5381679389312977,
    "predict_game_recall": 0.5685483870967742,
    "predict_god_f1": 0.5447976878612717,
    "predict_god_number": 635,
    "predict_god_precision": 0.5033377837116155,
    "predict_god_recall": 0.5937007874015748,
    "predict_government/governmentagency_f1": 0.2958309537407196,
    "predict_government/governmentagency_number": 1535,
    "predict_government/governmentagency_precision": 0.26334519572953735,
    "predict_government/governmentagency_recall": 0.33745928338762216,
    "predict_hospital_f1": 0.6004962779156328,
    "predict_hospital_number": 364,
    "predict_hospital_precision": 0.5475113122171946,
    "predict_hospital_recall": 0.6648351648351648,
    "predict_hotel_f1": 0.5925925925925926,
    "predict_hotel_number": 265,
    "predict_hotel_precision": 0.5818181818181818,
    "predict_hotel_recall": 0.6037735849056604,
    "predict_island_f1": 0.5219473264166001,
    "predict_island_number": 646,
    "predict_island_precision": 0.5387149917627677,
    "predict_island_recall": 0.5061919504643962,
    "predict_language_f1": 0.6522544780728845,
    "predict_language_number": 753,
    "predict_language_precision": 0.6096997690531177,
    "predict_language_recall": 0.701195219123506,
    "predict_law_f1": 0.4140821458507963,
    "predict_law_number": 488,
    "predict_law_precision": 0.350354609929078,
    "predict_law_recall": 0.5061475409836066,
    "predict_library_f1": 0.5532934131736527,
    "predict_library_number": 357,
    "predict_library_precision": 0.48326359832635984,
    "predict_library_recall": 0.6470588235294118,
    "predict_livingthing_f1": 0.5251046025104602,
    "predict_livingthing_number": 865,
    "predict_livingthing_precision": 0.4794651384909265,
    "predict_livingthing_recall": 0.5803468208092486,
    "predict_loss": 0.4985955059528351,
    "predict_media/newspaper_f1": 0.5518780215693567,
    "predict_media/newspaper_number": 1234,
    "predict_media/newspaper_precision": 0.5099656357388316,
    "predict_media/newspaper_recall": 0.6012965964343598,
    "predict_medical_f1": 0.4176334106728538,
    "predict_medical_number": 397,
    "predict_medical_precision": 0.3870967741935484,
    "predict_medical_recall": 0.4534005037783375,
    "predict_mountain_f1": 0.538860103626943,
    "predict_mountain_number": 681,
    "predict_mountain_precision": 0.4820393974507532,
    "predict_mountain_recall": 0.6108663729809104,
    "predict_music_f1": 0.6148837209302325,
    "predict_music_number": 1041,
    "predict_music_precision": 0.5960324616771867,
    "predict_music_recall": 0.6349663784822286,
    "predict_other_f1": 0.44809402511507346,
    "predict_other_number": 21035,
    "predict_other_precision": 0.42274126227918546,
    "predict_other_recall": 0.47668172094128836,
    "predict_overall_accuracy": 0.9026582589077297,
    "predict_overall_f1": 0.5628001424323207,
    "predict_overall_precision": 0.5271983123884392,
    "predict_overall_recall": 0.6035586013293152,
    "predict_painting_f1": 0.14583333333333334,
    "predict_painting_number": 58,
    "predict_painting_precision": 0.18421052631578946,
    "predict_painting_recall": 0.1206896551724138,