{
    "predict_GPE_f1": 0.753429594214737,
    "predict_GPE_number": 20409,
    "predict_GPE_precision": 0.739134533798435,
    "predict_GPE_recall": 0.768288500171493,
    "predict_actor_f1": 0.6866646866646868,
    "predict_actor_number": 1638,
    "predict_actor_precision": 0.6685945633314054,
    "predict_actor_recall": 0.7057387057387058,
    "predict_airplane_f1": 0.5419126328217237,
    "predict_airplane_number": 794,
    "predict_airplane_precision": 0.51,
    "predict_airplane_recall": 0.5780856423173804,
    "predict_airport_f1": 0.6481257557436518,
    "predict_airport_number": 364,
    "predict_airport_precision": 0.5788336933045356,
    "predict_airport_recall": 0.7362637362637363,
    "predict_artist/author_f1": 0.5800392486683487,
    "predict_artist/author_number": 3464,
    "predict_artist/author_precision": 0.5637602179836513,
    "predict_artist/author_recall": 0.5972863741339491,
    "predict_astronomything_f1": 0.5851063829787234,
    "predict_astronomything_number": 678,
    "predict_astronomything_precision": 0.5326876513317191,
    "predict_astronomything_recall": 0.6489675516224189,
    "predict_athlete_f1": 0.766035227650382,
    "predict_athlete_number": 2907,
    "predict_athlete_precision": 0.7409193185470909,
    "predict_athlete_recall": 0.7929136566907464,
    "predict_attack/battle/war/militaryconflict_f1": 0.6098169717138103,
    "predict_attack/battle/war/militaryconflict_number": 1099,
    "predict_attack/battle/war/militaryconflict_precision": 0.5616858237547893,
    "predict_attack/battle/war/militaryconflict_recall": 0.6669699727024567,
    "predict_award_f1": 0.44464859898943504,
    "predict_award_number": 941,
    "predict_award_precision": 0.39158576051779936,
    "predict_award_recall": 0.5143464399574921,
    "predict_biologything_f1": 0.5165195460277427,
    "predict_biologything_number": 1875,
    "predict_biologything_precision": 0.48995215311004786,
    "predict_biologything_recall": 0.5461333333333334,
    "predict_bodiesofwater_f1": 0.6250497017892644,
    "predict_bodiesofwater_number": 1169,
    "predict_bodiesofwater_precision": 0.5839524517087668,
    "predict_bodiesofwater_recall": 0.6723695466210436,
    "predict_broadcastprogram_f1": 0.40481927710843374,
    "predict_broadcastprogram_number": 605,
    "predict_broadcastprogram_precision": 0.39375,
    "predict_broadcastprogram_recall": 0.41652892561983473,
    "predict_car_f1": 0.5830311820159535,
    "predict_car_number": 688,
    "predict_car_precision": 0.5817655571635311,
    "predict_car_recall": 0.5843023255813954,
    "predict_chemicalthing_f1": 0.4888686960472513,
    "predict_chemicalthing_number": 1014,
    "predict_chemicalthing_precision": 0.45324347093513057,
    "predict_chemicalthing_recall": 0.5305719921104537,
    "predict_company_f1": 0.5700741461042907,
    "predict_company_number": 3903,
    "predict_company_precision": 0.5423219241443108,
    "predict_company_recall": 0.600819882141942,
    "predict_currency_f1": 0.6596800882515168,
    "predict_currency_number": 799,
    "predict_currency_precision": 0.5897435897435898,
    "predict_currency_recall": 0.7484355444305382,
    "predict_director_f1": 0.5363859362224039,
    "predict_director_number": 554,
    "predict_director_precision": 0.49028400597907323,
    "predict_director_recall": 0.592057761732852,
    "predict_disaster_f1": 0.34331337325349304,
    "predict_disaster_number": 207,
    "predict_disaster_precision": 0.2925170068027211,
    "predict_disaster_recall": 0.41545893719806765,
    "predict_disease_f1": 0.5070921985815603,
    "predict_disease_number": 750,
    "predict_disease_precision": 0.4554140127388535,
    "predict_disease_recall": 0.572,
    "predict_education_f1": 0.651203501094092,
    "predict_education_number": 2082,
    "predict_education_precision": 0.5980707395498392,
    "predict_education_recall": 0.7146974063400576,
    "predict_educationaldegree_f1": 0.45553145336225603,
    "predict_educationaldegree_number": 367,
    "predict_educationaldegree_precision": 0.3783783783783784,
    "predict_educationaldegree_recall": 0.5722070844686649,
    "predict_election_f1": 0.217687074829932,
    "predict_election_number": 184,
    "predict_election_precision": 0.1867704280155642,
    "predict_election_recall": 0.2608695652173913,
    "predict_film_f1": 0.5612552806276403,
    "predict_film_number": 759,
    "predict_film_precision": 0.5178173719376392,
    "predict_film_recall": 0.6126482213438735,
    "predict_food_f1": 0.36398838334946754,
    "predict_food_number": 432,
    "predict_food_precision": 0.31281198003327787,
    "predict_food_recall": 0.4351851851851852,
    "predict_game_f1": 0.5613701236917221,
    "predict_game_number": 496,
    "predict_game_precision": 0.5315315315315315,
    "predict_game_recall": 0.594758064516129,
    "predict_god_f1": 0.5167999999999999,
    "predict_god_number": 635,
    "predict_god_precision": 0.5252032520325203,
    "predict_god_recall": 0.5086614173228347,
    "predict_government/governmentagency_f1": 0.2866414277988102,
    "predict_government/governmentagency_number": 1535,
    "predict_government/governmentagency_precision": 0.24503005085529359,
    "predict_government/governmentagency_recall": 0.34527687296416937,
    "predict_hospital_f1": 0.5879332477535303,
    "predict_hospital_number": 364,
    "predict_hospital_precision": 0.5518072289156627,
    "predict_hospital_recall": 0.6291208791208791,
    "predict_hotel_f1": 0.5671077504725898,
    "predict_hotel_number": 265,
    "predict_hotel_precision": 0.5681818181818182,
    "predict_hotel_recall": 0.5660377358490566,
    "predict_island_f1": 0.5206847360912981,
    "predict_island_number": 646,
    "predict_island_precision": 0.4828042328042328,
    "predict_island_recall": 0.565015479876161,
    "predict_language_f1": 0.5889351576442594,
    "predict_language_number": 753,
    "predict_language_precision": 0.5334051724137931,
    "predict_language_recall": 0.6573705179282868,
    "predict_law_f1": 0.45477599323753176,
    "predict_law_number": 488,
    "predict_law_precision": 0.38705035971223023,
    "predict_law_recall": 0.5512295081967213,
    "predict_library_f1": 0.5389527458492975,
    "predict_library_number": 357,
    "predict_library_precision": 0.4953051643192488,
    "predict_library_recall": 0.5910364145658263,
    "predict_livingthing_f1": 0.47773279352226716,
    "predict_livingthing_number": 865,
    "predict_livingthing_precision": 0.42484248424842486,
    "predict_livingthing_recall": 0.545664739884393,
    "predict_loss": 0.5223902463912964,
    "predict_media/newspaper_f1": 0.5390931810067834,
    "predict_media/newspaper_number": 1234,
    "predict_media/newspaper_precision": 0.48181238034460755,
    "predict_media/newspaper_recall": 0.6118314424635333,
    "predict_medical_f1": 0.4297520661157025,
    "predict_medical_number": 397,
    "predict_medical_precision": 0.47416413373860183,
    "predict_medical_recall": 0.3929471032745592,
    "predict_mountain_f1": 0.5427204374572795,
    "predict_mountain_number": 681,
    "predict_mountain_precision": 0.5076726342710998,
    "predict_mountain_recall": 0.5829662261380323,
    "predict_music_f1": 0.6275229357798164,
    "predict_music_number": 1041,
    "predict_music_precision": 0.6005267778753293,
    "predict_music_recall": 0.6570605187319885,
    "predict_other_f1": 0.44642777255849325,
    "predict_other_number": 21035,
    "predict_other_precision": 0.4215706983228423,
    "predict_other_recall": 0.47439980984074165,
    "predict_overall_accuracy": 0.9007658617192912,
    "predict_overall_f1": 0.5630878919683422,
    "predict_overall_precision": 0.530520416917657,
    "predict_overall_recall": 0.5999153696899641,
    "predict_painting_f1": 0.1904761904761905,
    "predict_painting_number": 58,
    "predict_painting_precision": 0.2127659574468085,
    "predict_painting_recall": 0.1724137931034483,
    "predict_park_f1": 0.4100502512562814,
    "predict_park_number": 458,