{
    "predict_GPE_f1": 0.7567826211780468,
    "predict_GPE_number": 20409,
    "predict_GPE_precision": 0.7394455093739772,
    "predict_GPE_recall": 0.7749522269586947,
    "predict_actor_f1": 0.67296786389414,
    "predict_actor_number": 1638,
    "predict_actor_precision": 0.6953125,
    "predict_actor_recall": 0.652014652014652,
    "predict_airplane_f1": 0.520870076425632,
    "predict_airplane_number": 794,
    "predict_airplane_precision": 0.4884233737596472,
    "predict_airplane_recall": 0.5579345088161209,
    "predict_airport_f1": 0.6728476821192052,
    "predict_airport_number": 364,
    "predict_airport_precision": 0.649616368286445,
    "predict_airport_recall": 0.6978021978021978,
    "predict_artist/author_f1": 0.5739852159253015,
    "predict_artist/author_number": 3464,
    "predict_artist/author_precision": 0.5210736990817048,
    "predict_artist/author_recall": 0.6388568129330254,
    "predict_astronomything_f1": 0.6131805157593123,
    "predict_astronomything_number": 678,
    "predict_astronomything_precision": 0.596100278551532,
    "predict_astronomything_recall": 0.6312684365781711,
    "predict_athlete_f1": 0.7672557519173058,
    "predict_athlete_number": 2907,
    "predict_athlete_precision": 0.7444192817858298,
    "predict_athlete_recall": 0.7915376676986584,
    "predict_attack/battle/war/militaryconflict_f1": 0.6190075693860387,
    "predict_attack/battle/war/militaryconflict_number": 1099,
    "predict_attack/battle/war/militaryconflict_precision": 0.5754495699765442,
    "predict_attack/battle/war/militaryconflict_recall": 0.6696997270245678,
    "predict_award_f1": 0.43950617283950616,
    "predict_award_number": 941,
    "predict_award_precision": 0.41051660516605165,
    "predict_award_recall": 0.4729011689691817,
    "predict_biologything_f1": 0.5327978580990629,
    "predict_biologything_number": 1875,
    "predict_biologything_precision": 0.5349462365591398,
    "predict_biologything_recall": 0.5306666666666666,
    "predict_bodiesofwater_f1": 0.603187576624438,
    "predict_bodiesofwater_number": 1169,
    "predict_bodiesofwater_precision": 0.5774647887323944,
    "predict_bodiesofwater_recall": 0.6313088109495295,
    "predict_broadcastprogram_f1": 0.4435418359057676,
    "predict_broadcastprogram_number": 605,
    "predict_broadcastprogram_precision": 0.43610223642172524,
    "predict_broadcastprogram_recall": 0.4512396694214876,
    "predict_car_f1": 0.5562913907284768,
    "predict_car_number": 688,
    "predict_car_precision": 0.563338301043219,
    "predict_car_recall": 0.5494186046511628,
    "predict_chemicalthing_f1": 0.4729559748427673,
    "predict_chemicalthing_number": 1014,
    "predict_chemicalthing_precision": 0.4113785557986871,
    "predict_chemicalthing_recall": 0.5562130177514792,
    "predict_company_f1": 0.5387444514901714,
    "predict_company_number": 3903,
    "predict_company_precision": 0.5334003013561025,
    "predict_company_recall": 0.5441967717140661,
    "predict_currency_f1": 0.5997536945812809,
    "predict_currency_number": 799,
    "predict_currency_precision": 0.5903030303030303,
    "predict_currency_recall": 0.609511889862328,
    "predict_director_f1": 0.5042444821731749,
    "predict_director_number": 554,
    "predict_director_precision": 0.47596153846153844,
    "predict_director_recall": 0.5361010830324909,
    "predict_disaster_f1": 0.36704119850187267,
    "predict_disaster_number": 207,
    "predict_disaster_precision": 0.2996941896024465,
    "predict_disaster_recall": 0.47342995169082125,
    "predict_disease_f1": 0.4935064935064935,
    "predict_disease_number": 750,
    "predict_disease_precision": 0.4602076124567474,
    "predict_disease_recall": 0.532,
    "predict_education_f1": 0.641431520991053,
    "predict_education_number": 2082,
    "predict_education_precision": 0.613965744400527,
    "predict_education_recall": 0.6714697406340058,
    "predict_educationaldegree_f1": 0.48463356973995275,
    "predict_educationaldegree_number": 367,
    "predict_educationaldegree_precision": 0.4279749478079332,
    "predict_educationaldegree_recall": 0.55858310626703,
    "predict_election_f1": 0.16990291262135926,
    "predict_election_number": 184,
    "predict_election_precision": 0.15350877192982457,
    "predict_election_recall": 0.19021739130434784,
    "predict_film_f1": 0.5723390694710007,
    "predict_film_number": 759,
    "predict_film_precision": 0.554320987654321,
    "predict_film_recall": 0.5915678524374176,
    "predict_food_f1": 0.3922369765066394,
    "predict_food_number": 432,
    "predict_food_precision": 0.3510054844606947,
    "predict_food_recall": 0.4444444444444444,
    "predict_game_f1": 0.5269343780607249,
    "predict_game_number": 496,
    "predict_game_precision": 0.5123809523809524,
    "predict_game_recall": 0.5423387096774194,
    "predict_god_f1": 0.4919966301600674,
    "predict_god_number": 635,
    "predict_god_precision": 0.5289855072463768,
    "predict_god_recall": 0.45984251968503936,
    "predict_government/governmentagency_f1": 0.3051629650995097,
    "predict_government/governmentagency_number": 1535,
    "predict_government/governmentagency_precision": 0.27380952380952384,
    "predict_government/governmentagency_recall": 0.3446254071661238,
    "predict_hospital_f1": 0.5954922894424673,
    "predict_hospital_number": 364,
    "predict_hospital_precision": 0.524008350730689,
    "predict_hospital_recall": 0.6895604395604396,
    "predict_hotel_f1": 0.5293132328308208,
    "predict_hotel_number": 265,
    "predict_hotel_precision": 0.4759036144578313,
    "predict_hotel_recall": 0.5962264150943396,
    "predict_island_f1": 0.5107296137339057,
    "predict_island_number": 646,
    "predict_island_precision": 0.4747340425531915,
    "predict_island_recall": 0.5526315789473685,
    "predict_language_f1": 0.5997610513739545,
    "predict_language_number": 753,
    "predict_language_precision": 0.5450597176981542,
    "predict_language_recall": 0.6666666666666666,
    "predict_law_f1": 0.48075117370892023,
    "predict_law_number": 488,
    "predict_law_precision": 0.4436741767764298,
    "predict_law_recall": 0.5245901639344263,
    "predict_library_f1": 0.6206896551724137,
    "predict_library_number": 357,
    "predict_library_precision": 0.5704225352112676,
    "predict_library_recall": 0.680672268907563,
    "predict_livingthing_f1": 0.5304437564499485,
    "predict_livingthing_number": 865,
    "predict_livingthing_precision": 0.4790307548928239,
    "predict_livingthing_recall": 0.5942196531791908,
    "predict_loss": 0.624675989151001,
    "predict_media/newspaper_f1": 0.5291682348513361,
    "predict_media/newspaper_number": 1234,
    "predict_media/newspaper_precision": 0.49402670414617006,
    "predict_media/newspaper_recall": 0.5696920583468396,
    "predict_medical_f1": 0.27233115468409586,
    "predict_medical_number": 397,
    "predict_medical_precision": 0.2399232245681382,
    "predict_medical_recall": 0.3148614609571788,
    "predict_mountain_f1": 0.535833891493637,
    "predict_mountain_number": 681,
    "predict_mountain_precision": 0.49261083743842365,
    "predict_mountain_recall": 0.5873715124816447,
    "predict_music_f1": 0.5870646766169154,
    "predict_music_number": 1041,
    "predict_music_precision": 0.5547008547008547,
    "predict_music_recall": 0.6234390009606148,
    "predict_other_f1": 0.4498762775685853,
    "predict_other_number": 21035,
    "predict_other_precision": 0.4109276729559748,
    "predict_other_recall": 0.49698122177323506,
    "predict_overall_accuracy": 0.9004075765373148,
    "predict_overall_f1": 0.5589041898051005,
    "predict_overall_precision": 0.5300831219801174,
    "predict_overall_recall": 0.5910395079057095,
    "predict_painting_f1": 0.25503355704697983,
    "predict_painting_number": 58,
    "predict_painting_precision": 0.2087912087912088,
    "predict_painting_recall": 0.3275862068965517,
    "predict_park_f1": 0.4103053435114503,