{
    "predict_GPE_f1": 0.7576626026132997,
    "predict_GPE_number": 20409,
    "predict_GPE_precision": 0.7511678304839875,
    "predict_GPE_recall": 0.764270664902739,
    "predict_actor_f1": 0.6766138855054812,
    "predict_actor_number": 1638,
    "predict_actor_precision": 0.6749696233292831,
    "predict_actor_recall": 0.6782661782661783,
    "predict_airplane_f1": 0.5039548022598871,
    "predict_airplane_number": 794,
    "predict_airplane_precision": 0.4569672131147541,
    "predict_airplane_recall": 0.5617128463476071,
    "predict_airport_f1": 0.46194926568758343,
    "predict_airport_number": 364,
    "predict_airport_precision": 0.44935064935064933,
    "predict_airport_recall": 0.47527472527472525,
    "predict_artist/author_f1": 0.5194805194805194,
    "predict_artist/author_number": 3464,
    "predict_artist/author_precision": 0.484394506866417,
    "predict_artist/author_recall": 0.5600461893764435,
    "predict_astronomything_f1": 0.5548478414720452,
    "predict_astronomything_number": 678,
    "predict_astronomything_precision": 0.5333333333333333,
    "predict_astronomything_recall": 0.5781710914454278,
    "predict_athlete_f1": 0.7522668393782384,
    "predict_athlete_number": 2907,
    "predict_athlete_precision": 0.7106148669317834,
    "predict_athlete_recall": 0.7991056071551428,
    "predict_attack/battle/war/militaryconflict_f1": 0.5886939571150097,
    "predict_attack/battle/war/militaryconflict_number": 1099,
    "predict_attack/battle/war/militaryconflict_precision": 0.515006821282401,
    "predict_attack/battle/war/militaryconflict_recall": 0.6869881710646042,
    "predict_award_f1": 0.47680890538033394,
    "predict_award_number": 941,
    "predict_award_precision": 0.42304526748971194,
    "predict_award_recall": 0.5462274176408076,
    "predict_biologything_f1": 0.5122569737954353,
    "predict_biologything_number": 1875,
    "predict_biologything_precision": 0.543010752688172,
    "predict_biologything_recall": 0.4848,
    "predict_bodiesofwater_f1": 0.6037578288100209,
    "predict_bodiesofwater_number": 1169,
    "predict_bodiesofwater_precision": 0.5897226753670473,
    "predict_bodiesofwater_recall": 0.6184773310521814,
    "predict_broadcastprogram_f1": 0.41047297297297297,
    "predict_broadcastprogram_number": 605,
    "predict_broadcastprogram_precision": 0.41968911917098445,
    "predict_broadcastprogram_recall": 0.40165289256198344,
    "predict_car_f1": 0.571625344352617,
    "predict_car_number": 688,
    "predict_car_precision": 0.5431937172774869,
    "predict_car_recall": 0.6031976744186046,
    "predict_chemicalthing_f1": 0.4485179407176287,
    "predict_chemicalthing_number": 1014,
    "predict_chemicalthing_precision": 0.3709677419354839,
    "predict_chemicalthing_recall": 0.5670611439842209,
    "predict_company_f1": 0.5607755406413124,
    "predict_company_number": 3903,
    "predict_company_precision": 0.5445329471397538,
    "predict_company_recall": 0.5780169100691775,
    "predict_currency_f1": 0.6153846153846154,
    "predict_currency_number": 799,
    "predict_currency_precision": 0.5836139169472503,
    "predict_currency_recall": 0.6508135168961201,
    "predict_director_f1": 0.4714640198511167,
    "predict_director_number": 554,
    "predict_director_precision": 0.4351145038167939,
    "predict_director_recall": 0.5144404332129964,
    "predict_disaster_f1": 0.39901477832512317,
    "predict_disaster_number": 207,
    "predict_disaster_precision": 0.40703517587939697,
    "predict_disaster_recall": 0.391304347826087,
    "predict_disease_f1": 0.49719244512506383,
    "predict_disease_number": 750,
    "predict_disease_precision": 0.40281224152191897,
    "predict_disease_recall": 0.6493333333333333,
    "predict_education_f1": 0.6299003322259136,
    "predict_education_number": 2082,
    "predict_education_precision": 0.5844636251541308,
    "predict_education_recall": 0.6829971181556196,
    "predict_educationaldegree_f1": 0.40800000000000003,
    "predict_educationaldegree_number": 367,
    "predict_educationaldegree_precision": 0.3222748815165877,
    "predict_educationaldegree_recall": 0.555858310626703,
    "predict_election_f1": 0.12474012474012475,
    "predict_election_number": 184,
    "predict_election_precision": 0.10101010101010101,
    "predict_election_recall": 0.16304347826086957,
    "predict_film_f1": 0.507501630789302,
    "predict_film_number": 759,
    "predict_film_precision": 0.5025839793281653,
    "predict_film_recall": 0.5125164690382081,
    "predict_food_f1": 0.408243375858685,
    "predict_food_number": 432,
    "predict_food_precision": 0.3543441226575809,
    "predict_food_recall": 0.48148148148148145,
    "predict_game_f1": 0.4969818913480885,
    "predict_game_number": 496,
    "predict_game_precision": 0.4959839357429719,
    "predict_game_recall": 0.49798387096774194,
    "predict_god_f1": 0.546142208774584,
    "predict_god_number": 635,
    "predict_god_precision": 0.5254730713245997,
    "predict_god_recall": 0.568503937007874,
    "predict_government/governmentagency_f1": 0.24320652173913043,
    "predict_government/governmentagency_number": 1535,
    "predict_government/governmentagency_precision": 0.2540809084457062,
    "predict_government/governmentagency_recall": 0.23322475570032572,
    "predict_hospital_f1": 0.5528455284552846,
    "predict_hospital_number": 364,
    "predict_hospital_precision": 0.4788732394366197,
    "predict_hospital_recall": 0.6538461538461539,
    "predict_hotel_f1": 0.5136054421768708,
    "predict_hotel_number": 265,
    "predict_hotel_precision": 0.4674922600619195,
    "predict_hotel_recall": 0.569811320754717,
    "predict_island_f1": 0.5520206362854686,
    "predict_island_number": 646,
    "predict_island_precision": 0.620889748549323,
    "predict_island_recall": 0.4969040247678019,
    "predict_language_f1": 0.5549738219895288,
    "predict_language_number": 753,
    "predict_language_precision": 0.4937888198757764,
    "predict_language_recall": 0.6334661354581673,
    "predict_law_f1": 0.3461868037703513,
    "predict_law_number": 488,
    "predict_law_precision": 0.2974963181148748,
    "predict_law_recall": 0.4139344262295082,
    "predict_library_f1": 0.5686274509803921,
    "predict_library_number": 357,
    "predict_library_precision": 0.5054466230936819,
    "predict_library_recall": 0.6498599439775911,
    "predict_livingthing_f1": 0.539427423405324,
    "predict_livingthing_number": 865,
    "predict_livingthing_precision": 0.4769094138543517,
    "predict_livingthing_recall": 0.6208092485549133,
    "predict_loss": 0.5156053900718689,
    "predict_media/newspaper_f1": 0.49447077409162715,
    "predict_media/newspaper_number": 1234,
    "predict_media/newspaper_precision": 0.48228043143297383,
    "predict_media/newspaper_recall": 0.5072933549432739,
    "predict_medical_f1": 0.11327433628318584,
    "predict_medical_number": 397,
    "predict_medical_precision": 0.19047619047619047,
    "predict_medical_recall": 0.08060453400503778,
    "predict_mountain_f1": 0.563338301043219,
    "predict_mountain_number": 681,
    "predict_mountain_precision": 0.5718608169440242,
    "predict_mountain_recall": 0.5550660792951542,
    "predict_music_f1": 0.59094942324756,
    "predict_music_number": 1041,
    "predict_music_precision": 0.5490519373454246,
    "predict_music_recall": 0.6397694524495677,
    "predict_other_f1": 0.43832238590225964,
    "predict_other_number": 21035,
    "predict_other_precision": 0.396416487234697,
    "predict_other_recall": 0.49013548847159494,
    "predict_overall_accuracy": 0.897171067060129,
    "predict_overall_f1": 0.5492542800888188,
    "predict_overall_precision": 0.516922992870216,
    "predict_overall_recall": 0.585899764686455,
    "predict_painting_f1": 0.23684210526315788,
    "predict_painting_number": 58,
    "predict_painting_precision": 0.19148936170212766,
    "predict_painting_recall": 0.3103448275862069,
    "predict_park_f1": 0.32398753894081,