{
    "predict_GPE_f1": 0.7544145739179052,
    "predict_GPE_number": 20409,
    "predict_GPE_precision": 0.7191011235955056,
    "predict_GPE_recall": 0.7933754716056641,
    "predict_actor_f1": 0.6831712348953728,
    "predict_actor_number": 1638,
    "predict_actor_precision": 0.6603988603988604,
    "predict_actor_recall": 0.7075702075702076,
    "predict_airplane_f1": 0.5233990147783252,
    "predict_airplane_number": 794,
    "predict_airplane_precision": 0.5120481927710844,
    "predict_airplane_recall": 0.535264483627204,
    "predict_airport_f1": 0.6539379474940334,
    "predict_airport_number": 364,
    "predict_airport_precision": 0.5780590717299579,
    "predict_airport_recall": 0.7527472527472527,
    "predict_artist/author_f1": 0.5875632870310269,
    "predict_artist/author_number": 3464,
    "predict_artist/author_precision": 0.5338523236612409,
    "predict_artist/author_recall": 0.6532909930715936,
    "predict_astronomything_f1": 0.6584531143052703,
    "predict_astronomything_number": 678,
    "predict_astronomything_precision": 0.6143039591315453,
    "predict_astronomything_recall": 0.7094395280235988,
    "predict_athlete_f1": 0.7786410977020995,
    "predict_athlete_number": 2907,
    "predict_athlete_precision": 0.7495225970719287,
    "predict_athlete_recall": 0.8101135190918473,
    "predict_attack/battle/war/militaryconflict_f1": 0.609162195625258,
    "predict_attack/battle/war/militaryconflict_number": 1099,
    "predict_attack/battle/war/militaryconflict_precision": 0.5574018126888217,
    "predict_attack/battle/war/militaryconflict_recall": 0.6715195632393085,
    "predict_award_f1": 0.4501138952164009,
    "predict_award_number": 941,
    "predict_award_precision": 0.3939393939393939,
    "predict_award_recall": 0.5249734325185972,
    "predict_biologything_f1": 0.5322171486555047,
    "predict_biologything_number": 1875,
    "predict_biologything_precision": 0.5074987905176584,
    "predict_biologything_recall": 0.5594666666666667,
    "predict_bodiesofwater_f1": 0.6303317535545024,
    "predict_bodiesofwater_number": 1169,
    "predict_bodiesofwater_precision": 0.5854732208363903,
    "predict_bodiesofwater_recall": 0.6826347305389222,
    "predict_broadcastprogram_f1": 0.3569682151589242,
    "predict_broadcastprogram_number": 605,
    "predict_broadcastprogram_precision": 0.3520900321543408,
    "predict_broadcastprogram_recall": 0.36198347107438017,
    "predict_car_f1": 0.5658073270013569,
    "predict_car_number": 688,
    "predict_car_precision": 0.5305343511450382,
    "predict_car_recall": 0.6061046511627907,
    "predict_chemicalthing_f1": 0.49496170898831116,
    "predict_chemicalthing_number": 1014,
    "predict_chemicalthing_precision": 0.4185412406271302,
    "predict_chemicalthing_recall": 0.6055226824457594,
    "predict_company_f1": 0.5628214548126377,
    "predict_company_number": 3903,
    "predict_company_precision": 0.5390570021111893,
    "predict_company_recall": 0.5887778631821675,
    "predict_currency_f1": 0.6708643388666284,
    "predict_currency_number": 799,
    "predict_currency_precision": 0.6181434599156118,
    "predict_currency_recall": 0.7334167709637046,
    "predict_director_f1": 0.5486725663716814,
    "predict_director_number": 554,
    "predict_director_precision": 0.5381944444444444,
    "predict_director_recall": 0.5595667870036101,
    "predict_disaster_f1": 0.3837953091684435,
    "predict_disaster_number": 207,
    "predict_disaster_precision": 0.3435114503816794,
    "predict_disaster_recall": 0.43478260869565216,
    "predict_disease_f1": 0.5217870932156646,
    "predict_disease_number": 750,
    "predict_disease_precision": 0.444967074317968,
    "predict_disease_recall": 0.6306666666666667,
    "predict_education_f1": 0.6444888001774229,
    "predict_education_number": 2082,
    "predict_education_precision": 0.5986814997939843,
    "predict_education_recall": 0.6978866474543708,
    "predict_educationaldegree_f1": 0.4227467811158799,
    "predict_educationaldegree_number": 367,
    "predict_educationaldegree_precision": 0.3486725663716814,
    "predict_educationaldegree_recall": 0.5367847411444142,
    "predict_election_f1": 0.2268041237113402,
    "predict_election_number": 184,
    "predict_election_precision": 0.18272425249169436,
    "predict_election_recall": 0.29891304347826086,
    "predict_film_f1": 0.5700483091787439,
    "predict_film_number": 759,
    "predict_film_precision": 0.5261984392419174,
    "predict_film_recall": 0.621870882740448,
    "predict_food_f1": 0.4285714285714286,
    "predict_food_number": 432,
    "predict_food_precision": 0.3488372093023256,
    "predict_food_recall": 0.5555555555555556,
    "predict_game_f1": 0.5527343750000001,
    "predict_game_number": 496,
    "predict_game_precision": 0.5359848484848485,
    "predict_game_recall": 0.5705645161290323,
    "predict_god_f1": 0.518628912071535,
    "predict_god_number": 635,
    "predict_god_precision": 0.49222065063649223,
    "predict_god_recall": 0.5480314960629922,
    "predict_government/governmentagency_f1": 0.30261593341260407,
    "predict_government/governmentagency_number": 1535,
    "predict_government/governmentagency_precision": 0.2782941498086386,
    "predict_government/governmentagency_recall": 0.3315960912052117,
    "predict_hospital_f1": 0.5152722443559097,
    "predict_hospital_number": 364,
    "predict_hospital_precision": 0.4987146529562982,
    "predict_hospital_recall": 0.532967032967033,
    "predict_hotel_f1": 0.5142857142857143,
    "predict_hotel_number": 265,
    "predict_hotel_precision": 0.4636363636363636,
    "predict_hotel_recall": 0.5773584905660377,
    "predict_island_f1": 0.5372645372645373,
    "predict_island_number": 646,
    "predict_island_precision": 0.5704347826086956,
    "predict_island_recall": 0.5077399380804953,
    "predict_language_f1": 0.6242774566473989,
    "predict_language_number": 753,
    "predict_language_precision": 0.5527123848515865,
    "predict_language_recall": 0.7171314741035857,
    "predict_law_f1": 0.45008183306055644,
    "predict_law_number": 488,
    "predict_law_precision": 0.3746594005449591,
    "predict_law_recall": 0.5635245901639344,
    "predict_library_f1": 0.5346784363177806,
    "predict_library_number": 357,
    "predict_library_precision": 0.48623853211009177,
    "predict_library_recall": 0.5938375350140056,
    "predict_livingthing_f1": 0.5429864253393665,
    "predict_livingthing_number": 865,
    "predict_livingthing_precision": 0.4804270462633452,
    "predict_livingthing_recall": 0.6242774566473989,
    "predict_loss": 0.6947947144508362,
    "predict_media/newspaper_f1": 0.5201492537313434,
    "predict_media/newspaper_number": 1234,
    "predict_media/newspaper_precision": 0.48201936376210236,
    "predict_media/newspaper_recall": 0.5648298217179902,
    "predict_medical_f1": 0.36863823933975237,
    "predict_medical_number": 397,
    "predict_medical_precision": 0.40606060606060607,
    "predict_medical_recall": 0.33753148614609574,
    "predict_mountain_f1": 0.564066852367688,
    "predict_mountain_number": 681,
    "predict_mountain_precision": 0.5364238410596026,
    "predict_mountain_recall": 0.5947136563876652,
    "predict_music_f1": 0.6432481751824817,
    "predict_music_number": 1041,
    "predict_music_precision": 0.6125108601216334,
    "predict_music_recall": 0.6772334293948127,
    "predict_other_f1": 0.45684494223164773,
    "predict_other_number": 21035,
    "predict_other_precision": 0.42670848464839883,
    "predict_other_recall": 0.49156168290943664,
    "predict_overall_accuracy": 0.9016442032714694,
    "predict_overall_f1": 0.5673058958230535,
    "predict_overall_precision": 0.5293744244472458,
    "predict_overall_recall": 0.611092763076415,
    "predict_painting_f1": 0.3076923076923077,
    "predict_painting_number": 58,
    "predict_painting_precision": 0.34782608695652173,
    "predict_painting_recall": 0.27586206896551724,