{
    "predict_GPE_f1": 0.7801392282513486,
    "predict_GPE_number": 20409,
    "predict_GPE_precision": 0.7366038392896008,
    "predict_GPE_recall": 0.8291440050957911,
    "predict_actor_f1": 0.6626038781163435,
    "predict_actor_number": 1638,
    "predict_actor_precision": 0.6064908722109533,
    "predict_actor_recall": 0.7301587301587301,
    "predict_airplane_f1": 0.5646794150731158,
    "predict_airplane_number": 794,
    "predict_airplane_precision": 0.5101626016260162,
    "predict_airplane_recall": 0.6322418136020151,
    "predict_airport_f1": 0.7877906976744187,
    "predict_airport_number": 364,
    "predict_airport_precision": 0.8364197530864198,
    "predict_airport_recall": 0.7445054945054945,
    "predict_artist/author_f1": 0.5922146085435195,
    "predict_artist/author_number": 3464,
    "predict_artist/author_precision": 0.5982326951399116,
    "predict_artist/author_recall": 0.5863163972286374,
    "predict_astronomything_f1": 0.5541740674955594,
    "predict_astronomything_number": 678,
    "predict_astronomything_precision": 0.6964285714285714,
    "predict_astronomything_recall": 0.46017699115044247,
    "predict_athlete_f1": 0.7970370370370371,
    "predict_athlete_number": 2907,
    "predict_athlete_precision": 0.7642045454545454,
    "predict_athlete_recall": 0.8328173374613003,
    "predict_attack/battle/war/militaryconflict_f1": 0.6240120436582612,
    "predict_attack/battle/war/militaryconflict_number": 1099,
    "predict_attack/battle/war/militaryconflict_precision": 0.5320924261874198,
    "predict_attack/battle/war/militaryconflict_recall": 0.7543221110100091,
    "predict_award_f1": 0.5039224734656207,
    "predict_award_number": 941,
    "predict_award_precision": 0.4453507340946166,
    "predict_award_recall": 0.5802337938363443,
    "predict_biologything_f1": 0.5404847859721505,
    "predict_biologything_number": 1875,
    "predict_biologything_precision": 0.5232151772341488,
    "predict_biologything_recall": 0.5589333333333333,
    "predict_bodiesofwater_f1": 0.6439364587369237,
    "predict_bodiesofwater_number": 1169,
    "predict_bodiesofwater_precision": 0.5885269121813032,
    "predict_bodiesofwater_recall": 0.7108639863130881,
    "predict_broadcastprogram_f1": 0.43263061411549036,
    "predict_broadcastprogram_number": 605,
    "predict_broadcastprogram_precision": 0.48559670781893005,
    "predict_broadcastprogram_recall": 0.39008264462809916,
    "predict_car_f1": 0.6242383209207854,
    "predict_car_number": 688,
    "predict_car_precision": 0.5842839036755386,
    "predict_car_recall": 0.6700581395348837,
    "predict_chemicalthing_f1": 0.4829592684954281,
    "predict_chemicalthing_number": 1014,
    "predict_chemicalthing_precision": 0.41738505747126436,
    "predict_chemicalthing_recall": 0.5729783037475346,
    "predict_company_f1": 0.6221037998146433,
    "predict_company_number": 3903,
    "predict_company_precision": 0.5677733135969549,
    "predict_company_recall": 0.6879323597232898,
    "predict_currency_f1": 0.6085825747724317,
    "predict_currency_number": 799,
    "predict_currency_precision": 0.6332882273342354,
    "predict_currency_recall": 0.5857321652065082,
    "predict_director_f1": 0.0,
    "predict_director_number": 554,
    "predict_director_precision": 0.0,
    "predict_director_recall": 0.0,
    "predict_disaster_f1": 0.09486166007905139,
    "predict_disaster_number": 207,
    "predict_disaster_precision": 0.2608695652173913,
    "predict_disaster_recall": 0.057971014492753624,
    "predict_disease_f1": 0.5299417064122947,
    "predict_disease_number": 750,
    "predict_disease_precision": 0.4397537379067722,
    "predict_disease_recall": 0.6666666666666666,
    "predict_education_f1": 0.7237875288683603,
    "predict_education_number": 2082,
    "predict_education_precision": 0.6970640569395018,
    "predict_education_recall": 0.7526416906820365,
    "predict_educationaldegree_f1": 0.462253193960511,
    "predict_educationaldegree_number": 367,
    "predict_educationaldegree_precision": 0.402834008097166,
    "predict_educationaldegree_recall": 0.5422343324250681,
    "predict_election_f1": 0.24657534246575344,
    "predict_election_number": 184,
    "predict_election_precision": 0.2125984251968504,
    "predict_election_recall": 0.29347826086956524,
    "predict_film_f1": 0.4972776769509981,
    "predict_film_number": 759,
    "predict_film_precision": 0.3792387543252595,
    "predict_film_recall": 0.7220026350461133,
    "predict_food_f1": 0.12734082397003746,
    "predict_food_number": 432,
    "predict_food_precision": 0.3333333333333333,
    "predict_food_recall": 0.0787037037037037,
    "predict_game_f1": 0.5671321160042965,
    "predict_game_number": 496,
    "predict_game_precision": 0.6068965517241379,
    "predict_game_recall": 0.532258064516129,
    "predict_god_f1": 0.0,
    "predict_god_number": 635,
    "predict_god_precision": 0.0,
    "predict_god_recall": 0.0,
    "predict_government/governmentagency_f1": 0.28278041074249605,
    "predict_government/governmentagency_number": 1535,
    "predict_government/governmentagency_precision": 0.35907723169508526,
    "predict_government/governmentagency_recall": 0.23322475570032572,
    "predict_hospital_f1": 0.7021276595744682,
    "predict_hospital_number": 364,
    "predict_hospital_precision": 0.6804123711340206,
    "predict_hospital_recall": 0.7252747252747253,
    "predict_hotel_f1": 0.592436974789916,
    "predict_hotel_number": 265,
    "predict_hotel_precision": 0.6682464454976303,
    "predict_hotel_recall": 0.5320754716981132,
    "predict_island_f1": 0.5183823529411764,
    "predict_island_number": 646,
    "predict_island_precision": 0.6380090497737556,
    "predict_island_recall": 0.43653250773993807,
    "predict_language_f1": 0.47719869706840384,
    "predict_language_number": 753,
    "predict_language_precision": 0.6168421052631579,
    "predict_language_recall": 0.3891102257636122,
    "predict_law_f1": 0.5207612456747406,
    "predict_law_number": 488,
    "predict_law_precision": 0.4505988023952096,
    "predict_law_recall": 0.6168032786885246,
    "predict_library_f1": 0.4615384615384615,
    "predict_library_number": 357,
    "predict_library_precision": 0.5551181102362205,
    "predict_library_recall": 0.3949579831932773,
    "predict_livingthing_f1": 0.46082949308755766,
    "predict_livingthing_number": 865,
    "predict_livingthing_precision": 0.3831417624521073,
    "predict_livingthing_recall": 0.5780346820809249,
    "predict_loss": 0.370383620262146,
    "predict_media/newspaper_f1": 0.5796289814490725,
    "predict_media/newspaper_number": 1234,
    "predict_media/newspaper_precision": 0.5101663585951941,
    "predict_media/newspaper_recall": 0.6709886547811994,
    "predict_medical_f1": 0.0,
    "predict_medical_number": 397,
    "predict_medical_precision": 0.0,
    "predict_medical_recall": 0.0,
    "predict_mountain_f1": 0.5920852359208523,
    "predict_mountain_number": 681,
    "predict_mountain_precision": 0.6145339652448657,
    "predict_mountain_recall": 0.5712187958883994,
    "predict_music_f1": 0.669479606188467,
    "predict_music_number": 1041,
    "predict_music_precision": 0.6538461538461539,
    "predict_music_recall": 0.6858789625360231,
    "predict_other_f1": 0.5107548079029219,
    "predict_other_number": 21035,
    "predict_other_precision": 0.47357731833137007,
    "predict_other_recall": 0.5542666983598764,
    "predict_overall_accuracy": 0.9070380238292217,
    "predict_overall_f1": 0.5948898049078113,
    "predict_overall_precision": 0.5726947137194977,
    "predict_overall_recall": 0.6188746232919127,
    "predict_painting_f1": 0.0,
    "predict_painting_number": 58,
    "predict_painting_precision": 0.0,
    "predict_painting_recall": 0.0,
    "predict_park_f1": 0.008048289738430584,
    "predict_park_number": 458,
    "predict_park_precision": 0.05128205128205128,
    "predict_park_recall": 0.004366812227074236,