{
    "predict_GPE_f1": 0.7863461049908772,
    "predict_GPE_number": 20409,
    "predict_GPE_precision": 0.7437308868501529,
    "predict_GPE_recall": 0.8341418001861923,
    "predict_actor_f1": 0.7195735860230974,
    "predict_actor_number": 1638,
    "predict_actor_precision": 0.6986774008050604,
    "predict_actor_recall": 0.7417582417582418,
    "predict_airplane_f1": 0.5077428437353355,
    "predict_airplane_number": 794,
    "predict_airplane_precision": 0.40463724756918473,
    "predict_airplane_recall": 0.681360201511335,
    "predict_airport_f1": 0.6789554531490015,
    "predict_airport_number": 364,
    "predict_airport_precision": 0.7700348432055749,
    "predict_airport_recall": 0.6071428571428571,
    "predict_artist/author_f1": 0.6176134197483797,
    "predict_artist/author_number": 3464,
    "predict_artist/author_precision": 0.5516458569807038,
    "predict_artist/author_recall": 0.7015011547344111,
    "predict_astronomything_f1": 0.5822784810126582,
    "predict_astronomything_number": 678,
    "predict_astronomything_precision": 0.6804733727810651,
    "predict_astronomything_recall": 0.5088495575221239,
    "predict_athlete_f1": 0.7912873862158647,
    "predict_athlete_number": 2907,
    "predict_athlete_precision": 0.7500770416024654,
    "predict_athlete_recall": 0.8372893016855865,
    "predict_attack/battle/war/militaryconflict_f1": 0.6246200607902735,
    "predict_attack/battle/war/militaryconflict_number": 1099,
    "predict_attack/battle/war/militaryconflict_precision": 0.5362035225048923,
    "predict_attack/battle/war/militaryconflict_recall": 0.7479526842584168,
    "predict_award_f1": 0.5138339920948616,
    "predict_award_number": 941,
    "predict_award_precision": 0.4801477377654663,
    "predict_award_recall": 0.5526036131774708,
    "predict_biologything_f1": 0.5447935601142561,
    "predict_biologything_number": 1875,
    "predict_biologything_precision": 0.5308704453441295,
    "predict_biologything_recall": 0.5594666666666667,
    "predict_bodiesofwater_f1": 0.6374903175832688,
    "predict_bodiesofwater_number": 1169,
    "predict_bodiesofwater_precision": 0.5824486907289455,
    "predict_bodiesofwater_recall": 0.7040205303678357,
    "predict_broadcastprogram_f1": 0.17458279845956357,
    "predict_broadcastprogram_number": 605,
    "predict_broadcastprogram_precision": 0.39080459770114945,
    "predict_broadcastprogram_recall": 0.11239669421487604,
    "predict_car_f1": 0.6329113924050633,
    "predict_car_number": 688,
    "predict_car_precision": 0.6130790190735694,
    "predict_car_recall": 0.6540697674418605,
    "predict_chemicalthing_f1": 0.47139588100686497,
    "predict_chemicalthing_number": 1014,
    "predict_chemicalthing_precision": 0.43979504696840305,
    "predict_chemicalthing_recall": 0.5078895463510849,
    "predict_company_f1": 0.6206320810971973,
    "predict_company_number": 3903,
    "predict_company_precision": 0.5805443998215083,
    "predict_company_recall": 0.6666666666666666,
    "predict_currency_f1": 0.5935483870967743,
    "predict_currency_number": 799,
    "predict_currency_precision": 0.6125166444740346,
    "predict_currency_recall": 0.5757196495619524,
    "predict_director_f1": 0.23121387283236997,
    "predict_director_number": 554,
    "predict_director_precision": 0.5797101449275363,
    "predict_director_recall": 0.1444043321299639,
    "predict_disaster_f1": 0.362116991643454,
    "predict_disaster_number": 207,
    "predict_disaster_precision": 0.4276315789473684,
    "predict_disaster_recall": 0.3140096618357488,
    "predict_disease_f1": 0.5221729490022172,
    "predict_disease_number": 750,
    "predict_disease_precision": 0.4468690702087287,
    "predict_disease_recall": 0.628,
    "predict_education_f1": 0.7088954950834668,
    "predict_education_number": 2082,
    "predict_education_precision": 0.6765604539502401,
    "predict_education_recall": 0.74447646493756,
    "predict_educationaldegree_f1": 0.46356033452807643,
    "predict_educationaldegree_number": 367,
    "predict_educationaldegree_precision": 0.4127659574468085,
    "predict_educationaldegree_recall": 0.5286103542234333,
    "predict_election_f1": 0.07669616519174041,
    "predict_election_number": 184,
    "predict_election_precision": 0.08387096774193549,
    "predict_election_recall": 0.07065217391304347,
    "predict_film_f1": 0.5191489361702128,
    "predict_film_number": 759,
    "predict_film_precision": 0.40486725663716816,
    "predict_film_recall": 0.7233201581027668,
    "predict_food_f1": 0.28664495114006516,
    "predict_food_number": 432,
    "predict_food_precision": 0.4835164835164835,
    "predict_food_recall": 0.2037037037037037,
    "predict_game_f1": 0.5035128805620608,
    "predict_game_number": 496,
    "predict_game_precision": 0.6005586592178771,
    "predict_game_recall": 0.4334677419354839,
    "predict_god_f1": 0.0,
    "predict_god_number": 635,
    "predict_god_precision": 0.0,
    "predict_god_recall": 0.0,
    "predict_government/governmentagency_f1": 0.3212280044926994,
    "predict_government/governmentagency_number": 1535,
    "predict_government/governmentagency_precision": 0.37764084507042256,
    "predict_government/governmentagency_recall": 0.27947882736156354,
    "predict_hospital_f1": 0.689922480620155,
    "predict_hospital_number": 364,
    "predict_hospital_precision": 0.651219512195122,
    "predict_hospital_recall": 0.7335164835164835,
    "predict_hotel_f1": 0.5741811175337187,
    "predict_hotel_number": 265,
    "predict_hotel_precision": 0.5866141732283464,
    "predict_hotel_recall": 0.5622641509433962,
    "predict_island_f1": 0.49908256880733937,
    "predict_island_number": 646,
    "predict_island_precision": 0.6126126126126126,
    "predict_island_recall": 0.42105263157894735,
    "predict_language_f1": 0.5667655786350149,
    "predict_language_number": 753,
    "predict_language_precision": 0.6420168067226891,
    "predict_language_recall": 0.5073041168658698,
    "predict_law_f1": 0.5204081632653061,
    "predict_law_number": 488,
    "predict_law_precision": 0.44476744186046513,
    "predict_law_recall": 0.6270491803278688,
    "predict_library_f1": 0.6639892904953145,
    "predict_library_number": 357,
    "predict_library_precision": 0.6358974358974359,
    "predict_library_recall": 0.6946778711484594,
    "predict_livingthing_f1": 0.4698660714285714,
    "predict_livingthing_number": 865,
    "predict_livingthing_precision": 0.45415318230852214,
    "predict_livingthing_recall": 0.4867052023121387,
    "predict_loss": 0.36575159430503845,
    "predict_media/newspaper_f1": 0.5486018641810919,
    "predict_media/newspaper_number": 1234,
    "predict_media/newspaper_precision": 0.4655367231638418,
    "predict_media/newspaper_recall": 0.6677471636952999,
    "predict_medical_f1": 0.0,
    "predict_medical_number": 397,
    "predict_medical_precision": 0.0,
    "predict_medical_recall": 0.0,
    "predict_mountain_f1": 0.5712037765538946,
    "predict_mountain_number": 681,
    "predict_mountain_precision": 0.6152542372881356,
    "predict_mountain_recall": 0.5330396475770925,
    "predict_music_f1": 0.6698157770429853,
    "predict_music_number": 1041,
    "predict_music_precision": 0.6589219330855018,
    "predict_music_recall": 0.681075888568684,
    "predict_other_f1": 0.5097565341926245,
    "predict_other_number": 21035,
    "predict_other_precision": 0.4815456813089249,
    "predict_other_recall": 0.5414784882338959,
    "predict_overall_accuracy": 0.9086893928043307,
    "predict_overall_f1": 0.5978141040670035,
    "predict_overall_precision": 0.5785276369780352,
    "predict_overall_recall": 0.6184308302027,
    "predict_painting_f1": 0.0,
    "predict_painting_number": 58,
    "predict_painting_precision": 0.0,
    "predict_painting_recall": 0.0,
    "predict_park_f1": 0.21772939346811818,
    "predict_park_number": 458,
    "predict_park_precision": 0.3783783783783784,
    "predict_park_recall": 0.15283842794759825,