{
    "predict_GPE_f1": 0.7551959234707117,
    "predict_GPE_number": 20409,
    "predict_GPE_precision": 0.7282074613284805,
    "predict_GPE_recall": 0.7842618452643442,
    "predict_actor_f1": 0.7009045812664138,
    "predict_actor_number": 1638,
    "predict_actor_precision": 0.6713247624371157,
    "predict_actor_recall": 0.7332112332112332,
    "predict_airplane_f1": 0.5130773511407902,
    "predict_airplane_number": 794,
    "predict_airplane_precision": 0.4596211365902293,
    "predict_airplane_recall": 0.5806045340050378,
    "predict_airport_f1": 0.6487252124645893,
    "predict_airport_number": 364,
    "predict_airport_precision": 0.6695906432748538,
    "predict_airport_recall": 0.6291208791208791,
    "predict_artist/author_f1": 0.5819801695645926,
    "predict_artist/author_number": 3464,
    "predict_artist/author_precision": 0.5793991416309013,
    "predict_artist/author_recall": 0.5845842956120092,
    "predict_astronomything_f1": 0.6005665722379603,
    "predict_astronomything_number": 678,
    "predict_astronomything_precision": 0.5776566757493188,
    "predict_astronomything_recall": 0.6253687315634219,
    "predict_athlete_f1": 0.7653820148749154,
    "predict_athlete_number": 2907,
    "predict_athlete_precision": 0.7524094383516118,
    "predict_athlete_recall": 0.7788097695218438,
    "predict_attack/battle/war/militaryconflict_f1": 0.6078925272879934,
    "predict_attack/battle/war/militaryconflict_number": 1099,
    "predict_attack/battle/war/militaryconflict_precision": 0.5643024162120032,
    "predict_attack/battle/war/militaryconflict_recall": 0.6587807097361238,
    "predict_award_f1": 0.44483671668137686,
    "predict_award_number": 941,
    "predict_award_precision": 0.38037735849056603,
    "predict_award_recall": 0.5356004250797024,
    "predict_biologything_f1": 0.5388779527559054,
    "predict_biologything_number": 1875,
    "predict_biologything_precision": 0.5002284148012791,
    "predict_biologything_recall": 0.584,
    "predict_bodiesofwater_f1": 0.6397718011409943,
    "predict_bodiesofwater_number": 1169,
    "predict_bodiesofwater_precision": 0.6108949416342413,
    "predict_bodiesofwater_recall": 0.6715141146278871,
    "predict_broadcastprogram_f1": 0.47320061255742724,
    "predict_broadcastprogram_number": 605,
    "predict_broadcastprogram_precision": 0.44079885877318115,
    "predict_broadcastprogram_recall": 0.5107438016528926,
    "predict_car_f1": 0.6001456664238892,
    "predict_car_number": 688,
    "predict_car_precision": 0.6014598540145986,
    "predict_car_recall": 0.5988372093023255,
    "predict_chemicalthing_f1": 0.471725471242146,
    "predict_chemicalthing_number": 1014,
    "predict_chemicalthing_precision": 0.46255924170616114,
    "predict_chemicalthing_recall": 0.4812623274161736,
    "predict_company_f1": 0.5734614904506303,
    "predict_company_number": 3903,
    "predict_company_precision": 0.5591528724440117,
    "predict_company_recall": 0.5885216500128106,
    "predict_currency_f1": 0.6287323943661971,
    "predict_currency_number": 799,
    "predict_currency_precision": 0.5717213114754098,
    "predict_currency_recall": 0.6983729662077597,
    "predict_director_f1": 0.575594781273983,
    "predict_director_number": 554,
    "predict_director_precision": 0.5006675567423231,
    "predict_director_recall": 0.6768953068592057,
    "predict_disaster_f1": 0.39719626168224303,
    "predict_disaster_number": 207,
    "predict_disaster_precision": 0.38461538461538464,
    "predict_disaster_recall": 0.4106280193236715,
    "predict_disease_f1": 0.518020769700672,
    "predict_disease_number": 750,
    "predict_disease_precision": 0.47801578354002255,
    "predict_disease_recall": 0.5653333333333334,
    "predict_education_f1": 0.6785714285714286,
    "predict_education_number": 2082,
    "predict_education_precision": 0.6271393643031785,
    "predict_education_recall": 0.739193083573487,
    "predict_educationaldegree_f1": 0.45005740528128585,
    "predict_educationaldegree_number": 367,
    "predict_educationaldegree_precision": 0.3888888888888889,
    "predict_educationaldegree_recall": 0.5340599455040872,
    "predict_election_f1": 0.2433862433862434,
    "predict_election_number": 184,
    "predict_election_precision": 0.1801566579634465,
    "predict_election_recall": 0.375,
    "predict_film_f1": 0.5798553144129104,
    "predict_film_number": 759,
    "predict_film_precision": 0.5019267822736031,
    "predict_film_recall": 0.686429512516469,
    "predict_food_f1": 0.41690682036503357,
    "predict_food_number": 432,
    "predict_food_precision": 0.3563218390804598,
    "predict_food_recall": 0.5023148148148148,
    "predict_game_f1": 0.544689800210305,
    "predict_game_number": 496,
    "predict_game_precision": 0.5692307692307692,
    "predict_game_recall": 0.5221774193548387,
    "predict_god_f1": 0.5304829770387965,
    "predict_god_number": 635,
    "predict_god_precision": 0.5334394904458599,
    "predict_god_recall": 0.5275590551181102,
    "predict_government/governmentagency_f1": 0.3035452680925872,
    "predict_government/governmentagency_number": 1535,
    "predict_government/governmentagency_precision": 0.27582534611288606,
    "predict_government/governmentagency_recall": 0.33745928338762216,
    "predict_hospital_f1": 0.6085858585858587,
    "predict_hospital_number": 364,
    "predict_hospital_precision": 0.5630841121495327,
    "predict_hospital_recall": 0.6620879120879121,
    "predict_hotel_f1": 0.6247619047619047,
    "predict_hotel_number": 265,
    "predict_hotel_precision": 0.6307692307692307,
    "predict_hotel_recall": 0.6188679245283019,
    "predict_island_f1": 0.49442060085836903,
    "predict_island_number": 646,
    "predict_island_precision": 0.5549132947976878,
    "predict_island_recall": 0.4458204334365325,
    "predict_language_f1": 0.6204819277108433,
    "predict_language_number": 753,
    "predict_language_precision": 0.5678059536934951,
    "predict_language_recall": 0.6839309428950863,
    "predict_law_f1": 0.3930635838150289,
    "predict_law_number": 488,
    "predict_law_precision": 0.32918395573997233,
    "predict_law_recall": 0.48770491803278687,
    "predict_library_f1": 0.5681528662420382,
    "predict_library_number": 357,
    "predict_library_precision": 0.5210280373831776,
    "predict_library_recall": 0.6246498599439776,
    "predict_livingthing_f1": 0.4967197750702905,
    "predict_livingthing_number": 865,
    "predict_livingthing_precision": 0.4176516942474389,
    "predict_livingthing_recall": 0.6127167630057804,
    "predict_loss": 0.5147045850753784,
    "predict_media/newspaper_f1": 0.5466360856269113,
    "predict_media/newspaper_number": 1234,
    "predict_media/newspaper_precision": 0.5173661360347322,
    "predict_media/newspaper_recall": 0.5794165316045381,
    "predict_medical_f1": 0.4047058823529412,
    "predict_medical_number": 397,
    "predict_medical_precision": 0.37969094922737306,
    "predict_medical_recall": 0.4332493702770781,
    "predict_mountain_f1": 0.5244618395303327,
    "predict_mountain_number": 681,
    "predict_mountain_precision": 0.47183098591549294,
    "predict_mountain_recall": 0.5903083700440529,
    "predict_music_f1": 0.6318868844466115,
    "predict_music_number": 1041,
    "predict_music_precision": 0.6415841584158416,
    "predict_music_recall": 0.622478386167147,
    "predict_other_f1": 0.4625193028899184,
    "predict_other_number": 21035,
    "predict_other_precision": 0.43148796048569665,
    "predict_other_recall": 0.49835987639648205,
    "predict_overall_accuracy": 0.9022304881147034,
    "predict_overall_f1": 0.569246954219975,
    "predict_overall_precision": 0.5367581849931887,
    "predict_overall_recall": 0.6059220575486108,
    "predict_painting_f1": 0.10752688172043011,
    "predict_painting_number": 58,
    "predict_painting_precision": 0.14285714285714285,
    "predict_painting_recall": 0.08620689655172414,
    "predict_park_f1": 0.46360153256704983,