{
    "predict_GPE_f1": 0.7885615655540783,
    "predict_GPE_number": 20409,
    "predict_GPE_precision": 0.7524928774928775,
    "predict_GPE_recall": 0.8282620412563085,
    "predict_actor_f1": 0.7073027090694936,
    "predict_actor_number": 1638,
    "predict_actor_precision": 0.6831626848691695,
    "predict_actor_recall": 0.7332112332112332,
    "predict_airplane_f1": 0.5552439708356702,
    "predict_airplane_number": 794,
    "predict_airplane_precision": 0.5005055611729019,
    "predict_airplane_recall": 0.6234256926952141,
    "predict_airport_f1": 0.785611510791367,
    "predict_airport_number": 364,
    "predict_airport_precision": 0.824773413897281,
    "predict_airport_recall": 0.75,
    "predict_artist/author_f1": 0.6158192090395481,
    "predict_artist/author_number": 3464,
    "predict_artist/author_precision": 0.5359127832407011,
    "predict_artist/author_recall": 0.723729792147806,
    "predict_astronomything_f1": 0.5139146567717996,
    "predict_astronomything_number": 678,
    "predict_astronomything_precision": 0.6925,
    "predict_astronomything_recall": 0.4085545722713864,
    "predict_athlete_f1": 0.7980916680865564,
    "predict_athlete_number": 2907,
    "predict_athlete_precision": 0.7906819716407832,
    "predict_athlete_recall": 0.8056415548675611,
    "predict_attack/battle/war/militaryconflict_f1": 0.6440410418310971,
    "predict_attack/battle/war/militaryconflict_number": 1099,
    "predict_attack/battle/war/militaryconflict_precision": 0.5686411149825784,
    "predict_attack/battle/war/militaryconflict_recall": 0.7424931756141947,
    "predict_award_f1": 0.5016754427955961,
    "predict_award_number": 941,
    "predict_award_precision": 0.4564459930313589,
    "predict_award_recall": 0.5568544102019128,
    "predict_biologything_f1": 0.5529045643153527,
    "predict_biologything_number": 1875,
    "predict_biologything_precision": 0.5381120646138314,
    "predict_biologything_recall": 0.5685333333333333,
    "predict_bodiesofwater_f1": 0.6328217237308146,
    "predict_bodiesofwater_number": 1169,
    "predict_bodiesofwater_precision": 0.5860058309037901,
    "predict_bodiesofwater_recall": 0.6877673224978614,
    "predict_broadcastprogram_f1": 0.47916666666666663,
    "predict_broadcastprogram_number": 605,
    "predict_broadcastprogram_precision": 0.46500777604976673,
    "predict_broadcastprogram_recall": 0.49421487603305786,
    "predict_car_f1": 0.6175637393767707,
    "predict_car_number": 688,
    "predict_car_precision": 0.6022099447513812,
    "predict_car_recall": 0.6337209302325582,
    "predict_chemicalthing_f1": 0.4825174825174825,
    "predict_chemicalthing_number": 1014,
    "predict_chemicalthing_precision": 0.43328100470957615,
    "predict_chemicalthing_recall": 0.5443786982248521,
    "predict_company_f1": 0.6282621767889357,
    "predict_company_number": 3903,
    "predict_company_precision": 0.5920217588395286,
    "predict_company_recall": 0.6692287983602357,
    "predict_currency_f1": 0.6258420085731782,
    "predict_currency_number": 799,
    "predict_currency_precision": 0.6127098321342925,
    "predict_currency_recall": 0.639549436795995,
    "predict_director_f1": 0.09225700164744646,
    "predict_director_number": 554,
    "predict_director_precision": 0.5283018867924528,
    "predict_director_recall": 0.05054151624548736,
    "predict_disaster_f1": 0.375,
    "predict_disaster_number": 207,
    "predict_disaster_precision": 0.45517241379310347,
    "predict_disaster_recall": 0.3188405797101449,
    "predict_disease_f1": 0.5042864346949066,
    "predict_disease_number": 750,
    "predict_disease_precision": 0.40551500405515006,
    "predict_disease_recall": 0.6666666666666666,
    "predict_education_f1": 0.6988586479367866,
    "predict_education_number": 2082,
    "predict_education_precision": 0.6434923201293452,
    "predict_education_recall": 0.7646493756003843,
    "predict_educationaldegree_f1": 0.4800910125142207,
    "predict_educationaldegree_number": 367,
    "predict_educationaldegree_precision": 0.412109375,
    "predict_educationaldegree_recall": 0.5749318801089919,
    "predict_election_f1": 0.23173803526448364,
    "predict_election_number": 184,
    "predict_election_precision": 0.215962441314554,
    "predict_election_recall": 0.25,
    "predict_film_f1": 0.5101948346171273,
    "predict_film_number": 759,
    "predict_film_precision": 0.3888121546961326,
    "predict_film_recall": 0.7417654808959157,
    "predict_food_f1": 0.097165991902834,
    "predict_food_number": 432,
    "predict_food_precision": 0.3870967741935484,
    "predict_food_recall": 0.05555555555555555,
    "predict_game_f1": 0.5653153153153154,
    "predict_game_number": 496,
    "predict_game_precision": 0.6403061224489796,
    "predict_game_recall": 0.5060483870967742,
    "predict_god_f1": 0.012519561815336464,
    "predict_god_number": 635,
    "predict_god_precision": 1.0,
    "predict_god_recall": 0.006299212598425197,
    "predict_government/governmentagency_f1": 0.3619302949061662,
    "predict_government/governmentagency_number": 1535,
    "predict_government/governmentagency_precision": 0.37267080745341613,
    "predict_government/governmentagency_recall": 0.3517915309446254,
    "predict_hospital_f1": 0.725219573400251,
    "predict_hospital_number": 364,
    "predict_hospital_precision": 0.6674364896073903,
    "predict_hospital_recall": 0.7939560439560439,
    "predict_hotel_f1": 0.599250936329588,
    "predict_hotel_number": 265,
    "predict_hotel_precision": 0.5947955390334573,
    "predict_hotel_recall": 0.6037735849056604,
    "predict_island_f1": 0.3886554621848739,
    "predict_island_number": 646,
    "predict_island_precision": 0.6045751633986928,
    "predict_island_recall": 0.28637770897832815,
    "predict_language_f1": 0.5589887640449439,
    "predict_language_number": 753,
    "predict_language_precision": 0.5931445603576752,
    "predict_language_recall": 0.5285524568393094,
    "predict_law_f1": 0.5464788732394366,
    "predict_law_number": 488,
    "predict_law_precision": 0.5043327556325823,
    "predict_law_recall": 0.5963114754098361,
    "predict_library_f1": 0.6594594594594595,
    "predict_library_number": 357,
    "predict_library_precision": 0.6370757180156658,
    "predict_library_recall": 0.6834733893557423,
    "predict_livingthing_f1": 0.49914821124361164,
    "predict_livingthing_number": 865,
    "predict_livingthing_precision": 0.39514497639919083,
    "predict_livingthing_recall": 0.6774566473988439,
    "predict_loss": 0.36499470472335815,
    "predict_media/newspaper_f1": 0.6007933645870899,
    "predict_media/newspaper_number": 1234,
    "predict_media/newspaper_precision": 0.5412605588044185,
    "predict_media/newspaper_recall": 0.6750405186385737,
    "predict_medical_f1": 0.0,
    "predict_medical_number": 397,
    "predict_medical_precision": 0.0,
    "predict_medical_recall": 0.0,
    "predict_mountain_f1": 0.6023564064801178,
    "predict_mountain_number": 681,
    "predict_mountain_precision": 0.604135893648449,
    "predict_mountain_recall": 0.6005873715124816,
    "predict_music_f1": 0.6836879432624113,
    "predict_music_number": 1041,
    "predict_music_precision": 0.6731843575418994,
    "predict_music_recall": 0.6945244956772334,
    "predict_other_f1": 0.5032893223535906,
    "predict_other_number": 21035,
    "predict_other_precision": 0.4875440082000089,
    "predict_other_recall": 0.5200855716662705,
    "predict_overall_accuracy": 0.9093451632586146,
    "predict_overall_f1": 0.601135026231274,
    "predict_overall_precision": 0.581586768565694,
    "predict_overall_recall": 0.6220430995335012,
    "predict_painting_f1": 0.0,
    "predict_painting_number": 58,
    "predict_painting_precision": 0.0,
    "predict_painting_recall": 0.0,
    "predict_park_f1": 0.4741721854304636,
    "predict_park_number": 458,
    "predict_park_precision": 0.6026936026936027,
    "predict_park_recall": 0.39082969432314413,