{
    "predict_GPE_f1": 0.7854963623562544,
    "predict_GPE_number": 20409,
    "predict_GPE_precision": 0.7537948741047701,
    "predict_GPE_recall": 0.8199813807633887,
    "predict_actor_f1": 0.7305009511731135,
    "predict_actor_number": 1638,
    "predict_actor_precision": 0.7598944591029023,
    "predict_actor_recall": 0.7032967032967034,
    "predict_airplane_f1": 0.5635491606714629,
    "predict_airplane_number": 794,
    "predict_airplane_precision": 0.5377574370709383,
    "predict_airplane_recall": 0.5919395465994962,
    "predict_airport_f1": 0.7731092436974789,
    "predict_airport_number": 364,
    "predict_airport_precision": 0.7885714285714286,
    "predict_airport_recall": 0.7582417582417582,
    "predict_artist/author_f1": 0.6181234105206799,
    "predict_artist/author_number": 3464,
    "predict_artist/author_precision": 0.5762415772398303,
    "predict_artist/author_recall": 0.6665704387990762,
    "predict_astronomything_f1": 0.5664662658650634,
    "predict_astronomything_number": 678,
    "predict_astronomything_precision": 0.5177045177045178,
    "predict_astronomything_recall": 0.6253687315634219,
    "predict_athlete_f1": 0.7830030231776958,
    "predict_athlete_number": 2907,
    "predict_athlete_precision": 0.7650147686248769,
    "predict_athlete_recall": 0.8018575851393189,
    "predict_attack/battle/war/militaryconflict_f1": 0.6422997946611909,
    "predict_attack/battle/war/militaryconflict_number": 1099,
    "predict_attack/battle/war/militaryconflict_precision": 0.5853293413173652,
    "predict_attack/battle/war/militaryconflict_recall": 0.7115559599636033,
    "predict_award_f1": 0.5100935499753816,
    "predict_award_number": 941,
    "predict_award_precision": 0.47522935779816516,
    "predict_award_recall": 0.5504782146652497,
    "predict_biologything_f1": 0.5448605177180197,
    "predict_biologything_number": 1875,
    "predict_biologything_precision": 0.5152091254752852,
    "predict_biologything_recall": 0.5781333333333334,
    "predict_bodiesofwater_f1": 0.6635867282654347,
    "predict_bodiesofwater_number": 1169,
    "predict_bodiesofwater_precision": 0.6518151815181518,
    "predict_bodiesofwater_recall": 0.6757912745936698,
    "predict_broadcastprogram_f1": 0.4819277108433735,
    "predict_broadcastprogram_number": 605,
    "predict_broadcastprogram_precision": 0.4426002766251729,
    "predict_broadcastprogram_recall": 0.5289256198347108,
    "predict_car_f1": 0.5953488372093023,
    "predict_car_number": 688,
    "predict_car_precision": 0.5483476132190942,
    "predict_car_recall": 0.6511627906976745,
    "predict_chemicalthing_f1": 0.48176583493282155,
    "predict_chemicalthing_number": 1014,
    "predict_chemicalthing_precision": 0.4691588785046729,
    "predict_chemicalthing_recall": 0.49506903353057197,
    "predict_company_f1": 0.6293843512386558,
    "predict_company_number": 3903,
    "predict_company_precision": 0.6036226770171724,
    "predict_company_recall": 0.6574429925698181,
    "predict_currency_f1": 0.6191304347826087,
    "predict_currency_number": 799,
    "predict_currency_precision": 0.5766738660907127,
    "predict_currency_recall": 0.6683354192740926,
    "predict_director_f1": 0.5116279069767442,
    "predict_director_number": 554,
    "predict_director_precision": 0.6173469387755102,
    "predict_director_recall": 0.4368231046931408,
    "predict_disaster_f1": 0.3800904977375566,
    "predict_disaster_number": 207,
    "predict_disaster_precision": 0.3574468085106383,
    "predict_disaster_recall": 0.4057971014492754,
    "predict_disease_f1": 0.5195876288659794,
    "predict_disease_number": 750,
    "predict_disease_precision": 0.4235294117647059,
    "predict_disease_recall": 0.672,
    "predict_education_f1": 0.7323750855578371,
    "predict_education_number": 2082,
    "predict_education_precision": 0.6975228161668839,
    "predict_education_recall": 0.770893371757925,
    "predict_educationaldegree_f1": 0.4664536741214057,
    "predict_educationaldegree_number": 367,
    "predict_educationaldegree_precision": 0.38286713286713286,
    "predict_educationaldegree_recall": 0.5967302452316077,
    "predict_election_f1": 0.19178082191780824,
    "predict_election_number": 184,
    "predict_election_precision": 0.16535433070866143,
    "predict_election_recall": 0.22826086956521738,
    "predict_film_f1": 0.5853080568720379,
    "predict_film_number": 759,
    "predict_film_precision": 0.5317545748116254,
    "predict_film_recall": 0.6508563899868248,
    "predict_food_f1": 0.4429967426710098,
    "predict_food_number": 432,
    "predict_food_precision": 0.4171779141104294,
    "predict_food_recall": 0.4722222222222222,
    "predict_game_f1": 0.5787234042553191,
    "predict_game_number": 496,
    "predict_game_precision": 0.6126126126126126,
    "predict_game_recall": 0.5483870967741935,
    "predict_god_f1": 0.48915187376725844,
    "predict_god_number": 635,
    "predict_god_precision": 0.6543535620052771,
    "predict_god_recall": 0.3905511811023622,
    "predict_government/governmentagency_f1": 0.3580758203249442,
    "predict_government/governmentagency_number": 1535,
    "predict_government/governmentagency_precision": 0.35037406483790523,
    "predict_government/governmentagency_recall": 0.36612377850162864,
    "predict_hospital_f1": 0.6897435897435898,
    "predict_hospital_number": 364,
    "predict_hospital_precision": 0.6466346153846154,
    "predict_hospital_recall": 0.739010989010989,
    "predict_hotel_f1": 0.6075471698113207,
    "predict_hotel_number": 265,
    "predict_hotel_precision": 0.6075471698113207,
    "predict_hotel_recall": 0.6075471698113207,
    "predict_island_f1": 0.5540765391014975,
    "predict_island_number": 646,
    "predict_island_precision": 0.5989208633093526,
    "predict_island_recall": 0.5154798761609907,
    "predict_language_f1": 0.6445672191528544,
    "predict_language_number": 753,
    "predict_language_precision": 0.5993150684931506,
    "predict_language_recall": 0.6972111553784861,
    "predict_law_f1": 0.4340124003542959,
    "predict_law_number": 488,
    "predict_law_precision": 0.38221528861154447,
    "predict_law_recall": 0.5020491803278688,
    "predict_library_f1": 0.6229946524064172,
    "predict_library_number": 357,
    "predict_library_precision": 0.5959079283887468,
    "predict_library_recall": 0.6526610644257703,
    "predict_livingthing_f1": 0.5074017355793772,
    "predict_livingthing_number": 865,
    "predict_livingthing_precision": 0.45429616087751373,
    "predict_livingthing_recall": 0.5745664739884393,
    "predict_loss": 0.4072949290275574,
    "predict_media/newspaper_f1": 0.5886415963161934,
    "predict_media/newspaper_number": 1234,
    "predict_media/newspaper_precision": 0.5590379008746356,
    "predict_media/newspaper_recall": 0.6215559157212318,
    "predict_medical_f1": 0.43717277486910994,
    "predict_medical_number": 397,
    "predict_medical_precision": 0.4550408719346049,
    "predict_medical_recall": 0.42065491183879095,
    "predict_mountain_f1": 0.6142433234421365,
    "predict_mountain_number": 681,
    "predict_mountain_precision": 0.6206896551724138,
    "predict_mountain_recall": 0.6079295154185022,
    "predict_music_f1": 0.6806722689075629,
    "predict_music_number": 1041,
    "predict_music_precision": 0.662125340599455,
    "predict_music_recall": 0.7002881844380403,
    "predict_other_f1": 0.5063024267707351,
    "predict_other_number": 21035,
    "predict_other_precision": 0.4792577809859454,
    "predict_other_recall": 0.5365818873306394,
    "predict_overall_accuracy": 0.9088696211079915,
    "predict_overall_f1": 0.6077804960890775,
    "predict_overall_precision": 0.5809970166671372,
    "predict_overall_recall": 0.6371527061057672,
    "predict_painting_f1": 0.0,
    "predict_painting_number": 58,
    "predict_painting_precision": 0.0,
    "predict_painting_recall": 0.0,
    "predict_park_f1": 0.5586592178770952,
    "predict_park_number": 458,