{
    "predict_GPE_f1": 0.7688695220247906,
    "predict_GPE_number": 20409,
    "predict_GPE_precision": 0.7129637383803702,
    "predict_GPE_recall": 0.8342887941594395,
    "predict_actor_f1": 0.6275761973875181,
    "predict_actor_number": 1638,
    "predict_actor_precision": 0.5982291090204759,
    "predict_actor_recall": 0.6599511599511599,
    "predict_airplane_f1": 0.45779816513761473,
    "predict_airplane_number": 794,
    "predict_airplane_precision": 0.36002886002886003,
    "predict_airplane_recall": 0.628463476070529,
    "predict_airport_f1": 0.0,
    "predict_airport_number": 364,
    "predict_airport_precision": 0.0,
    "predict_airport_recall": 0.0,
    "predict_artist/author_f1": 0.5233238134094927,
    "predict_artist/author_number": 3464,
    "predict_artist/author_precision": 0.49472872203651325,
    "predict_artist/author_recall": 0.5554272517321016,
    "predict_astronomything_f1": 0.0,
    "predict_astronomything_number": 678,
    "predict_astronomything_precision": 0.0,
    "predict_astronomything_recall": 0.0,
    "predict_athlete_f1": 0.7767379679144386,
    "predict_athlete_number": 2907,
    "predict_athlete_precision": 0.7552811179720507,
    "predict_athlete_recall": 0.7994496044031648,
    "predict_attack/battle/war/militaryconflict_f1": 0.5771528998242531,
    "predict_attack/battle/war/militaryconflict_number": 1099,
    "predict_attack/battle/war/militaryconflict_precision": 0.4702176403207331,
    "predict_attack/battle/war/militaryconflict_recall": 0.7470427661510464,
    "predict_award_f1": 0.4630390143737166,
    "predict_award_number": 941,
    "predict_award_precision": 0.44786494538232374,
    "predict_award_recall": 0.47927736450584485,
    "predict_biologything_f1": 0.4836943584860747,
    "predict_biologything_number": 1875,
    "predict_biologything_precision": 0.43680137575236455,
    "predict_biologything_recall": 0.5418666666666667,
    "predict_bodiesofwater_f1": 0.546427206725258,
    "predict_bodiesofwater_number": 1169,
    "predict_bodiesofwater_precision": 0.4937845303867403,
    "predict_bodiesofwater_recall": 0.611633875106929,
    "predict_broadcastprogram_f1": 0.30938123752495006,
    "predict_broadcastprogram_number": 605,
    "predict_broadcastprogram_precision": 0.3904282115869018,
    "predict_broadcastprogram_recall": 0.256198347107438,
    "predict_car_f1": 0.2647058823529412,
    "predict_car_number": 688,
    "predict_car_precision": 0.5969387755102041,
    "predict_car_recall": 0.17005813953488372,
    "predict_chemicalthing_f1": 0.22899628252788104,
    "predict_chemicalthing_number": 1014,
    "predict_chemicalthing_precision": 0.4652567975830816,
    "predict_chemicalthing_recall": 0.15187376725838264,
    "predict_company_f1": 0.61873689116756,
    "predict_company_number": 3903,
    "predict_company_precision": 0.5674289378072238,
    "predict_company_recall": 0.6802459646425826,
    "predict_currency_f1": 0.6253869969040248,
    "predict_currency_number": 799,
    "predict_currency_precision": 0.6188725490196079,
    "predict_currency_recall": 0.6320400500625782,
    "predict_director_f1": 0.0,
    "predict_director_number": 554,
    "predict_director_precision": 0.0,
    "predict_director_recall": 0.0,
    "predict_disaster_f1": 0.0,
    "predict_disaster_number": 207,
    "predict_disaster_precision": 0.0,
    "predict_disaster_recall": 0.0,
    "predict_disease_f1": 0.45601851851851855,
    "predict_disease_number": 750,
    "predict_disease_precision": 0.40286298568507156,
    "predict_disease_recall": 0.5253333333333333,
    "predict_education_f1": 0.6814846784635304,
    "predict_education_number": 2082,
    "predict_education_precision": 0.6187304075235109,
    "predict_education_recall": 0.7584053794428435,
    "predict_educationaldegree_f1": 0.38816568047337274,
    "predict_educationaldegree_number": 367,
    "predict_educationaldegree_precision": 0.34309623430962344,
    "predict_educationaldegree_recall": 0.44686648501362397,
    "predict_election_f1": 0.0,
    "predict_election_number": 184,
    "predict_election_precision": 0.0,
    "predict_election_recall": 0.0,
    "predict_film_f1": 0.34608208955223874,
    "predict_film_number": 759,
    "predict_film_precision": 0.267870036101083,
    "predict_film_recall": 0.4888010540184453,
    "predict_food_f1": 0.4066666666666666,
    "predict_food_number": 432,
    "predict_food_precision": 0.391025641025641,
    "predict_food_recall": 0.4236111111111111,
    "predict_game_f1": 0.08133086876155268,
    "predict_game_number": 496,
    "predict_game_precision": 0.4888888888888889,
    "predict_game_recall": 0.04435483870967742,
    "predict_god_f1": 0.0,
    "predict_god_number": 635,
    "predict_god_precision": 0.0,
    "predict_god_recall": 0.0,
    "predict_government/governmentagency_f1": 0.2938551321661517,
    "predict_government/governmentagency_number": 1535,
    "predict_government/governmentagency_precision": 0.31059506531204645,
    "predict_government/governmentagency_recall": 0.2788273615635179,
    "predict_hospital_f1": 0.08272506082725062,
    "predict_hospital_number": 364,
    "predict_hospital_precision": 0.3617021276595745,
    "predict_hospital_recall": 0.046703296703296704,
    "predict_hotel_f1": 0.0,
    "predict_hotel_number": 265,
    "predict_hotel_precision": 0.0,
    "predict_hotel_recall": 0.0,
    "predict_island_f1": 0.02052785923753666,
    "predict_island_number": 646,
    "predict_island_precision": 0.19444444444444445,
    "predict_island_recall": 0.010835913312693499,
    "predict_language_f1": 0.023316062176165803,
    "predict_language_number": 753,
    "predict_language_precision": 0.47368421052631576,
    "predict_language_recall": 0.01195219123505976,
    "predict_law_f1": 0.4222972972972973,
    "predict_law_number": 488,
    "predict_law_precision": 0.35919540229885055,
    "predict_law_recall": 0.5122950819672131,
    "predict_library_f1": 0.0,
    "predict_library_number": 357,
    "predict_library_precision": 0.0,
    "predict_library_recall": 0.0,
    "predict_livingthing_f1": 0.3010085337470908,
    "predict_livingthing_number": 865,
    "predict_livingthing_precision": 0.45754716981132076,
    "predict_livingthing_recall": 0.22427745664739884,
    "predict_loss": 0.43407952785491943,
    "predict_media/newspaper_f1": 0.5504126300681738,
    "predict_media/newspaper_number": 1234,
    "predict_media/newspaper_precision": 0.49388280746941404,
    "predict_media/newspaper_recall": 0.6215559157212318,
    "predict_medical_f1": 0.0,
    "predict_medical_number": 397,
    "predict_medical_precision": 0.0,
    "predict_medical_recall": 0.0,
    "predict_mountain_f1": 0.2447163515016685,
    "predict_mountain_number": 681,
    "predict_mountain_precision": 0.5045871559633027,
    "predict_mountain_recall": 0.16152716593245228,
    "predict_music_f1": 0.5802980132450332,
    "predict_music_number": 1041,
    "predict_music_precision": 0.5098181818181818,
    "predict_music_recall": 0.6733909702209414,
    "predict_other_f1": 0.46121852286532006,
    "predict_other_number": 21035,
    "predict_other_precision": 0.4067993607438617,
    "predict_other_recall": 0.5324459234608985,
    "predict_overall_accuracy": 0.8948823847461712,
    "predict_overall_f1": 0.5407195498930344,
    "predict_overall_precision": 0.525417457767392,
    "predict_overall_recall": 0.5569396854229451,
    "predict_painting_f1": 0.0,
    "predict_painting_number": 58,
    "predict_painting_precision": 0.0,
    "predict_painting_recall": 0.0,
    "predict_park_f1": 0.0,
    "predict_park_number": 458,
    "predict_park_precision": 0.0,
    "predict_park_recall": 0.0,
    "predict_politicalparty_f1": 0.5787234042553192,
    "predict_politicalparty_number": 1057,
    "predict_politicalparty_precision": 0.525908739365816,
    "predict_politicalparty_recall": 0.6433301797540208,
    "predict_politician_f1": 0.5740591180746245,
    "predict_politician_number": 2859,