{
    "predict_GPE_f1": 0.7573812580231065,
    "predict_GPE_number": 20409,
    "predict_GPE_precision": 0.7231681226600107,
    "predict_GPE_recall": 0.7949924053113823,
    "predict_actor_f1": 0.6701570680628273,
    "predict_actor_number": 1638,
    "predict_actor_precision": 0.6761963952765693,
    "predict_actor_recall": 0.6642246642246642,
    "predict_airplane_f1": 0.4894117647058824,
    "predict_airplane_number": 794,
    "predict_airplane_precision": 0.45916114790286977,
    "predict_airplane_recall": 0.5239294710327456,
    "predict_airport_f1": 0.6272727272727272,
    "predict_airport_number": 364,
    "predict_airport_precision": 0.5348837209302325,
    "predict_airport_recall": 0.7582417582417582,
    "predict_artist/author_f1": 0.5926293584812011,
    "predict_artist/author_number": 3464,
    "predict_artist/author_precision": 0.5196953210010882,
    "predict_artist/author_recall": 0.6893764434180139,
    "predict_astronomything_f1": 0.5574229691876751,
    "predict_astronomything_number": 678,
    "predict_astronomything_precision": 0.5306666666666666,
    "predict_astronomything_recall": 0.5870206489675516,
    "predict_athlete_f1": 0.7601184600197435,
    "predict_athlete_number": 2907,
    "predict_athlete_precision": 0.7284768211920529,
    "predict_athlete_recall": 0.7946336429308566,
    "predict_attack/battle/war/militaryconflict_f1": 0.6214255228339736,
    "predict_attack/battle/war/militaryconflict_number": 1099,
    "predict_attack/battle/war/militaryconflict_precision": 0.5852090032154341,
    "predict_attack/battle/war/militaryconflict_recall": 0.6624203821656051,
    "predict_award_f1": 0.46556741028128035,
    "predict_award_number": 941,
    "predict_award_precision": 0.4281891168599465,
    "predict_award_recall": 0.51009564293305,
    "predict_biologything_f1": 0.507416081186573,
    "predict_biologything_number": 1875,
    "predict_biologything_precision": 0.4954268292682927,
    "predict_biologything_recall": 0.52,
    "predict_bodiesofwater_f1": 0.6070630308448816,
    "predict_bodiesofwater_number": 1169,
    "predict_bodiesofwater_precision": 0.6357677902621723,
    "predict_bodiesofwater_recall": 0.5808383233532934,
    "predict_broadcastprogram_f1": 0.45684523809523814,
    "predict_broadcastprogram_number": 605,
    "predict_broadcastprogram_precision": 0.41542625169147496,
    "predict_broadcastprogram_recall": 0.5074380165289256,
    "predict_car_f1": 0.5255172413793103,
    "predict_car_number": 688,
    "predict_car_precision": 0.5,
    "predict_car_recall": 0.5537790697674418,
    "predict_chemicalthing_f1": 0.43176631675034227,
    "predict_chemicalthing_number": 1014,
    "predict_chemicalthing_precision": 0.40186915887850466,
    "predict_chemicalthing_recall": 0.46646942800788954,
    "predict_company_f1": 0.5435948609205439,
    "predict_company_number": 3903,
    "predict_company_precision": 0.5296548371414681,
    "predict_company_recall": 0.5582884960286959,
    "predict_currency_f1": 0.6262163709215798,
    "predict_currency_number": 799,
    "predict_currency_precision": 0.5770042194092827,
    "predict_currency_recall": 0.6846057571964956,
    "predict_director_f1": 0.576051779935275,
    "predict_director_number": 554,
    "predict_director_precision": 0.5219941348973607,
    "predict_director_recall": 0.6425992779783394,
    "predict_disaster_f1": 0.4,
    "predict_disaster_number": 207,
    "predict_disaster_precision": 0.39436619718309857,
    "predict_disaster_recall": 0.4057971014492754,
    "predict_disease_f1": 0.5167351732237229,
    "predict_disease_number": 750,
    "predict_disease_precision": 0.4616998950682057,
    "predict_disease_recall": 0.5866666666666667,
    "predict_education_f1": 0.6648697214734951,
    "predict_education_number": 2082,
    "predict_education_precision": 0.6244725738396625,
    "predict_education_recall": 0.7108549471661864,
    "predict_educationaldegree_f1": 0.4580335731414868,
    "predict_educationaldegree_number": 367,
    "predict_educationaldegree_precision": 0.4089935760171306,
    "predict_educationaldegree_recall": 0.5204359673024523,
    "predict_election_f1": 0.1789473684210526,
    "predict_election_number": 184,
    "predict_election_precision": 0.17346938775510204,
    "predict_election_recall": 0.18478260869565216,
    "predict_film_f1": 0.5690072639225181,
    "predict_film_number": 759,
    "predict_film_precision": 0.5263157894736842,
    "predict_film_recall": 0.619235836627141,
    "predict_food_f1": 0.41392285983066796,
    "predict_food_number": 432,
    "predict_food_precision": 0.3486529318541997,
    "predict_food_recall": 0.5092592592592593,
    "predict_game_f1": 0.4780578898225957,
    "predict_game_number": 496,
    "predict_game_precision": 0.44521739130434784,
    "predict_game_recall": 0.5161290322580645,
    "predict_god_f1": 0.5399534522885958,
    "predict_god_number": 635,
    "predict_god_precision": 0.5321100917431193,
    "predict_god_recall": 0.5480314960629922,
    "predict_government/governmentagency_f1": 0.3270975056689342,
    "predict_government/governmentagency_number": 1535,
    "predict_government/governmentagency_precision": 0.2895132965378826,
    "predict_government/governmentagency_recall": 0.3758957654723127,
    "predict_hospital_f1": 0.5531370038412292,
    "predict_hospital_number": 364,
    "predict_hospital_precision": 0.5179856115107914,
    "predict_hospital_recall": 0.5934065934065934,
    "predict_hotel_f1": 0.5669014084507042,
    "predict_hotel_number": 265,
    "predict_hotel_precision": 0.5313531353135313,
    "predict_hotel_recall": 0.6075471698113207,
    "predict_island_f1": 0.548291233283804,
    "predict_island_number": 646,
    "predict_island_precision": 0.5271428571428571,
    "predict_island_recall": 0.5712074303405573,
    "predict_language_f1": 0.6224677716390424,
    "predict_language_number": 753,
    "predict_language_precision": 0.5787671232876712,
    "predict_language_recall": 0.6733067729083665,
    "predict_law_f1": 0.47704770477047703,
    "predict_law_number": 488,
    "predict_law_precision": 0.42536115569823435,
    "predict_law_recall": 0.5430327868852459,
    "predict_library_f1": 0.6023166023166022,
    "predict_library_number": 357,
    "predict_library_precision": 0.5571428571428572,
    "predict_library_recall": 0.6554621848739496,
    "predict_livingthing_f1": 0.5235934664246824,
    "predict_livingthing_number": 865,
    "predict_livingthing_precision": 0.43091859596713966,
    "predict_livingthing_recall": 0.6670520231213873,
    "predict_loss": 0.631442129611969,
    "predict_media/newspaper_f1": 0.5139489194499018,
    "predict_media/newspaper_number": 1234,
    "predict_media/newspaper_precision": 0.4988558352402746,
    "predict_media/newspaper_recall": 0.5299837925445705,
    "predict_medical_f1": 0.38979118329466356,
    "predict_medical_number": 397,
    "predict_medical_precision": 0.36129032258064514,
    "predict_medical_recall": 0.42317380352644834,
    "predict_mountain_f1": 0.5766784452296819,
    "predict_mountain_number": 681,
    "predict_mountain_precision": 0.555858310626703,
    "predict_mountain_recall": 0.5991189427312775,
    "predict_music_f1": 0.6224105461393596,
    "predict_music_number": 1041,
    "predict_music_precision": 0.6103416435826408,
    "predict_music_recall": 0.6349663784822286,
    "predict_other_f1": 0.4502970933033564,
    "predict_other_number": 21035,
    "predict_other_precision": 0.4351334574798262,
    "predict_other_recall": 0.46655574043261233,
    "predict_overall_accuracy": 0.9014520321284094,
    "predict_overall_f1": 0.565964671599605,
    "predict_overall_precision": 0.5353057562232549,
    "predict_overall_recall": 0.6003488420096602,
    "predict_painting_f1": 0.25675675675675674,
    "predict_painting_number": 58,
    "predict_painting_precision": 0.2111111111111111,
    "predict_painting_recall": 0.3275862068965517,
    "predict_park_f1": 0.4627930682976554,
    "predict_park_number": 458,