{
    "predict_GPE_f1": 0.7554967925175065,
    "predict_GPE_number": 20409,
    "predict_GPE_precision": 0.7550531003768414,
    "predict_GPE_recall": 0.7559410064187368,
    "predict_actor_f1": 0.6327142001198323,
    "predict_actor_number": 1638,
    "predict_actor_precision": 0.6211764705882353,
    "predict_actor_recall": 0.6446886446886447,
    "predict_airplane_f1": 0.4947888096544158,
    "predict_airplane_number": 794,
    "predict_airplane_precision": 0.4382896015549077,
    "predict_airplane_recall": 0.5680100755667506,
    "predict_airport_f1": 0.6760204081632653,
    "predict_airport_number": 364,
    "predict_airport_precision": 0.6309523809523809,
    "predict_airport_recall": 0.728021978021978,
    "predict_artist/author_f1": 0.5458978422528343,
    "predict_artist/author_number": 3464,
    "predict_artist/author_precision": 0.4724625448406837,
    "predict_artist/author_recall": 0.6463625866050808,
    "predict_astronomything_f1": 0.589001447178003,
    "predict_astronomything_number": 678,
    "predict_astronomything_precision": 0.578125,
    "predict_astronomything_recall": 0.6002949852507374,
    "predict_athlete_f1": 0.7270903010033445,
    "predict_athlete_number": 2907,
    "predict_athlete_precision": 0.7074520013016596,
    "predict_athlete_recall": 0.7478500171998624,
    "predict_attack/battle/war/militaryconflict_f1": 0.5954639175257732,
    "predict_attack/battle/war/militaryconflict_number": 1099,
    "predict_attack/battle/war/militaryconflict_precision": 0.5444947209653092,
    "predict_attack/battle/war/militaryconflict_recall": 0.6569608735213831,
    "predict_award_f1": 0.4311251314405889,
    "predict_award_number": 941,
    "predict_award_precision": 0.4266389177939646,
    "predict_award_recall": 0.4357066950053135,
    "predict_biologything_f1": 0.49761034579701996,
    "predict_biologything_number": 1875,
    "predict_biologything_precision": 0.5261593341260404,
    "predict_biologything_recall": 0.472,
    "predict_bodiesofwater_f1": 0.6078514140987759,
    "predict_bodiesofwater_number": 1169,
    "predict_bodiesofwater_precision": 0.6,
    "predict_bodiesofwater_recall": 0.6159110350727117,
    "predict_broadcastprogram_f1": 0.35497835497835495,
    "predict_broadcastprogram_number": 605,
    "predict_broadcastprogram_precision": 0.37272727272727274,
    "predict_broadcastprogram_recall": 0.33884297520661155,
    "predict_car_f1": 0.5450762829403606,
    "predict_car_number": 688,
    "predict_car_precision": 0.5212201591511937,
    "predict_car_recall": 0.5712209302325582,
    "predict_chemicalthing_f1": 0.48115687992988604,
    "predict_chemicalthing_number": 1014,
    "predict_chemicalthing_precision": 0.43296529968454256,
    "predict_chemicalthing_recall": 0.5414201183431953,
    "predict_company_f1": 0.536319762405643,
    "predict_company_number": 3903,
    "predict_company_precision": 0.5186692197223552,
    "predict_company_recall": 0.555213937996413,
    "predict_currency_f1": 0.6549375709421112,
    "predict_currency_number": 799,
    "predict_currency_precision": 0.5991692627206646,
    "predict_currency_recall": 0.7221526908635795,
    "predict_director_f1": 0.3971044467425026,
    "predict_director_number": 554,
    "predict_director_precision": 0.4648910411622276,
    "predict_director_recall": 0.34657039711191334,
    "predict_disaster_f1": 0.367816091954023,
    "predict_disaster_number": 207,
    "predict_disaster_precision": 0.3508771929824561,
    "predict_disaster_recall": 0.3864734299516908,
    "predict_disease_f1": 0.46762234305486894,
    "predict_disease_number": 750,
    "predict_disease_precision": 0.3715632364493323,
    "predict_disease_recall": 0.6306666666666667,
    "predict_education_f1": 0.6595503066091302,
    "predict_education_number": 2082,
    "predict_education_precision": 0.6255924170616114,
    "predict_education_recall": 0.6974063400576369,
    "predict_educationaldegree_f1": 0.3421383647798742,
    "predict_educationaldegree_number": 367,
    "predict_educationaldegree_precision": 0.3177570093457944,
    "predict_educationaldegree_recall": 0.37057220708446864,
    "predict_election_f1": 0.1891891891891892,
    "predict_election_number": 184,
    "predict_election_precision": 0.16153846153846155,
    "predict_election_recall": 0.22826086956521738,
    "predict_film_f1": 0.48239436619718307,
    "predict_film_number": 759,
    "predict_film_precision": 0.43492063492063493,
    "predict_film_recall": 0.541501976284585,
    "predict_food_f1": 0.3862660944206009,
    "predict_food_number": 432,
    "predict_food_precision": 0.3069577080491132,
    "predict_food_recall": 0.5208333333333334,
    "predict_game_f1": 0.4698544698544698,
    "predict_game_number": 496,
    "predict_game_precision": 0.48497854077253216,
    "predict_game_recall": 0.45564516129032256,
    "predict_god_f1": 0.4278215223097113,
    "predict_god_number": 635,
    "predict_god_precision": 0.36670416197975253,
    "predict_god_recall": 0.5133858267716536,
    "predict_government/governmentagency_f1": 0.2788494077834179,
    "predict_government/governmentagency_number": 1535,
    "predict_government/governmentagency_precision": 0.29014084507042254,
    "predict_government/governmentagency_recall": 0.26840390879478826,
    "predict_hospital_f1": 0.6094117647058823,
    "predict_hospital_number": 364,
    "predict_hospital_precision": 0.5329218106995884,
    "predict_hospital_recall": 0.7115384615384616,
    "predict_hotel_f1": 0.5394045534150613,
    "predict_hotel_number": 265,
    "predict_hotel_precision": 0.5032679738562091,
    "predict_hotel_recall": 0.5811320754716981,
    "predict_island_f1": 0.49691629955947136,
    "predict_island_number": 646,
    "predict_island_precision": 0.5766871165644172,
    "predict_island_recall": 0.43653250773993807,
    "predict_language_f1": 0.5579138872043663,
    "predict_language_number": 753,
    "predict_language_precision": 0.5133928571428571,
    "predict_language_recall": 0.6108897742363878,
    "predict_law_f1": 0.36133694670280037,
    "predict_law_number": 488,
    "predict_law_precision": 0.32310177705977383,
    "predict_law_recall": 0.4098360655737705,
    "predict_library_f1": 0.5940860215053764,
    "predict_library_number": 357,
    "predict_library_precision": 0.5710594315245479,
    "predict_library_recall": 0.6190476190476191,
    "predict_livingthing_f1": 0.5313736574335782,
    "predict_livingthing_number": 865,
    "predict_livingthing_precision": 0.5199115044247787,
    "predict_livingthing_recall": 0.5433526011560693,
    "predict_loss": 0.5200261473655701,
    "predict_media/newspaper_f1": 0.5278891724389356,
    "predict_media/newspaper_number": 1234,
    "predict_media/newspaper_precision": 0.47978793903247186,
    "predict_media/newspaper_recall": 0.586709886547812,
    "predict_medical_f1": 0.4141176470588235,
    "predict_medical_number": 397,
    "predict_medical_precision": 0.38852097130242824,
    "predict_medical_recall": 0.4433249370277078,
    "predict_mountain_f1": 0.5337704918032786,
    "predict_mountain_number": 681,
    "predict_mountain_precision": 0.4822274881516588,
    "predict_mountain_recall": 0.5976505139500734,
    "predict_music_f1": 0.5399628252788105,
    "predict_music_number": 1041,
    "predict_music_precision": 0.5229522952295229,
    "predict_music_recall": 0.5581171950048031,
    "predict_other_f1": 0.4175692963752666,
    "predict_other_number": 21035,
    "predict_other_precision": 0.37858109414266383,
    "predict_other_recall": 0.4655098645115284,
    "predict_overall_accuracy": 0.8957813548391299,
    "predict_overall_f1": 0.5427533259098635,
    "predict_overall_precision": 0.5151487057776459,
    "predict_overall_recall": 0.5734838789580151,
    "predict_painting_f1": 0.0,
    "predict_painting_number": 58,
    "predict_painting_precision": 0.0,
    "predict_painting_recall": 0.0,
    "predict_park_f1": 0.3598233995584989,
    "predict_park_number": 458,