{
    "predict_GPE_f1": 0.7575469906967913,
    "predict_GPE_number": 20409,
    "predict_GPE_precision": 0.7345698899986193,
    "predict_GPE_recall": 0.7820079376745553,
    "predict_actor_f1": 0.6459701492537313,
    "predict_actor_number": 1638,
    "predict_actor_precision": 0.6320093457943925,
    "predict_actor_recall": 0.6605616605616605,
    "predict_airplane_f1": 0.5055849500293945,
    "predict_airplane_number": 794,
    "predict_airplane_precision": 0.474090407938258,
    "predict_airplane_recall": 0.5415617128463476,
    "predict_airport_f1": 0.6528735632183909,
    "predict_airport_number": 364,
    "predict_airport_precision": 0.5612648221343873,
    "predict_airport_recall": 0.7802197802197802,
    "predict_artist/author_f1": 0.47735993860322334,
    "predict_artist/author_number": 3464,
    "predict_artist/author_precision": 0.5096689609963946,
    "predict_artist/author_recall": 0.44890300230946883,
    "predict_astronomything_f1": 0.5940054495912808,
    "predict_astronomything_number": 678,
    "predict_astronomything_precision": 0.5518987341772152,
    "predict_astronomything_recall": 0.6430678466076696,
    "predict_athlete_f1": 0.7493584260051326,
    "predict_athlete_number": 2907,
    "predict_athlete_precision": 0.7454050374404356,
    "predict_athlete_recall": 0.7533539731682146,
    "predict_attack/battle/war/militaryconflict_f1": 0.5491163173037403,
    "predict_attack/battle/war/militaryconflict_number": 1099,
    "predict_attack/battle/war/militaryconflict_precision": 0.5007496251874063,
    "predict_attack/battle/war/militaryconflict_recall": 0.607825295723385,
    "predict_award_f1": 0.3801801801801802,
    "predict_award_number": 941,
    "predict_award_precision": 0.3299452697419859,
    "predict_award_recall": 0.44845908607863977,
    "predict_biologything_f1": 0.494585746663309,
    "predict_biologything_number": 1875,
    "predict_biologything_precision": 0.4685114503816794,
    "predict_biologything_recall": 0.5237333333333334,
    "predict_bodiesofwater_f1": 0.6010928961748635,
    "predict_bodiesofwater_number": 1169,
    "predict_bodiesofwater_precision": 0.5909090909090909,
    "predict_bodiesofwater_recall": 0.611633875106929,
    "predict_broadcastprogram_f1": 0.33606557377049184,
    "predict_broadcastprogram_number": 605,
    "predict_broadcastprogram_precision": 0.3333333333333333,
    "predict_broadcastprogram_recall": 0.33884297520661155,
    "predict_car_f1": 0.54631507775524,
    "predict_car_number": 688,
    "predict_car_precision": 0.5107458912768648,
    "predict_car_recall": 0.5872093023255814,
    "predict_chemicalthing_f1": 0.3759318423855165,
    "predict_chemicalthing_number": 1014,
    "predict_chemicalthing_precision": 0.4085648148148148,
    "predict_chemicalthing_recall": 0.34812623274161736,
    "predict_company_f1": 0.5570373898547274,
    "predict_company_number": 3903,
    "predict_company_precision": 0.5203559510567297,
    "predict_company_recall": 0.5992826031258006,
    "predict_currency_f1": 0.6700913242009133,
    "predict_currency_number": 799,
    "predict_currency_precision": 0.6159496327387198,
    "predict_currency_recall": 0.7346683354192741,
    "predict_director_f1": 0.3829516539440203,
    "predict_director_number": 554,
    "predict_director_precision": 0.2956777996070727,
    "predict_director_recall": 0.5433212996389891,
    "predict_disaster_f1": 0.3946784922394679,
    "predict_disaster_number": 207,
    "predict_disaster_precision": 0.36475409836065575,
    "predict_disaster_recall": 0.42995169082125606,
    "predict_disease_f1": 0.4968553459119497,
    "predict_disease_number": 750,
    "predict_disease_precision": 0.47023809523809523,
    "predict_disease_recall": 0.5266666666666666,
    "predict_education_f1": 0.649789029535865,
    "predict_education_number": 2082,
    "predict_education_precision": 0.6042957455596861,
    "predict_education_recall": 0.7026897214217099,
    "predict_educationaldegree_f1": 0.3887640449438202,
    "predict_educationaldegree_number": 367,
    "predict_educationaldegree_precision": 0.33078393881453155,
    "predict_educationaldegree_recall": 0.4713896457765668,
    "predict_election_f1": 0.1967871485943775,
    "predict_election_number": 184,
    "predict_election_precision": 0.15605095541401273,
    "predict_election_recall": 0.266304347826087,
    "predict_film_f1": 0.4228146311221327,
    "predict_film_number": 759,
    "predict_film_precision": 0.3992974238875878,
    "predict_film_recall": 0.4492753623188406,
    "predict_food_f1": 0.381294964028777,
    "predict_food_number": 432,
    "predict_food_precision": 0.31176470588235294,
    "predict_food_recall": 0.49074074074074076,
    "predict_game_f1": 0.19645293315143247,
    "predict_game_number": 496,
    "predict_game_precision": 0.3037974683544304,
    "predict_game_recall": 0.14516129032258066,
    "predict_god_f1": 0.49108910891089114,
    "predict_god_number": 635,
    "predict_god_precision": 0.42272727272727273,
    "predict_god_recall": 0.5858267716535434,
    "predict_government/governmentagency_f1": 0.3032994923857868,
    "predict_government/governmentagency_number": 1535,
    "predict_government/governmentagency_precision": 0.2956091527520099,
    "predict_government/governmentagency_recall": 0.31140065146579804,
    "predict_hospital_f1": 0.5360824742268041,
    "predict_hospital_number": 364,
    "predict_hospital_precision": 0.5048543689320388,
    "predict_hospital_recall": 0.5714285714285714,
    "predict_hotel_f1": 0.5537340619307831,
    "predict_hotel_number": 265,
    "predict_hotel_precision": 0.5352112676056338,
    "predict_hotel_recall": 0.5735849056603773,
    "predict_island_f1": 0.48176187198898834,
    "predict_island_number": 646,
    "predict_island_precision": 0.43370508054522927,
    "predict_island_recall": 0.541795665634675,
    "predict_language_f1": 0.5812064965197216,
    "predict_language_number": 753,
    "predict_language_precision": 0.5159629248197735,
    "predict_language_recall": 0.6653386454183267,
    "predict_law_f1": 0.4252223120452708,
    "predict_law_number": 488,
    "predict_law_precision": 0.35113484646194926,
    "predict_law_recall": 0.5389344262295082,
    "predict_library_f1": 0.5323565323565325,
    "predict_library_number": 357,
    "predict_library_precision": 0.47186147186147187,
    "predict_library_recall": 0.6106442577030813,
    "predict_livingthing_f1": 0.5132382892057026,
    "predict_livingthing_number": 865,
    "predict_livingthing_precision": 0.4585987261146497,
    "predict_livingthing_recall": 0.5826589595375723,
    "predict_loss": 0.5939327478408813,
    "predict_media/newspaper_f1": 0.4908573750507923,
    "predict_media/newspaper_number": 1234,
    "predict_media/newspaper_precision": 0.49225753871230643,
    "predict_media/newspaper_recall": 0.48946515397082657,
    "predict_medical_f1": 0.3098134630981346,
    "predict_medical_number": 397,
    "predict_medical_precision": 0.2284688995215311,
    "predict_medical_recall": 0.4811083123425693,
    "predict_mountain_f1": 0.49410131852879946,
    "predict_mountain_number": 681,
    "predict_mountain_precision": 0.46842105263157896,
    "predict_mountain_recall": 0.5227606461086637,
    "predict_music_f1": 0.5135802469135803,
    "predict_music_number": 1041,
    "predict_music_precision": 0.5284552845528455,
    "predict_music_recall": 0.49951969260326606,
    "predict_other_f1": 0.43088635127786845,
    "predict_other_number": 21035,
    "predict_other_precision": 0.3971531676022454,
    "predict_other_recall": 0.47088186356073214,
    "predict_overall_accuracy": 0.8941690715202366,
    "predict_overall_f1": 0.5414834501087219,
    "predict_overall_precision": 0.509095204346799,
    "predict_overall_recall": 0.578272716013706,
    "predict_painting_f1": 0.0,
    "predict_painting_number": 58,
    "predict_painting_precision": 0.0,
    "predict_painting_recall": 0.0,
    "predict_park_f1": 0.30814524043179586,
    "predict_park_number": 458,