{
    "predict_GPE_f1": 0.7556734732553181,
    "predict_GPE_number": 20409,
    "predict_GPE_precision": 0.7314836046778261,
    "predict_GPE_recall": 0.7815179577637317,
    "predict_actor_f1": 0.7156128258915193,
    "predict_actor_number": 1638,
    "predict_actor_precision": 0.7027663331371395,
    "predict_actor_recall": 0.7289377289377289,
    "predict_airplane_f1": 0.5158264947245018,
    "predict_airplane_number": 794,
    "predict_airplane_precision": 0.4824561403508772,
    "predict_airplane_recall": 0.5541561712846348,
    "predict_airport_f1": 0.6446078431372548,
    "predict_airport_number": 364,
    "predict_airport_precision": 0.581858407079646,
    "predict_airport_recall": 0.7225274725274725,
    "predict_artist/author_f1": 0.6043296817944706,
    "predict_artist/author_number": 3464,
    "predict_artist/author_precision": 0.5511417697431018,
    "predict_artist/author_recall": 0.6688799076212472,
    "predict_astronomything_f1": 0.5874222529371111,
    "predict_astronomything_number": 678,
    "predict_astronomything_precision": 0.552665799739922,
    "predict_astronomything_recall": 0.6268436578171092,
    "predict_athlete_f1": 0.7780794027824907,
    "predict_athlete_number": 2907,
    "predict_athlete_precision": 0.767659859390693,
    "predict_athlete_recall": 0.7887856897144823,
    "predict_attack/battle/war/militaryconflict_f1": 0.630171333054743,
    "predict_attack/battle/war/militaryconflict_number": 1099,
    "predict_attack/battle/war/militaryconflict_precision": 0.5826893353941267,
    "predict_attack/battle/war/militaryconflict_recall": 0.6860782529572339,
    "predict_award_f1": 0.4765625,
    "predict_award_number": 941,
    "predict_award_precision": 0.4408310749774164,
    "predict_award_recall": 0.5185972369819342,
    "predict_biologything_f1": 0.5407088122605364,
    "predict_biologything_number": 1875,
    "predict_biologything_precision": 0.4906562364189483,
    "predict_biologything_recall": 0.6021333333333333,
    "predict_bodiesofwater_f1": 0.6215334420880914,
    "predict_bodiesofwater_number": 1169,
    "predict_bodiesofwater_precision": 0.5939204988308652,
    "predict_bodiesofwater_recall": 0.6518391787852865,
    "predict_broadcastprogram_f1": 0.4563335955940204,
    "predict_broadcastprogram_number": 605,
    "predict_broadcastprogram_precision": 0.43543543543543545,
    "predict_broadcastprogram_recall": 0.4793388429752066,
    "predict_car_f1": 0.5622057834566242,
    "predict_car_number": 688,
    "predict_car_precision": 0.523153942428035,
    "predict_car_recall": 0.6075581395348837,
    "predict_chemicalthing_f1": 0.4397031539888683,
    "predict_chemicalthing_number": 1014,
    "predict_chemicalthing_precision": 0.415061295971979,
    "predict_chemicalthing_recall": 0.46745562130177515,
    "predict_company_f1": 0.5664611590628853,
    "predict_company_number": 3903,
    "predict_company_precision": 0.5459947706203946,
    "predict_company_recall": 0.5885216500128106,
    "predict_currency_f1": 0.6173669467787115,
    "predict_currency_number": 799,
    "predict_currency_precision": 0.5588235294117647,
    "predict_currency_recall": 0.6896120150187734,
    "predict_director_f1": 0.5895270270270271,
    "predict_director_number": 554,
    "predict_director_precision": 0.553968253968254,
    "predict_director_recall": 0.6299638989169675,
    "predict_disaster_f1": 0.3971631205673759,
    "predict_disaster_number": 207,
    "predict_disaster_precision": 0.3888888888888889,
    "predict_disaster_recall": 0.4057971014492754,
    "predict_disease_f1": 0.5472350230414746,
    "predict_disease_number": 750,
    "predict_disease_precision": 0.4817444219066937,
    "predict_disease_recall": 0.6333333333333333,
    "predict_education_f1": 0.6563724360451717,
    "predict_education_number": 2082,
    "predict_education_precision": 0.6309260079751883,
    "predict_education_recall": 0.6839577329490875,
    "predict_educationaldegree_f1": 0.47127784290738567,
    "predict_educationaldegree_number": 367,
    "predict_educationaldegree_precision": 0.41358024691358025,
    "predict_educationaldegree_recall": 0.547683923705722,
    "predict_election_f1": 0.24161073825503354,
    "predict_election_number": 184,
    "predict_election_precision": 0.20532319391634982,
    "predict_election_recall": 0.29347826086956524,
    "predict_film_f1": 0.5907065563335454,
    "predict_film_number": 759,
    "predict_film_precision": 0.5714285714285714,
    "predict_film_recall": 0.61133069828722,
    "predict_food_f1": 0.40423484119345526,
    "predict_food_number": 432,
    "predict_food_precision": 0.34596375617792424,
    "predict_food_recall": 0.4861111111111111,
    "predict_game_f1": 0.5449160908193484,
    "predict_game_number": 496,
    "predict_game_precision": 0.5338491295938105,
    "predict_game_recall": 0.5564516129032258,
    "predict_god_f1": 0.5592747559274757,
    "predict_god_number": 635,
    "predict_god_precision": 0.5018773466833542,
    "predict_god_recall": 0.631496062992126,
    "predict_government/governmentagency_f1": 0.296135002721829,
    "predict_government/governmentagency_number": 1535,
    "predict_government/governmentagency_precision": 0.25432445067788684,
    "predict_government/governmentagency_recall": 0.3543973941368078,
    "predict_hospital_f1": 0.5880952380952381,
    "predict_hospital_number": 364,
    "predict_hospital_precision": 0.5189075630252101,
    "predict_hospital_recall": 0.6785714285714286,
    "predict_hotel_f1": 0.5304659498207887,
    "predict_hotel_number": 265,
    "predict_hotel_precision": 0.5051194539249146,
    "predict_hotel_recall": 0.5584905660377358,
    "predict_island_f1": 0.5224111282843894,
    "predict_island_number": 646,
    "predict_island_precision": 0.5216049382716049,
    "predict_island_recall": 0.5232198142414861,
    "predict_language_f1": 0.6165413533834586,
    "predict_language_number": 753,
    "predict_language_precision": 0.5461065573770492,
    "predict_language_recall": 0.7078353253652059,
    "predict_law_f1": 0.47993019197207676,
    "predict_law_number": 488,
    "predict_law_precision": 0.41793313069908816,
    "predict_law_recall": 0.5635245901639344,
    "predict_library_f1": 0.6002522068095839,
    "predict_library_number": 357,
    "predict_library_precision": 0.5458715596330275,
    "predict_library_recall": 0.6666666666666666,
    "predict_livingthing_f1": 0.5064599483204135,
    "predict_livingthing_number": 865,
    "predict_livingthing_precision": 0.45794392523364486,
    "predict_livingthing_recall": 0.5664739884393064,
    "predict_loss": 0.5141644477844238,
    "predict_media/newspaper_f1": 0.49841772151898733,
    "predict_media/newspaper_number": 1234,
    "predict_media/newspaper_precision": 0.4868624420401855,
    "predict_media/newspaper_recall": 0.5105348460291734,
    "predict_medical_f1": 0.3973509933774835,
    "predict_medical_number": 397,
    "predict_medical_precision": 0.35363457760314343,
    "predict_medical_recall": 0.4534005037783375,
    "predict_mountain_f1": 0.5547445255474452,
    "predict_mountain_number": 681,
    "predict_mountain_precision": 0.5060532687651331,
    "predict_mountain_recall": 0.6138032305433186,
    "predict_music_f1": 0.6308526367668802,
    "predict_music_number": 1041,
    "predict_music_precision": 0.6477732793522267,
    "predict_music_recall": 0.6147934678194045,
    "predict_other_f1": 0.45112337854108453,
    "predict_other_number": 21035,
    "predict_other_precision": 0.4319961712495649,
    "predict_other_recall": 0.47202281911100546,
    "predict_overall_accuracy": 0.90274837305956,
    "predict_overall_f1": 0.5701097877049419,
    "predict_overall_precision": 0.5381154825823239,
    "predict_overall_recall": 0.6061491144779755,
    "predict_painting_f1": 0.3333333333333333,
    "predict_painting_number": 58,
    "predict_painting_precision": 0.27906976744186046,
    "predict_painting_recall": 0.41379310344827586,
    "predict_park_f1": 0.38056680161943324,