{
    "predict_GPE_f1": 0.7560894544418593,
    "predict_GPE_number": 20409,
    "predict_GPE_precision": 0.7333855294063464,
    "predict_GPE_recall": 0.7802440099955902,
    "predict_actor_f1": 0.67871123155676,
    "predict_actor_number": 1638,
    "predict_actor_precision": 0.6696375519904931,
    "predict_actor_recall": 0.688034188034188,
    "predict_airplane_f1": 0.5244040862656073,
    "predict_airplane_number": 794,
    "predict_airplane_precision": 0.4772727272727273,
    "predict_airplane_recall": 0.5818639798488665,
    "predict_airport_f1": 0.6651053864168618,
    "predict_airport_number": 364,
    "predict_airport_precision": 0.5795918367346938,
    "predict_airport_recall": 0.7802197802197802,
    "predict_artist/author_f1": 0.5783561643835616,
    "predict_artist/author_number": 3464,
    "predict_artist/author_precision": 0.5503128258602711,
    "predict_artist/author_recall": 0.6094110854503464,
    "predict_astronomything_f1": 0.5989698307579102,
    "predict_astronomything_number": 678,
    "predict_astronomything_precision": 0.5976505139500734,
    "predict_astronomything_recall": 0.6002949852507374,
    "predict_athlete_f1": 0.7842546063651591,
    "predict_athlete_number": 2907,
    "predict_athlete_precision": 0.7642833823049298,
    "predict_athlete_recall": 0.805297557619539,
    "predict_attack/battle/war/militaryconflict_f1": 0.5803336259877084,
    "predict_attack/battle/war/militaryconflict_number": 1099,
    "predict_attack/battle/war/militaryconflict_precision": 0.5606446140797285,
    "predict_attack/battle/war/militaryconflict_recall": 0.6014558689717925,
    "predict_award_f1": 0.4231136580706782,
    "predict_award_number": 941,
    "predict_award_precision": 0.3842150910667823,
    "predict_award_recall": 0.4707757704569607,
    "predict_biologything_f1": 0.517268242015061,
    "predict_biologything_number": 1875,
    "predict_biologything_precision": 0.5040485829959515,
    "predict_biologything_recall": 0.5312,
    "predict_bodiesofwater_f1": 0.6020066889632106,
    "predict_bodiesofwater_number": 1169,
    "predict_bodiesofwater_precision": 0.588716271463614,
    "predict_bodiesofwater_recall": 0.6159110350727117,
    "predict_broadcastprogram_f1": 0.44588045234248785,
    "predict_broadcastprogram_number": 605,
    "predict_broadcastprogram_precision": 0.43601895734597157,
    "predict_broadcastprogram_recall": 0.456198347107438,
    "predict_car_f1": 0.5658409387222946,
    "predict_car_number": 688,
    "predict_car_precision": 0.5130023640661938,
    "predict_car_recall": 0.6308139534883721,
    "predict_chemicalthing_f1": 0.4758842443729903,
    "predict_chemicalthing_number": 1014,
    "predict_chemicalthing_precision": 0.4453998280309544,
    "predict_chemicalthing_recall": 0.5108481262327417,
    "predict_company_f1": 0.5570577451879011,
    "predict_company_number": 3903,
    "predict_company_precision": 0.5038341968911917,
    "predict_company_recall": 0.6228542147066359,
    "predict_currency_f1": 0.6402048655569782,
    "predict_currency_number": 799,
    "predict_currency_precision": 0.6553079947575361,
    "predict_currency_recall": 0.6257822277847309,
    "predict_director_f1": 0.478017585931255,
    "predict_director_number": 554,
    "predict_director_precision": 0.42898134863701576,
    "predict_director_recall": 0.5397111913357401,
    "predict_disaster_f1": 0.39828693790149894,
    "predict_disaster_number": 207,
    "predict_disaster_precision": 0.3576923076923077,
    "predict_disaster_recall": 0.4492753623188406,
    "predict_disease_f1": 0.5108514190317196,
    "predict_disease_number": 750,
    "predict_disease_precision": 0.4383954154727794,
    "predict_disease_recall": 0.612,
    "predict_education_f1": 0.6352683461117196,
    "predict_education_number": 2082,
    "predict_education_precision": 0.5839710028191704,
    "predict_education_recall": 0.696445725264169,
    "predict_educationaldegree_f1": 0.44158628081457657,
    "predict_educationaldegree_number": 367,
    "predict_educationaldegree_precision": 0.36395759717314485,
    "predict_educationaldegree_recall": 0.5613079019073569,
    "predict_election_f1": 0.11506849315068493,
    "predict_election_number": 184,
    "predict_election_precision": 0.11602209944751381,
    "predict_election_recall": 0.11413043478260869,
    "predict_film_f1": 0.5772931366260423,
    "predict_film_number": 759,
    "predict_film_precision": 0.5625,
    "predict_film_recall": 0.5928853754940712,
    "predict_food_f1": 0.41499085923217544,
    "predict_food_number": 432,
    "predict_food_precision": 0.3429003021148036,
    "predict_food_recall": 0.5254629629629629,
    "predict_game_f1": 0.5252317198764161,
    "predict_game_number": 496,
    "predict_game_precision": 0.5368421052631579,
    "predict_game_recall": 0.5141129032258065,
    "predict_god_f1": 0.5863799283154122,
    "predict_god_number": 635,
    "predict_god_precision": 0.5381578947368421,
    "predict_god_recall": 0.6440944881889764,
    "predict_government/governmentagency_f1": 0.3061116965226554,
    "predict_government/governmentagency_number": 1535,
    "predict_government/governmentagency_precision": 0.25696594427244585,
    "predict_government/governmentagency_recall": 0.3785016286644951,
    "predict_hospital_f1": 0.5985221674876847,
    "predict_hospital_number": 364,
    "predict_hospital_precision": 0.5424107142857143,
    "predict_hospital_recall": 0.6675824175824175,
    "predict_hotel_f1": 0.5053763440860215,
    "predict_hotel_number": 265,
    "predict_hotel_precision": 0.4812286689419795,
    "predict_hotel_recall": 0.5320754716981132,
    "predict_island_f1": 0.5572998430141288,
    "predict_island_number": 646,
    "predict_island_precision": 0.5652866242038217,
    "predict_island_recall": 0.5495356037151703,
    "predict_language_f1": 0.5968289920724801,
    "predict_language_number": 753,
    "predict_language_precision": 0.5202369200394866,
    "predict_language_recall": 0.699867197875166,
    "predict_law_f1": 0.4192139737991266,
    "predict_law_number": 488,
    "predict_law_precision": 0.365296803652968,
    "predict_law_recall": 0.4918032786885246,
    "predict_library_f1": 0.5415162454873647,
    "predict_library_number": 357,
    "predict_library_precision": 0.47468354430379744,
    "predict_library_recall": 0.6302521008403361,
    "predict_livingthing_f1": 0.503825136612022,
    "predict_livingthing_number": 865,
    "predict_livingthing_precision": 0.47772020725388603,
    "predict_livingthing_recall": 0.5329479768786127,
    "predict_loss": 0.49136796593666077,
    "predict_media/newspaper_f1": 0.5130927105449398,
    "predict_media/newspaper_number": 1234,
    "predict_media/newspaper_precision": 0.45540201005025127,
    "predict_media/newspaper_recall": 0.5875202593192869,
    "predict_medical_f1": 0.40476190476190477,
    "predict_medical_number": 397,
    "predict_medical_precision": 0.3837471783295711,
    "predict_medical_recall": 0.4282115869017632,
    "predict_mountain_f1": 0.5837600585223116,
    "predict_mountain_number": 681,
    "predict_mountain_precision": 0.5816326530612245,
    "predict_mountain_recall": 0.5859030837004405,
    "predict_music_f1": 0.6519742883379248,
    "predict_music_number": 1041,
    "predict_music_precision": 0.6244503078276166,
    "predict_music_recall": 0.6820365033621518,
    "predict_other_f1": 0.4541352724724023,
    "predict_other_number": 21035,
    "predict_other_precision": 0.42106331993014096,
    "predict_other_recall": 0.49284525790349415,
    "predict_overall_accuracy": 0.9026452303556578,
    "predict_overall_f1": 0.5651058741852123,
    "predict_overall_precision": 0.5302558720277949,
    "predict_overall_recall": 0.6048590182884036,
    "predict_painting_f1": 0.205607476635514,
    "predict_painting_number": 58,
    "predict_painting_precision": 0.22448979591836735,
    "predict_painting_recall": 0.1896551724137931,
    "predict_park_f1": 0.41015625000000006,
    "predict_park_number": 458,