{
    "predict_GPE_f1": 0.7475946275946276,
    "predict_GPE_number": 20409,
    "predict_GPE_precision": 0.7451925417457768,
    "predict_GPE_recall": 0.7500122494977706,
    "predict_actor_f1": 0.6332931242460796,
    "predict_actor_number": 1638,
    "predict_actor_precision": 0.6257449344457687,
    "predict_actor_recall": 0.6410256410256411,
    "predict_airplane_f1": 0.4834548513740886,
    "predict_airplane_number": 794,
    "predict_airplane_precision": 0.435793731041456,
    "predict_airplane_recall": 0.5428211586901763,
    "predict_airport_f1": 0.5756302521008404,
    "predict_airport_number": 364,
    "predict_airport_precision": 0.46598639455782315,
    "predict_airport_recall": 0.7527472527472527,
    "predict_artist/author_f1": 0.511163645915419,
    "predict_artist/author_number": 3464,
    "predict_artist/author_precision": 0.4689156626506024,
    "predict_artist/author_recall": 0.5617782909930716,
    "predict_astronomything_f1": 0.49832551908908235,
    "predict_astronomything_number": 678,
    "predict_astronomything_precision": 0.456441717791411,
    "predict_astronomything_recall": 0.5486725663716814,
    "predict_athlete_f1": 0.7583961617546265,
    "predict_athlete_number": 2907,
    "predict_athlete_precision": 0.7555479685899624,
    "predict_athlete_recall": 0.761265909872721,
    "predict_attack/battle/war/militaryconflict_f1": 0.6029055690072639,
    "predict_attack/battle/war/militaryconflict_number": 1099,
    "predict_attack/battle/war/militaryconflict_precision": 0.5416968817984047,
    "predict_attack/battle/war/militaryconflict_recall": 0.6797088262056415,
    "predict_award_f1": 0.407158836689038,
    "predict_award_number": 941,
    "predict_award_precision": 0.3516228748068006,
    "predict_award_recall": 0.48352816153028694,
    "predict_biologything_f1": 0.5035147097110128,
    "predict_biologything_number": 1875,
    "predict_biologything_precision": 0.4918616480162767,
    "predict_biologything_recall": 0.5157333333333334,
    "predict_bodiesofwater_f1": 0.5741587037806398,
    "predict_bodiesofwater_number": 1169,
    "predict_bodiesofwater_precision": 0.5581583198707593,
    "predict_bodiesofwater_recall": 0.5911035072711719,
    "predict_broadcastprogram_f1": 0.3453744493392071,
    "predict_broadcastprogram_number": 605,
    "predict_broadcastprogram_precision": 0.36981132075471695,
    "predict_broadcastprogram_recall": 0.3239669421487603,
    "predict_car_f1": 0.5346968590211832,
    "predict_car_number": 688,
    "predict_car_precision": 0.5374449339207048,
    "predict_car_recall": 0.5319767441860465,
    "predict_chemicalthing_f1": 0.4643009833262078,
    "predict_chemicalthing_number": 1014,
    "predict_chemicalthing_precision": 0.409811320754717,
    "predict_chemicalthing_recall": 0.5355029585798816,
    "predict_company_f1": 0.5253579228342635,
    "predict_company_number": 3903,
    "predict_company_precision": 0.49896289467619265,
    "predict_company_recall": 0.5547015116576992,
    "predict_currency_f1": 0.6468806783767415,
    "predict_currency_number": 799,
    "predict_currency_precision": 0.6267605633802817,
    "predict_currency_recall": 0.6683354192740926,
    "predict_director_f1": 0.3874538745387454,
    "predict_director_number": 554,
    "predict_director_precision": 0.39622641509433965,
    "predict_director_recall": 0.37906137184115524,
    "predict_disaster_f1": 0.36164383561643837,
    "predict_disaster_number": 207,
    "predict_disaster_precision": 0.4177215189873418,
    "predict_disaster_recall": 0.3188405797101449,
    "predict_disease_f1": 0.45823389021479716,
    "predict_disease_number": 750,
    "predict_disease_precision": 0.4146868250539957,
    "predict_disease_recall": 0.512,
    "predict_education_f1": 0.6131868131868131,
    "predict_education_number": 2082,
    "predict_education_precision": 0.5652350081037277,
    "predict_education_recall": 0.670028818443804,
    "predict_educationaldegree_f1": 0.3700623700623701,
    "predict_educationaldegree_number": 367,
    "predict_educationaldegree_precision": 0.2991596638655462,
    "predict_educationaldegree_recall": 0.48501362397820164,
    "predict_election_f1": 0.10071942446043167,
    "predict_election_number": 184,
    "predict_election_precision": 0.09012875536480687,
    "predict_election_recall": 0.11413043478260869,
    "predict_film_f1": 0.43229432805314255,
    "predict_film_number": 759,
    "predict_film_precision": 0.35308848080133554,
    "predict_film_recall": 0.5573122529644269,
    "predict_food_f1": 0.3351351351351351,
    "predict_food_number": 432,
    "predict_food_precision": 0.2743362831858407,
    "predict_food_recall": 0.4305555555555556,
    "predict_game_f1": 0.39201877934272295,
    "predict_game_number": 496,
    "predict_game_precision": 0.4691011235955056,
    "predict_game_recall": 0.33669354838709675,
    "predict_god_f1": 0.48924122310305773,
    "predict_god_number": 635,
    "predict_god_precision": 0.3819628647214854,
    "predict_god_recall": 0.6803149606299213,
    "predict_government/governmentagency_f1": 0.26526423807080557,
    "predict_government/governmentagency_number": 1535,
    "predict_government/governmentagency_precision": 0.21878967414303852,
    "predict_government/governmentagency_recall": 0.33680781758957656,
    "predict_hospital_f1": 0.507592190889371,
    "predict_hospital_number": 364,
    "predict_hospital_precision": 0.41935483870967744,
    "predict_hospital_recall": 0.6428571428571429,
    "predict_hotel_f1": 0.3847376788553259,
    "predict_hotel_number": 265,
    "predict_hotel_precision": 0.3324175824175824,
    "predict_hotel_recall": 0.45660377358490567,
    "predict_island_f1": 0.43441466854724964,
    "predict_island_number": 646,
    "predict_island_precision": 0.39896373056994816,
    "predict_island_recall": 0.47678018575851394,
    "predict_language_f1": 0.5134689389774602,
    "predict_language_number": 753,
    "predict_language_precision": 0.43808630393996245,
    "predict_language_recall": 0.6201859229747676,
    "predict_law_f1": 0.39080459770114945,
    "predict_law_number": 488,
    "predict_law_precision": 0.31211750305997554,
    "predict_law_recall": 0.5225409836065574,
    "predict_library_f1": 0.5082592121982211,
    "predict_library_number": 357,
    "predict_library_precision": 0.46511627906976744,
    "predict_library_recall": 0.5602240896358543,
    "predict_livingthing_f1": 0.4607268464243845,
    "predict_livingthing_number": 865,
    "predict_livingthing_precision": 0.46730083234244946,
    "predict_livingthing_recall": 0.45433526011560693,
    "predict_loss": 0.5265718102455139,
    "predict_media/newspaper_f1": 0.5005802707930367,
    "predict_media/newspaper_number": 1234,
    "predict_media/newspaper_precision": 0.4789045151739452,
    "predict_media/newspaper_recall": 0.5243111831442464,
    "predict_medical_f1": 0.3638850889192886,
    "predict_medical_number": 397,
    "predict_medical_precision": 0.39820359281437123,
    "predict_medical_recall": 0.3350125944584383,
    "predict_mountain_f1": 0.4857341684064022,
    "predict_mountain_number": 681,
    "predict_mountain_precision": 0.46164021164021163,
    "predict_mountain_recall": 0.5124816446402349,
    "predict_music_f1": 0.5265625,
    "predict_music_number": 1041,
    "predict_music_precision": 0.4437129690585912,
    "predict_music_recall": 0.6474543707973103,
    "predict_other_f1": 0.40741060259673034,
    "predict_other_number": 21035,
    "predict_other_precision": 0.3728632900398721,
    "predict_other_recall": 0.4490135488471595,
    "predict_overall_accuracy": 0.8934047297986871,
    "predict_overall_f1": 0.52367435103414,
    "predict_overall_precision": 0.4876205902246271,
    "predict_overall_recall": 0.5654852825826694,
    "predict_painting_f1": 0.05405405405405405,
    "predict_painting_number": 58,
    "predict_painting_precision": 0.044444444444444446,
    "predict_painting_recall": 0.06896551724137931,
    "predict_park_f1": 0.2592986184909671,