{
    "predict_GPE_f1": 0.7705603173478784,
    "predict_GPE_number": 20409,
    "predict_GPE_precision": 0.743642329778507,
    "predict_GPE_recall": 0.7995002204909599,
    "predict_actor_f1": 0.707855251544572,
    "predict_actor_number": 1638,
    "predict_actor_precision": 0.6831345826235093,
    "predict_actor_recall": 0.7344322344322345,
    "predict_airplane_f1": 0.5297356828193833,
    "predict_airplane_number": 794,
    "predict_airplane_precision": 0.4706457925636008,
    "predict_airplane_recall": 0.6057934508816121,
    "predict_airport_f1": 0.7503337783711616,
    "predict_airport_number": 364,
    "predict_airport_precision": 0.7298701298701299,
    "predict_airport_recall": 0.771978021978022,
    "predict_artist/author_f1": 0.562152133580705,
    "predict_artist/author_number": 3464,
    "predict_artist/author_precision": 0.5195982361587457,
    "predict_artist/author_recall": 0.6122979214780601,
    "predict_astronomything_f1": 0.5273833671399595,
    "predict_astronomything_number": 678,
    "predict_astronomything_precision": 0.4868913857677903,
    "predict_astronomything_recall": 0.5752212389380531,
    "predict_athlete_f1": 0.7851415480281461,
    "predict_athlete_number": 2907,
    "predict_athlete_precision": 0.7487515605493134,
    "predict_athlete_recall": 0.825249398004816,
    "predict_attack/battle/war/militaryconflict_f1": 0.5656178050652342,
    "predict_attack/battle/war/militaryconflict_number": 1099,
    "predict_attack/battle/war/militaryconflict_precision": 0.48905109489051096,
    "predict_attack/battle/war/militaryconflict_recall": 0.6706096451319381,
    "predict_award_f1": 0.4407087687414811,
    "predict_award_number": 941,
    "predict_award_precision": 0.38492063492063494,
    "predict_award_recall": 0.5154091392136025,
    "predict_biologything_f1": 0.5099800399201597,
    "predict_biologything_number": 1875,
    "predict_biologything_precision": 0.47913736521331457,
    "predict_biologything_recall": 0.5450666666666667,
    "predict_bodiesofwater_f1": 0.5998329156223894,
    "predict_bodiesofwater_number": 1169,
    "predict_bodiesofwater_precision": 0.5861224489795919,
    "predict_bodiesofwater_recall": 0.6142001710863987,
    "predict_broadcastprogram_f1": 0.31388329979879276,
    "predict_broadcastprogram_number": 605,
    "predict_broadcastprogram_precision": 0.40102827763496146,
    "predict_broadcastprogram_recall": 0.2578512396694215,
    "predict_car_f1": 0.5952533675432969,
    "predict_car_number": 688,
    "predict_car_precision": 0.5327210103329506,
    "predict_car_recall": 0.6744186046511628,
    "predict_chemicalthing_f1": 0.005859375,
    "predict_chemicalthing_number": 1014,
    "predict_chemicalthing_precision": 0.3,
    "predict_chemicalthing_recall": 0.0029585798816568047,
    "predict_company_f1": 0.5927433028145135,
    "predict_company_number": 3903,
    "predict_company_precision": 0.5303398058252428,
    "predict_company_recall": 0.6717909300538047,
    "predict_currency_f1": 0.656375071469411,
    "predict_currency_number": 799,
    "predict_currency_precision": 0.6042105263157894,
    "predict_currency_recall": 0.718397997496871,
    "predict_director_f1": 0.3831494483450351,
    "predict_director_number": 554,
    "predict_director_precision": 0.43115124153498874,
    "predict_director_recall": 0.3447653429602888,
    "predict_disaster_f1": 0.145985401459854,
    "predict_disaster_number": 207,
    "predict_disaster_precision": 0.29850746268656714,
    "predict_disaster_recall": 0.0966183574879227,
    "predict_disease_f1": 0.37896365042536734,
    "predict_disease_number": 750,
    "predict_disease_precision": 0.45119705340699817,
    "predict_disease_recall": 0.32666666666666666,
    "predict_education_f1": 0.6984629294755877,
    "predict_education_number": 2082,
    "predict_education_precision": 0.6596925704526047,
    "predict_education_recall": 0.7420749279538905,
    "predict_educationaldegree_f1": 0.3932203389830508,
    "predict_educationaldegree_number": 367,
    "predict_educationaldegree_precision": 0.3359073359073359,
    "predict_educationaldegree_recall": 0.47411444141689374,
    "predict_election_f1": 0.19537275064267354,
    "predict_election_number": 184,
    "predict_election_precision": 0.18536585365853658,
    "predict_election_recall": 0.20652173913043478,
    "predict_film_f1": 0.4411294619072989,
    "predict_film_number": 759,
    "predict_film_precision": 0.370304114490161,
    "predict_film_recall": 0.5454545454545454,
    "predict_food_f1": 0.40882694541231124,
    "predict_food_number": 432,
    "predict_food_precision": 0.41025641025641024,
    "predict_food_recall": 0.4074074074074074,
    "predict_game_f1": 0.022944550669216062,
    "predict_game_number": 496,
    "predict_game_precision": 0.2222222222222222,
    "predict_game_recall": 0.012096774193548387,
    "predict_god_f1": 0.33221099887766553,
    "predict_god_number": 635,
    "predict_god_precision": 0.578125,
    "predict_god_recall": 0.23307086614173228,
    "predict_government/governmentagency_f1": 0.3407310704960836,
    "predict_government/governmentagency_number": 1535,
    "predict_government/governmentagency_precision": 0.34139960758665794,
    "predict_government/governmentagency_recall": 0.3400651465798046,
    "predict_hospital_f1": 0.6965986394557823,
    "predict_hospital_number": 364,
    "predict_hospital_precision": 0.6900269541778976,
    "predict_hospital_recall": 0.7032967032967034,
    "predict_hotel_f1": 0.5433526011560693,
    "predict_hotel_number": 265,
    "predict_hotel_precision": 0.5551181102362205,
    "predict_hotel_recall": 0.5320754716981132,
    "predict_island_f1": 0.4596774193548387,
    "predict_island_number": 646,
    "predict_island_precision": 0.4797979797979798,
    "predict_island_recall": 0.4411764705882353,
    "predict_language_f1": 0.5966228893058162,
    "predict_language_number": 753,
    "predict_language_precision": 0.5638297872340425,
    "predict_language_recall": 0.6334661354581673,
    "predict_law_f1": 0.46328671328671334,
    "predict_law_number": 488,
    "predict_law_precision": 0.40396341463414637,
    "predict_law_recall": 0.5430327868852459,
    "predict_library_f1": 0.6229086229086228,
    "predict_library_number": 357,
    "predict_library_precision": 0.5761904761904761,
    "predict_library_recall": 0.6778711484593838,
    "predict_livingthing_f1": 0.48425011753643626,
    "predict_livingthing_number": 865,
    "predict_livingthing_precision": 0.4080824088748019,
    "predict_livingthing_recall": 0.5953757225433526,
    "predict_loss": 0.47187554836273193,
    "predict_media/newspaper_f1": 0.5332278481012658,
    "predict_media/newspaper_number": 1234,
    "predict_media/newspaper_precision": 0.5208655332302936,
    "predict_media/newspaper_recall": 0.546191247974068,
    "predict_medical_f1": 0.2277432712215321,
    "predict_medical_number": 397,
    "predict_medical_precision": 0.14332247557003258,
    "predict_medical_recall": 0.5541561712846348,
    "predict_mountain_f1": 0.3454935622317597,
    "predict_mountain_number": 681,
    "predict_mountain_precision": 0.6414342629482072,
    "predict_mountain_recall": 0.23641703377386197,
    "predict_music_f1": 0.5827303424987941,
    "predict_music_number": 1041,
    "predict_music_precision": 0.5852713178294574,
    "predict_music_recall": 0.5802113352545629,
    "predict_other_f1": 0.47557132467990393,
    "predict_other_number": 21035,
    "predict_other_precision": 0.4432667816941911,
    "predict_other_recall": 0.512954599477062,
    "predict_overall_accuracy": 0.8993772352109648,
    "predict_overall_f1": 0.5672959730590947,
    "predict_overall_precision": 0.5395272188963476,
    "predict_overall_recall": 0.5980782727160137,
    "predict_painting_f1": 0.0,
    "predict_painting_number": 58,
    "predict_painting_precision": 0.0,
    "predict_painting_recall": 0.0,
    "predict_park_f1": 0.32187070151306735,
    "predict_park_number": 458,