{
    "predict_GPE_f1": 0.7634243485771871,
    "predict_GPE_number": 20409,
    "predict_GPE_precision": 0.7479900324415817,
    "predict_GPE_recall": 0.7795090401293547,
    "predict_actor_f1": 0.6942711287577992,
    "predict_actor_number": 1638,
    "predict_actor_precision": 0.6483050847457628,
    "predict_actor_recall": 0.7472527472527473,
    "predict_airplane_f1": 0.5321533923303834,
    "predict_airplane_number": 794,
    "predict_airplane_precision": 0.5005549389567148,
    "predict_airplane_recall": 0.5680100755667506,
    "predict_airport_f1": 0.7277777777777777,
    "predict_airport_number": 364,
    "predict_airport_precision": 0.7359550561797753,
    "predict_airport_recall": 0.7197802197802198,
    "predict_artist/author_f1": 0.5823304157549234,
    "predict_artist/author_number": 3464,
    "predict_artist/author_precision": 0.5532744282744283,
    "predict_artist/author_recall": 0.6146073903002309,
    "predict_astronomything_f1": 0.6316546762589927,
    "predict_astronomything_number": 678,
    "predict_astronomything_precision": 0.6165730337078652,
    "predict_astronomything_recall": 0.6474926253687315,
    "predict_athlete_f1": 0.7892910262766484,
    "predict_athlete_number": 2907,
    "predict_athlete_precision": 0.7595419847328244,
    "predict_athlete_recall": 0.8214654282765738,
    "predict_attack/battle/war/militaryconflict_f1": 0.605982905982906,
    "predict_attack/battle/war/militaryconflict_number": 1099,
    "predict_attack/battle/war/militaryconflict_precision": 0.5713134568896051,
    "predict_attack/battle/war/militaryconflict_recall": 0.6451319381255687,
    "predict_award_f1": 0.41628122109158183,
    "predict_award_number": 941,
    "predict_award_precision": 0.36855036855036855,
    "predict_award_recall": 0.4782146652497343,
    "predict_biologything_f1": 0.5213447171824973,
    "predict_biologything_number": 1875,
    "predict_biologything_precision": 0.5216230646022424,
    "predict_biologything_recall": 0.5210666666666667,
    "predict_bodiesofwater_f1": 0.6082474226804124,
    "predict_bodiesofwater_number": 1169,
    "predict_bodiesofwater_precision": 0.5668883961566888,
    "predict_bodiesofwater_recall": 0.6561163387510693,
    "predict_broadcastprogram_f1": 0.4224422442244224,
    "predict_broadcastprogram_number": 605,
    "predict_broadcastprogram_precision": 0.42174629324546953,
    "predict_broadcastprogram_recall": 0.4231404958677686,
    "predict_car_f1": 0.6038543897216273,
    "predict_car_number": 688,
    "predict_car_precision": 0.5932678821879382,
    "predict_car_recall": 0.6148255813953488,
    "predict_chemicalthing_f1": 0.48947368421052634,
    "predict_chemicalthing_number": 1014,
    "predict_chemicalthing_precision": 0.44075829383886256,
    "predict_chemicalthing_recall": 0.5502958579881657,
    "predict_company_f1": 0.5730618077884958,
    "predict_company_number": 3903,
    "predict_company_precision": 0.5353805073431241,
    "predict_company_recall": 0.6164488854727133,
    "predict_currency_f1": 0.5998861696072851,
    "predict_currency_number": 799,
    "predict_currency_precision": 0.5501043841336117,
    "predict_currency_recall": 0.6595744680851063,
    "predict_director_f1": 0.5648286140089419,
    "predict_director_number": 554,
    "predict_director_precision": 0.48096446700507617,
    "predict_director_recall": 0.6841155234657039,
    "predict_disaster_f1": 0.38532110091743127,
    "predict_disaster_number": 207,
    "predict_disaster_precision": 0.36681222707423583,
    "predict_disaster_recall": 0.4057971014492754,
    "predict_disease_f1": 0.5082246171298923,
    "predict_disease_number": 750,
    "predict_disease_precision": 0.4422507403751234,
    "predict_disease_recall": 0.5973333333333334,
    "predict_education_f1": 0.6220435193945127,
    "predict_education_number": 2082,
    "predict_education_precision": 0.6127679403541473,
    "predict_education_recall": 0.6316042267050913,
    "predict_educationaldegree_f1": 0.38906414300736064,
    "predict_educationaldegree_number": 367,
    "predict_educationaldegree_precision": 0.3167808219178082,
    "predict_educationaldegree_recall": 0.5040871934604905,
    "predict_election_f1": 0.1596958174904943,
    "predict_election_number": 184,
    "predict_election_precision": 0.12280701754385964,
    "predict_election_recall": 0.22826086956521738,
    "predict_film_f1": 0.5854447439353101,
    "predict_film_number": 759,
    "predict_film_precision": 0.4954379562043796,
    "predict_film_recall": 0.7154150197628458,
    "predict_food_f1": 0.40157480314960636,
    "predict_food_number": 432,
    "predict_food_precision": 0.3493150684931507,
    "predict_food_recall": 0.4722222222222222,
    "predict_game_f1": 0.5561072492552136,
    "predict_game_number": 496,
    "predict_game_precision": 0.547945205479452,
    "predict_game_recall": 0.5645161290322581,
    "predict_god_f1": 0.5457463884430176,
    "predict_god_number": 635,
    "predict_god_precision": 0.5564648117839607,
    "predict_god_recall": 0.5354330708661418,
    "predict_government/governmentagency_f1": 0.3029126213592233,
    "predict_government/governmentagency_number": 1535,
    "predict_government/governmentagency_precision": 0.263768115942029,
    "predict_government/governmentagency_recall": 0.355700325732899,
    "predict_hospital_f1": 0.5859375,
    "predict_hospital_number": 364,
    "predict_hospital_precision": 0.556930693069307,
    "predict_hospital_recall": 0.6181318681318682,
    "predict_hotel_f1": 0.6026871401151631,
    "predict_hotel_number": 265,
    "predict_hotel_precision": 0.61328125,
    "predict_hotel_recall": 0.5924528301886792,
    "predict_island_f1": 0.5415713196033562,
    "predict_island_number": 646,
    "predict_island_precision": 0.5338345864661654,
    "predict_island_recall": 0.5495356037151703,
    "predict_language_f1": 0.6254256526674233,
    "predict_language_number": 753,
    "predict_language_precision": 0.5460852329038652,
    "predict_language_recall": 0.7317397078353254,
    "predict_law_f1": 0.46114432109308284,
    "predict_law_number": 488,
    "predict_law_precision": 0.3953147877013177,
    "predict_law_recall": 0.5532786885245902,
    "predict_library_f1": 0.5310435931307793,
    "predict_library_number": 357,
    "predict_library_precision": 0.5025,
    "predict_library_recall": 0.5630252100840336,
    "predict_livingthing_f1": 0.5387634936211974,
    "predict_livingthing_number": 865,
    "predict_livingthing_precision": 0.4680306905370844,
    "predict_livingthing_recall": 0.6346820809248555,
    "predict_loss": 0.5177234411239624,
    "predict_media/newspaper_f1": 0.5200314218381775,
    "predict_media/newspaper_number": 1234,
    "predict_media/newspaper_precision": 0.5045731707317073,
    "predict_media/newspaper_recall": 0.5364667747163695,
    "predict_medical_f1": 0.39705882352941174,
    "predict_medical_number": 397,
    "predict_medical_precision": 0.38663484486873506,
    "predict_medical_recall": 0.4080604534005038,
    "predict_mountain_f1": 0.582089552238806,
    "predict_mountain_number": 681,
    "predict_mountain_precision": 0.5409836065573771,
    "predict_mountain_recall": 0.6299559471365639,
    "predict_music_f1": 0.6182462356067315,
    "predict_music_number": 1041,
    "predict_music_precision": 0.5735414954806902,
    "predict_music_recall": 0.6705091258405379,
    "predict_other_f1": 0.4551264860999374,
    "predict_other_number": 21035,
    "predict_other_precision": 0.4294268966389744,
    "predict_other_recall": 0.4840979320180651,
    "predict_overall_accuracy": 0.9019590599465395,
    "predict_overall_f1": 0.5700374858761172,
    "predict_overall_precision": 0.537637556143031,
    "predict_overall_recall": 0.6065929075671882,
    "predict_painting_f1": 0.0,
    "predict_painting_number": 58,
    "predict_painting_precision": 0.0,
    "predict_painting_recall": 0.0,
    "predict_park_f1": 0.4050387596899225,
    "predict_park_number": 458,