{
    "predict_GPE_f1": 0.7699872346461161,
    "predict_GPE_number": 20409,
    "predict_GPE_precision": 0.7438907413328462,
    "predict_GPE_recall": 0.7979812827674065,
    "predict_actor_f1": 0.6369778869778869,
    "predict_actor_number": 1638,
    "predict_actor_precision": 0.6409147095179234,
    "predict_actor_recall": 0.6330891330891331,
    "predict_airplane_f1": 0.5177142857142857,
    "predict_airplane_number": 794,
    "predict_airplane_precision": 0.47384937238493724,
    "predict_airplane_recall": 0.570528967254408,
    "predict_airport_f1": 0.75,
    "predict_airport_number": 364,
    "predict_airport_precision": 0.7419354838709677,
    "predict_airport_recall": 0.7582417582417582,
    "predict_artist/author_f1": 0.5352152434721242,
    "predict_artist/author_number": 3464,
    "predict_artist/author_precision": 0.5236122618061309,
    "predict_artist/author_recall": 0.5473441108545035,
    "predict_astronomything_f1": 0.5247524752475248,
    "predict_astronomything_number": 678,
    "predict_astronomything_precision": 0.5040760869565217,
    "predict_astronomything_recall": 0.5471976401179941,
    "predict_athlete_f1": 0.6681135225375625,
    "predict_athlete_number": 2907,
    "predict_athlete_precision": 0.6490431397988972,
    "predict_athlete_recall": 0.6883384932920537,
    "predict_attack/battle/war/militaryconflict_f1": 0.6036456125476897,
    "predict_attack/battle/war/militaryconflict_number": 1099,
    "predict_attack/battle/war/militaryconflict_precision": 0.5650793650793651,
    "predict_attack/battle/war/militaryconflict_recall": 0.6478616924476797,
    "predict_award_f1": 0.46875,
    "predict_award_number": 941,
    "predict_award_precision": 0.43360433604336046,
    "predict_award_recall": 0.51009564293305,
    "predict_biologything_f1": 0.5114105031619466,
    "predict_biologything_number": 1875,
    "predict_biologything_precision": 0.5278093076049943,
    "predict_biologything_recall": 0.496,
    "predict_bodiesofwater_f1": 0.6302083333333333,
    "predict_bodiesofwater_number": 1169,
    "predict_bodiesofwater_precision": 0.639647577092511,
    "predict_bodiesofwater_recall": 0.621043627031651,
    "predict_broadcastprogram_f1": 0.38164251207729466,
    "predict_broadcastprogram_number": 605,
    "predict_broadcastprogram_precision": 0.37205651491365777,
    "predict_broadcastprogram_recall": 0.39173553719008264,
    "predict_car_f1": 0.546486870120653,
    "predict_car_number": 688,
    "predict_car_precision": 0.5339805825242718,
    "predict_car_recall": 0.559593023255814,
    "predict_chemicalthing_f1": 0.4681222707423581,
    "predict_chemicalthing_number": 1014,
    "predict_chemicalthing_precision": 0.4200626959247649,
    "predict_chemicalthing_recall": 0.5285996055226825,
    "predict_company_f1": 0.567291311754685,
    "predict_company_number": 3903,
    "predict_company_precision": 0.5402085747392815,
    "predict_company_recall": 0.5972328977709455,
    "predict_currency_f1": 0.6102564102564102,
    "predict_currency_number": 799,
    "predict_currency_precision": 0.6254927726675427,
    "predict_currency_recall": 0.5957446808510638,
    "predict_director_f1": 0.5233082706766917,
    "predict_director_number": 554,
    "predict_director_precision": 0.4484536082474227,
    "predict_director_recall": 0.628158844765343,
    "predict_disaster_f1": 0.46049661399548536,
    "predict_disaster_number": 207,
    "predict_disaster_precision": 0.4322033898305085,
    "predict_disaster_recall": 0.4927536231884058,
    "predict_disease_f1": 0.5219123505976097,
    "predict_disease_number": 750,
    "predict_disease_precision": 0.5198412698412699,
    "predict_disease_recall": 0.524,
    "predict_education_f1": 0.6859255835451814,
    "predict_education_number": 2082,
    "predict_education_precision": 0.6610244988864142,
    "predict_education_recall": 0.712776176753122,
    "predict_educationaldegree_f1": 0.39908256880733944,
    "predict_educationaldegree_number": 367,
    "predict_educationaldegree_precision": 0.3445544554455445,
    "predict_educationaldegree_recall": 0.47411444141689374,
    "predict_election_f1": 0.2512315270935961,
    "predict_election_number": 184,
    "predict_election_precision": 0.22972972972972974,
    "predict_election_recall": 0.27717391304347827,
    "predict_film_f1": 0.4896998234255444,
    "predict_film_number": 759,
    "predict_film_precision": 0.4425531914893617,
    "predict_film_recall": 0.5480895915678524,
    "predict_food_f1": 0.36384704519119354,
    "predict_food_number": 432,
    "predict_food_precision": 0.3642691415313225,
    "predict_food_recall": 0.36342592592592593,
    "predict_game_f1": 0.4926315789473685,
    "predict_game_number": 496,
    "predict_game_precision": 0.5154185022026432,
    "predict_game_recall": 0.4717741935483871,
    "predict_god_f1": 0.5255920550038197,
    "predict_god_number": 635,
    "predict_god_precision": 0.5103857566765578,
    "predict_god_recall": 0.5417322834645669,
    "predict_government/governmentagency_f1": 0.3151083791653187,
    "predict_government/governmentagency_number": 1535,
    "predict_government/governmentagency_precision": 0.3129820051413882,
    "predict_government/governmentagency_recall": 0.3172638436482085,
    "predict_hospital_f1": 0.6623711340206185,
    "predict_hospital_number": 364,
    "predict_hospital_precision": 0.6237864077669902,
    "predict_hospital_recall": 0.7060439560439561,
    "predict_hotel_f1": 0.5168539325842696,
    "predict_hotel_number": 265,
    "predict_hotel_precision": 0.44972067039106145,
    "predict_hotel_recall": 0.6075471698113207,
    "predict_island_f1": 0.5725190839694656,
    "predict_island_number": 646,
    "predict_island_precision": 0.5647590361445783,
    "predict_island_recall": 0.5804953560371517,
    "predict_language_f1": 0.6459627329192547,
    "predict_language_number": 753,
    "predict_language_precision": 0.6067677946324388,
    "predict_language_recall": 0.6905710491367862,
    "predict_law_f1": 0.4845814977973568,
    "predict_law_number": 488,
    "predict_law_precision": 0.4250386398763524,
    "predict_law_recall": 0.5635245901639344,
    "predict_library_f1": 0.6241699867197875,
    "predict_library_number": 357,
    "predict_library_precision": 0.5934343434343434,
    "predict_library_recall": 0.6582633053221288,
    "predict_livingthing_f1": 0.4650918635170604,
    "predict_livingthing_number": 865,
    "predict_livingthing_precision": 0.42596153846153845,
    "predict_livingthing_recall": 0.5121387283236994,
    "predict_loss": 0.6168787479400635,
    "predict_media/newspaper_f1": 0.5065334358186011,
    "predict_media/newspaper_number": 1234,
    "predict_media/newspaper_precision": 0.4817251461988304,
    "predict_media/newspaper_recall": 0.534035656401945,
    "predict_medical_f1": 0.35671819262782406,
    "predict_medical_number": 397,
    "predict_medical_precision": 0.33783783783783783,
    "predict_medical_recall": 0.3778337531486146,
    "predict_mountain_f1": 0.5840304182509505,
    "predict_mountain_number": 681,
    "predict_mountain_precision": 0.6056782334384858,
    "predict_mountain_recall": 0.5638766519823789,
    "predict_music_f1": 0.5259647451167222,
    "predict_music_number": 1041,
    "predict_music_precision": 0.5217391304347826,
    "predict_music_recall": 0.5302593659942363,
    "predict_other_f1": 0.46254755345664433,
    "predict_other_number": 21035,
    "predict_other_precision": 0.42820710035218396,
    "predict_other_recall": 0.5028761587829808,
    "predict_overall_accuracy": 0.9007767188460177,
    "predict_overall_f1": 0.5634445758826676,
    "predict_overall_precision": 0.537220251411028,
    "predict_overall_recall": 0.5923605664038311,
    "predict_painting_f1": 0.1443298969072165,
    "predict_painting_number": 58,
    "predict_painting_precision": 0.1794871794871795,
    "predict_painting_recall": 0.1206896551724138,
    "predict_park_f1": 0.5916398713826366,
    "predict_park_number": 458,