{
    "predict_GPE_f1": 0.7847684422902993,
    "predict_GPE_number": 20409,
    "predict_GPE_precision": 0.7449806269813315,
    "predict_GPE_recall": 0.8290460091136264,
    "predict_actor_f1": 0.6763816332141874,
    "predict_actor_number": 1638,
    "predict_actor_precision": 0.6153076538269134,
    "predict_actor_recall": 0.7509157509157509,
    "predict_airplane_f1": 0.5354906054279749,
    "predict_airplane_number": 794,
    "predict_airplane_precision": 0.4572192513368984,
    "predict_airplane_recall": 0.646095717884131,
    "predict_airport_f1": 0.7366863905325444,
    "predict_airport_number": 364,
    "predict_airport_precision": 0.7980769230769231,
    "predict_airport_recall": 0.6840659340659341,
    "predict_artist/author_f1": 0.6017065785851913,
    "predict_artist/author_number": 3464,
    "predict_artist/author_precision": 0.5749605470804839,
    "predict_artist/author_recall": 0.6310623556581986,
    "predict_astronomything_f1": 0.5190194420963652,
    "predict_astronomything_number": 678,
    "predict_astronomything_precision": 0.6079207920792079,
    "predict_astronomything_recall": 0.4528023598820059,
    "predict_athlete_f1": 0.793966517487154,
    "predict_athlete_number": 2907,
    "predict_athlete_precision": 0.7661548304542546,
    "predict_athlete_recall": 0.8238734090127279,
    "predict_attack/battle/war/militaryconflict_f1": 0.6139886578449906,
    "predict_attack/battle/war/militaryconflict_number": 1099,
    "predict_attack/battle/war/militaryconflict_precision": 0.5252263906856404,
    "predict_attack/battle/war/militaryconflict_recall": 0.7388535031847133,
    "predict_award_f1": 0.5275590551181102,
    "predict_award_number": 941,
    "predict_award_precision": 0.4912923923006416,
    "predict_award_recall": 0.5696068012752391,
    "predict_biologything_f1": 0.5276839095399013,
    "predict_biologything_number": 1875,
    "predict_biologything_precision": 0.5147058823529411,
    "predict_biologything_recall": 0.5413333333333333,
    "predict_bodiesofwater_f1": 0.6462283178701089,
    "predict_bodiesofwater_number": 1169,
    "predict_bodiesofwater_precision": 0.6114503816793894,
    "predict_bodiesofwater_recall": 0.6852010265183918,
    "predict_broadcastprogram_f1": 0.48287112561174556,
    "predict_broadcastprogram_number": 605,
    "predict_broadcastprogram_precision": 0.47665056360708535,
    "predict_broadcastprogram_recall": 0.48925619834710743,
    "predict_car_f1": 0.6066945606694562,
    "predict_car_number": 688,
    "predict_car_precision": 0.5831099195710456,
    "predict_car_recall": 0.6322674418604651,
    "predict_chemicalthing_f1": 0.4536082474226804,
    "predict_chemicalthing_number": 1014,
    "predict_chemicalthing_precision": 0.43214285714285716,
    "predict_chemicalthing_recall": 0.47731755424063116,
    "predict_company_f1": 0.6248941574936495,
    "predict_company_number": 3903,
    "predict_company_precision": 0.5918881759853346,
    "predict_company_recall": 0.6617986164488855,
    "predict_currency_f1": 0.638697557921102,
    "predict_currency_number": 799,
    "predict_currency_precision": 0.6390977443609023,
    "predict_currency_recall": 0.6382978723404256,
    "predict_director_f1": 0.1846590909090909,
    "predict_director_number": 554,
    "predict_director_precision": 0.43333333333333335,
    "predict_director_recall": 0.11732851985559567,
    "predict_disaster_f1": 0.1643835616438356,
    "predict_disaster_number": 207,
    "predict_disaster_precision": 0.2823529411764706,
    "predict_disaster_recall": 0.11594202898550725,
    "predict_disease_f1": 0.5387283236994219,
    "predict_disease_number": 750,
    "predict_disease_precision": 0.47551020408163264,
    "predict_disease_recall": 0.6213333333333333,
    "predict_education_f1": 0.7121554450971532,
    "predict_education_number": 2082,
    "predict_education_precision": 0.6723549488054608,
    "predict_education_recall": 0.7569644572526417,
    "predict_educationaldegree_f1": 0.4465558194774347,
    "predict_educationaldegree_number": 367,
    "predict_educationaldegree_precision": 0.3957894736842105,
    "predict_educationaldegree_recall": 0.5122615803814714,
    "predict_election_f1": 0.14395886889460155,
    "predict_election_number": 184,
    "predict_election_precision": 0.13658536585365855,
    "predict_election_recall": 0.15217391304347827,
    "predict_film_f1": 0.5836711059640998,
    "predict_film_number": 759,
    "predict_film_precision": 0.5206611570247934,
    "predict_film_recall": 0.6640316205533597,
    "predict_food_f1": 0.20819112627986347,
    "predict_food_number": 432,
    "predict_food_precision": 0.3961038961038961,
    "predict_food_recall": 0.1412037037037037,
    "predict_game_f1": 0.5439229843561973,
    "predict_game_number": 496,
    "predict_game_precision": 0.6746268656716418,
    "predict_game_recall": 0.45564516129032256,
    "predict_god_f1": 0.009404388714733543,
    "predict_god_number": 635,
    "predict_god_precision": 1.0,
    "predict_god_recall": 0.004724409448818898,
    "predict_government/governmentagency_f1": 0.32368703108252944,
    "predict_government/governmentagency_number": 1535,
    "predict_government/governmentagency_precision": 0.3583860759493671,
    "predict_government/governmentagency_recall": 0.29511400651465797,
    "predict_hospital_f1": 0.7133243606998654,
    "predict_hospital_number": 364,
    "predict_hospital_precision": 0.6992084432717678,
    "predict_hospital_recall": 0.728021978021978,
    "predict_hotel_f1": 0.5996204933586338,
    "predict_hotel_number": 265,
    "predict_hotel_precision": 0.6030534351145038,
    "predict_hotel_recall": 0.5962264150943396,
    "predict_island_f1": 0.16775884665792923,
    "predict_island_number": 646,
    "predict_island_precision": 0.5470085470085471,
    "predict_island_recall": 0.09907120743034056,
    "predict_language_f1": 0.4506816359262229,
    "predict_language_number": 753,
    "predict_language_precision": 0.5688259109311741,
    "predict_language_recall": 0.37317397078353254,
    "predict_law_f1": 0.5335820895522388,
    "predict_law_number": 488,
    "predict_law_precision": 0.4897260273972603,
    "predict_law_recall": 0.5860655737704918,
    "predict_library_f1": 0.6442953020134228,
    "predict_library_number": 357,
    "predict_library_precision": 0.6185567010309279,
    "predict_library_recall": 0.6722689075630253,
    "predict_livingthing_f1": 0.4301310043668122,
    "predict_livingthing_number": 865,
    "predict_livingthing_precision": 0.4074457083764219,
    "predict_livingthing_recall": 0.4554913294797688,
    "predict_loss": 0.3641580641269684,
    "predict_media/newspaper_f1": 0.5915708812260537,
    "predict_media/newspaper_number": 1234,
    "predict_media/newspaper_precision": 0.561046511627907,
    "predict_media/newspaper_recall": 0.6256077795786061,
    "predict_medical_f1": 0.0,
    "predict_medical_number": 397,
    "predict_medical_precision": 0.0,
    "predict_medical_recall": 0.0,
    "predict_mountain_f1": 0.5996932515337424,
    "predict_mountain_number": 681,
    "predict_mountain_precision": 0.6276083467094703,
    "predict_mountain_recall": 0.5741556534508077,
    "predict_music_f1": 0.677590361445783,
    "predict_music_number": 1041,
    "predict_music_precision": 0.6798839458413927,
    "predict_music_recall": 0.675312199807877,
    "predict_other_f1": 0.5130802060989363,
    "predict_other_number": 21035,
    "predict_other_precision": 0.4796576531877946,
    "predict_other_recall": 0.5515093891133824,
    "predict_overall_accuracy": 0.90863185003268,
    "predict_overall_f1": 0.5982770392385237,
    "predict_overall_precision": 0.5824633431085044,
    "predict_overall_recall": 0.6149733724146472,
    "predict_painting_f1": 0.0,
    "predict_painting_number": 58,
    "predict_painting_precision": 0.0,
    "predict_painting_recall": 0.0,
    "predict_park_f1": 0.05611222444889779,
    "predict_park_number": 458,
    "predict_park_precision": 0.34146341463414637,