{
    "predict_GPE_f1": 0.7577490508914411,
    "predict_GPE_number": 20409,
    "predict_GPE_precision": 0.7434579659578481,
    "predict_GPE_recall": 0.7726003233867411,
    "predict_actor_f1": 0.6580871599883007,
    "predict_actor_number": 1638,
    "predict_actor_precision": 0.6316676024705222,
    "predict_actor_recall": 0.6868131868131868,
    "predict_airplane_f1": 0.5078031212484994,
    "predict_airplane_number": 794,
    "predict_airplane_precision": 0.48509174311926606,
    "predict_airplane_recall": 0.5327455919395466,
    "predict_airport_f1": 0.6087962962962964,
    "predict_airport_number": 364,
    "predict_airport_precision": 0.526,
    "predict_airport_recall": 0.7225274725274725,
    "predict_artist/author_f1": 0.5658564983262988,
    "predict_artist/author_number": 3464,
    "predict_artist/author_precision": 0.5705899618432638,
    "predict_artist/author_recall": 0.5612009237875288,
    "predict_astronomything_f1": 0.5906515580736544,
    "predict_astronomything_number": 678,
    "predict_astronomything_precision": 0.5681198910081744,
    "predict_astronomything_recall": 0.6150442477876106,
    "predict_athlete_f1": 0.724862258953168,
    "predict_athlete_number": 2907,
    "predict_athlete_precision": 0.7256118579800069,
    "predict_athlete_recall": 0.7241142070863433,
    "predict_attack/battle/war/militaryconflict_f1": 0.629059829059829,
    "predict_attack/battle/war/militaryconflict_number": 1099,
    "predict_attack/battle/war/militaryconflict_precision": 0.5930701047542305,
    "predict_attack/battle/war/militaryconflict_recall": 0.6696997270245678,
    "predict_award_f1": 0.48638318203535597,
    "predict_award_number": 941,
    "predict_award_precision": 0.4418402777777778,
    "predict_award_recall": 0.5409139213602551,
    "predict_biologything_f1": 0.5335071707953064,
    "predict_biologything_number": 1875,
    "predict_biologything_precision": 0.5219387755102041,
    "predict_biologything_recall": 0.5456,
    "predict_bodiesofwater_f1": 0.627287853577371,
    "predict_bodiesofwater_number": 1169,
    "predict_bodiesofwater_precision": 0.6105263157894737,
    "predict_bodiesofwater_recall": 0.6449957228400343,
    "predict_broadcastprogram_f1": 0.38087649402390444,
    "predict_broadcastprogram_number": 605,
    "predict_broadcastprogram_precision": 0.3676923076923077,
    "predict_broadcastprogram_recall": 0.3950413223140496,
    "predict_car_f1": 0.5460893854748604,
    "predict_car_number": 688,
    "predict_car_precision": 0.5255376344086021,
    "predict_car_recall": 0.5683139534883721,
    "predict_chemicalthing_f1": 0.4525139664804469,
    "predict_chemicalthing_number": 1014,
    "predict_chemicalthing_precision": 0.42857142857142855,
    "predict_chemicalthing_recall": 0.47928994082840237,
    "predict_company_f1": 0.5570741584409011,
    "predict_company_number": 3903,
    "predict_company_precision": 0.5503875968992248,
    "predict_company_recall": 0.5639251857545478,
    "predict_currency_f1": 0.6055588409225311,
    "predict_currency_number": 799,
    "predict_currency_precision": 0.5739910313901345,
    "predict_currency_recall": 0.6408010012515645,
    "predict_director_f1": 0.5148063781321185,
    "predict_director_number": 554,
    "predict_director_precision": 0.4442988204456094,
    "predict_director_recall": 0.6119133574007221,
    "predict_disaster_f1": 0.39627039627039623,
    "predict_disaster_number": 207,
    "predict_disaster_precision": 0.38288288288288286,
    "predict_disaster_recall": 0.4106280193236715,
    "predict_disease_f1": 0.48894202032277345,
    "predict_disease_number": 750,
    "predict_disease_precision": 0.4431202600216685,
    "predict_disease_recall": 0.5453333333333333,
    "predict_education_f1": 0.6595063985374772,
    "predict_education_number": 2082,
    "predict_education_precision": 0.6290322580645161,
    "predict_education_recall": 0.6930835734870316,
    "predict_educationaldegree_f1": 0.45774647887323944,
    "predict_educationaldegree_number": 367,
    "predict_educationaldegree_precision": 0.4020618556701031,
    "predict_educationaldegree_recall": 0.5313351498637602,
    "predict_election_f1": 0.12351543942992874,
    "predict_election_number": 184,
    "predict_election_precision": 0.10970464135021098,
    "predict_election_recall": 0.14130434782608695,
    "predict_film_f1": 0.5221785513756317,
    "predict_film_number": 759,
    "predict_film_precision": 0.45499021526418787,
    "predict_film_recall": 0.6126482213438735,
    "predict_food_f1": 0.42779587404994573,
    "predict_food_number": 432,
    "predict_food_precision": 0.40286298568507156,
    "predict_food_recall": 0.45601851851851855,
    "predict_game_f1": 0.46622264509990485,
    "predict_game_number": 496,
    "predict_game_precision": 0.44144144144144143,
    "predict_game_recall": 0.4939516129032258,
    "predict_god_f1": 0.5759768451519537,
    "predict_god_number": 635,
    "predict_god_precision": 0.5327978580990629,
    "predict_god_recall": 0.6267716535433071,
    "predict_government/governmentagency_f1": 0.30937950937950937,
    "predict_government/governmentagency_number": 1535,
    "predict_government/governmentagency_precision": 0.277720207253886,
    "predict_government/governmentagency_recall": 0.349185667752443,
    "predict_hospital_f1": 0.572972972972973,
    "predict_hospital_number": 364,
    "predict_hospital_precision": 0.5638297872340425,
    "predict_hospital_recall": 0.5824175824175825,
    "predict_hotel_f1": 0.5531135531135531,
    "predict_hotel_number": 265,
    "predict_hotel_precision": 0.5373665480427047,
    "predict_hotel_recall": 0.569811320754717,
    "predict_island_f1": 0.5281853281853283,
    "predict_island_number": 646,
    "predict_island_precision": 0.5269645608628659,
    "predict_island_recall": 0.5294117647058824,
    "predict_language_f1": 0.6029654036243822,
    "predict_language_number": 753,
    "predict_language_precision": 0.5140449438202247,
    "predict_language_recall": 0.7290836653386454,
    "predict_law_f1": 0.48784722222222227,
    "predict_law_number": 488,
    "predict_law_precision": 0.42319277108433734,
    "predict_law_recall": 0.5758196721311475,
    "predict_library_f1": 0.538558786346397,
    "predict_library_number": 357,
    "predict_library_precision": 0.49078341013824883,
    "predict_library_recall": 0.5966386554621849,
    "predict_livingthing_f1": 0.5110410094637224,
    "predict_livingthing_number": 865,
    "predict_livingthing_precision": 0.4686595949855352,
    "predict_livingthing_recall": 0.561849710982659,
    "predict_loss": 0.6774608492851257,
    "predict_media/newspaper_f1": 0.5280407865986889,
    "predict_media/newspaper_number": 1234,
    "predict_media/newspaper_precision": 0.4794973544973545,
    "predict_media/newspaper_recall": 0.5875202593192869,
    "predict_medical_f1": 0.3684210526315789,
    "predict_medical_number": 397,
    "predict_medical_precision": 0.40923076923076923,
    "predict_medical_recall": 0.3350125944584383,
    "predict_mountain_f1": 0.52586817859674,
    "predict_mountain_number": 681,
    "predict_mountain_precision": 0.5082191780821917,
    "predict_mountain_recall": 0.5447870778267254,
    "predict_music_f1": 0.5932820720356131,
    "predict_music_number": 1041,
    "predict_music_precision": 0.5125874125874126,
    "predict_music_recall": 0.7041306436119116,
    "predict_other_f1": 0.44589066567497215,
    "predict_other_number": 21035,
    "predict_other_precision": 0.43621810905452724,
    "predict_other_recall": 0.4560019015925838,
    "predict_overall_accuracy": 0.899688834748017,
    "predict_overall_f1": 0.5615754291590854,
    "predict_overall_precision": 0.5389981397820888,
    "predict_overall_recall": 0.5861268216158196,
    "predict_painting_f1": 0.29370629370629375,
    "predict_painting_number": 58,
    "predict_painting_precision": 0.24705882352941178,
    "predict_painting_recall": 0.3620689655172414,
    "predict_park_f1": 0.40171858216970996,