{
    "predict_GPE_f1": 0.7666110978804477,
    "predict_GPE_number": 20409,
    "predict_GPE_precision": 0.7457949121912794,
    "predict_GPE_recall": 0.7886226664706747,
    "predict_actor_f1": 0.6751145861418172,
    "predict_actor_number": 1638,
    "predict_actor_precision": 0.6045388701110574,
    "predict_actor_recall": 0.7643467643467643,
    "predict_airplane_f1": 0.5630944831959416,
    "predict_airplane_number": 794,
    "predict_airplane_precision": 0.5670498084291188,
    "predict_airplane_recall": 0.5591939546599496,
    "predict_airport_f1": 0.6560975609756099,
    "predict_airport_number": 364,
    "predict_airport_precision": 0.5899122807017544,
    "predict_airport_recall": 0.739010989010989,
    "predict_artist/author_f1": 0.5840220385674931,
    "predict_artist/author_number": 3464,
    "predict_artist/author_precision": 0.5866588989222254,
    "predict_artist/author_recall": 0.5814087759815243,
    "predict_astronomything_f1": 0.6162943495400789,
    "predict_astronomything_number": 678,
    "predict_astronomything_precision": 0.5556872037914692,
    "predict_astronomything_recall": 0.6917404129793511,
    "predict_athlete_f1": 0.7726539825862625,
    "predict_athlete_number": 2907,
    "predict_athlete_precision": 0.7271623672230653,
    "predict_athlete_recall": 0.8242174062607499,
    "predict_attack/battle/war/militaryconflict_f1": 0.6208067940552018,
    "predict_attack/battle/war/militaryconflict_number": 1099,
    "predict_attack/battle/war/militaryconflict_precision": 0.5820063694267515,
    "predict_attack/battle/war/militaryconflict_recall": 0.6651501364877161,
    "predict_award_f1": 0.44861567339277336,
    "predict_award_number": 941,
    "predict_award_precision": 0.4016806722689076,
    "predict_award_recall": 0.5079702444208289,
    "predict_biologything_f1": 0.5359173126614987,
    "predict_biologything_number": 1875,
    "predict_biologything_precision": 0.5197994987468672,
    "predict_biologything_recall": 0.5530666666666667,
    "predict_bodiesofwater_f1": 0.6362525458248471,
    "predict_bodiesofwater_number": 1169,
    "predict_bodiesofwater_precision": 0.6073094867807154,
    "predict_bodiesofwater_recall": 0.6680923866552609,
    "predict_broadcastprogram_f1": 0.4397641112047178,
    "predict_broadcastprogram_number": 605,
    "predict_broadcastprogram_precision": 0.4484536082474227,
    "predict_broadcastprogram_recall": 0.43140495867768597,
    "predict_car_f1": 0.6041828040278854,
    "predict_car_number": 688,
    "predict_car_precision": 0.6467661691542289,
    "predict_car_recall": 0.5668604651162791,
    "predict_chemicalthing_f1": 0.49573378839590454,
    "predict_chemicalthing_number": 1014,
    "predict_chemicalthing_precision": 0.4368421052631579,
    "predict_chemicalthing_recall": 0.5729783037475346,
    "predict_company_f1": 0.5881192999753512,
    "predict_company_number": 3903,
    "predict_company_precision": 0.5666112562336737,
    "predict_company_recall": 0.6113246220855753,
    "predict_currency_f1": 0.6528497409326425,
    "predict_currency_number": 799,
    "predict_currency_precision": 0.6044776119402985,
    "predict_currency_recall": 0.7096370463078848,
    "predict_director_f1": 0.5666957279860506,
    "predict_director_number": 554,
    "predict_director_precision": 0.5480607082630692,
    "predict_director_recall": 0.5866425992779783,
    "predict_disaster_f1": 0.39299610894941633,
    "predict_disaster_number": 207,
    "predict_disaster_precision": 0.3289902280130293,
    "predict_disaster_recall": 0.48792270531400966,
    "predict_disease_f1": 0.535073409461664,
    "predict_disease_number": 750,
    "predict_disease_precision": 0.45179063360881544,
    "predict_disease_recall": 0.656,
    "predict_education_f1": 0.6776226924808645,
    "predict_education_number": 2082,
    "predict_education_precision": 0.6377118644067796,
    "predict_education_recall": 0.722862632084534,
    "predict_educationaldegree_f1": 0.4285714285714285,
    "predict_educationaldegree_number": 367,
    "predict_educationaldegree_precision": 0.35547576301615796,
    "predict_educationaldegree_recall": 0.5395095367847411,
    "predict_election_f1": 0.12590799031476999,
    "predict_election_number": 184,
    "predict_election_precision": 0.11353711790393013,
    "predict_election_recall": 0.14130434782608695,
    "predict_film_f1": 0.616891064871481,
    "predict_film_number": 759,
    "predict_film_precision": 0.576,
    "predict_film_recall": 0.6640316205533597,
    "predict_food_f1": 0.4176954732510288,
    "predict_food_number": 432,
    "predict_food_precision": 0.37592592592592594,
    "predict_food_recall": 0.4699074074074074,
    "predict_game_f1": 0.5402061855670103,
    "predict_game_number": 496,
    "predict_game_precision": 0.5527426160337553,
    "predict_game_recall": 0.5282258064516129,
    "predict_god_f1": 0.5195007800312011,
    "predict_god_number": 635,
    "predict_god_precision": 0.5146831530139103,
    "predict_god_recall": 0.5244094488188976,
    "predict_government/governmentagency_f1": 0.319629057187017,
    "predict_government/governmentagency_number": 1535,
    "predict_government/governmentagency_precision": 0.30411764705882355,
    "predict_government/governmentagency_recall": 0.33680781758957656,
    "predict_hospital_f1": 0.5825242718446602,
    "predict_hospital_number": 364,
    "predict_hospital_precision": 0.5882352941176471,
    "predict_hospital_recall": 0.5769230769230769,
    "predict_hotel_f1": 0.5531197301854975,
    "predict_hotel_number": 265,
    "predict_hotel_precision": 0.5,
    "predict_hotel_recall": 0.6188679245283019,
    "predict_island_f1": 0.5337726523887975,
    "predict_island_number": 646,
    "predict_island_precision": 0.5704225352112676,
    "predict_island_recall": 0.5015479876160991,
    "predict_language_f1": 0.6654991243432574,
    "predict_language_number": 753,
    "predict_language_precision": 0.59375,
    "predict_language_recall": 0.7569721115537849,
    "predict_law_f1": 0.466789667896679,
    "predict_law_number": 488,
    "predict_law_precision": 0.42449664429530204,
    "predict_law_recall": 0.5184426229508197,
    "predict_library_f1": 0.6217616580310882,
    "predict_library_number": 357,
    "predict_library_precision": 0.5783132530120482,
    "predict_library_recall": 0.6722689075630253,
    "predict_livingthing_f1": 0.5080186239006725,
    "predict_livingthing_number": 865,
    "predict_livingthing_precision": 0.4597378277153558,
    "predict_livingthing_recall": 0.5676300578034682,
    "predict_loss": 0.5183906555175781,
    "predict_media/newspaper_f1": 0.519111758281762,
    "predict_media/newspaper_number": 1234,
    "predict_media/newspaper_precision": 0.4712491738268341,
    "predict_media/newspaper_recall": 0.5777957860615883,
    "predict_medical_f1": 0.3406451612903225,
    "predict_medical_number": 397,
    "predict_medical_precision": 0.3492063492063492,
    "predict_medical_recall": 0.33249370277078083,
    "predict_mountain_f1": 0.5563114134542706,
    "predict_mountain_number": 681,
    "predict_mountain_precision": 0.573208722741433,
    "predict_mountain_recall": 0.540381791483113,
    "predict_music_f1": 0.6223428312980552,
    "predict_music_number": 1041,
    "predict_music_precision": 0.588034188034188,
    "predict_music_recall": 0.6609029779058597,
    "predict_other_f1": 0.4607658783709046,
    "predict_other_number": 21035,
    "predict_other_precision": 0.43090036411784177,
    "predict_other_recall": 0.49507962918944615,
    "predict_overall_accuracy": 0.9032206580721651,
    "predict_overall_f1": 0.5770592193152675,
    "predict_overall_precision": 0.5468810645966177,
    "predict_overall_recall": 0.6107624984518846,
    "predict_painting_f1": 0.19402985074626866,
    "predict_painting_number": 58,
    "predict_painting_precision": 0.17105263157894737,
    "predict_painting_recall": 0.22413793103448276,
    "predict_park_f1": 0.4688796680497925,
    "predict_park_number": 458,