{
    "predict_GPE_f1": 0.793482880755608,
    "predict_GPE_number": 20409,
    "predict_GPE_precision": 0.7657809580237911,
    "predict_GPE_recall": 0.8232642461659072,
    "predict_actor_f1": 0.7577367927477338,
    "predict_actor_number": 1638,
    "predict_actor_precision": 0.7764253683536195,
    "predict_actor_recall": 0.73992673992674,
    "predict_airplane_f1": 0.5733333333333333,
    "predict_airplane_number": 794,
    "predict_airplane_precision": 0.5129224652087475,
    "predict_airplane_recall": 0.6498740554156172,
    "predict_airport_f1": 0.7909604519774011,
    "predict_airport_number": 364,
    "predict_airport_precision": 0.813953488372093,
    "predict_airport_recall": 0.7692307692307693,
    "predict_artist/author_f1": 0.646235138705416,
    "predict_artist/author_number": 3464,
    "predict_artist/author_precision": 0.5957135898684851,
    "predict_artist/author_recall": 0.7061200923787528,
    "predict_astronomything_f1": 0.601181683899557,
    "predict_astronomything_number": 678,
    "predict_astronomything_precision": 0.6020710059171598,
    "predict_astronomything_recall": 0.6002949852507374,
    "predict_athlete_f1": 0.8049113233287858,
    "predict_athlete_number": 2907,
    "predict_athlete_precision": 0.7981061887047683,
    "predict_athlete_recall": 0.8118335053319573,
    "predict_attack/battle/war/militaryconflict_f1": 0.6537489469250211,
    "predict_attack/battle/war/militaryconflict_number": 1099,
    "predict_attack/battle/war/militaryconflict_precision": 0.6086274509803922,
    "predict_attack/battle/war/militaryconflict_recall": 0.7060964513193813,
    "predict_award_f1": 0.49923741738688354,
    "predict_award_number": 941,
    "predict_award_precision": 0.47855750487329435,
    "predict_award_recall": 0.5217853347502657,
    "predict_biologything_f1": 0.5535917901938427,
    "predict_biologything_number": 1875,
    "predict_biologything_precision": 0.5946111451316595,
    "predict_biologything_recall": 0.5178666666666667,
    "predict_bodiesofwater_f1": 0.653496641643619,
    "predict_bodiesofwater_number": 1169,
    "predict_bodiesofwater_precision": 0.6071953010279001,
    "predict_bodiesofwater_recall": 0.7074422583404619,
    "predict_broadcastprogram_f1": 0.49563145353455124,
    "predict_broadcastprogram_number": 605,
    "predict_broadcastprogram_precision": 0.47706422018348627,
    "predict_broadcastprogram_recall": 0.515702479338843,
    "predict_car_f1": 0.6405325443786982,
    "predict_car_number": 688,
    "predict_car_precision": 0.6521084337349398,
    "predict_car_recall": 0.6293604651162791,
    "predict_chemicalthing_f1": 0.4805139186295504,
    "predict_chemicalthing_number": 1014,
    "predict_chemicalthing_precision": 0.4246782740348221,
    "predict_chemicalthing_recall": 0.5532544378698225,
    "predict_company_f1": 0.6261176174285354,
    "predict_company_number": 3903,
    "predict_company_precision": 0.615651312530956,
    "predict_company_recall": 0.6369459390212657,
    "predict_currency_f1": 0.6568742655699177,
    "predict_currency_number": 799,
    "predict_currency_precision": 0.6190476190476191,
    "predict_currency_recall": 0.6996245306633292,
    "predict_director_f1": 0.6052631578947368,
    "predict_director_number": 554,
    "predict_director_precision": 0.5887372013651877,
    "predict_director_recall": 0.6227436823104693,
    "predict_disaster_f1": 0.45862884160756506,
    "predict_disaster_number": 207,
    "predict_disaster_precision": 0.44907407407407407,
    "predict_disaster_recall": 0.46859903381642515,
    "predict_disease_f1": 0.5740944017563118,
    "predict_disease_number": 750,
    "predict_disease_precision": 0.4878731343283582,
    "predict_disease_recall": 0.6973333333333334,
    "predict_education_f1": 0.7389577003972891,
    "predict_education_number": 2082,
    "predict_education_precision": 0.7196176604460628,
    "predict_education_recall": 0.7593659942363112,
    "predict_educationaldegree_f1": 0.4585492227979275,
    "predict_educationaldegree_number": 367,
    "predict_educationaldegree_precision": 0.43703703703703706,
    "predict_educationaldegree_recall": 0.4822888283378747,
    "predict_election_f1": 0.2192982456140351,
    "predict_election_number": 184,
    "predict_election_precision": 0.18382352941176472,
    "predict_election_recall": 0.2717391304347826,
    "predict_film_f1": 0.6296758104738155,
    "predict_film_number": 759,
    "predict_film_precision": 0.5976331360946746,
    "predict_film_recall": 0.6653491436100132,
    "predict_food_f1": 0.4625131995776135,
    "predict_food_number": 432,
    "predict_food_precision": 0.42524271844660194,
    "predict_food_recall": 0.5069444444444444,
    "predict_game_f1": 0.5708622398414273,
    "predict_game_number": 496,
    "predict_game_precision": 0.5614035087719298,
    "predict_game_recall": 0.5806451612903226,
    "predict_god_f1": 0.576271186440678,
    "predict_god_number": 635,
    "predict_god_precision": 0.6646090534979424,
    "predict_god_recall": 0.5086614173228347,
    "predict_government/governmentagency_f1": 0.3523622047244095,
    "predict_government/governmentagency_number": 1535,
    "predict_government/governmentagency_precision": 0.3549239920687376,
    "predict_government/governmentagency_recall": 0.3498371335504886,
    "predict_hospital_f1": 0.7371134020618556,
    "predict_hospital_number": 364,
    "predict_hospital_precision": 0.6941747572815534,
    "predict_hospital_recall": 0.7857142857142857,
    "predict_hotel_f1": 0.5856164383561645,
    "predict_hotel_number": 265,
    "predict_hotel_precision": 0.5360501567398119,
    "predict_hotel_recall": 0.6452830188679245,
    "predict_island_f1": 0.6013986013986014,
    "predict_island_number": 646,
    "predict_island_precision": 0.6037441497659907,
    "predict_island_recall": 0.5990712074303406,
    "predict_language_f1": 0.6622032866707243,
    "predict_language_number": 753,
    "predict_language_precision": 0.6112359550561798,
    "predict_language_recall": 0.7224435590969456,
    "predict_law_f1": 0.55396370582617,
    "predict_law_number": 488,
    "predict_law_precision": 0.518783542039356,
    "predict_law_recall": 0.5942622950819673,
    "predict_library_f1": 0.6836461126005362,
    "predict_library_number": 357,
    "predict_library_precision": 0.6555269922879178,
    "predict_library_recall": 0.7142857142857143,
    "predict_livingthing_f1": 0.5744016649323622,
    "predict_livingthing_number": 865,
    "predict_livingthing_precision": 0.522232734153264,
    "predict_livingthing_recall": 0.638150289017341,
    "predict_loss": 0.344413161277771,
    "predict_media/newspaper_f1": 0.5830882352941177,
    "predict_media/newspaper_number": 1234,
    "predict_media/newspaper_precision": 0.5336473755047106,
    "predict_media/newspaper_recall": 0.6426256077795786,
    "predict_medical_f1": 0.3096085409252669,
    "predict_medical_number": 397,
    "predict_medical_precision": 0.5272727272727272,
    "predict_medical_recall": 0.21914357682619648,
    "predict_mountain_f1": 0.649175412293853,
    "predict_mountain_number": 681,
    "predict_mountain_precision": 0.663093415007657,
    "predict_mountain_recall": 0.6358296622613803,
    "predict_music_f1": 0.6915615906886519,
    "predict_music_number": 1041,
    "predict_music_precision": 0.6983349657198825,
    "predict_music_recall": 0.6849183477425552,
    "predict_other_f1": 0.5178945430274574,
    "predict_other_number": 21035,
    "predict_other_precision": 0.5019630588025341,
    "predict_other_recall": 0.5348704540052294,
    "predict_overall_accuracy": 0.9152394973584611,
    "predict_overall_f1": 0.6234377560292562,
    "predict_overall_precision": 0.6007406627687774,
    "predict_overall_recall": 0.6479172687115551,
    "predict_painting_f1": 0.0,
    "predict_painting_number": 58,
    "predict_painting_precision": 0.0,
    "predict_painting_recall": 0.0,
    "predict_park_f1": 0.559748427672956,
    "predict_park_number": 458,