{
    "predict_GPE_f1": 0.7524201468456251,
    "predict_GPE_number": 20409,
    "predict_GPE_precision": 0.7196403810886971,
    "predict_GPE_recall": 0.7883286785241805,
    "predict_actor_f1": 0.6960728514513375,
    "predict_actor_number": 1638,
    "predict_actor_precision": 0.6519189765458422,
    "predict_actor_recall": 0.7466422466422467,
    "predict_airplane_f1": 0.5035799522673031,
    "predict_airplane_number": 794,
    "predict_airplane_precision": 0.47845804988662133,
    "predict_airplane_recall": 0.5314861460957179,
    "predict_airport_f1": 0.675531914893617,
    "predict_airport_number": 364,
    "predict_airport_precision": 0.654639175257732,
    "predict_airport_recall": 0.6978021978021978,
    "predict_artist/author_f1": 0.5656455142231946,
    "predict_artist/author_number": 3464,
    "predict_artist/author_precision": 0.5374220374220374,
    "predict_artist/author_recall": 0.5969976905311778,
    "predict_astronomything_f1": 0.6229965156794426,
    "predict_astronomything_number": 678,
    "predict_astronomything_precision": 0.5904887714663144,
    "predict_astronomything_recall": 0.6592920353982301,
    "predict_athlete_f1": 0.7563108397954132,
    "predict_athlete_number": 2907,
    "predict_athlete_precision": 0.7266962587190868,
    "predict_athlete_recall": 0.7884416924664602,
    "predict_attack/battle/war/militaryconflict_f1": 0.6191950464396285,
    "predict_attack/battle/war/militaryconflict_number": 1099,
    "predict_attack/battle/war/militaryconflict_precision": 0.6024096385542169,
    "predict_attack/battle/war/militaryconflict_recall": 0.6369426751592356,
    "predict_award_f1": 0.4371097234611954,
    "predict_award_number": 941,
    "predict_award_precision": 0.3766333589546503,
    "predict_award_recall": 0.5207226354941552,
    "predict_biologything_f1": 0.5427639829445698,
    "predict_biologything_number": 1875,
    "predict_biologything_precision": 0.5123106060606061,
    "predict_biologything_recall": 0.5770666666666666,
    "predict_bodiesofwater_f1": 0.5754385964912281,
    "predict_bodiesofwater_number": 1169,
    "predict_bodiesofwater_precision": 0.5904590459045904,
    "predict_bodiesofwater_recall": 0.561163387510693,
    "predict_broadcastprogram_f1": 0.43776106934001674,
    "predict_broadcastprogram_number": 605,
    "predict_broadcastprogram_precision": 0.44256756756756754,
    "predict_broadcastprogram_recall": 0.43305785123966944,
    "predict_car_f1": 0.5436193222782983,
    "predict_car_number": 688,
    "predict_car_precision": 0.5393419170243204,
    "predict_car_recall": 0.5479651162790697,
    "predict_chemicalthing_f1": 0.46932814021421615,
    "predict_chemicalthing_number": 1014,
    "predict_chemicalthing_precision": 0.4634615384615385,
    "predict_chemicalthing_recall": 0.47534516765285995,
    "predict_company_f1": 0.5412358740081751,
    "predict_company_number": 3903,
    "predict_company_precision": 0.5098527746319366,
    "predict_company_recall": 0.576735844222393,
    "predict_currency_f1": 0.6490919742237845,
    "predict_currency_number": 799,
    "predict_currency_precision": 0.6101321585903083,
    "predict_currency_recall": 0.6933667083854819,
    "predict_director_f1": 0.5488372093023256,
    "predict_director_number": 554,
    "predict_director_precision": 0.5662188099808061,
    "predict_director_recall": 0.5324909747292419,
    "predict_disaster_f1": 0.36480686695278963,
    "predict_disaster_number": 207,
    "predict_disaster_precision": 0.3281853281853282,
    "predict_disaster_recall": 0.4106280193236715,
    "predict_disease_f1": 0.5305191100969767,
    "predict_disease_number": 750,
    "predict_disease_precision": 0.46360917248255235,
    "predict_disease_recall": 0.62,
    "predict_education_f1": 0.6499333629498001,
    "predict_education_number": 2082,
    "predict_education_precision": 0.6045454545454545,
    "predict_education_recall": 0.7026897214217099,
    "predict_educationaldegree_f1": 0.47629083245521603,
    "predict_educationaldegree_number": 367,
    "predict_educationaldegree_precision": 0.38831615120274915,
    "predict_educationaldegree_recall": 0.6158038147138964,
    "predict_election_f1": 0.17948717948717952,
    "predict_election_number": 184,
    "predict_election_precision": 0.16990291262135923,
    "predict_election_recall": 0.19021739130434784,
    "predict_film_f1": 0.5570621468926553,
    "predict_film_number": 759,
    "predict_film_precision": 0.4876360039564787,
    "predict_film_recall": 0.6495388669301713,
    "predict_food_f1": 0.3984747378455672,
    "predict_food_number": 432,
    "predict_food_precision": 0.3387358184764992,
    "predict_food_recall": 0.4837962962962963,
    "predict_game_f1": 0.5525773195876288,
    "predict_game_number": 496,
    "predict_game_precision": 0.5654008438818565,
    "predict_game_recall": 0.5403225806451613,
    "predict_god_f1": 0.5370242214532872,
    "predict_god_number": 635,
    "predict_god_precision": 0.47901234567901235,
    "predict_god_recall": 0.6110236220472441,
    "predict_government/governmentagency_f1": 0.3160133697964144,
    "predict_government/governmentagency_number": 1535,
    "predict_government/governmentagency_precision": 0.296127562642369,
    "predict_government/governmentagency_recall": 0.33876221498371334,
    "predict_hospital_f1": 0.5508684863523574,
    "predict_hospital_number": 364,
    "predict_hospital_precision": 0.502262443438914,
    "predict_hospital_recall": 0.6098901098901099,
    "predict_hotel_f1": 0.5017793594306049,
    "predict_hotel_number": 265,
    "predict_hotel_precision": 0.47474747474747475,
    "predict_hotel_recall": 0.5320754716981132,
    "predict_island_f1": 0.5516680227827501,
    "predict_island_number": 646,
    "predict_island_precision": 0.58147512864494,
    "predict_island_recall": 0.5247678018575851,
    "predict_language_f1": 0.5880952380952381,
    "predict_language_number": 753,
    "predict_language_precision": 0.5329018338727076,
    "predict_language_recall": 0.6560424966799469,
    "predict_law_f1": 0.4411214953271028,
    "predict_law_number": 488,
    "predict_law_precision": 0.4054982817869416,
    "predict_law_recall": 0.48360655737704916,
    "predict_library_f1": 0.5188679245283019,
    "predict_library_number": 357,
    "predict_library_precision": 0.4480651731160896,
    "predict_library_recall": 0.6162464985994398,
    "predict_livingthing_f1": 0.5123550176500252,
    "predict_livingthing_number": 865,
    "predict_livingthing_precision": 0.4543828264758497,
    "predict_livingthing_recall": 0.5872832369942197,
    "predict_loss": 0.6227816939353943,
    "predict_media/newspaper_f1": 0.5044843049327354,
    "predict_media/newspaper_number": 1234,
    "predict_media/newspaper_precision": 0.4680998613037448,
    "predict_media/newspaper_recall": 0.5470016207455429,
    "predict_medical_f1": 0.3995127892813642,
    "predict_medical_number": 397,
    "predict_medical_precision": 0.3867924528301887,
    "predict_medical_recall": 0.41309823677581864,
    "predict_mountain_f1": 0.5256305939788447,
    "predict_mountain_number": 681,
    "predict_mountain_precision": 0.5894160583941606,
    "predict_mountain_recall": 0.47430249632892807,
    "predict_music_f1": 0.6489058039961941,
    "predict_music_number": 1041,
    "predict_music_precision": 0.6427898209236569,
    "predict_music_recall": 0.6551392891450528,
    "predict_other_f1": 0.44982047464751734,
    "predict_other_number": 21035,
    "predict_other_precision": 0.4169067813806258,
    "predict_other_recall": 0.4883765153315902,
    "predict_overall_accuracy": 0.9010177470593472,
    "predict_overall_f1": 0.5628628199633772,
    "predict_overall_precision": 0.5328833314890635,
    "predict_overall_recall": 0.596416628823845,
    "predict_painting_f1": 0.33749999999999997,
    "predict_painting_number": 58,
    "predict_painting_precision": 0.2647058823529412,
    "predict_painting_recall": 0.46551724137931033,
    "predict_park_f1": 0.34111675126903557,