{
    "predict_GPE_f1": 0.7390479848292085,
    "predict_GPE_number": 20409,
    "predict_GPE_precision": 0.7244235294117647,
    "predict_GPE_recall": 0.7542750747219364,
    "predict_actor_f1": 0.6923983500294637,
    "predict_actor_number": 1638,
    "predict_actor_precision": 0.6691343963553531,
    "predict_actor_recall": 0.7173382173382173,
    "predict_airplane_f1": 0.4973913043478261,
    "predict_airplane_number": 794,
    "predict_airplane_precision": 0.4607948442534909,
    "predict_airplane_recall": 0.5403022670025189,
    "predict_airport_f1": 0.5587301587301587,
    "predict_airport_number": 364,
    "predict_airport_precision": 0.45438898450946646,
    "predict_airport_recall": 0.7252747252747253,
    "predict_artist/author_f1": 0.5827180749248018,
    "predict_artist/author_number": 3464,
    "predict_artist/author_precision": 0.5535064935064935,
    "predict_artist/author_recall": 0.6151847575057737,
    "predict_astronomything_f1": 0.594756554307116,
    "predict_astronomything_number": 678,
    "predict_astronomything_precision": 0.604261796042618,
    "predict_astronomything_recall": 0.5855457227138643,
    "predict_athlete_f1": 0.7673301304049417,
    "predict_athlete_number": 2907,
    "predict_athlete_precision": 0.765491270112975,
    "predict_athlete_recall": 0.7691778465772274,
    "predict_attack/battle/war/militaryconflict_f1": 0.5608628659476117,
    "predict_attack/battle/war/militaryconflict_number": 1099,
    "predict_attack/battle/war/militaryconflict_precision": 0.4863059452237809,
    "predict_attack/battle/war/militaryconflict_recall": 0.6624203821656051,
    "predict_award_f1": 0.3865123301459487,
    "predict_award_number": 941,
    "predict_award_precision": 0.367112810707457,
    "predict_award_recall": 0.40807651434643993,
    "predict_biologything_f1": 0.5171102661596959,
    "predict_biologything_number": 1875,
    "predict_biologything_precision": 0.4927536231884058,
    "predict_biologything_recall": 0.544,
    "predict_bodiesofwater_f1": 0.6096866096866097,
    "predict_bodiesofwater_number": 1169,
    "predict_bodiesofwater_precision": 0.5815217391304348,
    "predict_bodiesofwater_recall": 0.6407185628742516,
    "predict_broadcastprogram_f1": 0.4413793103448276,
    "predict_broadcastprogram_number": 605,
    "predict_broadcastprogram_precision": 0.46126126126126127,
    "predict_broadcastprogram_recall": 0.4231404958677686,
    "predict_car_f1": 0.6010439970171514,
    "predict_car_number": 688,
    "predict_car_precision": 0.6171516079632465,
    "predict_car_recall": 0.5857558139534884,
    "predict_chemicalthing_f1": 0.44553967471660916,
    "predict_chemicalthing_number": 1014,
    "predict_chemicalthing_precision": 0.44532019704433495,
    "predict_chemicalthing_recall": 0.4457593688362919,
    "predict_company_f1": 0.5499462943071965,
    "predict_company_number": 3903,
    "predict_company_precision": 0.514745308310992,
    "predict_company_recall": 0.5903151421983089,
    "predict_currency_f1": 0.6838356164383562,
    "predict_currency_number": 799,
    "predict_currency_precision": 0.6081871345029239,
    "predict_currency_recall": 0.7809762202753442,
    "predict_director_f1": 0.49881610102604573,
    "predict_director_number": 554,
    "predict_director_precision": 0.4431977559607293,
    "predict_director_recall": 0.5703971119133574,
    "predict_disaster_f1": 0.40162271805273836,
    "predict_disaster_number": 207,
    "predict_disaster_precision": 0.34615384615384615,
    "predict_disaster_recall": 0.4782608695652174,
    "predict_disease_f1": 0.4843581445523193,
    "predict_disease_number": 750,
    "predict_disease_precision": 0.4067028985507246,
    "predict_disease_recall": 0.5986666666666667,
    "predict_education_f1": 0.6307146027518864,
    "predict_education_number": 2082,
    "predict_education_precision": 0.5862211221122112,
    "predict_education_recall": 0.6825168107588857,
    "predict_educationaldegree_f1": 0.4142259414225941,
    "predict_educationaldegree_number": 367,
    "predict_educationaldegree_precision": 0.3361629881154499,
    "predict_educationaldegree_recall": 0.5395095367847411,
    "predict_election_f1": 0.14772727272727273,
    "predict_election_number": 184,
    "predict_election_precision": 0.11337209302325581,
    "predict_election_recall": 0.21195652173913043,
    "predict_film_f1": 0.5526315789473684,
    "predict_film_number": 759,
    "predict_film_precision": 0.4601226993865031,
    "predict_film_recall": 0.691699604743083,
    "predict_food_f1": 0.43918918918918926,
    "predict_food_number": 432,
    "predict_food_precision": 0.34574468085106386,
    "predict_food_recall": 0.6018518518518519,
    "predict_game_f1": 0.5808966861598441,
    "predict_game_number": 496,
    "predict_game_precision": 0.5622641509433962,
    "predict_game_recall": 0.6008064516129032,
    "predict_god_f1": 0.4,
    "predict_god_number": 635,
    "predict_god_precision": 0.4032,
    "predict_god_recall": 0.3968503937007874,
    "predict_government/governmentagency_f1": 0.29194219936321336,
    "predict_government/governmentagency_number": 1535,
    "predict_government/governmentagency_precision": 0.23390894819466249,
    "predict_government/governmentagency_recall": 0.38827361563517915,
    "predict_hospital_f1": 0.5753739930955121,
    "predict_hospital_number": 364,
    "predict_hospital_precision": 0.49504950495049505,
    "predict_hospital_recall": 0.6868131868131868,
    "predict_hotel_f1": 0.5653846153846154,
    "predict_hotel_number": 265,
    "predict_hotel_precision": 0.5764705882352941,
    "predict_hotel_recall": 0.5547169811320755,
    "predict_island_f1": 0.4802578565672845,
    "predict_island_number": 646,
    "predict_island_precision": 0.5008403361344538,
    "predict_island_recall": 0.4613003095975232,
    "predict_language_f1": 0.5398457583547558,
    "predict_language_number": 753,
    "predict_language_precision": 0.523038605230386,
    "predict_language_recall": 0.5577689243027888,
    "predict_law_f1": 0.3665893271461717,
    "predict_law_number": 488,
    "predict_law_precision": 0.29440993788819875,
    "predict_law_recall": 0.48565573770491804,
    "predict_library_f1": 0.48687350835322196,
    "predict_library_number": 357,
    "predict_library_precision": 0.42411642411642414,
    "predict_library_recall": 0.5714285714285714,
    "predict_livingthing_f1": 0.5395752895752897,
    "predict_livingthing_number": 865,
    "predict_livingthing_precision": 0.4631317315658658,
    "predict_livingthing_recall": 0.6462427745664739,
    "predict_loss": 0.516792893409729,
    "predict_media/newspaper_f1": 0.5588235294117647,
    "predict_media/newspaper_number": 1234,
    "predict_media/newspaper_precision": 0.4919852034525277,
    "predict_media/newspaper_recall": 0.646677471636953,
    "predict_medical_f1": 0.36179775280898874,
    "predict_medical_number": 397,
    "predict_medical_precision": 0.3265720081135903,
    "predict_medical_recall": 0.40554156171284633,
    "predict_mountain_f1": 0.5621262458471762,
    "predict_mountain_number": 681,
    "predict_mountain_precision": 0.5133495145631068,
    "predict_mountain_recall": 0.6211453744493393,
    "predict_music_f1": 0.619438444924406,
    "predict_music_number": 1041,
    "predict_music_precision": 0.5627943485086342,
    "predict_music_recall": 0.6887608069164265,
    "predict_other_f1": 0.44132325380614457,
    "predict_other_number": 21035,
    "predict_other_precision": 0.39612156951689725,
    "predict_other_recall": 0.49816971713810315,
    "predict_overall_accuracy": 0.896997353032504,
    "predict_overall_f1": 0.5467998344126646,
    "predict_overall_precision": 0.507270303436951,
    "predict_overall_recall": 0.5930107748833753,
    "predict_painting_f1": 0.24390243902439027,
    "predict_painting_number": 58,
    "predict_painting_precision": 0.17006802721088435,
    "predict_painting_recall": 0.43103448275862066,
    "predict_park_f1": 0.3166472642607684,