{
    "predict_GPE_f1": 0.7521363530235816,
    "predict_GPE_number": 20409,
    "predict_GPE_precision": 0.7183890103028411,
    "predict_GPE_recall": 0.7892106423636631,
    "predict_actor_f1": 0.6574992005116725,
    "predict_actor_number": 1638,
    "predict_actor_precision": 0.6903962390866353,
    "predict_actor_recall": 0.6275946275946276,
    "predict_airplane_f1": 0.5028284098051541,
    "predict_airplane_number": 794,
    "predict_airplane_precision": 0.5018820577164367,
    "predict_airplane_recall": 0.5037783375314862,
    "predict_airport_f1": 0.6873315363881402,
    "predict_airport_number": 364,
    "predict_airport_precision": 0.6746031746031746,
    "predict_airport_recall": 0.7005494505494505,
    "predict_artist/author_f1": 0.5537677661571467,
    "predict_artist/author_number": 3464,
    "predict_artist/author_precision": 0.5170255383074612,
    "predict_artist/author_recall": 0.5961316397228638,
    "predict_astronomything_f1": 0.6244204018547141,
    "predict_astronomything_number": 678,
    "predict_astronomything_precision": 0.6558441558441559,
    "predict_astronomything_recall": 0.5958702064896755,
    "predict_athlete_f1": 0.7385407725321889,
    "predict_athlete_number": 2907,
    "predict_athlete_precision": 0.7371487320082248,
    "predict_athlete_recall": 0.739938080495356,
    "predict_attack/battle/war/militaryconflict_f1": 0.6285714285714287,
    "predict_attack/battle/war/militaryconflict_number": 1099,
    "predict_attack/battle/war/militaryconflict_precision": 0.6079931972789115,
    "predict_attack/battle/war/militaryconflict_recall": 0.6505914467697907,
    "predict_award_f1": 0.45014520813165537,
    "predict_award_number": 941,
    "predict_award_precision": 0.41333333333333333,
    "predict_award_recall": 0.49415515409139216,
    "predict_biologything_f1": 0.501981505944518,
    "predict_biologything_number": 1875,
    "predict_biologything_precision": 0.4973821989528796,
    "predict_biologything_recall": 0.5066666666666667,
    "predict_bodiesofwater_f1": 0.6034406704896339,
    "predict_bodiesofwater_number": 1169,
    "predict_bodiesofwater_precision": 0.6229508196721312,
    "predict_bodiesofwater_recall": 0.5851154833190761,
    "predict_broadcastprogram_f1": 0.3993231810490694,
    "predict_broadcastprogram_number": 605,
    "predict_broadcastprogram_precision": 0.4090121317157712,
    "predict_broadcastprogram_recall": 0.39008264462809916,
    "predict_car_f1": 0.5878787878787879,
    "predict_car_number": 688,
    "predict_car_precision": 0.6139240506329114,
    "predict_car_recall": 0.563953488372093,
    "predict_chemicalthing_f1": 0.46411272567151035,
    "predict_chemicalthing_number": 1014,
    "predict_chemicalthing_precision": 0.4192521877486078,
    "predict_chemicalthing_recall": 0.519723865877712,
    "predict_company_f1": 0.5503759398496241,
    "predict_company_number": 3903,
    "predict_company_precision": 0.5386313465783664,
    "predict_company_recall": 0.5626441199077633,
    "predict_currency_f1": 0.6244131455399061,
    "predict_currency_number": 799,
    "predict_currency_precision": 0.5878453038674033,
    "predict_currency_recall": 0.6658322903629537,
    "predict_director_f1": 0.5255731922398589,
    "predict_director_number": 554,
    "predict_director_precision": 0.5137931034482759,
    "predict_director_recall": 0.5379061371841155,
    "predict_disaster_f1": 0.35764705882352943,
    "predict_disaster_number": 207,
    "predict_disaster_precision": 0.3486238532110092,
    "predict_disaster_recall": 0.3671497584541063,
    "predict_disease_f1": 0.519163763066202,
    "predict_disease_number": 750,
    "predict_disease_precision": 0.45987654320987653,
    "predict_disease_recall": 0.596,
    "predict_education_f1": 0.6261251372118551,
    "predict_education_number": 2082,
    "predict_education_precision": 0.5766275778406793,
    "predict_education_recall": 0.6849183477425552,
    "predict_educationaldegree_f1": 0.4206642066420664,
    "predict_educationaldegree_number": 367,
    "predict_educationaldegree_precision": 0.3834080717488789,
    "predict_educationaldegree_recall": 0.4659400544959128,
    "predict_election_f1": 0.15233415233415232,
    "predict_election_number": 184,
    "predict_election_precision": 0.13901345291479822,
    "predict_election_recall": 0.16847826086956522,
    "predict_film_f1": 0.5828877005347592,
    "predict_film_number": 759,
    "predict_film_precision": 0.5915875169606513,
    "predict_film_recall": 0.5744400527009222,
    "predict_food_f1": 0.3662258392675483,
    "predict_food_number": 432,
    "predict_food_precision": 0.32667876588021777,
    "predict_food_recall": 0.4166666666666667,
    "predict_game_f1": 0.548936170212766,
    "predict_game_number": 496,
    "predict_game_precision": 0.581081081081081,
    "predict_game_recall": 0.5201612903225806,
    "predict_god_f1": 0.5277983691623425,
    "predict_god_number": 635,
    "predict_god_precision": 0.49859943977591037,
    "predict_god_recall": 0.5606299212598426,
    "predict_government/governmentagency_f1": 0.31144130757800886,
    "predict_government/governmentagency_number": 1535,
    "predict_government/governmentagency_precision": 0.2863387978142076,
    "predict_government/governmentagency_recall": 0.34136807817589576,
    "predict_hospital_f1": 0.5291139240506328,
    "predict_hospital_number": 364,
    "predict_hospital_precision": 0.49061032863849763,
    "predict_hospital_recall": 0.5741758241758241,
    "predict_hotel_f1": 0.47872340425531906,
    "predict_hotel_number": 265,
    "predict_hotel_precision": 0.451505016722408,
    "predict_hotel_recall": 0.5094339622641509,
    "predict_island_f1": 0.5409556313993173,
    "predict_island_number": 646,
    "predict_island_precision": 0.6026615969581749,
    "predict_island_recall": 0.4907120743034056,
    "predict_language_f1": 0.6028767979987493,
    "predict_language_number": 753,
    "predict_language_precision": 0.5697399527186762,
    "predict_language_recall": 0.6401062416998672,
    "predict_law_f1": 0.4701754385964912,
    "predict_law_number": 488,
    "predict_law_precision": 0.4110429447852761,
    "predict_law_recall": 0.5491803278688525,
    "predict_library_f1": 0.4824797843665768,
    "predict_library_number": 357,
    "predict_library_precision": 0.4649350649350649,
    "predict_library_recall": 0.5014005602240896,
    "predict_livingthing_f1": 0.5110037573805689,
    "predict_livingthing_number": 865,
    "predict_livingthing_precision": 0.47695390781563124,
    "predict_livingthing_recall": 0.5502890173410404,
    "predict_loss": 0.6731066107749939,
    "predict_media/newspaper_f1": 0.5219677055951933,
    "predict_media/newspaper_number": 1234,
    "predict_media/newspaper_precision": 0.48635409377186845,
    "predict_media/newspaper_recall": 0.5632090761750406,
    "predict_medical_f1": 0.38040345821325644,
    "predict_medical_number": 397,
    "predict_medical_precision": 0.4444444444444444,
    "predict_medical_recall": 0.33249370277078083,
    "predict_mountain_f1": 0.5548872180451127,
    "predict_mountain_number": 681,
    "predict_mountain_precision": 0.5685670261941448,
    "predict_mountain_recall": 0.5418502202643172,
    "predict_music_f1": 0.6081651806663538,
    "predict_music_number": 1041,
    "predict_music_precision": 0.5944954128440367,
    "predict_music_recall": 0.622478386167147,
    "predict_other_f1": 0.4502015729297469,
    "predict_other_number": 21035,
    "predict_other_precision": 0.4194925691764513,
    "predict_other_recall": 0.4857618255288804,
    "predict_overall_accuracy": 0.8989244930264675,
    "predict_overall_f1": 0.559254183141226,
    "predict_overall_precision": 0.5353576350216148,
    "predict_overall_recall": 0.5853837262106263,
    "predict_painting_f1": 0.06666666666666667,
    "predict_painting_number": 58,
    "predict_painting_precision": 0.09375,
    "predict_painting_recall": 0.05172413793103448,
    "predict_park_f1": 0.40919037199124725,