{
    "predict_GPE_f1": 0.7509888957727684,
    "predict_GPE_number": 20409,
    "predict_GPE_precision": 0.730992253096442,
    "predict_GPE_recall": 0.7721103434759174,
    "predict_actor_f1": 0.6635649898226228,
    "predict_actor_number": 1638,
    "predict_actor_precision": 0.6335369239311494,
    "predict_actor_recall": 0.6965811965811965,
    "predict_airplane_f1": 0.5611077664057796,
    "predict_airplane_number": 794,
    "predict_airplane_precision": 0.5374855824682814,
    "predict_airplane_recall": 0.5869017632241813,
    "predict_airport_f1": 0.6428571428571428,
    "predict_airport_number": 364,
    "predict_airport_precision": 0.5825892857142857,
    "predict_airport_recall": 0.717032967032967,
    "predict_artist/author_f1": 0.5702139719427519,
    "predict_artist/author_number": 3464,
    "predict_artist/author_precision": 0.5599777344837183,
    "predict_artist/author_recall": 0.5808314087759815,
    "predict_astronomything_f1": 0.6516129032258065,
    "predict_astronomything_number": 678,
    "predict_astronomything_precision": 0.5791284403669725,
    "predict_astronomything_recall": 0.7448377581120944,
    "predict_athlete_f1": 0.7811470006591957,
    "predict_athlete_number": 2907,
    "predict_athlete_precision": 0.749762733312243,
    "predict_athlete_recall": 0.8152734778121775,
    "predict_attack/battle/war/militaryconflict_f1": 0.5830164765525983,
    "predict_attack/battle/war/militaryconflict_number": 1099,
    "predict_attack/battle/war/militaryconflict_precision": 0.5441640378548895,
    "predict_attack/battle/war/militaryconflict_recall": 0.6278434940855323,
    "predict_award_f1": 0.44799999999999995,
    "predict_award_number": 941,
    "predict_award_precision": 0.40202702702702703,
    "predict_award_recall": 0.5058448459086079,
    "predict_biologything_f1": 0.5236625514403292,
    "predict_biologything_number": 1875,
    "predict_biologything_precision": 0.505712866368604,
    "predict_biologything_recall": 0.5429333333333334,
    "predict_bodiesofwater_f1": 0.6313173156586577,
    "predict_bodiesofwater_number": 1169,
    "predict_bodiesofwater_precision": 0.6120481927710844,
    "predict_bodiesofwater_recall": 0.6518391787852865,
    "predict_broadcastprogram_f1": 0.4377049180327869,
    "predict_broadcastprogram_number": 605,
    "predict_broadcastprogram_precision": 0.43414634146341463,
    "predict_broadcastprogram_recall": 0.4413223140495868,
    "predict_car_f1": 0.5855072463768117,
    "predict_car_number": 688,
    "predict_car_precision": 0.5838150289017341,
    "predict_car_recall": 0.5872093023255814,
    "predict_chemicalthing_f1": 0.4880227365002031,
    "predict_chemicalthing_number": 1014,
    "predict_chemicalthing_precision": 0.4147688060731539,
    "predict_chemicalthing_recall": 0.5927021696252466,
    "predict_company_f1": 0.5668639053254437,
    "predict_company_number": 3903,
    "predict_company_precision": 0.5267209148889378,
    "predict_company_recall": 0.6136305406097874,
    "predict_currency_f1": 0.6700564971751413,
    "predict_currency_number": 799,
    "predict_currency_precision": 0.6107106076210093,
    "predict_currency_recall": 0.7421777221526908,
    "predict_director_f1": 0.5299145299145298,
    "predict_director_number": 554,
    "predict_director_precision": 0.4376470588235294,
    "predict_director_recall": 0.6714801444043321,
    "predict_disaster_f1": 0.31889081455805895,
    "predict_disaster_number": 207,
    "predict_disaster_precision": 0.24864864864864866,
    "predict_disaster_recall": 0.4444444444444444,
    "predict_disease_f1": 0.5350454788657035,
    "predict_disease_number": 750,
    "predict_disease_precision": 0.44682752457551383,
    "predict_disease_recall": 0.6666666666666666,
    "predict_education_f1": 0.6424050632911393,
    "predict_education_number": 2082,
    "predict_education_precision": 0.6067463706233988,
    "predict_education_recall": 0.6825168107588857,
    "predict_educationaldegree_f1": 0.4147157190635451,
    "predict_educationaldegree_number": 367,
    "predict_educationaldegree_precision": 0.35094339622641507,
    "predict_educationaldegree_recall": 0.5068119891008175,
    "predict_election_f1": 0.14765100671140938,
    "predict_election_number": 184,
    "predict_election_precision": 0.12547528517110265,
    "predict_election_recall": 0.1793478260869565,
    "predict_film_f1": 0.6047073023536511,
    "predict_film_number": 759,
    "predict_film_precision": 0.5579064587973274,
    "predict_film_recall": 0.6600790513833992,
    "predict_food_f1": 0.42031872509960166,
    "predict_food_number": 432,
    "predict_food_precision": 0.3688811188811189,
    "predict_food_recall": 0.48842592592592593,
    "predict_game_f1": 0.5332011892963331,
    "predict_game_number": 496,
    "predict_game_precision": 0.5243664717348928,
    "predict_game_recall": 0.5423387096774194,
    "predict_god_f1": 0.5003909304143862,
    "predict_god_number": 635,
    "predict_god_precision": 0.4968944099378882,
    "predict_god_recall": 0.5039370078740157,
    "predict_government/governmentagency_f1": 0.3013126491646778,
    "predict_government/governmentagency_number": 1535,
    "predict_government/governmentagency_precision": 0.2779306549257017,
    "predict_government/governmentagency_recall": 0.3289902280130293,
    "predict_hospital_f1": 0.5292553191489362,
    "predict_hospital_number": 364,
    "predict_hospital_precision": 0.5128865979381443,
    "predict_hospital_recall": 0.5467032967032966,
    "predict_hotel_f1": 0.5357737104825292,
    "predict_hotel_number": 265,
    "predict_hotel_precision": 0.4791666666666667,
    "predict_hotel_recall": 0.6075471698113207,
    "predict_island_f1": 0.5055131467345207,
    "predict_island_number": 646,
    "predict_island_precision": 0.5590994371482176,
    "predict_island_recall": 0.4613003095975232,
    "predict_language_f1": 0.6612053832650673,
    "predict_language_number": 753,
    "predict_language_precision": 0.5910041841004184,
    "predict_language_recall": 0.750332005312085,
    "predict_law_f1": 0.4206708975521305,
    "predict_law_number": 488,
    "predict_law_precision": 0.3772357723577236,
    "predict_law_recall": 0.47540983606557374,
    "predict_library_f1": 0.5710560625814863,
    "predict_library_number": 357,
    "predict_library_precision": 0.5341463414634147,
    "predict_library_recall": 0.6134453781512605,
    "predict_livingthing_f1": 0.49119466920514043,
    "predict_livingthing_number": 865,
    "predict_livingthing_precision": 0.4174757281553398,
    "predict_livingthing_recall": 0.5965317919075145,
    "predict_loss": 0.50717693567276,
    "predict_media/newspaper_f1": 0.5172656800563777,
    "predict_media/newspaper_number": 1234,
    "predict_media/newspaper_precision": 0.45760598503740646,
    "predict_media/newspaper_recall": 0.5948136142625607,
    "predict_medical_f1": 0.3015647226173542,
    "predict_medical_number": 397,
    "predict_medical_precision": 0.3464052287581699,
    "predict_medical_recall": 0.26700251889168763,
    "predict_mountain_f1": 0.5459459459459459,
    "predict_mountain_number": 681,
    "predict_mountain_precision": 0.5056320400500626,
    "predict_mountain_recall": 0.593245227606461,
    "predict_music_f1": 0.6162517613903241,
    "predict_music_number": 1041,
    "predict_music_precision": 0.6029411764705882,
    "predict_music_recall": 0.6301633045148896,
    "predict_other_f1": 0.45506550218340613,
    "predict_other_number": 21035,
    "predict_other_precision": 0.42079547748839086,
    "predict_other_recall": 0.49541240789160923,
    "predict_overall_accuracy": 0.9020318026956075,
    "predict_overall_f1": 0.5650422953157216,
    "predict_overall_precision": 0.5298113752981137,
    "predict_overall_recall": 0.6052924906080998,
    "predict_painting_f1": 0.14893617021276595,
    "predict_painting_number": 58,
    "predict_painting_precision": 0.19444444444444445,
    "predict_painting_recall": 0.1206896551724138,