{
    "predict_GPE_f1": 0.752666714180505,
    "predict_GPE_number": 20409,
    "predict_GPE_precision": 0.7305386460062719,
    "predict_GPE_recall": 0.7761771767357538,
    "predict_actor_f1": 0.6509488211615871,
    "predict_actor_number": 1638,
    "predict_actor_precision": 0.6152173913043478,
    "predict_actor_recall": 0.6910866910866911,
    "predict_airplane_f1": 0.5398126463700234,
    "predict_airplane_number": 794,
    "predict_airplane_precision": 0.5043763676148797,
    "predict_airplane_recall": 0.5806045340050378,
    "predict_airport_f1": 0.6177715091678421,
    "predict_airport_number": 364,
    "predict_airport_precision": 0.6347826086956522,
    "predict_airport_recall": 0.6016483516483516,
    "predict_artist/author_f1": 0.5766177855509216,
    "predict_artist/author_number": 3464,
    "predict_artist/author_precision": 0.5399344923154447,
    "predict_artist/author_recall": 0.61864896073903,
    "predict_astronomything_f1": 0.6129032258064516,
    "predict_astronomything_number": 678,
    "predict_astronomything_precision": 0.60932944606414,
    "predict_astronomything_recall": 0.616519174041298,
    "predict_athlete_f1": 0.7700389764446705,
    "predict_athlete_number": 2907,
    "predict_athlete_precision": 0.7588510354041417,
    "predict_athlete_recall": 0.7815617475060199,
    "predict_attack/battle/war/militaryconflict_f1": 0.6072026800670016,
    "predict_attack/battle/war/militaryconflict_number": 1099,
    "predict_attack/battle/war/militaryconflict_precision": 0.5624515128006207,
    "predict_attack/battle/war/militaryconflict_recall": 0.6596906278434941,
    "predict_award_f1": 0.46360917248255235,
    "predict_award_number": 941,
    "predict_award_precision": 0.43661971830985913,
    "predict_award_recall": 0.49415515409139216,
    "predict_biologything_f1": 0.5174678224323614,
    "predict_biologything_number": 1875,
    "predict_biologything_precision": 0.5098343685300207,
    "predict_biologything_recall": 0.5253333333333333,
    "predict_bodiesofwater_f1": 0.5837929571489181,
    "predict_bodiesofwater_number": 1169,
    "predict_bodiesofwater_precision": 0.5791245791245792,
    "predict_bodiesofwater_recall": 0.5885372112917023,
    "predict_broadcastprogram_f1": 0.433489827856025,
    "predict_broadcastprogram_number": 605,
    "predict_broadcastprogram_precision": 0.4115898959881129,
    "predict_broadcastprogram_recall": 0.4578512396694215,
    "predict_car_f1": 0.5912457912457914,
    "predict_car_number": 688,
    "predict_car_precision": 0.5508155583437893,
    "predict_car_recall": 0.6380813953488372,
    "predict_chemicalthing_f1": 0.46926476496584973,
    "predict_chemicalthing_number": 1014,
    "predict_chemicalthing_precision": 0.3959322033898305,
    "predict_chemicalthing_recall": 0.5759368836291914,
    "predict_company_f1": 0.5549504950495049,
    "predict_company_number": 3903,
    "predict_company_precision": 0.5367488628202058,
    "predict_company_recall": 0.5744299256981809,
    "predict_currency_f1": 0.6469893742621016,
    "predict_currency_number": 799,
    "predict_currency_precision": 0.6122905027932961,
    "predict_currency_recall": 0.685857321652065,
    "predict_director_f1": 0.48350071736011474,
    "predict_director_number": 554,
    "predict_director_precision": 0.4011904761904762,
    "predict_director_recall": 0.6083032490974729,
    "predict_disaster_f1": 0.3782608695652174,
    "predict_disaster_number": 207,
    "predict_disaster_precision": 0.3438735177865613,
    "predict_disaster_recall": 0.42028985507246375,
    "predict_disease_f1": 0.5299244625217897,
    "predict_disease_number": 750,
    "predict_disease_precision": 0.46961894953656025,
    "predict_disease_recall": 0.608,
    "predict_education_f1": 0.6325354609929077,
    "predict_education_number": 2082,
    "predict_education_precision": 0.5872427983539095,
    "predict_education_recall": 0.6853986551392891,
    "predict_educationaldegree_f1": 0.4385964912280702,
    "predict_educationaldegree_number": 367,
    "predict_educationaldegree_precision": 0.3669724770642202,
    "predict_educationaldegree_recall": 0.5449591280653951,
    "predict_election_f1": 0.09569377990430622,
    "predict_election_number": 184,
    "predict_election_precision": 0.08547008547008547,
    "predict_election_recall": 0.10869565217391304,
    "predict_film_f1": 0.5418282548476454,
    "predict_film_number": 759,
    "predict_film_precision": 0.46749521988527726,
    "predict_film_recall": 0.6442687747035574,
    "predict_food_f1": 0.3770197486535009,
    "predict_food_number": 432,
    "predict_food_precision": 0.30791788856304986,
    "predict_food_recall": 0.4861111111111111,
    "predict_game_f1": 0.5212464589235127,
    "predict_game_number": 496,
    "predict_game_precision": 0.49023090586145646,
    "predict_game_recall": 0.5564516129032258,
    "predict_god_f1": 0.5343511450381679,
    "predict_god_number": 635,
    "predict_god_precision": 0.5185185185185185,
    "predict_god_recall": 0.5511811023622047,
    "predict_government/governmentagency_f1": 0.3121951219512195,
    "predict_government/governmentagency_number": 1535,
    "predict_government/governmentagency_precision": 0.27897435897435896,
    "predict_government/governmentagency_recall": 0.3543973941368078,
    "predict_hospital_f1": 0.5925925925925926,
    "predict_hospital_number": 364,
    "predict_hospital_precision": 0.5536992840095465,
    "predict_hospital_recall": 0.6373626373626373,
    "predict_hotel_f1": 0.5176470588235293,
    "predict_hotel_number": 265,
    "predict_hotel_precision": 0.4666666666666667,
    "predict_hotel_recall": 0.5811320754716981,
    "predict_island_f1": 0.525765496639283,
    "predict_island_number": 646,
    "predict_island_precision": 0.5079365079365079,
    "predict_island_recall": 0.544891640866873,
    "predict_language_f1": 0.6151121605667061,
    "predict_language_number": 753,
    "predict_language_precision": 0.5536663124335813,
    "predict_language_recall": 0.6918990703851262,
    "predict_law_f1": 0.458700882117081,
    "predict_law_number": 488,
    "predict_law_precision": 0.37681159420289856,
    "predict_law_recall": 0.5860655737704918,
    "predict_library_f1": 0.5355064027939466,
    "predict_library_number": 357,
    "predict_library_precision": 0.4581673306772908,
    "predict_library_recall": 0.6442577030812325,
    "predict_livingthing_f1": 0.5219692959237693,
    "predict_livingthing_number": 865,
    "predict_livingthing_precision": 0.4814453125,
    "predict_livingthing_recall": 0.5699421965317919,
    "predict_loss": 0.5141897201538086,
    "predict_media/newspaper_f1": 0.5460699511094396,
    "predict_media/newspaper_number": 1234,
    "predict_media/newspaper_precision": 0.5094736842105263,
    "predict_media/newspaper_recall": 0.5883306320907618,
    "predict_medical_f1": 0.35883171070931846,
    "predict_medical_number": 397,
    "predict_medical_precision": 0.40062111801242234,
    "predict_medical_recall": 0.3249370277078086,
    "predict_mountain_f1": 0.5724797645327446,
    "predict_mountain_number": 681,
    "predict_mountain_precision": 0.5737463126843658,
    "predict_mountain_recall": 0.5712187958883994,
    "predict_music_f1": 0.5974282888229476,
    "predict_music_number": 1041,
    "predict_music_precision": 0.6156982670744139,
    "predict_music_recall": 0.5802113352545629,
    "predict_other_f1": 0.448199757659685,
    "predict_other_number": 21035,
    "predict_other_precision": 0.41130217227274535,
    "predict_other_recall": 0.49236985975754693,
    "predict_overall_accuracy": 0.9005910619789936,
    "predict_overall_f1": 0.5594442651302383,
    "predict_overall_precision": 0.5245778713331948,
    "predict_overall_recall": 0.5992754819799364,
    "predict_painting_f1": 0.0,
    "predict_painting_number": 58,
    "predict_painting_precision": 0.0,
    "predict_painting_recall": 0.0,
    "predict_park_f1": 0.42805100182149364,
    "predict_park_number": 458,