{
    "predict_GPE_f1": 0.7555199472158729,
    "predict_GPE_number": 20409,
    "predict_GPE_precision": 0.7277555838024332,
    "predict_GPE_recall": 0.7854867950414033,
    "predict_actor_f1": 0.6098915630785507,
    "predict_actor_number": 1638,
    "predict_actor_precision": 0.5380307979468035,
    "predict_actor_recall": 0.703907203907204,
    "predict_airplane_f1": 0.5171411969785009,
    "predict_airplane_number": 794,
    "predict_airplane_precision": 0.48004314994606256,
    "predict_airplane_recall": 0.5604534005037783,
    "predict_airport_f1": 0.684782608695652,
    "predict_airport_number": 364,
    "predict_airport_precision": 0.6774193548387096,
    "predict_airport_recall": 0.6923076923076923,
    "predict_artist/author_f1": 0.47524752475247517,
    "predict_artist/author_number": 3464,
    "predict_artist/author_precision": 0.4724679029957204,
    "predict_artist/author_recall": 0.4780600461893764,
    "predict_astronomything_f1": 0.5278514588859416,
    "predict_astronomything_number": 678,
    "predict_astronomything_precision": 0.4795180722891566,
    "predict_astronomything_recall": 0.5870206489675516,
    "predict_athlete_f1": 0.7312381933711145,
    "predict_athlete_number": 2907,
    "predict_athlete_precision": 0.7301097393689986,
    "predict_athlete_recall": 0.7323701410388717,
    "predict_attack/battle/war/militaryconflict_f1": 0.615838247683235,
    "predict_attack/battle/war/militaryconflict_number": 1099,
    "predict_attack/battle/war/militaryconflict_precision": 0.5733333333333334,
    "predict_attack/battle/war/militaryconflict_recall": 0.6651501364877161,
    "predict_award_f1": 0.42221158449018675,
    "predict_award_number": 941,
    "predict_award_precision": 0.38414634146341464,
    "predict_award_recall": 0.46865037194473963,
    "predict_biologything_f1": 0.5186156266386995,
    "predict_biologything_number": 1875,
    "predict_biologything_precision": 0.5100567302733368,
    "predict_biologything_recall": 0.5274666666666666,
    "predict_bodiesofwater_f1": 0.6042918454935622,
    "predict_bodiesofwater_number": 1169,
    "predict_bodiesofwater_precision": 0.6063738156761412,
    "predict_bodiesofwater_recall": 0.602224123182207,
    "predict_broadcastprogram_f1": 0.40694006309148273,
    "predict_broadcastprogram_number": 605,
    "predict_broadcastprogram_precision": 0.3891402714932127,
    "predict_broadcastprogram_recall": 0.42644628099173554,
    "predict_car_f1": 0.5691756272401434,
    "predict_car_number": 688,
    "predict_car_precision": 0.5615275813295615,
    "predict_car_recall": 0.5770348837209303,
    "predict_chemicalthing_f1": 0.48706512042818906,
    "predict_chemicalthing_number": 1014,
    "predict_chemicalthing_precision": 0.44462540716612375,
    "predict_chemicalthing_recall": 0.5384615384615384,
    "predict_company_f1": 0.5628503799676093,
    "predict_company_number": 3903,
    "predict_company_precision": 0.5477691561590688,
    "predict_company_recall": 0.5787855495772483,
    "predict_currency_f1": 0.6263672999424293,
    "predict_currency_number": 799,
    "predict_currency_precision": 0.579957356076759,
    "predict_currency_recall": 0.6808510638297872,
    "predict_director_f1": 0.37700760777683856,
    "predict_director_number": 554,
    "predict_director_precision": 0.35453100158982515,
    "predict_director_recall": 0.40252707581227437,
    "predict_disaster_f1": 0.2745098039215686,
    "predict_disaster_number": 207,
    "predict_disaster_precision": 0.42424242424242425,
    "predict_disaster_recall": 0.2028985507246377,
    "predict_disease_f1": 0.4647809206877426,
    "predict_disease_number": 750,
    "predict_disease_precision": 0.39791073124406456,
    "predict_disease_recall": 0.5586666666666666,
    "predict_education_f1": 0.6418604651162791,
    "predict_education_number": 2082,
    "predict_education_precision": 0.5955610357583231,
    "predict_education_recall": 0.6959654178674352,
    "predict_educationaldegree_f1": 0.40170940170940167,
    "predict_educationaldegree_number": 367,
    "predict_educationaldegree_precision": 0.3304042179261863,
    "predict_educationaldegree_recall": 0.5122615803814714,
    "predict_election_f1": 0.13008130081300812,
    "predict_election_number": 184,
    "predict_election_precision": 0.12972972972972974,
    "predict_election_recall": 0.13043478260869565,
    "predict_film_f1": 0.5134362492853058,
    "predict_film_number": 759,
    "predict_film_precision": 0.4535353535353535,
    "predict_film_recall": 0.5915678524374176,
    "predict_food_f1": 0.35766423357664234,
    "predict_food_number": 432,
    "predict_food_precision": 0.29518072289156627,
    "predict_food_recall": 0.4537037037037037,
    "predict_game_f1": 0.5031446540880503,
    "predict_game_number": 496,
    "predict_game_precision": 0.5240174672489083,
    "predict_game_recall": 0.4838709677419355,
    "predict_god_f1": 0.4620630861040068,
    "predict_god_number": 635,
    "predict_god_precision": 0.5037174721189591,
    "predict_god_recall": 0.4267716535433071,
    "predict_government/governmentagency_f1": 0.27654867256637167,
    "predict_government/governmentagency_number": 1535,
    "predict_government/governmentagency_precision": 0.24026910139356078,
    "predict_government/governmentagency_recall": 0.3257328990228013,
    "predict_hospital_f1": 0.5540704738760632,
    "predict_hospital_number": 364,
    "predict_hospital_precision": 0.49673202614379086,
    "predict_hospital_recall": 0.6263736263736264,
    "predict_hotel_f1": 0.4808743169398907,
    "predict_hotel_number": 265,
    "predict_hotel_precision": 0.4647887323943662,
    "predict_hotel_recall": 0.4981132075471698,
    "predict_island_f1": 0.47573587907716786,
    "predict_island_number": 646,
    "predict_island_precision": 0.48936170212765956,
    "predict_island_recall": 0.4628482972136223,
    "predict_language_f1": 0.5817794352690463,
    "predict_language_number": 753,
    "predict_language_precision": 0.48576512455516013,
    "predict_language_recall": 0.7250996015936255,
    "predict_law_f1": 0.37703513281919454,
    "predict_law_number": 488,
    "predict_law_precision": 0.3240058910162003,
    "predict_law_recall": 0.45081967213114754,
    "predict_library_f1": 0.55198973042362,
    "predict_library_number": 357,
    "predict_library_precision": 0.509478672985782,
    "predict_library_recall": 0.6022408963585434,
    "predict_livingthing_f1": 0.4977645305514159,
    "predict_livingthing_number": 865,
    "predict_livingthing_precision": 0.436411149825784,
    "predict_livingthing_recall": 0.5791907514450867,
    "predict_loss": 0.5123345255851746,
    "predict_media/newspaper_f1": 0.5390516039051604,
    "predict_media/newspaper_number": 1234,
    "predict_media/newspaper_precision": 0.4730722154222766,
    "predict_media/newspaper_recall": 0.626418152350081,
    "predict_medical_f1": 0.39004149377593367,
    "predict_medical_number": 397,
    "predict_medical_precision": 0.4325153374233129,
    "predict_medical_recall": 0.35516372795969775,
    "predict_mountain_f1": 0.5272496831432193,
    "predict_mountain_number": 681,
    "predict_mountain_precision": 0.463768115942029,
    "predict_mountain_recall": 0.6108663729809104,
    "predict_music_f1": 0.542761586239847,
    "predict_music_number": 1041,
    "predict_music_precision": 0.5399239543726235,
    "predict_music_recall": 0.5456292026897214,
    "predict_other_f1": 0.42567858681602755,
    "predict_other_number": 21035,
    "predict_other_precision": 0.38920622414811895,
    "predict_other_recall": 0.46969336819586405,
    "predict_overall_accuracy": 0.8960820972494555,
    "predict_overall_f1": 0.5415732499398604,
    "predict_overall_precision": 0.5072459849672849,
    "predict_overall_recall": 0.5808838707013995,
    "predict_painting_f1": 0.0,
    "predict_painting_number": 58,
    "predict_painting_precision": 0.0,
    "predict_painting_recall": 0.0,
    "predict_park_f1": 0.4278704612365064,
    "predict_park_number": 458,