{
    "predict_GPE_f1": 0.7780691299165672,
    "predict_GPE_number": 20409,
    "predict_GPE_precision": 0.7576249941971125,
    "predict_GPE_recall": 0.799647214464207,
    "predict_actor_f1": 0.7354838709677418,
    "predict_actor_number": 1638,
    "predict_actor_precision": 0.7402597402597403,
    "predict_actor_recall": 0.7307692307692307,
    "predict_airplane_f1": 0.5652435357787132,
    "predict_airplane_number": 794,
    "predict_airplane_precision": 0.5408515535097813,
    "predict_airplane_recall": 0.5919395465994962,
    "predict_airport_f1": 0.7463863337713534,
    "predict_airport_number": 364,
    "predict_airport_precision": 0.7153652392947103,
    "predict_airport_recall": 0.7802197802197802,
    "predict_artist/author_f1": 0.6117939511117249,
    "predict_artist/author_number": 3464,
    "predict_artist/author_precision": 0.5864442679375166,
    "predict_artist/author_recall": 0.6394341801385681,
    "predict_astronomything_f1": 0.6477900552486188,
    "predict_astronomything_number": 678,
    "predict_astronomything_precision": 0.6090909090909091,
    "predict_astronomything_recall": 0.6917404129793511,
    "predict_athlete_f1": 0.7770411723656665,
    "predict_athlete_number": 2907,
    "predict_athlete_precision": 0.7883185840707965,
    "predict_athlete_recall": 0.7660818713450293,
    "predict_attack/battle/war/militaryconflict_f1": 0.6546888694127958,
    "predict_attack/battle/war/militaryconflict_number": 1099,
    "predict_attack/battle/war/militaryconflict_precision": 0.6314454775993238,
    "predict_attack/battle/war/militaryconflict_recall": 0.6797088262056415,
    "predict_award_f1": 0.5012431626056688,
    "predict_award_number": 941,
    "predict_award_precision": 0.47102803738317756,
    "predict_award_recall": 0.5356004250797024,
    "predict_biologything_f1": 0.5496300076550141,
    "predict_biologything_number": 1875,
    "predict_biologything_precision": 0.526908023483366,
    "predict_biologything_recall": 0.5744,
    "predict_bodiesofwater_f1": 0.645268862025844,
    "predict_bodiesofwater_number": 1169,
    "predict_bodiesofwater_precision": 0.6292682926829268,
    "predict_bodiesofwater_recall": 0.6621043627031651,
    "predict_broadcastprogram_f1": 0.4628616106333073,
    "predict_broadcastprogram_number": 605,
    "predict_broadcastprogram_precision": 0.4391691394658754,
    "predict_broadcastprogram_recall": 0.48925619834710743,
    "predict_car_f1": 0.6054131054131054,
    "predict_car_number": 688,
    "predict_car_precision": 0.5935754189944135,
    "predict_car_recall": 0.6177325581395349,
    "predict_chemicalthing_f1": 0.48330241187384043,
    "predict_chemicalthing_number": 1014,
    "predict_chemicalthing_precision": 0.45621716287215414,
    "predict_chemicalthing_recall": 0.5138067061143984,
    "predict_company_f1": 0.5790277424280987,
    "predict_company_number": 3903,
    "predict_company_precision": 0.5752212389380531,
    "predict_company_recall": 0.5828849602869588,
    "predict_currency_f1": 0.6701631701631703,
    "predict_currency_number": 799,
    "predict_currency_precision": 0.6270447110141767,
    "predict_currency_recall": 0.7196495619524406,
    "predict_director_f1": 0.6253418413855972,
    "predict_director_number": 554,
    "predict_director_precision": 0.6316758747697975,
    "predict_director_recall": 0.6191335740072202,
    "predict_disaster_f1": 0.40979955456570155,
    "predict_disaster_number": 207,
    "predict_disaster_precision": 0.38016528925619836,
    "predict_disaster_recall": 0.4444444444444444,
    "predict_disease_f1": 0.5467625899280575,
    "predict_disease_number": 750,
    "predict_disease_precision": 0.49673202614379086,
    "predict_disease_recall": 0.608,
    "predict_education_f1": 0.702715247157113,
    "predict_education_number": 2082,
    "predict_education_precision": 0.6798383475527615,
    "predict_education_recall": 0.7271853986551393,
    "predict_educationaldegree_f1": 0.4865525672371638,
    "predict_educationaldegree_number": 367,
    "predict_educationaldegree_precision": 0.44124168514412415,
    "predict_educationaldegree_recall": 0.5422343324250681,
    "predict_election_f1": 0.20485175202156336,
    "predict_election_number": 184,
    "predict_election_precision": 0.20320855614973263,
    "predict_election_recall": 0.20652173913043478,
    "predict_film_f1": 0.6234413965087282,
    "predict_film_number": 759,
    "predict_film_precision": 0.591715976331361,
    "predict_film_recall": 0.6587615283267457,
    "predict_food_f1": 0.3937360178970917,
    "predict_food_number": 432,
    "predict_food_precision": 0.38095238095238093,
    "predict_food_recall": 0.4074074074074074,
    "predict_game_f1": 0.5823293172690763,
    "predict_game_number": 496,
    "predict_game_precision": 0.58,
    "predict_game_recall": 0.5846774193548387,
    "predict_god_f1": 0.606492478226445,
    "predict_god_number": 635,
    "predict_god_precision": 0.6098726114649682,
    "predict_god_recall": 0.6031496062992125,
    "predict_government/governmentagency_f1": 0.35642946317103613,
    "predict_government/governmentagency_number": 1535,
    "predict_government/governmentagency_precision": 0.3421210305572199,
    "predict_government/governmentagency_recall": 0.3719869706840391,
    "predict_hospital_f1": 0.6115288220551378,
    "predict_hospital_number": 364,
    "predict_hospital_precision": 0.5622119815668203,
    "predict_hospital_recall": 0.6703296703296703,
    "predict_hotel_f1": 0.5913978494623656,
    "predict_hotel_number": 265,
    "predict_hotel_precision": 0.5631399317406144,
    "predict_hotel_recall": 0.6226415094339622,
    "predict_island_f1": 0.5787432117920868,
    "predict_island_number": 646,
    "predict_island_precision": 0.5800933125972006,
    "predict_island_recall": 0.5773993808049536,
    "predict_language_f1": 0.6148491879350348,
    "predict_language_number": 753,
    "predict_language_precision": 0.5458290422245108,
    "predict_language_recall": 0.703851261620186,
    "predict_law_f1": 0.4944029850746269,
    "predict_law_number": 488,
    "predict_law_precision": 0.4537671232876712,
    "predict_law_recall": 0.5430327868852459,
    "predict_library_f1": 0.6364812419146183,
    "predict_library_number": 357,
    "predict_library_precision": 0.5913461538461539,
    "predict_library_recall": 0.6890756302521008,
    "predict_livingthing_f1": 0.5116044399596367,
    "predict_livingthing_number": 865,
    "predict_livingthing_precision": 0.4538943598925694,
    "predict_livingthing_recall": 0.5861271676300578,
    "predict_loss": 0.5397539138793945,
    "predict_media/newspaper_f1": 0.5500593589236249,
    "predict_media/newspaper_number": 1234,
    "predict_media/newspaper_precision": 0.5375096674400619,
    "predict_media/newspaper_recall": 0.5632090761750406,
    "predict_medical_f1": 0.40881272949816405,
    "predict_medical_number": 397,
    "predict_medical_precision": 0.3976190476190476,
    "predict_medical_recall": 0.42065491183879095,
    "predict_mountain_f1": 0.6325648414985591,
    "predict_mountain_number": 681,
    "predict_mountain_precision": 0.620933521923621,
    "predict_mountain_recall": 0.644640234948605,
    "predict_music_f1": 0.6663524976437323,
    "predict_music_number": 1041,
    "predict_music_precision": 0.6540240518038853,
    "predict_music_recall": 0.6791546589817483,
    "predict_other_f1": 0.4948517940717629,
    "predict_other_number": 21035,
    "predict_other_precision": 0.4657856093979442,
    "predict_other_recall": 0.5277870216306156,
    "predict_overall_accuracy": 0.9092572205321295,
    "predict_overall_f1": 0.6020591001336436,
    "predict_overall_precision": 0.5784492761893892,
    "predict_overall_recall": 0.6276782396895513,
    "predict_painting_f1": 0.366412213740458,
    "predict_painting_number": 58,
    "predict_painting_precision": 0.3287671232876712,
    "predict_painting_recall": 0.41379310344827586,
    "predict_park_f1": 0.520811099252935,
    "predict_park_number": 458,