{
    "predict_accuracy": 0.9235375993155668,
    "predict_f1": 0.6628173541518665,
    "predict_loss": 0.3388258218765259,
    "predict_precision": 0.6475070138307821,
    "predict_recall": 0.678869256491764,
    "predict_runtime": 168.5834,
    "predict_samples_per_second": 223.314,
    "predict_steps_per_second": 6.982
}