{
    "predict_GPE_f1": 0.7508191535037173,
    "predict_GPE_number": 20409,
    "predict_GPE_precision": 0.6967371246435162,
    "predict_GPE_recall": 0.8140036258513401,
    "predict_actor_f1": 0.6497890295358649,
    "predict_actor_number": 1638,
    "predict_actor_precision": 0.6025039123630673,
    "predict_actor_recall": 0.7051282051282052,
    "predict_airplane_f1": 0.4951703101169293,
    "predict_airplane_number": 794,
    "predict_airplane_precision": 0.4151747655583973,
    "predict_airplane_recall": 0.6133501259445844,
    "predict_airport_f1": 0.0963855421686747,
    "predict_airport_number": 364,
    "predict_airport_precision": 0.1791044776119403,
    "predict_airport_recall": 0.06593406593406594,
    "predict_artist/author_f1": 0.5302601809954751,
    "predict_artist/author_number": 3464,
    "predict_artist/author_precision": 0.5196784922394678,
    "predict_artist/author_recall": 0.5412817551963048,
    "predict_astronomything_f1": 0.5534290271132377,
    "predict_astronomything_number": 678,
    "predict_astronomything_precision": 0.6024305555555556,
    "predict_astronomything_recall": 0.5117994100294986,
    "predict_athlete_f1": 0.7836938435940101,
    "predict_athlete_number": 2907,
    "predict_athlete_precision": 0.7589429584273284,
    "predict_athlete_recall": 0.8101135190918473,
    "predict_attack/battle/war/militaryconflict_f1": 0.5046728971962616,
    "predict_attack/battle/war/militaryconflict_number": 1099,
    "predict_attack/battle/war/militaryconflict_precision": 0.4072625698324022,
    "predict_attack/battle/war/militaryconflict_recall": 0.6633303002729755,
    "predict_award_f1": 0.35182795698924735,
    "predict_award_number": 941,
    "predict_award_precision": 0.29552023121387283,
    "predict_award_recall": 0.434643995749203,
    "predict_biologything_f1": 0.4633548674537759,
    "predict_biologything_number": 1875,
    "predict_biologything_precision": 0.3978576893649579,
    "predict_biologything_recall": 0.5546666666666666,
    "predict_bodiesofwater_f1": 0.5456389452332657,
    "predict_bodiesofwater_number": 1169,
    "predict_bodiesofwater_precision": 0.4510899944102851,
    "predict_bodiesofwater_recall": 0.6903336184773311,
    "predict_broadcastprogram_f1": 0.2347729789590255,
    "predict_broadcastprogram_number": 605,
    "predict_broadcastprogram_precision": 0.35570469798657717,
    "predict_broadcastprogram_recall": 0.17520661157024794,
    "predict_car_f1": 0.577831617201696,
    "predict_car_number": 688,
    "predict_car_precision": 0.4953271028037383,
    "predict_car_recall": 0.6933139534883721,
    "predict_chemicalthing_f1": 0.0,
    "predict_chemicalthing_number": 1014,
    "predict_chemicalthing_precision": 0.0,
    "predict_chemicalthing_recall": 0.0,
    "predict_company_f1": 0.5621586191828709,
    "predict_company_number": 3903,
    "predict_company_precision": 0.4900019043991621,
    "predict_company_recall": 0.6592364847553164,
    "predict_currency_f1": 0.6312178387650086,
    "predict_currency_number": 799,
    "predict_currency_precision": 0.5810526315789474,
    "predict_currency_recall": 0.690863579474343,
    "predict_director_f1": 0.1220657276995305,
    "predict_director_number": 554,
    "predict_director_precision": 0.4588235294117647,
    "predict_director_recall": 0.0703971119133574,
    "predict_disaster_f1": 0.0,
    "predict_disaster_number": 207,
    "predict_disaster_precision": 0.0,
    "predict_disaster_recall": 0.0,
    "predict_disease_f1": 0.17536945812807883,
    "predict_disease_number": 750,
    "predict_disease_precision": 0.33584905660377357,
    "predict_disease_recall": 0.11866666666666667,
    "predict_education_f1": 0.6040682145058557,
    "predict_education_number": 2082,
    "predict_education_precision": 0.5278276481149012,
    "predict_education_recall": 0.7060518731988472,
    "predict_educationaldegree_f1": 0.40621531631520535,
    "predict_educationaldegree_number": 367,
    "predict_educationaldegree_precision": 0.34269662921348315,
    "predict_educationaldegree_recall": 0.4986376021798365,
    "predict_election_f1": 0.0,
    "predict_election_number": 184,
    "predict_election_precision": 0.0,
    "predict_election_recall": 0.0,
    "predict_film_f1": 0.4009756097560976,
    "predict_film_number": 759,
    "predict_film_precision": 0.31835786212238576,
    "predict_film_recall": 0.541501976284585,
    "predict_food_f1": 0.2966101694915254,
    "predict_food_number": 432,
    "predict_food_precision": 0.3804347826086957,
    "predict_food_recall": 0.24305555555555555,
    "predict_game_f1": 0.0,
    "predict_game_number": 496,
    "predict_game_precision": 0.0,
    "predict_game_recall": 0.0,
    "predict_god_f1": 0.09239940387481371,
    "predict_god_number": 635,
    "predict_god_precision": 0.8611111111111112,
    "predict_god_recall": 0.048818897637795275,
    "predict_government/governmentagency_f1": 0.26748251748251745,
    "predict_government/governmentagency_number": 1535,
    "predict_government/governmentagency_precision": 0.24196099103848182,
    "predict_government/governmentagency_recall": 0.2990228013029316,
    "predict_hospital_f1": 0.0,
    "predict_hospital_number": 364,
    "predict_hospital_precision": 0.0,
    "predict_hospital_recall": 0.0,
    "predict_hotel_f1": 0.06228373702422146,
    "predict_hotel_number": 265,
    "predict_hotel_precision": 0.375,
    "predict_hotel_recall": 0.033962264150943396,
    "predict_island_f1": 0.4241948153967008,
    "predict_island_number": 646,
    "predict_island_precision": 0.430622009569378,
    "predict_island_recall": 0.4179566563467492,
    "predict_language_f1": 0.5800970873786407,
    "predict_language_number": 753,
    "predict_language_precision": 0.5340782122905028,
    "predict_language_recall": 0.6347941567065073,
    "predict_law_f1": 0.29956709956709954,
    "predict_law_number": 488,
    "predict_law_precision": 0.2593703148425787,
    "predict_law_recall": 0.35450819672131145,
    "predict_library_f1": 0.014150943396226415,
    "predict_library_number": 357,
    "predict_library_precision": 0.04477611940298507,
    "predict_library_recall": 0.008403361344537815,
    "predict_livingthing_f1": 0.46005509641873277,
    "predict_livingthing_number": 865,
    "predict_livingthing_precision": 0.38156892612338156,
    "predict_livingthing_recall": 0.5791907514450867,
    "predict_loss": 0.4412546455860138,
    "predict_media/newspaper_f1": 0.5068119891008175,
    "predict_media/newspaper_number": 1234,
    "predict_media/newspaper_precision": 0.48764044943820223,
    "predict_media/newspaper_recall": 0.5275526742301458,
    "predict_medical_f1": 0.21653333333333336,
    "predict_medical_number": 397,
    "predict_medical_precision": 0.13734776725304465,
    "predict_medical_recall": 0.5113350125944585,
    "predict_mountain_f1": 0.25675675675675674,
    "predict_mountain_number": 681,
    "predict_mountain_precision": 0.5507246376811594,
    "predict_mountain_recall": 0.16740088105726872,
    "predict_music_f1": 0.5266187050359712,
    "predict_music_number": 1041,
    "predict_music_precision": 0.5258620689655172,
    "predict_music_recall": 0.5273775216138329,
    "predict_other_f1": 0.4320864864864865,
    "predict_other_number": 21035,
    "predict_other_precision": 0.3962720602815784,
    "predict_other_recall": 0.475017827430473,
    "predict_overall_accuracy": 0.8909597048598671,
    "predict_overall_f1": 0.5272189977691721,
    "predict_overall_precision": 0.49537230277843314,
    "predict_overall_recall": 0.5634417702183875,
    "predict_painting_f1": 0.0,
    "predict_painting_number": 58,
    "predict_painting_precision": 0.0,
    "predict_painting_recall": 0.0,
    "predict_park_f1": 0.0,
    "predict_park_number": 458,
    "predict_park_precision": 0.0,
    "predict_park_recall": 0.0,
    "predict_politicalparty_f1": 0.5787941787941787,
    "predict_politicalparty_number": 1057,
    "predict_politicalparty_precision": 0.516320474777448,