{
    "predict_GPE_f1": 0.7474957967273673,
    "predict_GPE_number": 20409,
    "predict_GPE_precision": 0.723327222731439,
    "predict_GPE_recall": 0.7733352932529767,
    "predict_actor_f1": 0.6679753224901851,
    "predict_actor_number": 1638,
    "predict_actor_precision": 0.6177385892116183,
    "predict_actor_recall": 0.7271062271062271,
    "predict_airplane_f1": 0.5,
    "predict_airplane_number": 794,
    "predict_airplane_precision": 0.4710467706013363,
    "predict_airplane_recall": 0.5327455919395466,
    "predict_airport_f1": 0.6118836915297091,
    "predict_airport_number": 364,
    "predict_airport_precision": 0.5667447306791569,
    "predict_airport_recall": 0.6648351648351648,
    "predict_artist/author_f1": 0.5595287025619947,
    "predict_artist/author_number": 3464,
    "predict_artist/author_precision": 0.532464146023468,
    "predict_artist/author_recall": 0.5894919168591224,
    "predict_astronomything_f1": 0.5691294806144843,
    "predict_astronomything_number": 678,
    "predict_astronomything_precision": 0.5645863570391872,
    "predict_astronomything_recall": 0.5737463126843658,
    "predict_athlete_f1": 0.7734453781512605,
    "predict_athlete_number": 2907,
    "predict_athlete_precision": 0.7561616825501151,
    "predict_athlete_recall": 0.7915376676986584,
    "predict_attack/battle/war/militaryconflict_f1": 0.5589919816723941,
    "predict_attack/battle/war/militaryconflict_number": 1099,
    "predict_attack/battle/war/militaryconflict_precision": 0.48157894736842105,
    "predict_attack/battle/war/militaryconflict_recall": 0.6660600545950864,
    "predict_award_f1": 0.3965065502183406,
    "predict_award_number": 941,
    "predict_award_precision": 0.3365455893254262,
    "predict_award_recall": 0.4824654622741764,
    "predict_biologything_f1": 0.46887966804979253,
    "predict_biologything_number": 1875,
    "predict_biologything_precision": 0.5276851234156104,
    "predict_biologything_recall": 0.42186666666666667,
    "predict_bodiesofwater_f1": 0.6198830409356726,
    "predict_bodiesofwater_number": 1169,
    "predict_bodiesofwater_precision": 0.6057142857142858,
    "predict_bodiesofwater_recall": 0.6347305389221557,
    "predict_broadcastprogram_f1": 0.3419354838709677,
    "predict_broadcastprogram_number": 605,
    "predict_broadcastprogram_precision": 0.33385826771653543,
    "predict_broadcastprogram_recall": 0.3504132231404959,
    "predict_car_f1": 0.531941031941032,
    "predict_car_number": 688,
    "predict_car_precision": 0.46063829787234045,
    "predict_car_recall": 0.6293604651162791,
    "predict_chemicalthing_f1": 0.4655238095238095,
    "predict_chemicalthing_number": 1014,
    "predict_chemicalthing_precision": 0.3792675356921167,
    "predict_chemicalthing_recall": 0.6025641025641025,
    "predict_company_f1": 0.5505656496400412,
    "predict_company_number": 3903,
    "predict_company_precision": 0.4969059405940594,
    "predict_company_recall": 0.617217524980784,
    "predict_currency_f1": 0.6415313225058005,
    "predict_currency_number": 799,
    "predict_currency_precision": 0.5978378378378378,
    "predict_currency_recall": 0.6921151439299124,
    "predict_director_f1": 0.5336500395882819,
    "predict_director_number": 554,
    "predict_director_precision": 0.47531734837799716,
    "predict_director_recall": 0.6083032490974729,
    "predict_disaster_f1": 0.33587786259541985,
    "predict_disaster_number": 207,
    "predict_disaster_precision": 0.3548387096774194,
    "predict_disaster_recall": 0.3188405797101449,
    "predict_disease_f1": 0.4818560380725759,
    "predict_disease_number": 750,
    "predict_disease_precision": 0.43501611170784105,
    "predict_disease_recall": 0.54,
    "predict_education_f1": 0.6440912232204562,
    "predict_education_number": 2082,
    "predict_education_precision": 0.6188579017264276,
    "predict_education_recall": 0.6714697406340058,
    "predict_educationaldegree_f1": 0.4225352112676056,
    "predict_educationaldegree_number": 367,
    "predict_educationaldegree_precision": 0.3711340206185567,
    "predict_educationaldegree_recall": 0.4904632152588556,
    "predict_election_f1": 0.07766990291262137,
    "predict_election_number": 184,
    "predict_election_precision": 0.096,
    "predict_election_recall": 0.06521739130434782,
    "predict_film_f1": 0.5335668417980153,
    "predict_film_number": 759,
    "predict_film_precision": 0.4790356394129979,
    "predict_film_recall": 0.6021080368906456,
    "predict_food_f1": 0.4004237288135593,
    "predict_food_number": 432,
    "predict_food_precision": 0.369140625,
    "predict_food_recall": 0.4375,
    "predict_game_f1": 0.5473465140478668,
    "predict_game_number": 496,
    "predict_game_precision": 0.5655913978494623,
    "predict_game_recall": 0.530241935483871,
    "predict_god_f1": 0.5326086956521738,
    "predict_god_number": 635,
    "predict_god_precision": 0.5252679938744257,
    "predict_god_recall": 0.5401574803149606,
    "predict_government/governmentagency_f1": 0.21862595419847325,
    "predict_government/governmentagency_number": 1535,
    "predict_government/governmentagency_precision": 0.2057471264367816,
    "predict_government/governmentagency_recall": 0.23322475570032572,
    "predict_hospital_f1": 0.5906976744186047,
    "predict_hospital_number": 364,
    "predict_hospital_precision": 0.5120967741935484,
    "predict_hospital_recall": 0.6978021978021978,
    "predict_hotel_f1": 0.5347593582887701,
    "predict_hotel_number": 265,
    "predict_hotel_precision": 0.5067567567567568,
    "predict_hotel_recall": 0.5660377358490566,
    "predict_island_f1": 0.4511041009463722,
    "predict_island_number": 646,
    "predict_island_precision": 0.45980707395498394,
    "predict_island_recall": 0.44272445820433437,
    "predict_language_f1": 0.5989553105049332,
    "predict_language_number": 753,
    "predict_language_precision": 0.5319587628865979,
    "predict_language_recall": 0.6852589641434262,
    "predict_law_f1": 0.3714971977582066,
    "predict_law_number": 488,
    "predict_law_precision": 0.30486202365308807,
    "predict_law_recall": 0.47540983606557374,
    "predict_library_f1": 0.39116719242902204,
    "predict_library_number": 357,
    "predict_library_precision": 0.44765342960288806,
    "predict_library_recall": 0.3473389355742297,
    "predict_livingthing_f1": 0.4838885854724195,
    "predict_livingthing_number": 865,
    "predict_livingthing_precision": 0.458592132505176,
    "predict_livingthing_recall": 0.5121387283236994,
    "predict_loss": 0.5153046250343323,
    "predict_media/newspaper_f1": 0.44897959183673464,
    "predict_media/newspaper_number": 1234,
    "predict_media/newspaper_precision": 0.46186803770351326,
    "predict_media/newspaper_recall": 0.4367909238249595,
    "predict_medical_f1": 0.3218045112781955,
    "predict_medical_number": 397,
    "predict_medical_precision": 0.39925373134328357,
    "predict_medical_recall": 0.2695214105793451,
    "predict_mountain_f1": 0.5310971348707197,
    "predict_mountain_number": 681,
    "predict_mountain_precision": 0.5066666666666667,
    "predict_mountain_recall": 0.5580029368575624,
    "predict_music_f1": 0.6176615688209176,
    "predict_music_number": 1041,
    "predict_music_precision": 0.6348884381338742,
    "predict_music_recall": 0.6013448607108549,
    "predict_other_f1": 0.4367167508693656,
    "predict_other_number": 21035,
    "predict_other_precision": 0.4044069993519119,
    "predict_other_recall": 0.47463750891371526,
    "predict_overall_accuracy": 0.8973892953073327,
    "predict_overall_f1": 0.5471664370816115,
    "predict_overall_precision": 0.514558693853804,
    "predict_overall_recall": 0.5841865169467035,
    "predict_painting_f1": 0.050632911392405056,
    "predict_painting_number": 58,
    "predict_painting_precision": 0.09523809523809523,
    "predict_painting_recall": 0.034482758620689655,
    "predict_park_f1": 0.28334714167357083,
    "predict_park_number": 458,