{
    "predict_GPE_f1": 0.7567297155652962,
    "predict_GPE_number": 20409,
    "predict_GPE_precision": 0.7363809170568872,
    "predict_GPE_recall": 0.7782350923612132,
    "predict_actor_f1": 0.6643046944198405,
    "predict_actor_number": 1638,
    "predict_actor_precision": 0.6432246998284734,
    "predict_actor_recall": 0.6868131868131868,
    "predict_airplane_f1": 0.5021485573971762,
    "predict_airplane_number": 794,
    "predict_airplane_precision": 0.48982035928143713,
    "predict_airplane_recall": 0.5151133501259446,
    "predict_airport_f1": 0.6053550640279396,
    "predict_airport_number": 364,
    "predict_airport_precision": 0.5252525252525253,
    "predict_airport_recall": 0.7142857142857143,
    "predict_artist/author_f1": 0.5744709897610921,
    "predict_artist/author_number": 3464,
    "predict_artist/author_precision": 0.544936544936545,
    "predict_artist/author_recall": 0.6073903002309469,
    "predict_astronomything_f1": 0.6524137931034483,
    "predict_astronomything_number": 678,
    "predict_astronomything_precision": 0.6126943005181347,
    "predict_astronomything_recall": 0.6976401179941003,
    "predict_athlete_f1": 0.7756204626034104,
    "predict_athlete_number": 2907,
    "predict_athlete_precision": 0.761604774535809,
    "predict_athlete_recall": 0.7901616787065704,
    "predict_attack/battle/war/militaryconflict_f1": 0.5951383067896061,
    "predict_attack/battle/war/militaryconflict_number": 1099,
    "predict_attack/battle/war/militaryconflict_precision": 0.5516705516705517,
    "predict_attack/battle/war/militaryconflict_recall": 0.6460418562329391,
    "predict_award_f1": 0.43531633616619453,
    "predict_award_number": 941,
    "predict_award_precision": 0.39167374681393374,
    "predict_award_recall": 0.48990435706695007,
    "predict_biologything_f1": 0.527846364883402,
    "predict_biologything_number": 1875,
    "predict_biologything_precision": 0.5435028248587571,
    "predict_biologything_recall": 0.5130666666666667,
    "predict_bodiesofwater_f1": 0.597422881686841,
    "predict_bodiesofwater_number": 1169,
    "predict_bodiesofwater_precision": 0.5495689655172413,
    "predict_bodiesofwater_recall": 0.6544054747647562,
    "predict_broadcastprogram_f1": 0.4325130499627144,
    "predict_broadcastprogram_number": 605,
    "predict_broadcastprogram_precision": 0.39402173913043476,
    "predict_broadcastprogram_recall": 0.4793388429752066,
    "predict_car_f1": 0.5206611570247934,
    "predict_car_number": 688,
    "predict_car_precision": 0.49476439790575916,
    "predict_car_recall": 0.5494186046511628,
    "predict_chemicalthing_f1": 0.4882169853268119,
    "predict_chemicalthing_number": 1014,
    "predict_chemicalthing_precision": 0.4445344129554656,
    "predict_chemicalthing_recall": 0.5414201183431953,
    "predict_company_f1": 0.556953179594689,
    "predict_company_number": 3903,
    "predict_company_precision": 0.5105701473414478,
    "predict_company_recall": 0.6126056879323597,
    "predict_currency_f1": 0.6559263521288837,
    "predict_currency_number": 799,
    "predict_currency_precision": 0.6070287539936102,
    "predict_currency_recall": 0.7133917396745932,
    "predict_director_f1": 0.49202733485193617,
    "predict_director_number": 554,
    "predict_director_precision": 0.42463958060288337,
    "predict_director_recall": 0.5848375451263538,
    "predict_disaster_f1": 0.3439153439153439,
    "predict_disaster_number": 207,
    "predict_disaster_precision": 0.38011695906432746,
    "predict_disaster_recall": 0.3140096618357488,
    "predict_disease_f1": 0.47278548559231587,
    "predict_disease_number": 750,
    "predict_disease_precision": 0.39412811387900354,
    "predict_disease_recall": 0.5906666666666667,
    "predict_education_f1": 0.6345762711864408,
    "predict_education_number": 2082,
    "predict_education_precision": 0.5992317541613317,
    "predict_education_recall": 0.6743515850144092,
    "predict_educationaldegree_f1": 0.39487726787620064,
    "predict_educationaldegree_number": 367,
    "predict_educationaldegree_precision": 0.32456140350877194,
    "predict_educationaldegree_recall": 0.5040871934604905,
    "predict_election_f1": 0.2021978021978022,
    "predict_election_number": 184,
    "predict_election_precision": 0.16974169741697417,
    "predict_election_recall": 0.25,
    "predict_film_f1": 0.508833922261484,
    "predict_film_number": 759,
    "predict_film_precision": 0.46006389776357826,
    "predict_film_recall": 0.5691699604743083,
    "predict_food_f1": 0.4164222873900293,
    "predict_food_number": 432,
    "predict_food_precision": 0.3604060913705584,
    "predict_food_recall": 0.4930555555555556,
    "predict_game_f1": 0.4513491414554374,
    "predict_game_number": 496,
    "predict_game_precision": 0.3796423658872077,
    "predict_game_recall": 0.5564516129032258,
    "predict_god_f1": 0.5519713261648745,
    "predict_god_number": 635,
    "predict_god_precision": 0.506578947368421,
    "predict_god_recall": 0.6062992125984252,
    "predict_government/governmentagency_f1": 0.29979098238280083,
    "predict_government/governmentagency_number": 1535,
    "predict_government/governmentagency_precision": 0.27673649393605293,
    "predict_government/governmentagency_recall": 0.3270358306188925,
    "predict_hospital_f1": 0.5409429280397021,
    "predict_hospital_number": 364,
    "predict_hospital_precision": 0.49321266968325794,
    "predict_hospital_recall": 0.5989010989010989,
    "predict_hotel_f1": 0.5363321799307958,
    "predict_hotel_number": 265,
    "predict_hotel_precision": 0.4952076677316294,
    "predict_hotel_recall": 0.5849056603773585,
    "predict_island_f1": 0.5306416726748377,
    "predict_island_number": 646,
    "predict_island_precision": 0.4966261808367072,
    "predict_island_recall": 0.5696594427244582,
    "predict_language_f1": 0.60965180207697,
    "predict_language_number": 753,
    "predict_language_precision": 0.5644796380090498,
    "predict_language_recall": 0.6626826029216467,
    "predict_law_f1": 0.4406196213425129,
    "predict_law_number": 488,
    "predict_law_precision": 0.3798219584569733,
    "predict_law_recall": 0.5245901639344263,
    "predict_library_f1": 0.5392405063291139,
    "predict_library_number": 357,
    "predict_library_precision": 0.49191685912240185,
    "predict_library_recall": 0.5966386554621849,
    "predict_livingthing_f1": 0.5410243659870712,
    "predict_livingthing_number": 865,
    "predict_livingthing_precision": 0.47469458987783597,
    "predict_livingthing_recall": 0.6289017341040463,
    "predict_loss": 0.5220081806182861,
    "predict_media/newspaper_f1": 0.4725363489499192,
    "predict_media/newspaper_number": 1234,
    "predict_media/newspaper_precision": 0.47101449275362317,
    "predict_media/newspaper_recall": 0.4740680713128039,
    "predict_medical_f1": 0.320962888665998,
    "predict_medical_number": 397,
    "predict_medical_precision": 0.26666666666666666,
    "predict_medical_recall": 0.40302267002518893,
    "predict_mountain_f1": 0.5618320610687022,
    "predict_mountain_number": 681,
    "predict_mountain_precision": 0.5850556438791733,
    "predict_mountain_recall": 0.540381791483113,
    "predict_music_f1": 0.6063477025106585,
    "predict_music_number": 1041,
    "predict_music_precision": 0.5981308411214953,
    "predict_music_recall": 0.6147934678194045,
    "predict_other_f1": 0.4424316922214315,
    "predict_other_number": 21035,
    "predict_other_precision": 0.4048784338490685,
    "predict_other_recall": 0.48766341811266933,
    "predict_overall_accuracy": 0.9004781478610374,
    "predict_overall_f1": 0.5560876072592171,
    "predict_overall_precision": 0.5209695308343628,
    "predict_overall_recall": 0.5962824588201296,
    "predict_painting_f1": 0.1206896551724138,
    "predict_painting_number": 58,
    "predict_painting_precision": 0.1206896551724138,
    "predict_painting_recall": 0.1206896551724138,
    "predict_park_f1": 0.3897338403041825,