{
    "predict_GPE_f1": 0.7549127275276305,
    "predict_GPE_number": 20409,
    "predict_GPE_precision": 0.7215472574593532,
    "predict_GPE_recall": 0.7915135479445343,
    "predict_actor_f1": 0.6283762806581806,
    "predict_actor_number": 1638,
    "predict_actor_precision": 0.6392924826279217,
    "predict_actor_recall": 0.6178266178266179,
    "predict_airplane_f1": 0.4900662251655629,
    "predict_airplane_number": 794,
    "predict_airplane_precision": 0.46943483275663206,
    "predict_airplane_recall": 0.5125944584382871,
    "predict_airport_f1": 0.657608695652174,
    "predict_airport_number": 364,
    "predict_airport_precision": 0.6505376344086021,
    "predict_airport_recall": 0.6648351648351648,
    "predict_artist/author_f1": 0.5567594188623491,
    "predict_artist/author_number": 3464,
    "predict_artist/author_precision": 0.4854014598540146,
    "predict_artist/author_recall": 0.6527136258660509,
    "predict_astronomything_f1": 0.4910836762688615,
    "predict_astronomything_number": 678,
    "predict_astronomything_precision": 0.45897435897435895,
    "predict_astronomything_recall": 0.528023598820059,
    "predict_athlete_f1": 0.7657566565554431,
    "predict_athlete_number": 2907,
    "predict_athlete_precision": 0.7505781301618765,
    "predict_athlete_recall": 0.7815617475060199,
    "predict_attack/battle/war/militaryconflict_f1": 0.5644710578842316,
    "predict_attack/battle/war/militaryconflict_number": 1099,
    "predict_attack/battle/war/militaryconflict_precision": 0.5028449502133713,
    "predict_attack/battle/war/militaryconflict_recall": 0.643312101910828,
    "predict_award_f1": 0.4317968015051741,
    "predict_award_number": 941,
    "predict_award_precision": 0.38734177215189874,
    "predict_award_recall": 0.487778958554729,
    "predict_biologything_f1": 0.5238813474107591,
    "predict_biologything_number": 1875,
    "predict_biologything_precision": 0.4954826438421303,
    "predict_biologything_recall": 0.5557333333333333,
    "predict_bodiesofwater_f1": 0.6148787505137691,
    "predict_bodiesofwater_number": 1169,
    "predict_bodiesofwater_precision": 0.5917721518987342,
    "predict_bodiesofwater_recall": 0.6398631308810949,
    "predict_broadcastprogram_f1": 0.40980735551663744,
    "predict_broadcastprogram_number": 605,
    "predict_broadcastprogram_precision": 0.43575418994413406,
    "predict_broadcastprogram_recall": 0.3867768595041322,
    "predict_car_f1": 0.5767309064953605,
    "predict_car_number": 688,
    "predict_car_precision": 0.5666199158485273,
    "predict_car_recall": 0.5872093023255814,
    "predict_chemicalthing_f1": 0.4768097095795405,
    "predict_chemicalthing_number": 1014,
    "predict_chemicalthing_precision": 0.4253673627223511,
    "predict_chemicalthing_recall": 0.5424063116370809,
    "predict_company_f1": 0.5527539779681762,
    "predict_company_number": 3903,
    "predict_company_precision": 0.5291774080149988,
    "predict_company_recall": 0.5785293364078914,
    "predict_currency_f1": 0.5932415519399249,
    "predict_currency_number": 799,
    "predict_currency_precision": 0.5932415519399249,
    "predict_currency_recall": 0.5932415519399249,
    "predict_director_f1": 0.40963855421686746,
    "predict_director_number": 554,
    "predict_director_precision": 0.35142118863049093,
    "predict_director_recall": 0.49097472924187724,
    "predict_disaster_f1": 0.3990498812351544,
    "predict_disaster_number": 207,
    "predict_disaster_precision": 0.3925233644859813,
    "predict_disaster_recall": 0.4057971014492754,
    "predict_disease_f1": 0.48463114754098363,
    "predict_disease_number": 750,
    "predict_disease_precision": 0.3935108153078203,
    "predict_disease_recall": 0.6306666666666667,
    "predict_education_f1": 0.6279174147217236,
    "predict_education_number": 2082,
    "predict_education_precision": 0.5893007582139849,
    "predict_education_recall": 0.6719500480307397,
    "predict_educationaldegree_f1": 0.39846005774783444,
    "predict_educationaldegree_number": 367,
    "predict_educationaldegree_precision": 0.3080357142857143,
    "predict_educationaldegree_recall": 0.5640326975476839,
    "predict_election_f1": 0.09424083769633508,
    "predict_election_number": 184,
    "predict_election_precision": 0.09090909090909091,
    "predict_election_recall": 0.09782608695652174,
    "predict_film_f1": 0.5314685314685315,
    "predict_film_number": 759,
    "predict_film_precision": 0.47648902821316613,
    "predict_film_recall": 0.6007905138339921,
    "predict_food_f1": 0.40254237288135597,
    "predict_food_number": 432,
    "predict_food_precision": 0.37109375,
    "predict_food_recall": 0.4398148148148148,
    "predict_game_f1": 0.5422740524781342,
    "predict_game_number": 496,
    "predict_game_precision": 0.5234521575984991,
    "predict_game_recall": 0.5625,
    "predict_god_f1": 0.44704049844236765,
    "predict_god_number": 635,
    "predict_god_precision": 0.4422187981510015,
    "predict_god_recall": 0.4519685039370079,
    "predict_government/governmentagency_f1": 0.2944246086240044,
    "predict_government/governmentagency_number": 1535,
    "predict_government/governmentagency_precision": 0.25451092117758783,
    "predict_government/governmentagency_recall": 0.349185667752443,
    "predict_hospital_f1": 0.5550122249388753,
    "predict_hospital_number": 364,
    "predict_hospital_precision": 0.5,
    "predict_hospital_recall": 0.6236263736263736,
    "predict_hotel_f1": 0.5451327433628319,
    "predict_hotel_number": 265,
    "predict_hotel_precision": 0.5133333333333333,
    "predict_hotel_recall": 0.5811320754716981,
    "predict_island_f1": 0.5139664804469274,
    "predict_island_number": 646,
    "predict_island_precision": 0.5304777594728172,
    "predict_island_recall": 0.4984520123839009,
    "predict_language_f1": 0.5959339263024143,
    "predict_language_number": 753,
    "predict_language_precision": 0.5712545676004872,
    "predict_language_recall": 0.6228419654714475,
    "predict_law_f1": 0.36759581881533093,
    "predict_law_number": 488,
    "predict_law_precision": 0.3196969696969697,
    "predict_law_recall": 0.4323770491803279,
    "predict_library_f1": 0.49557522123893805,
    "predict_library_number": 357,
    "predict_library_precision": 0.45161290322580644,
    "predict_library_recall": 0.5490196078431373,
    "predict_livingthing_f1": 0.5013192612137204,
    "predict_livingthing_number": 865,
    "predict_livingthing_precision": 0.46116504854368934,
    "predict_livingthing_recall": 0.5491329479768786,
    "predict_loss": 0.5197878479957581,
    "predict_media/newspaper_f1": 0.544460641399417,
    "predict_media/newspaper_number": 1234,
    "predict_media/newspaper_precision": 0.4947019867549669,
    "predict_media/newspaper_recall": 0.6053484602917342,
    "predict_medical_f1": 0.34442836468885674,
    "predict_medical_number": 397,
    "predict_medical_precision": 0.40476190476190477,
    "predict_medical_recall": 0.29974811083123426,
    "predict_mountain_f1": 0.5365461847389558,
    "predict_mountain_number": 681,
    "predict_mountain_precision": 0.5921985815602837,
    "predict_mountain_recall": 0.49045521292217326,
    "predict_music_f1": 0.5780453913849004,
    "predict_music_number": 1041,
    "predict_music_precision": 0.5581395348837209,
    "predict_music_recall": 0.5994236311239193,
    "predict_other_f1": 0.42664421948031817,
    "predict_other_number": 21035,
    "predict_other_precision": 0.39945246391239425,
    "predict_other_recall": 0.45780841454718324,
    "predict_overall_accuracy": 0.8972503240852328,
    "predict_overall_f1": 0.5478667630625152,
    "predict_overall_precision": 0.5109807178772696,
    "predict_overall_recall": 0.590492507121331,
    "predict_painting_f1": 0.0,
    "predict_painting_number": 58,
    "predict_painting_precision": 0.0,
    "predict_painting_recall": 0.0,
    "predict_park_f1": 0.3463131731565866,
    "predict_park_number": 458,