{
    "predict_GPE_f1": 0.7384687228035915,
    "predict_GPE_number": 20409,
    "predict_GPE_precision": 0.6514493296382293,
    "predict_GPE_recall": 0.85232005487775,
    "predict_actor_f1": 0.0,
    "predict_actor_number": 1638,
    "predict_actor_precision": 0.0,
    "predict_actor_recall": 0.0,
    "predict_airplane_f1": 0.4136947218259629,
    "predict_airplane_number": 794,
    "predict_airplane_precision": 0.33231474407944994,
    "predict_airplane_recall": 0.5478589420654912,
    "predict_airport_f1": 0.0,
    "predict_airport_number": 364,
    "predict_airport_precision": 0.0,
    "predict_airport_recall": 0.0,
    "predict_artist/author_f1": 0.4174647887323944,
    "predict_artist/author_number": 3464,
    "predict_artist/author_precision": 0.3093515168382967,
    "predict_artist/author_recall": 0.641743648960739,
    "predict_astronomything_f1": 0.008683068017366135,
    "predict_astronomything_number": 678,
    "predict_astronomything_precision": 0.23076923076923078,
    "predict_astronomything_recall": 0.004424778761061947,
    "predict_athlete_f1": 0.7118093174431203,
    "predict_athlete_number": 2907,
    "predict_athlete_precision": 0.7491448118586089,
    "predict_athlete_recall": 0.6780185758513931,
    "predict_attack/battle/war/militaryconflict_f1": 0.5393876848985208,
    "predict_attack/battle/war/militaryconflict_number": 1099,
    "predict_attack/battle/war/militaryconflict_precision": 0.4336283185840708,
    "predict_attack/battle/war/militaryconflict_recall": 0.7133757961783439,
    "predict_award_f1": 0.3715545755237045,
    "predict_award_number": 941,
    "predict_award_precision": 0.38602520045819017,
    "predict_award_recall": 0.35812964930924546,
    "predict_biologything_f1": 0.42878961435662466,
    "predict_biologything_number": 1875,
    "predict_biologything_precision": 0.3339280404400833,
    "predict_biologything_recall": 0.5989333333333333,
    "predict_bodiesofwater_f1": 0.3133372160745486,
    "predict_bodiesofwater_number": 1169,
    "predict_bodiesofwater_precision": 0.4908759124087591,
    "predict_bodiesofwater_recall": 0.23011120615911035,
    "predict_broadcastprogram_f1": 0.10869565217391305,
    "predict_broadcastprogram_number": 605,
    "predict_broadcastprogram_precision": 0.20179372197309417,
    "predict_broadcastprogram_recall": 0.0743801652892562,
    "predict_car_f1": 0.38461538461538464,
    "predict_car_number": 688,
    "predict_car_precision": 0.4400749063670412,
    "predict_car_recall": 0.34156976744186046,
    "predict_chemicalthing_f1": 0.03962264150943397,
    "predict_chemicalthing_number": 1014,
    "predict_chemicalthing_precision": 0.45652173913043476,
    "predict_chemicalthing_recall": 0.020710059171597635,
    "predict_company_f1": 0.4924538848518725,
    "predict_company_number": 3903,
    "predict_company_precision": 0.38691260430390867,
    "predict_company_recall": 0.6771714066102997,
    "predict_currency_f1": 0.0,
    "predict_currency_number": 799,
    "predict_currency_precision": 0.0,
    "predict_currency_recall": 0.0,
    "predict_director_f1": 0.0,
    "predict_director_number": 554,
    "predict_director_precision": 0.0,
    "predict_director_recall": 0.0,
    "predict_disaster_f1": 0.0,
    "predict_disaster_number": 207,
    "predict_disaster_precision": 0.0,
    "predict_disaster_recall": 0.0,
    "predict_disease_f1": 0.005228758169934639,
    "predict_disease_number": 750,
    "predict_disease_precision": 0.13333333333333333,
    "predict_disease_recall": 0.0026666666666666666,
    "predict_education_f1": 0.5998082454458293,
    "predict_education_number": 2082,
    "predict_education_precision": 0.4992020427705075,
    "predict_education_recall": 0.7512007684918348,
    "predict_educationaldegree_f1": 0.0106951871657754,
    "predict_educationaldegree_number": 367,
    "predict_educationaldegree_precision": 0.2857142857142857,
    "predict_educationaldegree_recall": 0.005449591280653951,
    "predict_election_f1": 0.0,
    "predict_election_number": 184,
    "predict_election_precision": 0.0,
    "predict_election_recall": 0.0,
    "predict_film_f1": 0.1048951048951049,
    "predict_film_number": 759,
    "predict_film_precision": 0.11177347242921014,
    "predict_film_recall": 0.09881422924901186,
    "predict_food_f1": 0.0,
    "predict_food_number": 432,
    "predict_food_precision": 0.0,
    "predict_food_recall": 0.0,
    "predict_game_f1": 0.0,
    "predict_game_number": 496,
    "predict_game_precision": 0.0,
    "predict_game_recall": 0.0,
    "predict_god_f1": 0.0,
    "predict_god_number": 635,
    "predict_god_precision": 0.0,
    "predict_god_recall": 0.0,
    "predict_government/governmentagency_f1": 0.04794163626889005,
    "predict_government/governmentagency_number": 1535,
    "predict_government/governmentagency_precision": 0.11979166666666667,
    "predict_government/governmentagency_recall": 0.02996742671009772,
    "predict_hospital_f1": 0.0,
    "predict_hospital_number": 364,
    "predict_hospital_precision": 0.0,
    "predict_hospital_recall": 0.0,
    "predict_hotel_f1": 0.0,
    "predict_hotel_number": 265,
    "predict_hotel_precision": 0.0,
    "predict_hotel_recall": 0.0,
    "predict_island_f1": 0.0,
    "predict_island_number": 646,
    "predict_island_precision": 0.0,
    "predict_island_recall": 0.0,
    "predict_language_f1": 0.0,
    "predict_language_number": 753,
    "predict_language_precision": 0.0,
    "predict_language_recall": 0.0,
    "predict_law_f1": 0.0,
    "predict_law_number": 488,
    "predict_law_precision": 0.0,
    "predict_law_recall": 0.0,
    "predict_library_f1": 0.0,
    "predict_library_number": 357,
    "predict_library_precision": 0.0,
    "predict_library_recall": 0.0,
    "predict_livingthing_f1": 0.3056047197640119,
    "predict_livingthing_number": 865,
    "predict_livingthing_precision": 0.31204819277108437,
    "predict_livingthing_recall": 0.2994219653179191,
    "predict_loss": 0.5256480574607849,
    "predict_media/newspaper_f1": 0.0063593004769475344,
    "predict_media/newspaper_number": 1234,
    "predict_media/newspaper_precision": 0.16666666666666666,
    "predict_media/newspaper_recall": 0.0032414910858995136,
    "predict_medical_f1": 0.0,
    "predict_medical_number": 397,
    "predict_medical_precision": 0.0,
    "predict_medical_recall": 0.0,
    "predict_mountain_f1": 0.10182767624020889,
    "predict_mountain_number": 681,
    "predict_mountain_precision": 0.4588235294117647,
    "predict_mountain_recall": 0.05726872246696035,
    "predict_music_f1": 0.34774436090225563,
    "predict_music_number": 1041,
    "predict_music_precision": 0.2301710730948678,
    "predict_music_recall": 0.7108549471661864,
    "predict_other_f1": 0.405323209438083,
    "predict_other_number": 21035,
    "predict_other_precision": 0.355139852636097,
    "predict_other_recall": 0.47202281911100546,
    "predict_overall_accuracy": 0.874208244033466,
    "predict_overall_f1": 0.46087424168555646,
    "predict_overall_precision": 0.4491863347343464,
    "predict_overall_recall": 0.47318664079593775,
    "predict_painting_f1": 0.0,
    "predict_painting_number": 58,
    "predict_painting_precision": 0.0,
    "predict_painting_recall": 0.0,
    "predict_park_f1": 0.0,
    "predict_park_number": 458,
    "predict_park_precision": 0.0,
    "predict_park_recall": 0.0,
    "predict_politicalparty_f1": 0.4897139989964877,
    "predict_politicalparty_number": 1057,
    "predict_politicalparty_precision": 0.5213675213675214,
    "predict_politicalparty_recall": 0.4616840113528855,
    "predict_politician_f1": 0.4743309207204174,
    "predict_politician_number": 2859,
    "predict_politician_precision": 0.4571706683971447,
    "predict_politician_recall": 0.49282966072053164,
    "predict_protest_f1": 0.0,
    "predict_protest_number": 166,
    "predict_protest_precision": 0.0,
    "predict_protest_recall": 0.0,
    "predict_religion_f1": 0.0,
    "predict_religion_number": 676,