{
    "predict_GPE_f1": 0.7649516423147059,
    "predict_GPE_number": 20409,
    "predict_GPE_precision": 0.7231386925024003,
    "predict_GPE_recall": 0.8118967122347984,
    "predict_actor_f1": 0.6424505285985361,
    "predict_actor_number": 1638,
    "predict_actor_precision": 0.5777669429546562,
    "predict_actor_recall": 0.7234432234432234,
    "predict_airplane_f1": 0.4974974974974975,
    "predict_airplane_number": 794,
    "predict_airplane_precision": 0.4127906976744186,
    "predict_airplane_recall": 0.6259445843828715,
    "predict_airport_f1": 0.6304675716440422,
    "predict_airport_number": 364,
    "predict_airport_precision": 0.6989966555183946,
    "predict_airport_recall": 0.5741758241758241,
    "predict_artist/author_f1": 0.5483204134366925,
    "predict_artist/author_number": 3464,
    "predict_artist/author_precision": 0.4962581852198316,
    "predict_artist/author_recall": 0.6125866050808314,
    "predict_astronomything_f1": 0.4923339011925042,
    "predict_astronomything_number": 678,
    "predict_astronomything_precision": 0.5826612903225806,
    "predict_astronomything_recall": 0.42625368731563423,
    "predict_athlete_f1": 0.778749381290216,
    "predict_athlete_number": 2907,
    "predict_athlete_precision": 0.7482561826252377,
    "predict_athlete_recall": 0.8118335053319573,
    "predict_attack/battle/war/militaryconflict_f1": 0.5569805789666544,
    "predict_attack/battle/war/militaryconflict_number": 1099,
    "predict_attack/battle/war/militaryconflict_precision": 0.4662576687116564,
    "predict_attack/battle/war/militaryconflict_recall": 0.6915377616014559,
    "predict_award_f1": 0.42347629796839725,
    "predict_award_number": 941,
    "predict_award_precision": 0.36813186813186816,
    "predict_award_recall": 0.49840595111583424,
    "predict_biologything_f1": 0.46452702702702703,
    "predict_biologything_number": 1875,
    "predict_biologything_precision": 0.38448095071653265,
    "predict_biologything_recall": 0.5866666666666667,
    "predict_bodiesofwater_f1": 0.5379047619047619,
    "predict_bodiesofwater_number": 1169,
    "predict_bodiesofwater_precision": 0.4848901098901099,
    "predict_bodiesofwater_recall": 0.6039349871685201,
    "predict_broadcastprogram_f1": 0.1009549795361528,
    "predict_broadcastprogram_number": 605,
    "predict_broadcastprogram_precision": 0.2890625,
    "predict_broadcastprogram_recall": 0.06115702479338843,
    "predict_car_f1": 0.5889029003783102,
    "predict_car_number": 688,
    "predict_car_precision": 0.5200445434298441,
    "predict_car_recall": 0.6787790697674418,
    "predict_chemicalthing_f1": 0.0,
    "predict_chemicalthing_number": 1014,
    "predict_chemicalthing_precision": 0.0,
    "predict_chemicalthing_recall": 0.0,
    "predict_company_f1": 0.5814317673378077,
    "predict_company_number": 3903,
    "predict_company_precision": 0.5159817351598174,
    "predict_company_recall": 0.6658980271585959,
    "predict_currency_f1": 0.6376456161863887,
    "predict_currency_number": 799,
    "predict_currency_precision": 0.625,
    "predict_currency_recall": 0.6508135168961201,
    "predict_director_f1": 0.0,
    "predict_director_number": 554,
    "predict_director_precision": 0.0,
    "predict_director_recall": 0.0,
    "predict_disaster_f1": 0.0,
    "predict_disaster_number": 207,
    "predict_disaster_precision": 0.0,
    "predict_disaster_recall": 0.0,
    "predict_disease_f1": 0.03530895334174023,
    "predict_disease_number": 750,
    "predict_disease_precision": 0.32558139534883723,
    "predict_disease_recall": 0.018666666666666668,
    "predict_education_f1": 0.6913913238930096,
    "predict_education_number": 2082,
    "predict_education_precision": 0.6497676383607942,
    "predict_education_recall": 0.7387127761767531,
    "predict_educationaldegree_f1": 0.4147157190635451,
    "predict_educationaldegree_number": 367,
    "predict_educationaldegree_precision": 0.35094339622641507,
    "predict_educationaldegree_recall": 0.5068119891008175,
    "predict_election_f1": 0.09340659340659341,
    "predict_election_number": 184,
    "predict_election_precision": 0.09444444444444444,
    "predict_election_recall": 0.09239130434782608,
    "predict_film_f1": 0.38447488584474887,
    "predict_film_number": 759,
    "predict_film_precision": 0.2941998602375961,
    "predict_film_recall": 0.5546772068511199,
    "predict_food_f1": 0.009174311926605503,
    "predict_food_number": 432,
    "predict_food_precision": 0.5,
    "predict_food_recall": 0.004629629629629629,
    "predict_game_f1": 0.0,
    "predict_game_number": 496,
    "predict_game_precision": 0.0,
    "predict_game_recall": 0.0,
    "predict_god_f1": 0.003144654088050314,
    "predict_god_number": 635,
    "predict_god_precision": 1.0,
    "predict_god_recall": 0.0015748031496062992,
    "predict_government/governmentagency_f1": 0.3179587831207066,
    "predict_government/governmentagency_number": 1535,
    "predict_government/governmentagency_precision": 0.3193166885676741,
    "predict_government/governmentagency_recall": 0.3166123778501629,
    "predict_hospital_f1": 0.5318471337579619,
    "predict_hospital_number": 364,
    "predict_hospital_precision": 0.6325757575757576,
    "predict_hospital_recall": 0.45879120879120877,
    "predict_hotel_f1": 0.4356435643564356,
    "predict_hotel_number": 265,
    "predict_hotel_precision": 0.6330935251798561,
    "predict_hotel_recall": 0.3320754716981132,
    "predict_island_f1": 0.28964059196617337,
    "predict_island_number": 646,
    "predict_island_precision": 0.45666666666666667,
    "predict_island_recall": 0.21207430340557276,
    "predict_language_f1": 0.4835868694955964,
    "predict_language_number": 753,
    "predict_language_precision": 0.6088709677419355,
    "predict_language_recall": 0.40106241699867196,
    "predict_law_f1": 0.43123336291038156,
    "predict_law_number": 488,
    "predict_law_precision": 0.38028169014084506,
    "predict_law_recall": 0.4979508196721312,
    "predict_library_f1": 0.4270015698587127,
    "predict_library_number": 357,
    "predict_library_precision": 0.4857142857142857,
    "predict_library_recall": 0.38095238095238093,
    "predict_livingthing_f1": 0.4074688796680498,
    "predict_livingthing_number": 865,
    "predict_livingthing_precision": 0.31779935275080906,
    "predict_livingthing_recall": 0.5676300578034682,
    "predict_loss": 0.4604775905609131,
    "predict_media/newspaper_f1": 0.5015243902439025,
    "predict_media/newspaper_number": 1234,
    "predict_media/newspaper_precision": 0.47338129496402875,
    "predict_media/newspaper_recall": 0.5332252836304701,
    "predict_medical_f1": 0.2436548223350254,
    "predict_medical_number": 397,
    "predict_medical_precision": 0.1628498727735369,
    "predict_medical_recall": 0.4836272040302267,
    "predict_mountain_f1": 0.008695652173913045,
    "predict_mountain_number": 681,
    "predict_mountain_precision": 0.3333333333333333,
    "predict_mountain_recall": 0.004405286343612335,
    "predict_music_f1": 0.5516912815626489,
    "predict_music_number": 1041,
    "predict_music_precision": 0.5472589792060492,
    "predict_music_recall": 0.5561959654178674,
    "predict_other_f1": 0.460575719649562,
    "predict_other_number": 21035,
    "predict_other_precision": 0.42170150551230884,
    "predict_other_recall": 0.5073449013548847,
    "predict_overall_accuracy": 0.8941310715766937,
    "predict_overall_f1": 0.5435823402029963,
    "predict_overall_precision": 0.5184671731127701,
    "predict_overall_recall": 0.5712545927424348,
    "predict_painting_f1": 0.0,
    "predict_painting_number": 58,
    "predict_painting_precision": 0.0,
    "predict_painting_recall": 0.0,
    "predict_park_f1": 0.0,
    "predict_park_number": 458,
    "predict_park_precision": 0.0,
    "predict_park_recall": 0.0,
    "predict_politicalparty_f1": 0.5665236051502146,
    "predict_politicalparty_number": 1057,
    "predict_politicalparty_precision": 0.5184603299293009,