{
    "predict_GPE_f1": 0.7495951224159284,
    "predict_GPE_number": 20409,
    "predict_GPE_precision": 0.7292738310394364,
    "predict_GPE_recall": 0.7710813856631878,
    "predict_actor_f1": 0.6855189558732131,
    "predict_actor_number": 1638,
    "predict_actor_precision": 0.6981012658227848,
    "predict_actor_recall": 0.6733821733821734,
    "predict_airplane_f1": 0.5244338498212158,
    "predict_airplane_number": 794,
    "predict_airplane_precision": 0.497737556561086,
    "predict_airplane_recall": 0.5541561712846348,
    "predict_airport_f1": 0.6379746835443038,
    "predict_airport_number": 364,
    "predict_airport_precision": 0.5915492957746479,
    "predict_airport_recall": 0.6923076923076923,
    "predict_artist/author_f1": 0.561593172119488,
    "predict_artist/author_number": 3464,
    "predict_artist/author_precision": 0.5535614133482895,
    "predict_artist/author_recall": 0.5698614318706697,
    "predict_astronomything_f1": 0.6493506493506493,
    "predict_astronomything_number": 678,
    "predict_astronomything_precision": 0.6050955414012739,
    "predict_astronomything_recall": 0.700589970501475,
    "predict_athlete_f1": 0.765196662693683,
    "predict_athlete_number": 2907,
    "predict_athlete_precision": 0.7575859743762643,
    "predict_athlete_recall": 0.7729618163054696,
    "predict_attack/battle/war/militaryconflict_f1": 0.5821371610845295,
    "predict_attack/battle/war/militaryconflict_number": 1099,
    "predict_attack/battle/war/militaryconflict_precision": 0.518097941802697,
    "predict_attack/battle/war/militaryconflict_recall": 0.6642402183803457,
    "predict_award_f1": 0.4236698160119343,
    "predict_award_number": 941,
    "predict_award_precision": 0.3981308411214953,
    "predict_award_recall": 0.4527098831030818,
    "predict_biologything_f1": 0.5376995046780408,
    "predict_biologything_number": 1875,
    "predict_biologything_precision": 0.5554292211483798,
    "predict_biologything_recall": 0.5210666666666667,
    "predict_bodiesofwater_f1": 0.5926216640502355,
    "predict_bodiesofwater_number": 1169,
    "predict_bodiesofwater_precision": 0.5474981870920957,
    "predict_bodiesofwater_recall": 0.6458511548331908,
    "predict_broadcastprogram_f1": 0.44992295839753466,
    "predict_broadcastprogram_number": 605,
    "predict_broadcastprogram_precision": 0.4213564213564214,
    "predict_broadcastprogram_recall": 0.4826446280991736,
    "predict_car_f1": 0.5890318212593094,
    "predict_car_number": 688,
    "predict_car_precision": 0.5513307984790875,
    "predict_car_recall": 0.6322674418604651,
    "predict_chemicalthing_f1": 0.48833189282627487,
    "predict_chemicalthing_number": 1014,
    "predict_chemicalthing_precision": 0.4346153846153846,
    "predict_chemicalthing_recall": 0.5571992110453649,
    "predict_company_f1": 0.5632295719844359,
    "predict_company_number": 3903,
    "predict_company_precision": 0.5359870400370285,
    "predict_company_recall": 0.5933897002305919,
    "predict_currency_f1": 0.6652030735455543,
    "predict_currency_number": 799,
    "predict_currency_precision": 0.592375366568915,
    "predict_currency_recall": 0.7584480600750939,
    "predict_director_f1": 0.5556529360210342,
    "predict_director_number": 554,
    "predict_director_precision": 0.5400340715502555,
    "predict_director_recall": 0.572202166064982,
    "predict_disaster_f1": 0.3359375,
    "predict_disaster_number": 207,
    "predict_disaster_precision": 0.2819672131147541,
    "predict_disaster_recall": 0.41545893719806765,
    "predict_disease_f1": 0.5151033386327505,
    "predict_disease_number": 750,
    "predict_disease_precision": 0.42744063324538256,
    "predict_disease_recall": 0.648,
    "predict_education_f1": 0.6292890782686702,
    "predict_education_number": 2082,
    "predict_education_precision": 0.5902397980647875,
    "predict_education_recall": 0.6738712776176753,
    "predict_educationaldegree_f1": 0.4145077720207254,
    "predict_educationaldegree_number": 367,
    "predict_educationaldegree_precision": 0.33444816053511706,
    "predict_educationaldegree_recall": 0.5449591280653951,
    "predict_election_f1": 0.09271523178807946,
    "predict_election_number": 184,
    "predict_election_precision": 0.11864406779661017,
    "predict_election_recall": 0.07608695652173914,
    "predict_film_f1": 0.5701179554390563,
    "predict_film_number": 759,
    "predict_film_precision": 0.5671447196870926,
    "predict_film_recall": 0.5731225296442688,
    "predict_food_f1": 0.4699140401146132,
    "predict_food_number": 432,
    "predict_food_precision": 0.4,
    "predict_food_recall": 0.5694444444444444,
    "predict_game_f1": 0.5843621399176955,
    "predict_game_number": 496,
    "predict_game_precision": 0.5966386554621849,
    "predict_game_recall": 0.5725806451612904,
    "predict_god_f1": 0.5922038980509744,
    "predict_god_number": 635,
    "predict_god_precision": 0.5650929899856938,
    "predict_god_recall": 0.6220472440944882,
    "predict_government/governmentagency_f1": 0.29014159764894465,
    "predict_government/governmentagency_number": 1535,
    "predict_government/governmentagency_precision": 0.24592391304347827,
    "predict_government/governmentagency_recall": 0.3537459283387622,
    "predict_hospital_f1": 0.5393858477970628,
    "predict_hospital_number": 364,
    "predict_hospital_precision": 0.5246753246753246,
    "predict_hospital_recall": 0.554945054945055,
    "predict_hotel_f1": 0.5247706422018348,
    "predict_hotel_number": 265,
    "predict_hotel_precision": 0.5107142857142857,
    "predict_hotel_recall": 0.539622641509434,
    "predict_island_f1": 0.5419354838709678,
    "predict_island_number": 646,
    "predict_island_precision": 0.5656565656565656,
    "predict_island_recall": 0.5201238390092879,
    "predict_language_f1": 0.5851680185399769,
    "predict_language_number": 753,
    "predict_language_precision": 0.5190133607399794,
    "predict_language_recall": 0.6706507304116865,
    "predict_law_f1": 0.36748518204911096,
    "predict_law_number": 488,
    "predict_law_precision": 0.31313131313131315,
    "predict_law_recall": 0.444672131147541,
    "predict_library_f1": 0.5693779904306221,
    "predict_library_number": 357,
    "predict_library_precision": 0.4968684759916493,
    "predict_library_recall": 0.6666666666666666,
    "predict_livingthing_f1": 0.4954227248249865,
    "predict_livingthing_number": 865,
    "predict_livingthing_precision": 0.4637096774193548,
    "predict_livingthing_recall": 0.5317919075144508,
    "predict_loss": 0.509750247001648,
    "predict_media/newspaper_f1": 0.5180591025173295,
    "predict_media/newspaper_number": 1234,
    "predict_media/newspaper_precision": 0.47113470471134705,
    "predict_media/newspaper_recall": 0.5753646677471637,
    "predict_medical_f1": 0.36083408884859475,
    "predict_medical_number": 397,
    "predict_medical_precision": 0.2818696883852691,
    "predict_medical_recall": 0.5012594458438288,
    "predict_mountain_f1": 0.5597069597069597,
    "predict_mountain_number": 681,
    "predict_mountain_precision": 0.5584795321637427,
    "predict_mountain_recall": 0.5609397944199707,
    "predict_music_f1": 0.6131451257168063,
    "predict_music_number": 1041,
    "predict_music_precision": 0.566884176182708,
    "predict_music_recall": 0.6676272814601345,
    "predict_other_f1": 0.4486454301875558,
    "predict_other_number": 21035,
    "predict_other_precision": 0.40587126312954486,
    "predict_other_recall": 0.5014975041597338,
    "predict_overall_accuracy": 0.9010079756452933,
    "predict_overall_f1": 0.5592332158185163,
    "predict_overall_precision": 0.5217830455146769,
    "predict_overall_recall": 0.6024749205300747,
    "predict_painting_f1": 0.0,
    "predict_painting_number": 58,
    "predict_painting_precision": 0.0,
    "predict_painting_recall": 0.0,
    "predict_park_f1": 0.3522012578616352,
    "predict_park_number": 458,
    "predict_park_precision": 0.3387096774193548,