{
    "predict_GPE_f1": 0.7532807784977427,
    "predict_GPE_number": 20409,
    "predict_GPE_precision": 0.7207251566696509,
    "predict_GPE_recall": 0.7889166544171688,
    "predict_actor_f1": 0.6196808510638298,
    "predict_actor_number": 1638,
    "predict_actor_precision": 0.6802919708029197,
    "predict_actor_recall": 0.568986568986569,
    "predict_airplane_f1": 0.49158249158249157,
    "predict_airplane_number": 794,
    "predict_airplane_precision": 0.4433198380566802,
    "predict_airplane_recall": 0.5516372795969773,
    "predict_airport_f1": 0.6176808266360506,
    "predict_airport_number": 364,
    "predict_airport_precision": 0.5305719921104537,
    "predict_airport_recall": 0.739010989010989,
    "predict_artist/author_f1": 0.5337685161938238,
    "predict_artist/author_number": 3464,
    "predict_artist/author_precision": 0.4722345624167037,
    "predict_artist/author_recall": 0.6137413394919169,
    "predict_astronomything_f1": 0.5845951283739302,
    "predict_astronomything_number": 678,
    "predict_astronomything_precision": 0.5279429250891795,
    "predict_astronomything_recall": 0.6548672566371682,
    "predict_athlete_f1": 0.7525719267654752,
    "predict_athlete_number": 2907,
    "predict_athlete_precision": 0.7630834512022631,
    "predict_athlete_recall": 0.7423460612315101,
    "predict_attack/battle/war/militaryconflict_f1": 0.5915130732961852,
    "predict_attack/battle/war/militaryconflict_number": 1099,
    "predict_attack/battle/war/militaryconflict_precision": 0.5591572123176661,
    "predict_attack/battle/war/militaryconflict_recall": 0.6278434940855323,
    "predict_award_f1": 0.45497185741088175,
    "predict_award_number": 941,
    "predict_award_precision": 0.4072208228379513,
    "predict_award_recall": 0.5154091392136025,
    "predict_biologything_f1": 0.5390887290167866,
    "predict_biologything_number": 1875,
    "predict_biologything_precision": 0.489760348583878,
    "predict_biologything_recall": 0.5994666666666667,
    "predict_bodiesofwater_f1": 0.6030534351145038,
    "predict_bodiesofwater_number": 1169,
    "predict_bodiesofwater_precision": 0.5979814970563498,
    "predict_bodiesofwater_recall": 0.6082121471343028,
    "predict_broadcastprogram_f1": 0.3899765074393109,
    "predict_broadcastprogram_number": 605,
    "predict_broadcastprogram_precision": 0.3705357142857143,
    "predict_broadcastprogram_recall": 0.4115702479338843,
    "predict_car_f1": 0.5542784163473818,
    "predict_car_number": 688,
    "predict_car_precision": 0.49430523917995445,
    "predict_car_recall": 0.6308139534883721,
    "predict_chemicalthing_f1": 0.4824723247232472,
    "predict_chemicalthing_number": 1014,
    "predict_chemicalthing_precision": 0.4532062391681109,
    "predict_chemicalthing_recall": 0.5157790927021696,
    "predict_company_f1": 0.5599999999999999,
    "predict_company_number": 3903,
    "predict_company_precision": 0.5271370420624152,
    "predict_company_recall": 0.5972328977709455,
    "predict_currency_f1": 0.6301675977653631,
    "predict_currency_number": 799,
    "predict_currency_precision": 0.5691220988900101,
    "predict_currency_recall": 0.7058823529411765,
    "predict_director_f1": 0.4746059544658494,
    "predict_director_number": 554,
    "predict_director_precision": 0.4608843537414966,
    "predict_director_recall": 0.4891696750902527,
    "predict_disaster_f1": 0.3228511530398323,
    "predict_disaster_number": 207,
    "predict_disaster_precision": 0.2851851851851852,
    "predict_disaster_recall": 0.3719806763285024,
    "predict_disease_f1": 0.5154639175257731,
    "predict_disease_number": 750,
    "predict_disease_precision": 0.434583714547118,
    "predict_disease_recall": 0.6333333333333333,
    "predict_education_f1": 0.6305418719211823,
    "predict_education_number": 2082,
    "predict_education_precision": 0.5906040268456376,
    "predict_education_recall": 0.6762728146013448,
    "predict_educationaldegree_f1": 0.42345276872964166,
    "predict_educationaldegree_number": 367,
    "predict_educationaldegree_precision": 0.351985559566787,
    "predict_educationaldegree_recall": 0.5313351498637602,
    "predict_election_f1": 0.13924050632911392,
    "predict_election_number": 184,
    "predict_election_precision": 0.11379310344827587,
    "predict_election_recall": 0.1793478260869565,
    "predict_film_f1": 0.5141141141141141,
    "predict_film_number": 759,
    "predict_film_precision": 0.47240618101545256,
    "predict_film_recall": 0.5638998682476943,
    "predict_food_f1": 0.35494155154091395,
    "predict_food_number": 432,
    "predict_food_precision": 0.3280943025540275,
    "predict_food_recall": 0.38657407407407407,
    "predict_game_f1": 0.47410358565737054,
    "predict_game_number": 496,
    "predict_game_precision": 0.468503937007874,
    "predict_game_recall": 0.4798387096774194,
    "predict_god_f1": 0.5549215406562054,
    "predict_god_number": 635,
    "predict_god_precision": 0.5071707953063885,
    "predict_god_recall": 0.6125984251968504,
    "predict_government/governmentagency_f1": 0.32038834951456313,
    "predict_government/governmentagency_number": 1535,
    "predict_government/governmentagency_precision": 0.2852058973055414,
    "predict_government/governmentagency_recall": 0.36547231270358305,
    "predict_hospital_f1": 0.6040428061831153,
    "predict_hospital_number": 364,
    "predict_hospital_precision": 0.5324947589098532,
    "predict_hospital_recall": 0.6978021978021978,
    "predict_hotel_f1": 0.5384615384615384,
    "predict_hotel_number": 265,
    "predict_hotel_precision": 0.501628664495114,
    "predict_hotel_recall": 0.5811320754716981,
    "predict_island_f1": 0.5252679938744258,
    "predict_island_number": 646,
    "predict_island_precision": 0.5196969696969697,
    "predict_island_recall": 0.5309597523219814,
    "predict_language_f1": 0.6171967020023558,
    "predict_language_number": 753,
    "predict_language_precision": 0.5544973544973545,
    "predict_language_recall": 0.6958831341301461,
    "predict_law_f1": 0.3729957805907173,
    "predict_law_number": 488,
    "predict_law_precision": 0.3170731707317073,
    "predict_law_recall": 0.45286885245901637,
    "predict_library_f1": 0.4634448574969021,
    "predict_library_number": 357,
    "predict_library_precision": 0.41555555555555557,
    "predict_library_recall": 0.5238095238095238,
    "predict_livingthing_f1": 0.48855721393034823,
    "predict_livingthing_number": 865,
    "predict_livingthing_precision": 0.42882096069868997,
    "predict_livingthing_recall": 0.5676300578034682,
    "predict_loss": 0.6790364980697632,
    "predict_media/newspaper_f1": 0.5189527159046502,
    "predict_media/newspaper_number": 1234,
    "predict_media/newspaper_precision": 0.5011320754716981,
    "predict_media/newspaper_recall": 0.5380875202593193,
    "predict_medical_f1": 0.42118863049095606,
    "predict_medical_number": 397,
    "predict_medical_precision": 0.4323607427055703,
    "predict_medical_recall": 0.4105793450881612,
    "predict_mountain_f1": 0.5484508899143045,
    "predict_mountain_number": 681,
    "predict_mountain_precision": 0.49760765550239233,
    "predict_mountain_recall": 0.6108663729809104,
    "predict_music_f1": 0.6062271062271062,
    "predict_music_number": 1041,
    "predict_music_precision": 0.57917760279965,
    "predict_music_recall": 0.6359269932756965,
    "predict_other_f1": 0.4422101879220695,
    "predict_other_number": 21035,
    "predict_other_precision": 0.40483526902109507,
    "predict_other_recall": 0.4871880199667221,
    "predict_overall_accuracy": 0.8985629507064732,
    "predict_overall_f1": 0.5526888494358856,
    "predict_overall_precision": 0.5140536221590909,
    "predict_overall_recall": 0.5976035173182512,
    "predict_painting_f1": 0.024096385542168676,
    "predict_painting_number": 58,
    "predict_painting_precision": 0.04,
    "predict_painting_recall": 0.017241379310344827,
    "predict_park_f1": 0.418377321603128,