{
    "predict_GPE_f1": 0.8043267296267367,
    "predict_GPE_number": 20409,
    "predict_GPE_precision": 0.7779761904761905,
    "predict_GPE_recall": 0.8325248664804743,
    "predict_actor_f1": 0.7822654114788946,
    "predict_actor_number": 1638,
    "predict_actor_precision": 0.7782477341389729,
    "predict_actor_recall": 0.7863247863247863,
    "predict_airplane_f1": 0.6297411198073449,
    "predict_airplane_number": 794,
    "predict_airplane_precision": 0.6032295271049596,
    "predict_airplane_recall": 0.6586901763224181,
    "predict_airport_f1": 0.7983539094650205,
    "predict_airport_number": 364,
    "predict_airport_precision": 0.7972602739726027,
    "predict_airport_recall": 0.7994505494505495,
    "predict_artist/author_f1": 0.6892349356804333,
    "predict_artist/author_number": 3464,
    "predict_artist/author_precision": 0.6490691150216782,
    "predict_artist/author_recall": 0.7346997690531177,
    "predict_astronomything_f1": 0.6916019760056458,
    "predict_astronomything_number": 678,
    "predict_astronomything_precision": 0.6630581867388363,
    "predict_astronomything_recall": 0.7227138643067846,
    "predict_athlete_f1": 0.8189930964808891,
    "predict_athlete_number": 2907,
    "predict_athlete_precision": 0.8021108179419525,
    "predict_athlete_recall": 0.8366013071895425,
    "predict_attack/battle/war/militaryconflict_f1": 0.6814236111111112,
    "predict_attack/battle/war/militaryconflict_number": 1099,
    "predict_attack/battle/war/militaryconflict_precision": 0.6514522821576764,
    "predict_attack/battle/war/militaryconflict_recall": 0.7142857142857143,
    "predict_award_f1": 0.572139303482587,
    "predict_award_number": 941,
    "predict_award_precision": 0.5378858746492049,
    "predict_award_recall": 0.6110520722635494,
    "predict_biologything_f1": 0.5937823834196891,
    "predict_biologything_number": 1875,
    "predict_biologything_precision": 0.5773299748110832,
    "predict_biologything_recall": 0.6112,
    "predict_bodiesofwater_f1": 0.7105045492142267,
    "predict_bodiesofwater_number": 1169,
    "predict_bodiesofwater_precision": 0.6877502001601281,
    "predict_bodiesofwater_recall": 0.7348160821214713,
    "predict_broadcastprogram_f1": 0.5564784053156147,
    "predict_broadcastprogram_number": 605,
    "predict_broadcastprogram_precision": 0.5592654424040067,
    "predict_broadcastprogram_recall": 0.5537190082644629,
    "predict_car_f1": 0.6795698924731182,
    "predict_car_number": 688,
    "predict_car_precision": 0.6704384724186704,
    "predict_car_recall": 0.688953488372093,
    "predict_chemicalthing_f1": 0.529384965831435,
    "predict_chemicalthing_number": 1014,
    "predict_chemicalthing_precision": 0.49195596951735815,
    "predict_chemicalthing_recall": 0.5729783037475346,
    "predict_company_f1": 0.6560077519379846,
    "predict_company_number": 3903,
    "predict_company_precision": 0.6220997013553871,
    "predict_company_recall": 0.6938252626184986,
    "predict_currency_f1": 0.7236624379481522,
    "predict_currency_number": 799,
    "predict_currency_precision": 0.6469428007889546,
    "predict_currency_recall": 0.8210262828535669,
    "predict_director_f1": 0.6920980926430518,
    "predict_director_number": 554,
    "predict_director_precision": 0.696526508226691,
    "predict_director_recall": 0.6877256317689531,
    "predict_disaster_f1": 0.46934460887949264,
    "predict_disaster_number": 207,
    "predict_disaster_precision": 0.41729323308270677,
    "predict_disaster_recall": 0.5362318840579711,
    "predict_disease_f1": 0.600891861761427,
    "predict_disease_number": 750,
    "predict_disease_precision": 0.5162835249042146,
    "predict_disease_recall": 0.7186666666666667,
    "predict_education_f1": 0.7445358401880142,
    "predict_education_number": 2082,
    "predict_education_precision": 0.7289461573861021,
    "predict_education_recall": 0.760806916426513,
    "predict_educationaldegree_f1": 0.48733413751507837,
    "predict_educationaldegree_number": 367,
    "predict_educationaldegree_precision": 0.43722943722943725,
    "predict_educationaldegree_recall": 0.5504087193460491,
    "predict_election_f1": 0.26732673267326734,
    "predict_election_number": 184,
    "predict_election_precision": 0.24545454545454545,
    "predict_election_recall": 0.29347826086956524,
    "predict_film_f1": 0.6741573033707866,
    "predict_film_number": 759,
    "predict_film_precision": 0.6405693950177936,
    "predict_film_recall": 0.7114624505928854,
    "predict_food_f1": 0.494949494949495,
    "predict_food_number": 432,
    "predict_food_precision": 0.4390681003584229,
    "predict_food_recall": 0.5671296296296297,
    "predict_game_f1": 0.6492462311557788,
    "predict_game_number": 496,
    "predict_game_precision": 0.6472945891783567,
    "predict_game_recall": 0.6512096774193549,
    "predict_god_f1": 0.6151603498542273,
    "predict_god_number": 635,
    "predict_god_precision": 0.5725915875169606,
    "predict_god_recall": 0.6645669291338583,
    "predict_government/governmentagency_f1": 0.4256777812402618,
    "predict_government/governmentagency_number": 1535,
    "predict_government/governmentagency_precision": 0.4080047789725209,
    "predict_government/governmentagency_recall": 0.4449511400651466,
    "predict_hospital_f1": 0.7263556116015133,
    "predict_hospital_number": 364,
    "predict_hospital_precision": 0.6713286713286714,
    "predict_hospital_recall": 0.7912087912087912,
    "predict_hotel_f1": 0.6480836236933797,
    "predict_hotel_number": 265,
    "predict_hotel_precision": 0.6019417475728155,
    "predict_hotel_recall": 0.7018867924528301,
    "predict_island_f1": 0.6645865834633385,
    "predict_island_number": 646,
    "predict_island_precision": 0.6698113207547169,
    "predict_island_recall": 0.6594427244582043,
    "predict_language_f1": 0.7056694813027744,
    "predict_language_number": 753,
    "predict_language_precision": 0.6464088397790055,
    "predict_language_recall": 0.7768924302788844,
    "predict_law_f1": 0.5893536121673004,
    "predict_law_number": 488,
    "predict_law_precision": 0.549645390070922,
    "predict_law_recall": 0.6352459016393442,
    "predict_library_f1": 0.6910569105691058,
    "predict_library_number": 357,
    "predict_library_precision": 0.6692913385826772,
    "predict_library_recall": 0.7142857142857143,
    "predict_livingthing_f1": 0.5785900783289818,
    "predict_livingthing_number": 865,
    "predict_livingthing_precision": 0.5276190476190477,
    "predict_livingthing_recall": 0.6404624277456648,
    "predict_loss": 0.291391521692276,
    "predict_media/newspaper_f1": 0.5978137957029777,
    "predict_media/newspaper_number": 1234,
    "predict_media/newspaper_precision": 0.5588442565186751,
    "predict_media/newspaper_recall": 0.6426256077795786,
    "predict_medical_f1": 0.3989834815756035,
    "predict_medical_number": 397,
    "predict_medical_precision": 0.4025641025641026,
    "predict_medical_recall": 0.3954659949622166,
    "predict_mountain_f1": 0.66384778012685,
    "predict_mountain_number": 681,
    "predict_mountain_precision": 0.6382113821138211,
    "predict_mountain_recall": 0.6916299559471366,
    "predict_music_f1": 0.7404085700049826,
    "predict_music_number": 1041,
    "predict_music_precision": 0.7691511387163561,
    "predict_music_recall": 0.7137367915465899,
    "predict_other_f1": 0.5513424399434763,
    "predict_other_number": 21035,
    "predict_other_precision": 0.5463243873978997,
    "predict_other_recall": 0.5564535298312336,
    "predict_overall_accuracy": 0.9209807459714632,
    "predict_overall_f1": 0.6537203983110974,
    "predict_overall_precision": 0.6294633046369639,
    "predict_overall_recall": 0.6799219749824547,
    "predict_painting_f1": 0.2823529411764706,
    "predict_painting_number": 58,
    "predict_painting_precision": 0.4444444444444444,
    "predict_painting_recall": 0.20689655172413793,
    "predict_park_f1": 0.6305309734513274,