{
    "predict_GPE_f1": 0.7850695525175376,
    "predict_GPE_number": 20409,
    "predict_GPE_precision": 0.7676280550613354,
    "predict_GPE_recall": 0.8033220637953844,
    "predict_actor_f1": 0.7578947368421052,
    "predict_actor_number": 1638,
    "predict_actor_precision": 0.7688442211055276,
    "predict_actor_recall": 0.7472527472527473,
    "predict_airplane_f1": 0.5907172995780591,
    "predict_airplane_number": 794,
    "predict_airplane_precision": 0.5664739884393064,
    "predict_airplane_recall": 0.6171284634760705,
    "predict_airport_f1": 0.7473958333333334,
    "predict_airport_number": 364,
    "predict_airport_precision": 0.7103960396039604,
    "predict_airport_recall": 0.7884615384615384,
    "predict_artist/author_f1": 0.621978021978022,
    "predict_artist/author_number": 3464,
    "predict_artist/author_precision": 0.5932914046121593,
    "predict_artist/author_recall": 0.6535796766743649,
    "predict_astronomything_f1": 0.6868402533427164,
    "predict_astronomything_number": 678,
    "predict_astronomything_precision": 0.6567967698519516,
    "predict_astronomything_recall": 0.7197640117994101,
    "predict_athlete_f1": 0.7801442803160427,
    "predict_athlete_number": 2907,
    "predict_athlete_precision": 0.779073756432247,
    "predict_athlete_recall": 0.7812177502579979,
    "predict_attack/battle/war/militaryconflict_f1": 0.6526766595289079,
    "predict_attack/battle/war/militaryconflict_number": 1099,
    "predict_attack/battle/war/militaryconflict_precision": 0.616504854368932,
    "predict_attack/battle/war/militaryconflict_recall": 0.6933575978161965,
    "predict_award_f1": 0.5228628230616302,
    "predict_award_number": 941,
    "predict_award_precision": 0.4911297852474323,
    "predict_award_recall": 0.5589798087141339,
    "predict_biologything_f1": 0.5597356380274531,
    "predict_biologything_number": 1875,
    "predict_biologything_precision": 0.5347255949490044,
    "predict_biologything_recall": 0.5872,
    "predict_bodiesofwater_f1": 0.6722268557130942,
    "predict_bodiesofwater_number": 1169,
    "predict_bodiesofwater_precision": 0.6558177379983726,
    "predict_bodiesofwater_recall": 0.6894781864841745,
    "predict_broadcastprogram_f1": 0.46496815286624205,
    "predict_broadcastprogram_number": 605,
    "predict_broadcastprogram_precision": 0.4485407066052227,
    "predict_broadcastprogram_recall": 0.4826446280991736,
    "predict_car_f1": 0.6347131445170661,
    "predict_car_number": 688,
    "predict_car_precision": 0.6342525399129173,
    "predict_car_recall": 0.6351744186046512,
    "predict_chemicalthing_f1": 0.49761677788369874,
    "predict_chemicalthing_number": 1014,
    "predict_chemicalthing_precision": 0.48154981549815495,
    "predict_chemicalthing_recall": 0.514792899408284,
    "predict_company_f1": 0.6029153053531037,
    "predict_company_number": 3903,
    "predict_company_precision": 0.5916152897657213,
    "predict_company_recall": 0.614655393287215,
    "predict_currency_f1": 0.6720835751596054,
    "predict_currency_number": 799,
    "predict_currency_precision": 0.6266233766233766,
    "predict_currency_recall": 0.7246558197747184,
    "predict_director_f1": 0.6236749116607773,
    "predict_director_number": 554,
    "predict_director_precision": 0.610726643598616,
    "predict_director_recall": 0.6371841155234657,
    "predict_disaster_f1": 0.421978021978022,
    "predict_disaster_number": 207,
    "predict_disaster_precision": 0.3870967741935484,
    "predict_disaster_recall": 0.463768115942029,
    "predict_disease_f1": 0.5716004813477737,
    "predict_disease_number": 750,
    "predict_disease_precision": 0.5208333333333334,
    "predict_disease_recall": 0.6333333333333333,
    "predict_education_f1": 0.7323943661971832,
    "predict_education_number": 2082,
    "predict_education_precision": 0.7162534435261708,
    "predict_education_recall": 0.7492795389048992,
    "predict_educationaldegree_f1": 0.4597432905484248,
    "predict_educationaldegree_number": 367,
    "predict_educationaldegree_precision": 0.4020408163265306,
    "predict_educationaldegree_recall": 0.5367847411444142,
    "predict_election_f1": 0.21354166666666666,
    "predict_election_number": 184,
    "predict_election_precision": 0.205,
    "predict_election_recall": 0.22282608695652173,
    "predict_film_f1": 0.6544303797468355,
    "predict_film_number": 759,
    "predict_film_precision": 0.6297198538367844,
    "predict_film_recall": 0.6811594202898551,
    "predict_food_f1": 0.42573099415204685,
    "predict_food_number": 432,
    "predict_food_precision": 0.4302600472813239,
    "predict_food_recall": 0.4212962962962963,
    "predict_game_f1": 0.6216484607745779,
    "predict_game_number": 496,
    "predict_game_precision": 0.6125244618395304,
    "predict_game_recall": 0.6310483870967742,
    "predict_god_f1": 0.6098514464425333,
    "predict_god_number": 635,
    "predict_god_precision": 0.6055900621118012,
    "predict_god_recall": 0.6141732283464567,
    "predict_government/governmentagency_f1": 0.36737235367372356,
    "predict_government/governmentagency_number": 1535,
    "predict_government/governmentagency_precision": 0.3518187239117472,
    "predict_government/governmentagency_recall": 0.38436482084690554,
    "predict_hospital_f1": 0.6480304955527318,
    "predict_hospital_number": 364,
    "predict_hospital_precision": 0.6028368794326241,
    "predict_hospital_recall": 0.7005494505494505,
    "predict_hotel_f1": 0.6273062730627307,
    "predict_hotel_number": 265,
    "predict_hotel_precision": 0.6137184115523465,
    "predict_hotel_recall": 0.6415094339622641,
    "predict_island_f1": 0.6188976377952755,
    "predict_island_number": 646,
    "predict_island_precision": 0.6298076923076923,
    "predict_island_recall": 0.608359133126935,
    "predict_language_f1": 0.6608084358523725,
    "predict_language_number": 753,
    "predict_language_precision": 0.5911949685534591,
    "predict_language_recall": 0.749003984063745,
    "predict_law_f1": 0.5107913669064748,
    "predict_law_number": 488,
    "predict_law_precision": 0.4551282051282051,
    "predict_law_recall": 0.5819672131147541,
    "predict_library_f1": 0.649867374005305,
    "predict_library_number": 357,
    "predict_library_precision": 0.6171284634760705,
    "predict_library_recall": 0.6862745098039216,
    "predict_livingthing_f1": 0.5383848454636092,
    "predict_livingthing_number": 865,
    "predict_livingthing_precision": 0.4732690622261174,
    "predict_livingthing_recall": 0.6242774566473989,
    "predict_loss": 0.4185546934604645,
    "predict_media/newspaper_f1": 0.552988047808765,
    "predict_media/newspaper_number": 1234,
    "predict_media/newspaper_precision": 0.5438871473354232,
    "predict_media/newspaper_recall": 0.5623987034035657,
    "predict_medical_f1": 0.4524669073405535,
    "predict_medical_number": 397,
    "predict_medical_precision": 0.43317972350230416,
    "predict_medical_recall": 0.473551637279597,
    "predict_mountain_f1": 0.6453952139231327,
    "predict_mountain_number": 681,
    "predict_mountain_precision": 0.6375358166189111,
    "predict_mountain_recall": 0.6534508076358296,
    "predict_music_f1": 0.6654257794322941,
    "predict_music_number": 1041,
    "predict_music_precision": 0.6453068592057761,
    "predict_music_recall": 0.6868395773294909,
    "predict_other_f1": 0.5086828272971234,
    "predict_other_number": 21035,
    "predict_other_precision": 0.4767606219339819,
    "predict_other_recall": 0.5451865937722843,
    "predict_overall_accuracy": 0.911562188536177,
    "predict_overall_f1": 0.6143733263375688,
    "predict_overall_precision": 0.5902886764635944,
    "predict_overall_recall": 0.6405069561986542,
    "predict_painting_f1": 0.47328244274809156,
    "predict_painting_number": 58,
    "predict_painting_precision": 0.4246575342465753,
    "predict_painting_recall": 0.5344827586206896,
    "predict_park_f1": 0.5595628415300545,
    "predict_park_number": 458,