{
    "predict_GPE_f1": 0.7311441410300725,
    "predict_GPE_number": 20409,
    "predict_GPE_precision": 0.6901592273557818,
    "predict_GPE_recall": 0.7773041305306483,
    "predict_actor_f1": 0.6414860681114551,
    "predict_actor_number": 1638,
    "predict_actor_precision": 0.6507537688442211,
    "predict_actor_recall": 0.6324786324786325,
    "predict_airplane_f1": 0.4824182603331276,
    "predict_airplane_number": 794,
    "predict_airplane_precision": 0.4727932285368803,
    "predict_airplane_recall": 0.4924433249370277,
    "predict_airport_f1": 0.6159600997506236,
    "predict_airport_number": 364,
    "predict_airport_precision": 0.5639269406392694,
    "predict_airport_recall": 0.6785714285714286,
    "predict_artist/author_f1": 0.5317182817182817,
    "predict_artist/author_number": 3464,
    "predict_artist/author_precision": 0.4685299295774648,
    "predict_artist/author_recall": 0.6146073903002309,
    "predict_astronomything_f1": 0.5860597439544807,
    "predict_astronomything_number": 678,
    "predict_astronomything_precision": 0.5659340659340659,
    "predict_astronomything_recall": 0.6076696165191741,
    "predict_athlete_f1": 0.7410878661087867,
    "predict_athlete_number": 2907,
    "predict_athlete_precision": 0.7216427640156454,
    "predict_athlete_recall": 0.7616099071207431,
    "predict_attack/battle/war/militaryconflict_f1": 0.550748752079867,
    "predict_attack/battle/war/militaryconflict_number": 1099,
    "predict_attack/battle/war/militaryconflict_precision": 0.5072796934865901,
    "predict_attack/battle/war/militaryconflict_recall": 0.6023657870791629,
    "predict_award_f1": 0.40814437760296157,
    "predict_award_number": 941,
    "predict_award_precision": 0.3614754098360656,
    "predict_award_recall": 0.46865037194473963,
    "predict_biologything_f1": 0.5086497416310942,
    "predict_biologything_number": 1875,
    "predict_biologything_precision": 0.4394409937888199,
    "predict_biologything_recall": 0.6037333333333333,
    "predict_bodiesofwater_f1": 0.5808527755430409,
    "predict_bodiesofwater_number": 1169,
    "predict_bodiesofwater_precision": 0.548215641609719,
    "predict_bodiesofwater_recall": 0.6176218990590248,
    "predict_broadcastprogram_f1": 0.36025848142164785,
    "predict_broadcastprogram_number": 605,
    "predict_broadcastprogram_precision": 0.3522906793048973,
    "predict_broadcastprogram_recall": 0.3685950413223141,
    "predict_car_f1": 0.5203366058906032,
    "predict_car_number": 688,
    "predict_car_precision": 0.502710027100271,
    "predict_car_recall": 0.5392441860465116,
    "predict_chemicalthing_f1": 0.4406008192990442,
    "predict_chemicalthing_number": 1014,
    "predict_chemicalthing_precision": 0.4091293322062553,
    "predict_chemicalthing_recall": 0.47731755424063116,
    "predict_company_f1": 0.49899244332493703,
    "predict_company_number": 3903,
    "predict_company_precision": 0.49071092395343074,
    "predict_company_recall": 0.5075582884960287,
    "predict_currency_f1": 0.6433486238532111,
    "predict_currency_number": 799,
    "predict_currency_precision": 0.5936507936507937,
    "predict_currency_recall": 0.7021276595744681,
    "predict_director_f1": 0.3783231083844581,
    "predict_director_number": 554,
    "predict_director_precision": 0.4363207547169811,
    "predict_director_recall": 0.33393501805054154,
    "predict_disaster_f1": 0.35,
    "predict_disaster_number": 207,
    "predict_disaster_precision": 0.29073482428115016,
    "predict_disaster_recall": 0.4396135265700483,
    "predict_disease_f1": 0.4784437434279705,
    "predict_disease_number": 750,
    "predict_disease_precision": 0.3949652777777778,
    "predict_disease_recall": 0.6066666666666667,
    "predict_education_f1": 0.5975969167989118,
    "predict_education_number": 2082,
    "predict_education_precision": 0.5659081150708458,
    "predict_education_recall": 0.633045148895293,
    "predict_educationaldegree_f1": 0.3620309050772627,
    "predict_educationaldegree_number": 367,
    "predict_educationaldegree_precision": 0.3042671614100185,
    "predict_educationaldegree_recall": 0.44686648501362397,
    "predict_election_f1": 0.17943107221006563,
    "predict_election_number": 184,
    "predict_election_precision": 0.15018315018315018,
    "predict_election_recall": 0.22282608695652173,
    "predict_film_f1": 0.4922369177688327,
    "predict_film_number": 759,
    "predict_film_precision": 0.43673469387755104,
    "predict_film_recall": 0.5638998682476943,
    "predict_food_f1": 0.3336439888164026,
    "predict_food_number": 432,
    "predict_food_precision": 0.2792511700468019,
    "predict_food_recall": 0.41435185185185186,
    "predict_game_f1": 0.44857982370225263,
    "predict_game_number": 496,
    "predict_game_precision": 0.4361904761904762,
    "predict_game_recall": 0.46169354838709675,
    "predict_god_f1": 0.5297805642633228,
    "predict_god_number": 635,
    "predict_god_precision": 0.5273010920436817,
    "predict_god_recall": 0.5322834645669291,
    "predict_government/governmentagency_f1": 0.28759342301943197,
    "predict_government/governmentagency_number": 1535,
    "predict_government/governmentagency_precision": 0.26574585635359116,
    "predict_government/governmentagency_recall": 0.31335504885993487,
    "predict_hospital_f1": 0.5031605562579015,
    "predict_hospital_number": 364,
    "predict_hospital_precision": 0.46604215456674475,
    "predict_hospital_recall": 0.5467032967032966,
    "predict_hotel_f1": 0.4300341296928328,
    "predict_hotel_number": 265,
    "predict_hotel_precision": 0.3925233644859813,
    "predict_hotel_recall": 0.47547169811320755,
    "predict_island_f1": 0.4956590370955012,
    "predict_island_number": 646,
    "predict_island_precision": 0.5056360708534622,
    "predict_island_recall": 0.48606811145510836,
    "predict_language_f1": 0.5857950974230044,
    "predict_language_number": 753,
    "predict_language_precision": 0.5560859188544153,
    "predict_language_recall": 0.6188579017264276,
    "predict_law_f1": 0.3579496090356212,
    "predict_law_number": 488,
    "predict_law_precision": 0.31070889894419307,
    "predict_law_recall": 0.42213114754098363,
    "predict_library_f1": 0.41102756892230574,
    "predict_library_number": 357,
    "predict_library_precision": 0.37188208616780044,
    "predict_library_recall": 0.45938375350140054,
    "predict_livingthing_f1": 0.3391252246854404,
    "predict_livingthing_number": 865,
    "predict_livingthing_precision": 0.35199004975124376,
    "predict_livingthing_recall": 0.32716763005780347,
    "predict_loss": 0.6803090572357178,
    "predict_media/newspaper_f1": 0.47340641494112873,
    "predict_media/newspaper_number": 1234,
    "predict_media/newspaper_precision": 0.4743694060211554,
    "predict_media/newspaper_recall": 0.47244732576985415,
    "predict_medical_f1": 0.353393085787452,
    "predict_medical_number": 397,
    "predict_medical_precision": 0.359375,
    "predict_medical_recall": 0.34760705289672544,
    "predict_mountain_f1": 0.5069597069597068,
    "predict_mountain_number": 681,
    "predict_mountain_precision": 0.5058479532163743,
    "predict_mountain_recall": 0.5080763582966226,
    "predict_music_f1": 0.5625570776255707,
    "predict_music_number": 1041,
    "predict_music_precision": 0.536118363794604,
    "predict_music_recall": 0.5917387127761767,
    "predict_other_f1": 0.4028798952765354,
    "predict_other_number": 21035,
    "predict_other_precision": 0.3722983870967742,
    "predict_other_recall": 0.4389351081530782,
    "predict_overall_accuracy": 0.8926110738349761,
    "predict_overall_f1": 0.522233125529131,
    "predict_overall_precision": 0.4890536595913366,
    "predict_overall_recall": 0.5602423316682492,
    "predict_painting_f1": 0.15151515151515152,
    "predict_painting_number": 58,
    "predict_painting_precision": 0.13513513513513514,
    "predict_painting_recall": 0.1724137931034483,
    "predict_park_f1": 0.3229689067201605,