{
    "predict_accuracy": 0.925837138756251,
    "predict_f1": 0.6779498417090375,
    "predict_loss": 0.36171814799308777,
    "predict_precision": 0.6636450806140707,
    "predict_recall": 0.6928848614952731,
    "predict_runtime": 152.0363,
    "predict_samples_per_second": 247.619,
    "predict_steps_per_second": 7.742
}