{
    "predict_GPE_f1": 0.7637793399261289,
    "predict_GPE_number": 20409,
    "predict_GPE_precision": 0.7434588977546854,
    "predict_GPE_recall": 0.7852418050859915,
    "predict_actor_f1": 0.6205969346598549,
    "predict_actor_number": 1638,
    "predict_actor_precision": 0.5545410860163383,
    "predict_actor_recall": 0.7045177045177046,
    "predict_airplane_f1": 0.5222551928783383,
    "predict_airplane_number": 794,
    "predict_airplane_precision": 0.49382716049382713,
    "predict_airplane_recall": 0.5541561712846348,
    "predict_airport_f1": 0.7027777777777778,
    "predict_airport_number": 364,
    "predict_airport_precision": 0.7106741573033708,
    "predict_airport_recall": 0.695054945054945,
    "predict_artist/author_f1": 0.5443315948394181,
    "predict_artist/author_number": 3464,
    "predict_artist/author_precision": 0.5188383045525903,
    "predict_artist/author_recall": 0.5724595842956121,
    "predict_astronomything_f1": 0.5325596389426177,
    "predict_astronomything_number": 678,
    "predict_astronomything_precision": 0.47308132875143183,
    "predict_astronomything_recall": 0.6091445427728613,
    "predict_athlete_f1": 0.7564873689637395,
    "predict_athlete_number": 2907,
    "predict_athlete_precision": 0.7558379120879121,
    "predict_athlete_recall": 0.7571379428964569,
    "predict_attack/battle/war/militaryconflict_f1": 0.6148086522462562,
    "predict_attack/battle/war/militaryconflict_number": 1099,
    "predict_attack/battle/war/militaryconflict_precision": 0.5662835249042145,
    "predict_attack/battle/war/militaryconflict_recall": 0.6724294813466788,
    "predict_award_f1": 0.4271284271284272,
    "predict_award_number": 941,
    "predict_award_precision": 0.39015817223198596,
    "predict_award_recall": 0.4718384697130712,
    "predict_biologything_f1": 0.5114323258869908,
    "predict_biologything_number": 1875,
    "predict_biologything_precision": 0.5041450777202072,
    "predict_biologything_recall": 0.5189333333333334,
    "predict_bodiesofwater_f1": 0.610726643598616,
    "predict_bodiesofwater_number": 1169,
    "predict_bodiesofwater_precision": 0.6176727909011374,
    "predict_bodiesofwater_recall": 0.6039349871685201,
    "predict_broadcastprogram_f1": 0.40060929169840054,
    "predict_broadcastprogram_number": 605,
    "predict_broadcastprogram_precision": 0.3714689265536723,
    "predict_broadcastprogram_recall": 0.43471074380165287,
    "predict_car_f1": 0.5971563981042655,
    "predict_car_number": 688,
    "predict_car_precision": 0.6539792387543253,
    "predict_car_recall": 0.5494186046511628,
    "predict_chemicalthing_f1": 0.4935641367066134,
    "predict_chemicalthing_number": 1014,
    "predict_chemicalthing_precision": 0.4487489911218725,
    "predict_chemicalthing_recall": 0.5483234714003945,
    "predict_company_f1": 0.5720637273064099,
    "predict_company_number": 3903,
    "predict_company_precision": 0.5522174535050072,
    "predict_company_recall": 0.5933897002305919,
    "predict_currency_f1": 0.5906432748538012,
    "predict_currency_number": 799,
    "predict_currency_precision": 0.5543358946212953,
    "predict_currency_recall": 0.6320400500625782,
    "predict_director_f1": 0.4858757062146893,
    "predict_director_number": 554,
    "predict_director_precision": 0.5078740157480315,
    "predict_director_recall": 0.4657039711191336,
    "predict_disaster_f1": 0.1904761904761905,
    "predict_disaster_number": 207,
    "predict_disaster_precision": 0.2777777777777778,
    "predict_disaster_recall": 0.14492753623188406,
    "predict_disease_f1": 0.49356725146198827,
    "predict_disease_number": 750,
    "predict_disease_precision": 0.4395833333333333,
    "predict_disease_recall": 0.5626666666666666,
    "predict_education_f1": 0.6713349898351028,
    "predict_education_number": 2082,
    "predict_education_precision": 0.6336886993603411,
    "predict_education_recall": 0.7137367915465899,
    "predict_educationaldegree_f1": 0.41340782122905034,
    "predict_educationaldegree_number": 367,
    "predict_educationaldegree_precision": 0.3503787878787879,
    "predict_educationaldegree_recall": 0.5040871934604905,
    "predict_election_f1": 0.18497109826589597,
    "predict_election_number": 184,
    "predict_election_precision": 0.19753086419753085,
    "predict_election_recall": 0.17391304347826086,
    "predict_film_f1": 0.5248769819573538,
    "predict_film_number": 759,
    "predict_film_precision": 0.4485981308411215,
    "predict_film_recall": 0.6324110671936759,
    "predict_food_f1": 0.39019607843137255,
    "predict_food_number": 432,
    "predict_food_precision": 0.33843537414965985,
    "predict_food_recall": 0.46064814814814814,
    "predict_game_f1": 0.5454545454545455,
    "predict_game_number": 496,
    "predict_game_precision": 0.5971223021582733,
    "predict_game_recall": 0.5020161290322581,
    "predict_god_f1": 0.49081803005008345,
    "predict_god_number": 635,
    "predict_god_precision": 0.522202486678508,
    "predict_god_recall": 0.462992125984252,
    "predict_government/governmentagency_f1": 0.3043956043956044,
    "predict_government/governmentagency_number": 1535,
    "predict_government/governmentagency_precision": 0.26318289786223276,
    "predict_government/governmentagency_recall": 0.36091205211726385,
    "predict_hospital_f1": 0.625158831003812,
    "predict_hospital_number": 364,
    "predict_hospital_precision": 0.5815602836879432,
    "predict_hospital_recall": 0.6758241758241759,
    "predict_hotel_f1": 0.5480427046263345,
    "predict_hotel_number": 265,
    "predict_hotel_precision": 0.5185185185185185,
    "predict_hotel_recall": 0.5811320754716981,
    "predict_island_f1": 0.48657187993680884,
    "predict_island_number": 646,
    "predict_island_precision": 0.4967741935483871,
    "predict_island_recall": 0.47678018575851394,
    "predict_language_f1": 0.5774193548387098,
    "predict_language_number": 753,
    "predict_language_precision": 0.48509485094850946,
    "predict_language_recall": 0.7131474103585658,
    "predict_law_f1": 0.39480097481722176,
    "predict_law_number": 488,
    "predict_law_precision": 0.32705248990578734,
    "predict_law_recall": 0.4979508196721312,
    "predict_library_f1": 0.5699614890885751,
    "predict_library_number": 357,
    "predict_library_precision": 0.5260663507109005,
    "predict_library_recall": 0.6218487394957983,
    "predict_livingthing_f1": 0.5259336099585061,
    "predict_livingthing_number": 865,
    "predict_livingthing_precision": 0.47695202257761055,
    "predict_livingthing_recall": 0.5861271676300578,
    "predict_loss": 0.5099255442619324,
    "predict_media/newspaper_f1": 0.5521958243340533,
    "predict_media/newspaper_number": 1234,
    "predict_media/newspaper_precision": 0.49676165803108807,
    "predict_media/newspaper_recall": 0.6215559157212318,
    "predict_medical_f1": 0.3867549668874173,
    "predict_medical_number": 397,
    "predict_medical_precision": 0.40782122905027934,
    "predict_medical_recall": 0.3677581863979849,
    "predict_mountain_f1": 0.5514612452350699,
    "predict_mountain_number": 681,
    "predict_mountain_precision": 0.48600223964165734,
    "predict_mountain_recall": 0.6372980910425844,
    "predict_music_f1": 0.5846456692913387,
    "predict_music_number": 1041,
    "predict_music_precision": 0.5993945509586277,
    "predict_music_recall": 0.5706051873198847,
    "predict_other_f1": 0.44174337362759236,
    "predict_other_number": 21035,
    "predict_other_precision": 0.41405405405405404,
    "predict_other_recall": 0.47340147373425245,
    "predict_overall_accuracy": 0.8994695207881406,
    "predict_overall_f1": 0.5592393575155714,
    "predict_overall_precision": 0.5283290799933905,
    "predict_overall_recall": 0.59399124798745,
    "predict_painting_f1": 0.0,
    "predict_painting_number": 58,
    "predict_painting_precision": 0.0,
    "predict_painting_recall": 0.0,
    "predict_park_f1": 0.4585987261146497,