{
    "predict_accuracy": 0.9263756522418881,
    "predict_f1": 0.674910451966032,
    "predict_loss": 0.27672794461250305,
    "predict_precision": 0.6583761925326842,
    "predict_recall": 0.6922965776328283,
    "predict_runtime": 167.9802,
    "predict_samples_per_second": 224.116,
    "predict_steps_per_second": 7.007
}