{
    "predict_accuracy": 0.9259272529080814,
    "predict_f1": 0.6750864319480703,
    "predict_loss": 0.3071572780609131,
    "predict_precision": 0.6596670934699104,
    "predict_recall": 0.6912438591421376,
    "predict_runtime": 156.3559,
    "predict_samples_per_second": 240.778,
    "predict_steps_per_second": 7.528
}