{
    "predict_GPE_f1": 0.743675353485558,
    "predict_GPE_number": 20409,
    "predict_GPE_precision": 0.6851928317780164,
    "predict_GPE_recall": 0.8130726640207752,
    "predict_actor_f1": 0.6565300027151779,
    "predict_actor_number": 1638,
    "predict_actor_precision": 0.5911980440097799,
    "predict_actor_recall": 0.7380952380952381,
    "predict_airplane_f1": 0.48712667353244077,
    "predict_airplane_number": 794,
    "predict_airplane_precision": 0.41202090592334495,
    "predict_airplane_recall": 0.5957178841309824,
    "predict_airport_f1": 0.0670611439842209,
    "predict_airport_number": 364,
    "predict_airport_precision": 0.11888111888111888,
    "predict_airport_recall": 0.046703296703296704,
    "predict_artist/author_f1": 0.5387328912092564,
    "predict_artist/author_number": 3464,
    "predict_artist/author_precision": 0.5269113993927684,
    "predict_artist/author_recall": 0.5510969976905312,
    "predict_astronomything_f1": 0.5558121632024634,
    "predict_astronomything_number": 678,
    "predict_astronomything_precision": 0.5813204508856683,
    "predict_astronomything_recall": 0.532448377581121,
    "predict_athlete_f1": 0.7811228641171684,
    "predict_athlete_number": 2907,
    "predict_athlete_precision": 0.7411982705373688,
    "predict_athlete_recall": 0.8255933952528379,
    "predict_attack/battle/war/militaryconflict_f1": 0.5017397355601947,
    "predict_attack/battle/war/militaryconflict_number": 1099,
    "predict_attack/battle/war/militaryconflict_precision": 0.40619718309859154,
    "predict_attack/battle/war/militaryconflict_recall": 0.6560509554140127,
    "predict_award_f1": 0.375676801332778,
    "predict_award_number": 941,
    "predict_award_precision": 0.3089041095890411,
    "predict_award_recall": 0.47927736450584485,
    "predict_biologything_f1": 0.4831027443864822,
    "predict_biologything_number": 1875,
    "predict_biologything_precision": 0.420284135753749,
    "predict_biologything_recall": 0.568,
    "predict_bodiesofwater_f1": 0.539544235924933,
    "predict_bodiesofwater_number": 1169,
    "predict_bodiesofwater_precision": 0.44352617079889806,
    "predict_bodiesofwater_recall": 0.688622754491018,
    "predict_broadcastprogram_f1": 0.19999999999999998,
    "predict_broadcastprogram_number": 605,
    "predict_broadcastprogram_precision": 0.3469387755102041,
    "predict_broadcastprogram_recall": 0.14049586776859505,
    "predict_car_f1": 0.5741626794258373,
    "predict_car_number": 688,
    "predict_car_precision": 0.4878048780487805,
    "predict_car_recall": 0.6976744186046512,
    "predict_chemicalthing_f1": 0.0,
    "predict_chemicalthing_number": 1014,
    "predict_chemicalthing_precision": 0.0,
    "predict_chemicalthing_recall": 0.0,
    "predict_company_f1": 0.5683646112600536,
    "predict_company_number": 3903,
    "predict_company_precision": 0.5038621509209744,
    "predict_company_recall": 0.6518063028439662,
    "predict_currency_f1": 0.615839243498818,
    "predict_currency_number": 799,
    "predict_currency_precision": 0.5834266517357223,
    "predict_currency_recall": 0.6520650813516896,
    "predict_director_f1": 0.08598726114649681,
    "predict_director_number": 554,
    "predict_director_precision": 0.36486486486486486,
    "predict_director_recall": 0.048736462093862815,
    "predict_disaster_f1": 0.0,
    "predict_disaster_number": 207,
    "predict_disaster_precision": 0.0,
    "predict_disaster_recall": 0.0,
    "predict_disease_f1": 0.26608695652173914,
    "predict_disease_number": 750,
    "predict_disease_precision": 0.3825,
    "predict_disease_recall": 0.204,
    "predict_education_f1": 0.6160337552742616,
    "predict_education_number": 2082,
    "predict_education_precision": 0.5492851768246803,
    "predict_education_recall": 0.7012487992315082,
    "predict_educationaldegree_f1": 0.41603466955579627,
    "predict_educationaldegree_number": 367,
    "predict_educationaldegree_precision": 0.34532374100719426,
    "predict_educationaldegree_recall": 0.5231607629427792,
    "predict_election_f1": 0.0,
    "predict_election_number": 184,
    "predict_election_precision": 0.0,
    "predict_election_recall": 0.0,
    "predict_film_f1": 0.3833116036505867,
    "predict_film_number": 759,
    "predict_film_precision": 0.28599221789883267,
    "predict_film_recall": 0.5810276679841897,
    "predict_food_f1": 0.29210526315789476,
    "predict_food_number": 432,
    "predict_food_precision": 0.3384146341463415,
    "predict_food_recall": 0.2569444444444444,
    "predict_game_f1": 0.0,
    "predict_game_number": 496,
    "predict_game_precision": 0.0,
    "predict_game_recall": 0.0,
    "predict_god_f1": 0.17403708987161198,
    "predict_god_number": 635,
    "predict_god_precision": 0.9242424242424242,
    "predict_god_recall": 0.09606299212598425,
    "predict_government/governmentagency_f1": 0.2686230248306998,
    "predict_government/governmentagency_number": 1535,
    "predict_government/governmentagency_precision": 0.23693379790940766,
    "predict_government/governmentagency_recall": 0.31009771986970686,
    "predict_hospital_f1": 0.010362694300518135,
    "predict_hospital_number": 364,
    "predict_hospital_precision": 0.09090909090909091,
    "predict_hospital_recall": 0.005494505494505495,
    "predict_hotel_f1": 0.05333333333333333,
    "predict_hotel_number": 265,
    "predict_hotel_precision": 0.22857142857142856,
    "predict_hotel_recall": 0.03018867924528302,
    "predict_island_f1": 0.45156250000000003,
    "predict_island_number": 646,
    "predict_island_precision": 0.4558359621451104,
    "predict_island_recall": 0.4473684210526316,
    "predict_language_f1": 0.5625388923459863,
    "predict_language_number": 753,
    "predict_language_precision": 0.5292740046838408,
    "predict_language_recall": 0.600265604249668,
    "predict_law_f1": 0.29874776386404295,
    "predict_law_number": 488,
    "predict_law_precision": 0.2650793650793651,
    "predict_law_recall": 0.3422131147540984,
    "predict_library_f1": 0.0,
    "predict_library_number": 357,
    "predict_library_precision": 0.0,
    "predict_library_recall": 0.0,
    "predict_livingthing_f1": 0.4265828468792097,
    "predict_livingthing_number": 865,
    "predict_livingthing_precision": 0.3487518355359765,
    "predict_livingthing_recall": 0.5491329479768786,
    "predict_loss": 0.4393618106842041,
    "predict_media/newspaper_f1": 0.5173176123802506,
    "predict_media/newspaper_number": 1234,
    "predict_media/newspaper_precision": 0.4743243243243243,
    "predict_media/newspaper_recall": 0.5688816855753647,
    "predict_medical_f1": 0.24019024970273484,
    "predict_medical_number": 397,
    "predict_medical_precision": 0.15719844357976653,
    "predict_medical_recall": 0.5088161209068011,
    "predict_mountain_f1": 0.26410835214446954,
    "predict_mountain_number": 681,
    "predict_mountain_precision": 0.5707317073170731,
    "predict_mountain_recall": 0.17180616740088106,
    "predict_music_f1": 0.5387205387205387,
    "predict_music_number": 1041,
    "predict_music_precision": 0.5394990366088632,
    "predict_music_recall": 0.5379442843419788,
    "predict_other_f1": 0.4321340433822574,
    "predict_other_number": 21035,
    "predict_other_precision": 0.3967168806391351,
    "predict_other_recall": 0.47449488946993107,
    "predict_overall_accuracy": 0.8908609050066554,
    "predict_overall_f1": 0.5273005350586442,
    "predict_overall_precision": 0.49509399773499435,
    "predict_overall_recall": 0.563988771002766,
    "predict_painting_f1": 0.0,
    "predict_painting_number": 58,
    "predict_painting_precision": 0.0,
    "predict_painting_recall": 0.0,
    "predict_park_f1": 0.0,
    "predict_park_number": 458,
    "predict_park_precision": 0.0,
    "predict_park_recall": 0.0,
    "predict_politicalparty_f1": 0.585305105853051,
    "predict_politicalparty_number": 1057,
    "predict_politicalparty_precision": 0.5214497041420119,