{
    "predict_GPE_f1": 0.7734683736008897,
    "predict_GPE_number": 20409,
    "predict_GPE_precision": 0.7479633867276888,
    "predict_GPE_recall": 0.8007741682591014,
    "predict_actor_f1": 0.6346261944912872,
    "predict_actor_number": 1638,
    "predict_actor_precision": 0.5880208333333333,
    "predict_actor_recall": 0.6892551892551892,
    "predict_airplane_f1": 0.47831474597273854,
    "predict_airplane_number": 794,
    "predict_airplane_precision": 0.47073170731707314,
    "predict_airplane_recall": 0.48614609571788414,
    "predict_airport_f1": 0.7340720221606648,
    "predict_airport_number": 364,
    "predict_airport_precision": 0.7402234636871509,
    "predict_airport_recall": 0.728021978021978,
    "predict_artist/author_f1": 0.5405786873676781,
    "predict_artist/author_number": 3464,
    "predict_artist/author_precision": 0.5288594310963822,
    "predict_artist/author_recall": 0.5528290993071594,
    "predict_astronomything_f1": 0.6508960573476702,
    "predict_astronomything_number": 678,
    "predict_astronomything_precision": 0.6331938633193863,
    "predict_astronomything_recall": 0.6696165191740413,
    "predict_athlete_f1": 0.6828009035172636,
    "predict_athlete_number": 2907,
    "predict_athlete_precision": 0.6429656639319355,
    "predict_athlete_recall": 0.7278981768145855,
    "predict_attack/battle/war/militaryconflict_f1": 0.6109510086455332,
    "predict_attack/battle/war/militaryconflict_number": 1099,
    "predict_attack/battle/war/militaryconflict_precision": 0.5578947368421052,
    "predict_attack/battle/war/militaryconflict_recall": 0.6751592356687898,
    "predict_award_f1": 0.48927875243664715,
    "predict_award_number": 941,
    "predict_award_precision": 0.45184518451845185,
    "predict_award_recall": 0.5334750265674814,
    "predict_biologything_f1": 0.5112200154758834,
    "predict_biologything_number": 1875,
    "predict_biologything_precision": 0.495004995004995,
    "predict_biologything_recall": 0.5285333333333333,
    "predict_bodiesofwater_f1": 0.6655546288573813,
    "predict_bodiesofwater_number": 1169,
    "predict_bodiesofwater_precision": 0.6493083807973963,
    "predict_bodiesofwater_recall": 0.6826347305389222,
    "predict_broadcastprogram_f1": 0.4227234753550543,
    "predict_broadcastprogram_number": 605,
    "predict_broadcastprogram_precision": 0.42736486486486486,
    "predict_broadcastprogram_recall": 0.41818181818181815,
    "predict_car_f1": 0.5350609756097562,
    "predict_car_number": 688,
    "predict_car_precision": 0.5625,
    "predict_car_recall": 0.5101744186046512,
    "predict_chemicalthing_f1": 0.4578738420820468,
    "predict_chemicalthing_number": 1014,
    "predict_chemicalthing_precision": 0.4142059058260176,
    "predict_chemicalthing_recall": 0.5118343195266272,
    "predict_company_f1": 0.5555117592957561,
    "predict_company_number": 3903,
    "predict_company_precision": 0.5701186623516721,
    "predict_company_recall": 0.5416346400204971,
    "predict_currency_f1": 0.6467268623024831,
    "predict_currency_number": 799,
    "predict_currency_precision": 0.5889003083247688,
    "predict_currency_recall": 0.7171464330413017,
    "predict_director_f1": 0.5383386581469648,
    "predict_director_number": 554,
    "predict_director_precision": 0.4828080229226361,
    "predict_director_recall": 0.6083032490974729,
    "predict_disaster_f1": 0.375,
    "predict_disaster_number": 207,
    "predict_disaster_precision": 0.34854771784232363,
    "predict_disaster_recall": 0.4057971014492754,
    "predict_disease_f1": 0.5137186223000583,
    "predict_disease_number": 750,
    "predict_disease_precision": 0.4569055036344756,
    "predict_disease_recall": 0.5866666666666667,
    "predict_education_f1": 0.6943718831631441,
    "predict_education_number": 2082,
    "predict_education_precision": 0.6867073743541569,
    "predict_education_recall": 0.7022094140249759,
    "predict_educationaldegree_f1": 0.3908872901678657,
    "predict_educationaldegree_number": 367,
    "predict_educationaldegree_precision": 0.3490364025695932,
    "predict_educationaldegree_recall": 0.444141689373297,
    "predict_election_f1": 0.22332506203473942,
    "predict_election_number": 184,
    "predict_election_precision": 0.2054794520547945,
    "predict_election_recall": 0.24456521739130435,
    "predict_film_f1": 0.48303167420814486,
    "predict_film_number": 759,
    "predict_film_precision": 0.423191278493558,
    "predict_film_recall": 0.5625823451910409,
    "predict_food_f1": 0.3570646221248631,
    "predict_food_number": 432,
    "predict_food_precision": 0.3388773388773389,
    "predict_food_recall": 0.3773148148148148,
    "predict_game_f1": 0.5005213764337852,
    "predict_game_number": 496,
    "predict_game_precision": 0.5183585313174947,
    "predict_game_recall": 0.4838709677419355,
    "predict_god_f1": 0.5272579332790887,
    "predict_god_number": 635,
    "predict_god_precision": 0.5454545454545454,
    "predict_god_recall": 0.510236220472441,
    "predict_government/governmentagency_f1": 0.32418376191852066,
    "predict_government/governmentagency_number": 1535,
    "predict_government/governmentagency_precision": 0.29127725856697817,
    "predict_government/governmentagency_recall": 0.36547231270358305,
    "predict_hospital_f1": 0.643867924528302,
    "predict_hospital_number": 364,
    "predict_hospital_precision": 0.5640495867768595,
    "predict_hospital_recall": 0.75,
    "predict_hotel_f1": 0.5734767025089605,
    "predict_hotel_number": 265,
    "predict_hotel_precision": 0.5460750853242321,
    "predict_hotel_recall": 0.6037735849056604,
    "predict_island_f1": 0.5772151898734177,
    "predict_island_number": 646,
    "predict_island_precision": 0.634508348794063,
    "predict_island_recall": 0.5294117647058824,
    "predict_language_f1": 0.6304477611940299,
    "predict_language_number": 753,
    "predict_language_precision": 0.5726681127982647,
    "predict_language_recall": 0.701195219123506,
    "predict_law_f1": 0.4793536804308797,
    "predict_law_number": 488,
    "predict_law_precision": 0.426517571884984,
    "predict_law_recall": 0.5471311475409836,
    "predict_library_f1": 0.6342141863699582,
    "predict_library_number": 357,
    "predict_library_precision": 0.6298342541436464,
    "predict_library_recall": 0.6386554621848739,
    "predict_livingthing_f1": 0.42922899884925203,
    "predict_livingthing_number": 865,
    "predict_livingthing_precision": 0.427262313860252,
    "predict_livingthing_recall": 0.43121387283236995,
    "predict_loss": 0.6150224208831787,
    "predict_media/newspaper_f1": 0.5486455551316292,
    "predict_media/newspaper_number": 1234,
    "predict_media/newspaper_precision": 0.5183850036049027,
    "predict_media/newspaper_recall": 0.5826580226904376,
    "predict_medical_f1": 0.4044117647058824,
    "predict_medical_number": 397,
    "predict_medical_precision": 0.3937947494033413,
    "predict_medical_recall": 0.4156171284634761,
    "predict_mountain_f1": 0.5991379310344828,
    "predict_mountain_number": 681,
    "predict_mountain_precision": 0.5864978902953587,
    "predict_mountain_recall": 0.6123348017621145,
    "predict_music_f1": 0.560377358490566,
    "predict_music_number": 1041,
    "predict_music_precision": 0.5505097312326228,
    "predict_music_recall": 0.5706051873198847,
    "predict_other_f1": 0.46667985840863624,
    "predict_other_number": 21035,
    "predict_other_precision": 0.4341050392670157,
    "predict_other_recall": 0.5045400522937961,
    "predict_overall_accuracy": 0.9012490038586228,
    "predict_overall_f1": 0.5690645151791761,
    "predict_overall_precision": 0.5424892864494638,
    "predict_overall_recall": 0.5983775750319944,
    "predict_painting_f1": 0.16071428571428573,
    "predict_painting_number": 58,
    "predict_painting_precision": 0.16666666666666666,
    "predict_painting_recall": 0.15517241379310345,
    "predict_park_f1": 0.5811764705882353,
    "predict_park_number": 458,