{
    "predict_GPE_f1": 0.761332033942621,
    "predict_GPE_number": 20409,
    "predict_GPE_precision": 0.7393130828178377,
    "predict_GPE_recall": 0.7847028271840855,
    "predict_actor_f1": 0.7229933614966808,
    "predict_actor_number": 1638,
    "predict_actor_precision": 0.7147971360381862,
    "predict_actor_recall": 0.7313797313797313,
    "predict_airplane_f1": 0.5091575091575091,
    "predict_airplane_number": 794,
    "predict_airplane_precision": 0.4940758293838863,
    "predict_airplane_recall": 0.5251889168765743,
    "predict_airport_f1": 0.6352941176470589,
    "predict_airport_number": 364,
    "predict_airport_precision": 0.5555555555555556,
    "predict_airport_recall": 0.7417582417582418,
    "predict_artist/author_f1": 0.5895861148197598,
    "predict_artist/author_number": 3464,
    "predict_artist/author_precision": 0.5484351713859911,
    "predict_artist/author_recall": 0.6374133949191686,
    "predict_astronomything_f1": 0.6391752577319588,
    "predict_astronomything_number": 678,
    "predict_astronomything_precision": 0.5984555984555985,
    "predict_astronomything_recall": 0.6858407079646017,
    "predict_athlete_f1": 0.7702747434624297,
    "predict_athlete_number": 2907,
    "predict_athlete_precision": 0.7422647527910686,
    "predict_athlete_recall": 0.8004815961472308,
    "predict_attack/battle/war/militaryconflict_f1": 0.6343949044585987,
    "predict_attack/battle/war/militaryconflict_number": 1099,
    "predict_attack/battle/war/militaryconflict_precision": 0.5947452229299363,
    "predict_attack/battle/war/militaryconflict_recall": 0.6797088262056415,
    "predict_award_f1": 0.47778308647873863,
    "predict_award_number": 941,
    "predict_award_precision": 0.4340277777777778,
    "predict_award_recall": 0.5313496280552603,
    "predict_biologything_f1": 0.5226306576644161,
    "predict_biologything_number": 1875,
    "predict_biologything_precision": 0.4919962335216573,
    "predict_biologything_recall": 0.5573333333333333,
    "predict_bodiesofwater_f1": 0.5991489361702127,
    "predict_bodiesofwater_number": 1169,
    "predict_bodiesofwater_precision": 0.5961049957662997,
    "predict_bodiesofwater_recall": 0.602224123182207,
    "predict_broadcastprogram_f1": 0.4422032583397983,
    "predict_broadcastprogram_number": 605,
    "predict_broadcastprogram_precision": 0.4166666666666667,
    "predict_broadcastprogram_recall": 0.47107438016528924,
    "predict_car_f1": 0.5628002745367193,
    "predict_car_number": 688,
    "predict_car_precision": 0.5331599479843954,
    "predict_car_recall": 0.5959302325581395,
    "predict_chemicalthing_f1": 0.4600585529067336,
    "predict_chemicalthing_number": 1014,
    "predict_chemicalthing_precision": 0.39941902687000724,
    "predict_chemicalthing_recall": 0.5424063116370809,
    "predict_company_f1": 0.5528255528255528,
    "predict_company_number": 3903,
    "predict_company_precision": 0.531036110455511,
    "predict_company_recall": 0.5764796310530361,
    "predict_currency_f1": 0.6497890295358649,
    "predict_currency_number": 799,
    "predict_currency_precision": 0.6267441860465116,
    "predict_currency_recall": 0.6745932415519399,
    "predict_director_f1": 0.5669724770642203,
    "predict_director_number": 554,
    "predict_director_precision": 0.5764925373134329,
    "predict_director_recall": 0.5577617328519856,
    "predict_disaster_f1": 0.28634361233480177,
    "predict_disaster_number": 207,
    "predict_disaster_precision": 0.2631578947368421,
    "predict_disaster_recall": 0.3140096618357488,
    "predict_disease_f1": 0.5201845444059977,
    "predict_disease_number": 750,
    "predict_disease_precision": 0.4583333333333333,
    "predict_disease_recall": 0.6013333333333334,
    "predict_education_f1": 0.6613995485327314,
    "predict_education_number": 2082,
    "predict_education_precision": 0.6239352640545145,
    "predict_education_recall": 0.7036503362151777,
    "predict_educationaldegree_f1": 0.430844553243574,
    "predict_educationaldegree_number": 367,
    "predict_educationaldegree_precision": 0.39111111111111113,
    "predict_educationaldegree_recall": 0.47956403269754766,
    "predict_election_f1": 0.15841584158415842,
    "predict_election_number": 184,
    "predict_election_precision": 0.14545454545454545,
    "predict_election_recall": 0.17391304347826086,
    "predict_film_f1": 0.5723192019950125,
    "predict_film_number": 759,
    "predict_film_precision": 0.5431952662721894,
    "predict_film_recall": 0.6047430830039525,
    "predict_food_f1": 0.3986409966024915,
    "predict_food_number": 432,
    "predict_food_precision": 0.3902439024390244,
    "predict_food_recall": 0.4074074074074074,
    "predict_game_f1": 0.5589430894308943,
    "predict_game_number": 496,
    "predict_game_precision": 0.5635245901639344,
    "predict_game_recall": 0.5544354838709677,
    "predict_god_f1": 0.5560165975103735,
    "predict_god_number": 635,
    "predict_god_precision": 0.5877192982456141,
    "predict_god_recall": 0.5275590551181102,
    "predict_government/governmentagency_f1": 0.29740220961481034,
    "predict_government/governmentagency_number": 1535,
    "predict_government/governmentagency_precision": 0.2745314222712238,
    "predict_government/governmentagency_recall": 0.3244299674267101,
    "predict_hospital_f1": 0.5338753387533876,
    "predict_hospital_number": 364,
    "predict_hospital_precision": 0.5267379679144385,
    "predict_hospital_recall": 0.5412087912087912,
    "predict_hotel_f1": 0.5494137353433834,
    "predict_hotel_number": 265,
    "predict_hotel_precision": 0.4939759036144578,
    "predict_hotel_recall": 0.6188679245283019,
    "predict_island_f1": 0.5136876006441223,
    "predict_island_number": 646,
    "predict_island_precision": 0.535234899328859,
    "predict_island_recall": 0.4938080495356037,
    "predict_language_f1": 0.6062759029011249,
    "predict_language_number": 753,
    "predict_language_precision": 0.5470085470085471,
    "predict_language_recall": 0.6799468791500664,
    "predict_law_f1": 0.4638447971781305,
    "predict_law_number": 488,
    "predict_law_precision": 0.4071207430340557,
    "predict_law_recall": 0.5389344262295082,
    "predict_library_f1": 0.5806451612903225,
    "predict_library_number": 357,
    "predict_library_precision": 0.5211581291759465,
    "predict_library_recall": 0.6554621848739496,
    "predict_livingthing_f1": 0.47908366533864544,
    "predict_livingthing_number": 865,
    "predict_livingthing_precision": 0.42082239720035,
    "predict_livingthing_recall": 0.5560693641618497,
    "predict_loss": 0.644744873046875,
    "predict_media/newspaper_f1": 0.5104981473857554,
    "predict_media/newspaper_number": 1234,
    "predict_media/newspaper_precision": 0.5188284518828452,
    "predict_media/newspaper_recall": 0.5024311183144247,
    "predict_medical_f1": 0.31643625192012287,
    "predict_medical_number": 397,
    "predict_medical_precision": 0.40551181102362205,
    "predict_medical_recall": 0.2594458438287154,
    "predict_mountain_f1": 0.5792426367461431,
    "predict_mountain_number": 681,
    "predict_mountain_precision": 0.5543624161073826,
    "predict_mountain_recall": 0.6064610866372981,
    "predict_music_f1": 0.6038756196484903,
    "predict_music_number": 1041,
    "predict_music_precision": 0.568760611205433,
    "predict_music_recall": 0.643611911623439,
    "predict_other_f1": 0.4535755922658982,
    "predict_other_number": 21035,
    "predict_other_precision": 0.42209121427986573,
    "predict_other_recall": 0.49013548847159494,
    "predict_overall_accuracy": 0.9019482028198129,
    "predict_overall_f1": 0.5677195004615407,
    "predict_overall_precision": 0.5388616408763456,
    "predict_overall_recall": 0.5998431243033481,
    "predict_painting_f1": 0.27586206896551724,
    "predict_painting_number": 58,
    "predict_painting_precision": 0.27586206896551724,
    "predict_painting_recall": 0.27586206896551724,
    "predict_park_f1": 0.3827160493827161,