{
    "predict_accuracy": 0.92658085193702,
    "predict_f1": 0.6763117594906101,
    "predict_loss": 0.2648012936115265,
    "predict_precision": 0.6605786262546742,
    "predict_recall": 0.6928126161086571,
    "predict_runtime": 165.6665,
    "predict_samples_per_second": 227.246,
    "predict_steps_per_second": 7.105
}