{
    "predict_GPE_f1": 0.7518270473504877,
    "predict_GPE_number": 20409,
    "predict_GPE_precision": 0.7223426352388693,
    "predict_GPE_recall": 0.7838208633446029,
    "predict_actor_f1": 0.6874046965538274,
    "predict_actor_number": 1638,
    "predict_actor_precision": 0.6867763558805606,
    "predict_actor_recall": 0.688034188034188,
    "predict_airplane_f1": 0.5082159624413146,
    "predict_airplane_number": 794,
    "predict_airplane_precision": 0.4758241758241758,
    "predict_airplane_recall": 0.5453400503778337,
    "predict_airport_f1": 0.5655471289274107,
    "predict_airport_number": 364,
    "predict_airport_precision": 0.4669051878354204,
    "predict_airport_recall": 0.717032967032967,
    "predict_artist/author_f1": 0.5802047781569967,
    "predict_artist/author_number": 3464,
    "predict_artist/author_precision": 0.5320173326913819,
    "predict_artist/author_recall": 0.6379907621247113,
    "predict_astronomything_f1": 0.6373477672530447,
    "predict_astronomything_number": 678,
    "predict_astronomything_precision": 0.58875,
    "predict_astronomything_recall": 0.6946902654867256,
    "predict_athlete_f1": 0.7707727125767863,
    "predict_athlete_number": 2907,
    "predict_athlete_precision": 0.7270509301616347,
    "predict_athlete_recall": 0.8200894392844857,
    "predict_attack/battle/war/militaryconflict_f1": 0.6122090469916556,
    "predict_attack/battle/war/militaryconflict_number": 1099,
    "predict_attack/battle/war/militaryconflict_precision": 0.5916808149405772,
    "predict_attack/battle/war/militaryconflict_recall": 0.6342129208371247,
    "predict_award_f1": 0.42449742870500234,
    "predict_award_number": 941,
    "predict_award_precision": 0.3789649415692821,
    "predict_award_recall": 0.4824654622741764,
    "predict_biologything_f1": 0.5287413280475718,
    "predict_biologything_number": 1875,
    "predict_biologything_precision": 0.4937528921795465,
    "predict_biologything_recall": 0.5690666666666667,
    "predict_bodiesofwater_f1": 0.6116384647131656,
    "predict_bodiesofwater_number": 1169,
    "predict_bodiesofwater_precision": 0.5909090909090909,
    "predict_bodiesofwater_recall": 0.6338751069289992,
    "predict_broadcastprogram_f1": 0.4269340974212035,
    "predict_broadcastprogram_number": 605,
    "predict_broadcastprogram_precision": 0.37673830594184576,
    "predict_broadcastprogram_recall": 0.4925619834710744,
    "predict_car_f1": 0.5733695652173914,
    "predict_car_number": 688,
    "predict_car_precision": 0.5382653061224489,
    "predict_car_recall": 0.6133720930232558,
    "predict_chemicalthing_f1": 0.502283105022831,
    "predict_chemicalthing_number": 1014,
    "predict_chemicalthing_precision": 0.4336917562724014,
    "predict_chemicalthing_recall": 0.596646942800789,
    "predict_company_f1": 0.549618320610687,
    "predict_company_number": 3903,
    "predict_company_precision": 0.5290353164256933,
    "predict_company_recall": 0.5718677940046119,
    "predict_currency_f1": 0.6963882618510159,
    "predict_currency_number": 799,
    "predict_currency_precision": 0.6341212744090442,
    "predict_currency_recall": 0.772215269086358,
    "predict_director_f1": 0.5264847512038523,
    "predict_director_number": 554,
    "predict_director_precision": 0.47398843930635837,
    "predict_director_recall": 0.592057761732852,
    "predict_disaster_f1": 0.37802197802197807,
    "predict_disaster_number": 207,
    "predict_disaster_precision": 0.3467741935483871,
    "predict_disaster_recall": 0.41545893719806765,
    "predict_disease_f1": 0.5210589651022863,
    "predict_disease_number": 750,
    "predict_disease_precision": 0.47478070175438597,
    "predict_disease_recall": 0.5773333333333334,
    "predict_education_f1": 0.6317446043165468,
    "predict_education_number": 2082,
    "predict_education_precision": 0.5938292476754016,
    "predict_education_recall": 0.6748318924111432,
    "predict_educationaldegree_f1": 0.39172749391727496,
    "predict_educationaldegree_number": 367,
    "predict_educationaldegree_precision": 0.35384615384615387,
    "predict_educationaldegree_recall": 0.43869209809264303,
    "predict_election_f1": 0.26809651474530827,
    "predict_election_number": 184,
    "predict_election_precision": 0.26455026455026454,
    "predict_election_recall": 0.2717391304347826,
    "predict_film_f1": 0.5272020725388601,
    "predict_film_number": 759,
    "predict_film_precision": 0.5184713375796178,
    "predict_film_recall": 0.5362318840579711,
    "predict_food_f1": 0.34096109839816935,
    "predict_food_number": 432,
    "predict_food_precision": 0.33710407239819007,
    "predict_food_recall": 0.3449074074074074,
    "predict_game_f1": 0.5401742497579864,
    "predict_game_number": 496,
    "predict_game_precision": 0.5195530726256983,
    "predict_game_recall": 0.5625,
    "predict_god_f1": 0.5295902883156298,
    "predict_god_number": 635,
    "predict_god_precision": 0.5109809663250366,
    "predict_god_recall": 0.5496062992125984,
    "predict_government/governmentagency_f1": 0.3419718309859155,
    "predict_government/governmentagency_number": 1535,
    "predict_government/governmentagency_precision": 0.3012406947890819,
    "predict_government/governmentagency_recall": 0.39543973941368077,
    "predict_hospital_f1": 0.5333333333333333,
    "predict_hospital_number": 364,
    "predict_hospital_precision": 0.47058823529411764,
    "predict_hospital_recall": 0.6153846153846154,
    "predict_hotel_f1": 0.522202486678508,
    "predict_hotel_number": 265,
    "predict_hotel_precision": 0.49328859060402686,
    "predict_hotel_recall": 0.5547169811320755,
    "predict_island_f1": 0.5204582651391163,
    "predict_island_number": 646,
    "predict_island_precision": 0.5520833333333334,
    "predict_island_recall": 0.49226006191950467,
    "predict_language_f1": 0.6046511627906977,
    "predict_language_number": 753,
    "predict_language_precision": 0.5607264472190693,
    "predict_language_recall": 0.6560424966799469,
    "predict_law_f1": 0.41631973355537055,
    "predict_law_number": 488,
    "predict_law_precision": 0.3506311360448808,
    "predict_law_recall": 0.5122950819672131,
    "predict_library_f1": 0.5202863961813844,
    "predict_library_number": 357,
    "predict_library_precision": 0.45322245322245325,
    "predict_library_recall": 0.6106442577030813,
    "predict_livingthing_f1": 0.5144444444444445,
    "predict_livingthing_number": 865,
    "predict_livingthing_precision": 0.49518716577540106,
    "predict_livingthing_recall": 0.5352601156069364,
    "predict_loss": 0.6277499198913574,
    "predict_media/newspaper_f1": 0.5097319133308851,
    "predict_media/newspaper_number": 1234,
    "predict_media/newspaper_precision": 0.46608462055070515,
    "predict_media/newspaper_recall": 0.5623987034035657,
    "predict_medical_f1": 0.32163742690058483,
    "predict_medical_number": 397,
    "predict_medical_precision": 0.3832752613240418,
    "predict_medical_recall": 0.2770780856423174,
    "predict_mountain_f1": 0.5563689604685211,
    "predict_mountain_number": 681,
    "predict_mountain_precision": 0.5547445255474452,
    "predict_mountain_recall": 0.5580029368575624,
    "predict_music_f1": 0.5950044603033006,
    "predict_music_number": 1041,
    "predict_music_precision": 0.5553705245628643,
    "predict_music_recall": 0.6407300672430355,
    "predict_other_f1": 0.4413597356808657,
    "predict_other_number": 21035,
    "predict_other_precision": 0.41359820463801844,
    "predict_other_recall": 0.4731162348466841,
    "predict_overall_accuracy": 0.9015258605901499,
    "predict_overall_f1": 0.5590973174452962,
    "predict_overall_precision": 0.525284874437509,
    "predict_overall_recall": 0.597562234240185,
    "predict_painting_f1": 0.3917525773195877,
    "predict_painting_number": 58,
    "predict_painting_precision": 0.48717948717948717,
    "predict_painting_recall": 0.3275862068965517,
    "predict_park_f1": 0.3631123919308357,