{
    "predict_GPE_f1": 0.7448112550494498,
    "predict_GPE_number": 20409,
    "predict_GPE_precision": 0.7077432164129716,
    "predict_GPE_recall": 0.785976774952227,
    "predict_actor_f1": 0.615530303030303,
    "predict_actor_number": 1638,
    "predict_actor_precision": 0.6372549019607843,
    "predict_actor_recall": 0.5952380952380952,
    "predict_airplane_f1": 0.4904601571268238,
    "predict_airplane_number": 794,
    "predict_airplane_precision": 0.4423076923076923,
    "predict_airplane_recall": 0.5503778337531486,
    "predict_airport_f1": 0.6279069767441859,
    "predict_airport_number": 364,
    "predict_airport_precision": 0.5926829268292683,
    "predict_airport_recall": 0.6675824175824175,
    "predict_artist/author_f1": 0.5179509010926636,
    "predict_artist/author_number": 3464,
    "predict_artist/author_precision": 0.5093497069494837,
    "predict_artist/author_recall": 0.5268475750577367,
    "predict_astronomything_f1": 0.5506072874493927,
    "predict_astronomything_number": 678,
    "predict_astronomything_precision": 0.5074626865671642,
    "predict_astronomything_recall": 0.6017699115044248,
    "predict_athlete_f1": 0.7596073864581601,
    "predict_athlete_number": 2907,
    "predict_athlete_precision": 0.7355025773195877,
    "predict_athlete_recall": 0.7853457172342622,
    "predict_attack/battle/war/militaryconflict_f1": 0.5774165953806674,
    "predict_attack/battle/war/militaryconflict_number": 1099,
    "predict_attack/battle/war/militaryconflict_precision": 0.5447941888619855,
    "predict_attack/battle/war/militaryconflict_recall": 0.6141947224749773,
    "predict_award_f1": 0.428842504743833,
    "predict_award_number": 941,
    "predict_award_precision": 0.3873179091688089,
    "predict_award_recall": 0.48034006376195537,
    "predict_biologything_f1": 0.5239094938185211,
    "predict_biologything_number": 1875,
    "predict_biologything_precision": 0.46558872305140964,
    "predict_biologything_recall": 0.5989333333333333,
    "predict_bodiesofwater_f1": 0.5878787878787879,
    "predict_bodiesofwater_number": 1169,
    "predict_bodiesofwater_precision": 0.5950920245398773,
    "predict_bodiesofwater_recall": 0.5808383233532934,
    "predict_broadcastprogram_f1": 0.3712055507372073,
    "predict_broadcastprogram_number": 605,
    "predict_broadcastprogram_precision": 0.3905109489051095,
    "predict_broadcastprogram_recall": 0.3537190082644628,
    "predict_car_f1": 0.5887384176764078,
    "predict_car_number": 688,
    "predict_car_precision": 0.5776223776223777,
    "predict_car_recall": 0.6002906976744186,
    "predict_chemicalthing_f1": 0.47614503816793896,
    "predict_chemicalthing_number": 1014,
    "predict_chemicalthing_precision": 0.4611829944547135,
    "predict_chemicalthing_recall": 0.4921104536489152,
    "predict_company_f1": 0.5485380116959064,
    "predict_company_number": 3903,
    "predict_company_precision": 0.504626640843555,
    "predict_company_recall": 0.600819882141942,
    "predict_currency_f1": 0.619134673979281,
    "predict_currency_number": 799,
    "predict_currency_precision": 0.6033254156769596,
    "predict_currency_recall": 0.6357947434292867,
    "predict_director_f1": 0.404228855721393,
    "predict_director_number": 554,
    "predict_director_precision": 0.3083491461100569,
    "predict_director_recall": 0.5866425992779783,
    "predict_disaster_f1": 0.38888888888888895,
    "predict_disaster_number": 207,
    "predict_disaster_precision": 0.37333333333333335,
    "predict_disaster_recall": 0.4057971014492754,
    "predict_disease_f1": 0.46244006393180603,
    "predict_disease_number": 750,
    "predict_disease_precision": 0.38509316770186336,
    "predict_disease_recall": 0.5786666666666667,
    "predict_education_f1": 0.5942577342532829,
    "predict_education_number": 2082,
    "predict_education_precision": 0.553712152633762,
    "predict_education_recall": 0.6412103746397695,
    "predict_educationaldegree_f1": 0.38274336283185845,
    "predict_educationaldegree_number": 367,
    "predict_educationaldegree_precision": 0.3221601489757914,
    "predict_educationaldegree_recall": 0.4713896457765668,
    "predict_election_f1": 0.18888888888888888,
    "predict_election_number": 184,
    "predict_election_precision": 0.14325842696629212,
    "predict_election_recall": 0.27717391304347827,
    "predict_film_f1": 0.4868788386376326,
    "predict_film_number": 759,
    "predict_film_precision": 0.42248062015503873,
    "predict_film_recall": 0.5744400527009222,
    "predict_food_f1": 0.36363636363636365,
    "predict_food_number": 432,
    "predict_food_precision": 0.29213483146067415,
    "predict_food_recall": 0.48148148148148145,
    "predict_game_f1": 0.42018779342723006,
    "predict_game_number": 496,
    "predict_game_precision": 0.5028089887640449,
    "predict_game_recall": 0.36088709677419356,
    "predict_god_f1": 0.5197368421052633,
    "predict_god_number": 635,
    "predict_god_precision": 0.5438898450946644,
    "predict_god_recall": 0.49763779527559054,
    "predict_government/governmentagency_f1": 0.27183406113537123,
    "predict_government/governmentagency_number": 1535,
    "predict_government/governmentagency_precision": 0.23391263503992485,
    "predict_government/governmentagency_recall": 0.3244299674267101,
    "predict_hospital_f1": 0.5150905432595574,
    "predict_hospital_number": 364,
    "predict_hospital_precision": 0.40634920634920635,
    "predict_hospital_recall": 0.7032967032967034,
    "predict_hotel_f1": 0.5303514376996805,
    "predict_hotel_number": 265,
    "predict_hotel_precision": 0.4598337950138504,
    "predict_hotel_recall": 0.6264150943396226,
    "predict_island_f1": 0.5105348460291734,
    "predict_island_number": 646,
    "predict_island_precision": 0.5357142857142857,
    "predict_island_recall": 0.48761609907120745,
    "predict_language_f1": 0.5095298602287167,
    "predict_language_number": 753,
    "predict_language_precision": 0.4884287454323995,
    "predict_language_recall": 0.5325365205843293,
    "predict_law_f1": 0.4045864045864046,
    "predict_law_number": 488,
    "predict_law_precision": 0.3369713506139154,
    "predict_law_recall": 0.5061475409836066,
    "predict_library_f1": 0.4820766378244746,
    "predict_library_number": 357,
    "predict_library_precision": 0.4314159292035398,
    "predict_library_recall": 0.5462184873949579,
    "predict_livingthing_f1": 0.5015974440894568,
    "predict_livingthing_number": 865,
    "predict_livingthing_precision": 0.46495557749259625,
    "predict_livingthing_recall": 0.5445086705202312,
    "predict_loss": 0.5183782577514648,
    "predict_media/newspaper_f1": 0.5363636363636364,
    "predict_media/newspaper_number": 1234,
    "predict_media/newspaper_precision": 0.47170971709717097,
    "predict_media/newspaper_recall": 0.6215559157212318,
    "predict_medical_f1": 0.3951219512195122,
    "predict_medical_number": 397,
    "predict_medical_precision": 0.3829787234042553,
    "predict_medical_recall": 0.4080604534005038,
    "predict_mountain_f1": 0.5028002489110143,
    "predict_mountain_number": 681,
    "predict_mountain_precision": 0.43628509719222464,
    "predict_mountain_recall": 0.593245227606461,
    "predict_music_f1": 0.5905340859748154,
    "predict_music_number": 1041,
    "predict_music_precision": 0.5388272583201268,
    "predict_music_recall": 0.6532180595581172,
    "predict_other_f1": 0.4216608380215913,
    "predict_other_number": 21035,
    "predict_other_precision": 0.38820894328453726,
    "predict_other_recall": 0.4614214404563822,
    "predict_overall_accuracy": 0.8959539831540821,
    "predict_overall_f1": 0.5371392585029794,
    "predict_overall_precision": 0.499445484469129,
    "predict_overall_recall": 0.5809870783965653,
    "predict_painting_f1": 0.0,
    "predict_painting_number": 58,
    "predict_painting_precision": 0.0,
    "predict_painting_recall": 0.0,
    "predict_park_f1": 0.35647279549718575,
    "predict_park_number": 458,