{
    "predict_GPE_f1": 0.7676007714102046,
    "predict_GPE_number": 20409,
    "predict_GPE_precision": 0.7465728047424972,
    "predict_GPE_recall": 0.7898476162477338,
    "predict_actor_f1": 0.6732673267326733,
    "predict_actor_number": 1638,
    "predict_actor_precision": 0.6273062730627307,
    "predict_actor_recall": 0.7264957264957265,
    "predict_airplane_f1": 0.5437382001258653,
    "predict_airplane_number": 794,
    "predict_airplane_precision": 0.5433962264150943,
    "predict_airplane_recall": 0.5440806045340051,
    "predict_airport_f1": 0.6683480453972257,
    "predict_airport_number": 364,
    "predict_airport_precision": 0.6177156177156177,
    "predict_airport_recall": 0.728021978021978,
    "predict_artist/author_f1": 0.5869839048285515,
    "predict_artist/author_number": 3464,
    "predict_artist/author_precision": 0.5696821515892421,
    "predict_artist/author_recall": 0.6053695150115473,
    "predict_astronomything_f1": 0.6247349823321556,
    "predict_astronomything_number": 678,
    "predict_astronomything_precision": 0.5997286295793759,
    "predict_astronomything_recall": 0.6519174041297935,
    "predict_athlete_f1": 0.7695875434818618,
    "predict_athlete_number": 2907,
    "predict_athlete_precision": 0.7421725239616613,
    "predict_athlete_recall": 0.7991056071551428,
    "predict_attack/battle/war/militaryconflict_f1": 0.6238075487349647,
    "predict_attack/battle/war/militaryconflict_number": 1099,
    "predict_attack/battle/war/militaryconflict_precision": 0.573170731707317,
    "predict_attack/battle/war/militaryconflict_recall": 0.6842584167424932,
    "predict_award_f1": 0.45366795366795376,
    "predict_award_number": 941,
    "predict_award_precision": 0.4155614500442087,
    "predict_award_recall": 0.49946865037194477,
    "predict_biologything_f1": 0.5298013245033113,
    "predict_biologything_number": 1875,
    "predict_biologything_precision": 0.5263157894736842,
    "predict_biologything_recall": 0.5333333333333333,
    "predict_bodiesofwater_f1": 0.62291072156543,
    "predict_bodiesofwater_number": 1169,
    "predict_bodiesofwater_precision": 0.5950155763239875,
    "predict_bodiesofwater_recall": 0.6535500427715997,
    "predict_broadcastprogram_f1": 0.436426116838488,
    "predict_broadcastprogram_number": 605,
    "predict_broadcastprogram_precision": 0.4543828264758497,
    "predict_broadcastprogram_recall": 0.41983471074380163,
    "predict_car_f1": 0.5654135338345864,
    "predict_car_number": 688,
    "predict_car_precision": 0.5856697819314641,
    "predict_car_recall": 0.5465116279069767,
    "predict_chemicalthing_f1": 0.49098712446351933,
    "predict_chemicalthing_number": 1014,
    "predict_chemicalthing_precision": 0.43465045592705165,
    "predict_chemicalthing_recall": 0.5641025641025641,
    "predict_company_f1": 0.5754245754245754,
    "predict_company_number": 3903,
    "predict_company_precision": 0.5612667478684531,
    "predict_company_recall": 0.5903151421983089,
    "predict_currency_f1": 0.6278938452851496,
    "predict_currency_number": 799,
    "predict_currency_precision": 0.5720164609053497,
    "predict_currency_recall": 0.6958698372966208,
    "predict_director_f1": 0.5971223021582733,
    "predict_director_number": 554,
    "predict_director_precision": 0.5949820788530465,
    "predict_director_recall": 0.5992779783393501,
    "predict_disaster_f1": 0.36575875486381326,
    "predict_disaster_number": 207,
    "predict_disaster_precision": 0.30618892508143325,
    "predict_disaster_recall": 0.45410628019323673,
    "predict_disease_f1": 0.5173184357541899,
    "predict_disease_number": 750,
    "predict_disease_precision": 0.44519230769230766,
    "predict_disease_recall": 0.6173333333333333,
    "predict_education_f1": 0.6810562571756602,
    "predict_education_number": 2082,
    "predict_education_precision": 0.6524417069951606,
    "predict_education_recall": 0.7122958693563881,
    "predict_educationaldegree_f1": 0.41517857142857145,
    "predict_educationaldegree_number": 367,
    "predict_educationaldegree_precision": 0.3516068052930057,
    "predict_educationaldegree_recall": 0.5068119891008175,
    "predict_election_f1": 0.1394230769230769,
    "predict_election_number": 184,
    "predict_election_precision": 0.125,
    "predict_election_recall": 0.15760869565217392,
    "predict_film_f1": 0.6190172303765157,
    "predict_film_number": 759,
    "predict_film_precision": 0.6002475247524752,
    "predict_film_recall": 0.6389986824769434,
    "predict_food_f1": 0.401980198019802,
    "predict_food_number": 432,
    "predict_food_precision": 0.35121107266435986,
    "predict_food_recall": 0.4699074074074074,
    "predict_game_f1": 0.5091649694501018,
    "predict_game_number": 496,
    "predict_game_precision": 0.51440329218107,
    "predict_game_recall": 0.5040322580645161,
    "predict_god_f1": 0.5227817745803357,
    "predict_god_number": 635,
    "predict_god_precision": 0.5308441558441559,
    "predict_god_recall": 0.5149606299212598,
    "predict_government/governmentagency_f1": 0.31323076923076926,
    "predict_government/governmentagency_number": 1535,
    "predict_government/governmentagency_precision": 0.2967930029154519,
    "predict_government/governmentagency_recall": 0.3315960912052117,
    "predict_hospital_f1": 0.5734265734265734,
    "predict_hospital_number": 364,
    "predict_hospital_precision": 0.584045584045584,
    "predict_hospital_recall": 0.5631868131868132,
    "predict_hotel_f1": 0.5490196078431373,
    "predict_hotel_number": 265,
    "predict_hotel_precision": 0.5202702702702703,
    "predict_hotel_recall": 0.5811320754716981,
    "predict_island_f1": 0.5282051282051282,
    "predict_island_number": 646,
    "predict_island_precision": 0.5896946564885496,
    "predict_island_recall": 0.47832817337461303,
    "predict_language_f1": 0.6405152224824356,
    "predict_language_number": 753,
    "predict_language_precision": 0.5727748691099477,
    "predict_language_recall": 0.7264276228419655,
    "predict_law_f1": 0.4894592117323556,
    "predict_law_number": 488,
    "predict_law_precision": 0.4427860696517413,
    "predict_law_recall": 0.5471311475409836,
    "predict_library_f1": 0.5951468710089399,
    "predict_library_number": 357,
    "predict_library_precision": 0.5469483568075117,
    "predict_library_recall": 0.6526610644257703,
    "predict_livingthing_f1": 0.49229239184485324,
    "predict_livingthing_number": 865,
    "predict_livingthing_precision": 0.4319371727748691,
    "predict_livingthing_recall": 0.5722543352601156,
    "predict_loss": 0.5172576308250427,
    "predict_media/newspaper_f1": 0.5084745762711865,
    "predict_media/newspaper_number": 1234,
    "predict_media/newspaper_precision": 0.46621621621621623,
    "predict_media/newspaper_recall": 0.5591572123176661,
    "predict_medical_f1": 0.2949438202247191,
    "predict_medical_number": 397,
    "predict_medical_precision": 0.3333333333333333,
    "predict_medical_recall": 0.26448362720403024,
    "predict_mountain_f1": 0.5684830633284241,
    "predict_mountain_number": 681,
    "predict_mountain_precision": 0.5701624815361891,
    "predict_mountain_recall": 0.566813509544787,
    "predict_music_f1": 0.6225606853879104,
    "predict_music_number": 1041,
    "predict_music_precision": 0.6169811320754717,
    "predict_music_recall": 0.6282420749279539,
    "predict_other_f1": 0.4576723662437948,
    "predict_other_number": 21035,
    "predict_other_precision": 0.4270069987649238,
    "predict_other_recall": 0.4930829569764678,
    "predict_overall_accuracy": 0.9029915726982348,
    "predict_overall_f1": 0.5732358192891911,
    "predict_overall_precision": 0.5448973707950857,
    "predict_overall_recall": 0.6046835652066218,
    "predict_painting_f1": 0.24778761061946902,
    "predict_painting_number": 58,
    "predict_painting_precision": 0.2545454545454545,
    "predict_painting_recall": 0.2413793103448276,
    "predict_park_f1": 0.4444444444444445,