{
    "predict_GPE_f1": 0.7464006184172385,
    "predict_GPE_number": 20409,
    "predict_GPE_precision": 0.7361223614618574,
    "predict_GPE_recall": 0.7569699642314666,
    "predict_actor_f1": 0.6522604492465169,
    "predict_actor_number": 1638,
    "predict_actor_precision": 0.6104310803618946,
    "predict_actor_recall": 0.7002442002442002,
    "predict_airplane_f1": 0.48212351029252437,
    "predict_airplane_number": 794,
    "predict_airplane_precision": 0.4230038022813688,
    "predict_airplane_recall": 0.5604534005037783,
    "predict_airport_f1": 0.4099526066350711,
    "predict_airport_number": 364,
    "predict_airport_precision": 0.36041666666666666,
    "predict_airport_recall": 0.47527472527472525,
    "predict_artist/author_f1": 0.5325443786982249,
    "predict_artist/author_number": 3464,
    "predict_artist/author_precision": 0.4890123158657329,
    "predict_artist/author_recall": 0.5845842956120092,
    "predict_astronomything_f1": 0.49933244325767684,
    "predict_astronomything_number": 678,
    "predict_astronomything_precision": 0.4560975609756098,
    "predict_astronomything_recall": 0.551622418879056,
    "predict_athlete_f1": 0.758586361373818,
    "predict_athlete_number": 2907,
    "predict_athlete_precision": 0.7326923076923076,
    "predict_athlete_recall": 0.7863777089783281,
    "predict_attack/battle/war/militaryconflict_f1": 0.5905936777178104,
    "predict_attack/battle/war/militaryconflict_number": 1099,
    "predict_attack/battle/war/militaryconflict_precision": 0.5123745819397993,
    "predict_attack/battle/war/militaryconflict_recall": 0.6969972702456779,
    "predict_award_f1": 0.4612596284549162,
    "predict_award_number": 941,
    "predict_award_precision": 0.4020537124802528,
    "predict_award_recall": 0.5409139213602551,
    "predict_biologything_f1": 0.49318316538233553,
    "predict_biologything_number": 1875,
    "predict_biologything_precision": 0.5550366911274183,
    "predict_biologything_recall": 0.4437333333333333,
    "predict_bodiesofwater_f1": 0.5991869918699186,
    "predict_bodiesofwater_number": 1169,
    "predict_bodiesofwater_precision": 0.570875290472502,
    "predict_bodiesofwater_recall": 0.630453378956373,
    "predict_broadcastprogram_f1": 0.40235690235690236,
    "predict_broadcastprogram_number": 605,
    "predict_broadcastprogram_precision": 0.4099485420240137,
    "predict_broadcastprogram_recall": 0.3950413223140496,
    "predict_car_f1": 0.5180327868852459,
    "predict_car_number": 688,
    "predict_car_precision": 0.47192353643966545,
    "predict_car_recall": 0.5741279069767442,
    "predict_chemicalthing_f1": 0.44201621431089183,
    "predict_chemicalthing_number": 1014,
    "predict_chemicalthing_precision": 0.34393856280855734,
    "predict_chemicalthing_recall": 0.6183431952662722,
    "predict_company_f1": 0.5553768098007672,
    "predict_company_number": 3903,
    "predict_company_precision": 0.5370990904739109,
    "predict_company_recall": 0.5749423520368947,
    "predict_currency_f1": 0.6077015643802648,
    "predict_currency_number": 799,
    "predict_currency_precision": 0.5851680185399768,
    "predict_currency_recall": 0.6320400500625782,
    "predict_director_f1": 0.5015723270440252,
    "predict_director_number": 554,
    "predict_director_precision": 0.44428969359331477,
    "predict_director_recall": 0.575812274368231,
    "predict_disaster_f1": 0.39312039312039315,
    "predict_disaster_number": 207,
    "predict_disaster_precision": 0.4,
    "predict_disaster_recall": 0.3864734299516908,
    "predict_disease_f1": 0.46401610468042276,
    "predict_disease_number": 750,
    "predict_disease_precision": 0.3726758286176233,
    "predict_disease_recall": 0.6146666666666667,
    "predict_education_f1": 0.6158590308370043,
    "predict_education_number": 2082,
    "predict_education_precision": 0.5687550854353133,
    "predict_education_recall": 0.6714697406340058,
    "predict_educationaldegree_f1": 0.371900826446281,
    "predict_educationaldegree_number": 367,
    "predict_educationaldegree_precision": 0.2995008319467554,
    "predict_educationaldegree_recall": 0.4904632152588556,
    "predict_election_f1": 0.1680672268907563,
    "predict_election_number": 184,
    "predict_election_precision": 0.136986301369863,
    "predict_election_recall": 0.21739130434782608,
    "predict_film_f1": 0.48079470198675495,
    "predict_film_number": 759,
    "predict_film_precision": 0.4833555259653795,
    "predict_film_recall": 0.4782608695652174,
    "predict_food_f1": 0.4007897334649556,
    "predict_food_number": 432,
    "predict_food_precision": 0.3493975903614458,
    "predict_food_recall": 0.4699074074074074,
    "predict_game_f1": 0.4778012684989429,
    "predict_game_number": 496,
    "predict_game_precision": 0.5022222222222222,
    "predict_game_recall": 0.45564516129032256,
    "predict_god_f1": 0.5286458333333334,
    "predict_god_number": 635,
    "predict_god_precision": 0.4506104328523862,
    "predict_god_recall": 0.6393700787401575,
    "predict_government/governmentagency_f1": 0.23896940418679552,
    "predict_government/governmentagency_number": 1535,
    "predict_government/governmentagency_precision": 0.23630573248407644,
    "predict_government/governmentagency_recall": 0.24169381107491858,
    "predict_hospital_f1": 0.5570228091236493,
    "predict_hospital_number": 364,
    "predict_hospital_precision": 0.4946695095948827,
    "predict_hospital_recall": 0.6373626373626373,
    "predict_hotel_f1": 0.5,
    "predict_hotel_number": 265,
    "predict_hotel_precision": 0.4840989399293286,
    "predict_hotel_recall": 0.5169811320754717,
    "predict_island_f1": 0.530161427357689,
    "predict_island_number": 646,
    "predict_island_precision": 0.5875706214689266,
    "predict_island_recall": 0.48297213622291024,
    "predict_language_f1": 0.5558194774346793,
    "predict_language_number": 753,
    "predict_language_precision": 0.5026852846401718,
    "predict_language_recall": 0.6215139442231076,
    "predict_law_f1": 0.35573770491803286,
    "predict_law_number": 488,
    "predict_law_precision": 0.296448087431694,
    "predict_law_recall": 0.444672131147541,
    "predict_library_f1": 0.5391923990498811,
    "predict_library_number": 357,
    "predict_library_precision": 0.46804123711340206,
    "predict_library_recall": 0.6358543417366946,
    "predict_livingthing_f1": 0.5366084081247048,
    "predict_livingthing_number": 865,
    "predict_livingthing_precision": 0.4536741214057508,
    "predict_livingthing_recall": 0.6566473988439306,
    "predict_loss": 0.5191404819488525,
    "predict_media/newspaper_f1": 0.48597392335045436,
    "predict_media/newspaper_number": 1234,
    "predict_media/newspaper_precision": 0.47417116422513494,
    "predict_media/newspaper_recall": 0.4983792544570502,
    "predict_medical_f1": 0.08223684210526316,
    "predict_medical_number": 397,
    "predict_medical_precision": 0.11848341232227488,
    "predict_medical_recall": 0.06297229219143577,
    "predict_mountain_f1": 0.5559619604974397,
    "predict_mountain_number": 681,
    "predict_mountain_precision": 0.5539358600583091,
    "predict_mountain_recall": 0.5580029368575624,
    "predict_music_f1": 0.5741710296684118,
    "predict_music_number": 1041,
    "predict_music_precision": 0.5259792166266987,
    "predict_music_recall": 0.6320845341018252,
    "predict_other_f1": 0.41080171688631023,
    "predict_other_number": 21035,
    "predict_other_precision": 0.37598704990524323,
    "predict_other_recall": 0.4527216543855479,
    "predict_overall_accuracy": 0.8952363270774569,
    "predict_overall_f1": 0.5344455630663024,
    "predict_overall_precision": 0.4990241544163727,
    "predict_overall_recall": 0.5752796928538992,
    "predict_painting_f1": 0.1754385964912281,
    "predict_painting_number": 58,
    "predict_painting_precision": 0.13274336283185842,
    "predict_painting_recall": 0.25862068965517243,
    "predict_park_f1": 0.2759315206445116,