{
    "predict_GPE_f1": 0.7576656775469831,
    "predict_GPE_number": 20409,
    "predict_GPE_precision": 0.7462693660298451,
    "predict_GPE_recall": 0.7694154539663873,
    "predict_actor_f1": 0.681721086359475,
    "predict_actor_number": 1638,
    "predict_actor_precision": 0.6815131177547284,
    "predict_actor_recall": 0.681929181929182,
    "predict_airplane_f1": 0.5175718849840255,
    "predict_airplane_number": 794,
    "predict_airplane_precision": 0.4483394833948339,
    "predict_airplane_recall": 0.6120906801007556,
    "predict_airport_f1": 0.523513753327418,
    "predict_airport_number": 364,
    "predict_airport_precision": 0.38663171690694625,
    "predict_airport_recall": 0.8104395604395604,
    "predict_artist/author_f1": 0.5415030112594921,
    "predict_artist/author_number": 3464,
    "predict_artist/author_precision": 0.4954480114997604,
    "predict_artist/author_recall": 0.5969976905311778,
    "predict_astronomything_f1": 0.5366548042704627,
    "predict_astronomything_number": 678,
    "predict_astronomything_precision": 0.5185694635488308,
    "predict_astronomything_recall": 0.556047197640118,
    "predict_athlete_f1": 0.7577766445690974,
    "predict_athlete_number": 2907,
    "predict_athlete_precision": 0.748991935483871,
    "predict_athlete_recall": 0.7667698658410733,
    "predict_attack/battle/war/militaryconflict_f1": 0.6069485140226036,
    "predict_attack/battle/war/militaryconflict_number": 1099,
    "predict_attack/battle/war/militaryconflict_precision": 0.562015503875969,
    "predict_attack/battle/war/militaryconflict_recall": 0.6596906278434941,
    "predict_award_f1": 0.3829787234042553,
    "predict_award_number": 941,
    "predict_award_precision": 0.333596214511041,
    "predict_award_recall": 0.4495217853347503,
    "predict_biologything_f1": 0.5086848635235732,
    "predict_biologything_number": 1875,
    "predict_biologything_precision": 0.4756380510440835,
    "predict_biologything_recall": 0.5466666666666666,
    "predict_bodiesofwater_f1": 0.6355063550635506,
    "predict_bodiesofwater_number": 1169,
    "predict_bodiesofwater_precision": 0.610236220472441,
    "predict_bodiesofwater_recall": 0.6629597946963216,
    "predict_broadcastprogram_f1": 0.37612428454619795,
    "predict_broadcastprogram_number": 605,
    "predict_broadcastprogram_precision": 0.37216828478964403,
    "predict_broadcastprogram_recall": 0.38016528925619836,
    "predict_car_f1": 0.57183908045977,
    "predict_car_number": 688,
    "predict_car_precision": 0.5653409090909091,
    "predict_car_recall": 0.5784883720930233,
    "predict_chemicalthing_f1": 0.4654286843145002,
    "predict_chemicalthing_number": 1014,
    "predict_chemicalthing_precision": 0.3882663150955834,
    "predict_chemicalthing_recall": 0.5808678500986193,
    "predict_company_f1": 0.560695652173913,
    "predict_company_number": 3903,
    "predict_company_precision": 0.5120711562897078,
    "predict_company_recall": 0.6195234435049961,
    "predict_currency_f1": 0.6206102475532527,
    "predict_currency_number": 799,
    "predict_currency_precision": 0.5746268656716418,
    "predict_currency_recall": 0.6745932415519399,
    "predict_director_f1": 0.44091710758377417,
    "predict_director_number": 554,
    "predict_director_precision": 0.43103448275862066,
    "predict_director_recall": 0.45126353790613716,
    "predict_disaster_f1": 0.3661971830985915,
    "predict_disaster_number": 207,
    "predict_disaster_precision": 0.3561643835616438,
    "predict_disaster_recall": 0.37681159420289856,
    "predict_disease_f1": 0.5170842824601366,
    "predict_disease_number": 750,
    "predict_disease_precision": 0.45129224652087474,
    "predict_disease_recall": 0.6053333333333333,
    "predict_education_f1": 0.6565816211334387,
    "predict_education_number": 2082,
    "predict_education_precision": 0.6195142735406902,
    "predict_education_recall": 0.6983669548511047,
    "predict_educationaldegree_f1": 0.42296072507552873,
    "predict_educationaldegree_number": 367,
    "predict_educationaldegree_precision": 0.3354632587859425,
    "predict_educationaldegree_recall": 0.5722070844686649,
    "predict_election_f1": 0.16360601001669448,
    "predict_election_number": 184,
    "predict_election_precision": 0.1180722891566265,
    "predict_election_recall": 0.266304347826087,
    "predict_film_f1": 0.5274725274725275,
    "predict_film_number": 759,
    "predict_film_precision": 0.49146757679180886,
    "predict_film_recall": 0.5691699604743083,
    "predict_food_f1": 0.42093287827076226,
    "predict_food_number": 432,
    "predict_food_precision": 0.41387024608501116,
    "predict_food_recall": 0.42824074074074076,
    "predict_game_f1": 0.5363908275174477,
    "predict_game_number": 496,
    "predict_game_precision": 0.5305719921104537,
    "predict_game_recall": 0.5423387096774194,
    "predict_god_f1": 0.5591866376180102,
    "predict_god_number": 635,
    "predict_god_precision": 0.5188679245283019,
    "predict_god_recall": 0.6062992125984252,
    "predict_government/governmentagency_f1": 0.3115024766097963,
    "predict_government/governmentagency_number": 1535,
    "predict_government/governmentagency_precision": 0.2696522153406384,
    "predict_government/governmentagency_recall": 0.36872964169381106,
    "predict_hospital_f1": 0.6180904522613065,
    "predict_hospital_number": 364,
    "predict_hospital_precision": 0.5694444444444444,
    "predict_hospital_recall": 0.6758241758241759,
    "predict_hotel_f1": 0.5208333333333333,
    "predict_hotel_number": 265,
    "predict_hotel_precision": 0.42997542997543,
    "predict_hotel_recall": 0.660377358490566,
    "predict_island_f1": 0.49740932642487046,
    "predict_island_number": 646,
    "predict_island_precision": 0.4765957446808511,
    "predict_island_recall": 0.5201238390092879,
    "predict_language_f1": 0.5959232613908872,
    "predict_language_number": 753,
    "predict_language_precision": 0.5431693989071038,
    "predict_language_recall": 0.6600265604249668,
    "predict_law_f1": 0.36695790309769655,
    "predict_law_number": 488,
    "predict_law_precision": 0.29961089494163423,
    "predict_law_recall": 0.4733606557377049,
    "predict_library_f1": 0.5230024213075061,
    "predict_library_number": 357,
    "predict_library_precision": 0.4605543710021322,
    "predict_library_recall": 0.6050420168067226,
    "predict_livingthing_f1": 0.4767836919592299,
    "predict_livingthing_number": 865,
    "predict_livingthing_precision": 0.4672586015538291,
    "predict_livingthing_recall": 0.4867052023121387,
    "predict_loss": 0.5159026384353638,
    "predict_media/newspaper_f1": 0.5318818040435458,
    "predict_media/newspaper_number": 1234,
    "predict_media/newspaper_precision": 0.5112107623318386,
    "predict_media/newspaper_recall": 0.5542949756888168,
    "predict_medical_f1": 0.30725462304409673,
    "predict_medical_number": 397,
    "predict_medical_precision": 0.35294117647058826,
    "predict_medical_recall": 0.27204030226700254,
    "predict_mountain_f1": 0.5885885885885888,
    "predict_mountain_number": 681,
    "predict_mountain_precision": 0.6021505376344086,
    "predict_mountain_recall": 0.5756240822320118,
    "predict_music_f1": 0.6067827681026582,
    "predict_music_number": 1041,
    "predict_music_precision": 0.5801928133216476,
    "predict_music_recall": 0.6359269932756965,
    "predict_other_f1": 0.42170521965202323,
    "predict_other_number": 21035,
    "predict_other_precision": 0.395902870493992,
    "predict_other_recall": 0.4511053006893273,
    "predict_overall_accuracy": 0.8966499249772543,
    "predict_overall_f1": 0.5450297591751423,
    "predict_overall_precision": 0.5119659747349711,
    "predict_overall_recall": 0.5826590430582504,
    "predict_painting_f1": 0.12658227848101267,
    "predict_painting_number": 58,
    "predict_painting_precision": 0.23809523809523808,
    "predict_painting_recall": 0.08620689655172414,