{
    "predict_GPE_f1": 0.7534857115618371,
    "predict_GPE_number": 20409,
    "predict_GPE_precision": 0.7335715611657695,
    "predict_GPE_recall": 0.7745112450389534,
    "predict_actor_f1": 0.6930752948291503,
    "predict_actor_number": 1638,
    "predict_actor_precision": 0.6866387058118634,
    "predict_actor_recall": 0.6996336996336996,
    "predict_airplane_f1": 0.49223119950279676,
    "predict_airplane_number": 794,
    "predict_airplane_precision": 0.48588957055214727,
    "predict_airplane_recall": 0.4987405541561713,
    "predict_airport_f1": 0.6462264150943396,
    "predict_airport_number": 364,
    "predict_airport_precision": 0.5661157024793388,
    "predict_airport_recall": 0.7527472527472527,
    "predict_artist/author_f1": 0.5547383309759547,
    "predict_artist/author_number": 3464,
    "predict_artist/author_precision": 0.5438158624514697,
    "predict_artist/author_recall": 0.566108545034642,
    "predict_astronomything_f1": 0.5937282229965157,
    "predict_astronomything_number": 678,
    "predict_astronomything_precision": 0.5627476882430648,
    "predict_astronomything_recall": 0.6283185840707964,
    "predict_athlete_f1": 0.7687120701281186,
    "predict_athlete_number": 2907,
    "predict_athlete_precision": 0.7537190082644628,
    "predict_athlete_recall": 0.7843137254901961,
    "predict_attack/battle/war/militaryconflict_f1": 0.6189436927106067,
    "predict_attack/battle/war/militaryconflict_number": 1099,
    "predict_attack/battle/war/militaryconflict_precision": 0.5947986577181208,
    "predict_attack/battle/war/militaryconflict_recall": 0.6451319381255687,
    "predict_award_f1": 0.45615671641791045,
    "predict_award_number": 941,
    "predict_award_precision": 0.40648379052369077,
    "predict_award_recall": 0.5196599362380446,
    "predict_biologything_f1": 0.5295483870967742,
    "predict_biologything_number": 1875,
    "predict_biologything_precision": 0.513,
    "predict_biologything_recall": 0.5472,
    "predict_bodiesofwater_f1": 0.5996503496503497,
    "predict_bodiesofwater_number": 1169,
    "predict_bodiesofwater_precision": 0.613047363717605,
    "predict_bodiesofwater_recall": 0.5868263473053892,
    "predict_broadcastprogram_f1": 0.43633540372670804,
    "predict_broadcastprogram_number": 605,
    "predict_broadcastprogram_precision": 0.41142020497803805,
    "predict_broadcastprogram_recall": 0.4644628099173554,
    "predict_car_f1": 0.5299934080421886,
    "predict_car_number": 688,
    "predict_car_precision": 0.48492159227985526,
    "predict_car_recall": 0.5843023255813954,
    "predict_chemicalthing_f1": 0.468997668997669,
    "predict_chemicalthing_number": 1014,
    "predict_chemicalthing_precision": 0.4447391688770999,
    "predict_chemicalthing_recall": 0.4960552268244576,
    "predict_company_f1": 0.5432465923172244,
    "predict_company_number": 3903,
    "predict_company_precision": 0.5260379169666427,
    "predict_company_recall": 0.5616192672303356,
    "predict_currency_f1": 0.6431226765799257,
    "predict_currency_number": 799,
    "predict_currency_precision": 0.6368098159509202,
    "predict_currency_recall": 0.6495619524405507,
    "predict_director_f1": 0.5310457516339869,
    "predict_director_number": 554,
    "predict_director_precision": 0.48507462686567165,
    "predict_director_recall": 0.5866425992779783,
    "predict_disaster_f1": 0.2971175166297118,
    "predict_disaster_number": 207,
    "predict_disaster_precision": 0.27459016393442626,
    "predict_disaster_recall": 0.32367149758454106,
    "predict_disease_f1": 0.5263761467889908,
    "predict_disease_number": 750,
    "predict_disease_precision": 0.46177062374245476,
    "predict_disease_recall": 0.612,
    "predict_education_f1": 0.6369651521835024,
    "predict_education_number": 2082,
    "predict_education_precision": 0.5889070146818923,
    "predict_education_recall": 0.6935638808837656,
    "predict_educationaldegree_f1": 0.408675799086758,
    "predict_educationaldegree_number": 367,
    "predict_educationaldegree_precision": 0.3516699410609037,
    "predict_educationaldegree_recall": 0.4877384196185286,
    "predict_election_f1": 0.1900452488687783,
    "predict_election_number": 184,
    "predict_election_precision": 0.16279069767441862,
    "predict_election_recall": 0.22826086956521738,
    "predict_film_f1": 0.5551643192488263,
    "predict_film_number": 759,
    "predict_film_precision": 0.5005291005291005,
    "predict_film_recall": 0.6231884057971014,
    "predict_food_f1": 0.40556199304750873,
    "predict_food_number": 432,
    "predict_food_precision": 0.4060324825986079,
    "predict_food_recall": 0.4050925925925926,
    "predict_game_f1": 0.5030303030303032,
    "predict_game_number": 496,
    "predict_game_precision": 0.5040485829959515,
    "predict_game_recall": 0.5020161290322581,
    "predict_god_f1": 0.5414920368818106,
    "predict_god_number": 635,
    "predict_god_precision": 0.578853046594982,
    "predict_god_recall": 0.5086614173228347,
    "predict_government/governmentagency_f1": 0.3110709987966305,
    "predict_government/governmentagency_number": 1535,
    "predict_government/governmentagency_precision": 0.2889882615986585,
    "predict_government/governmentagency_recall": 0.33680781758957656,
    "predict_hospital_f1": 0.5681233933161954,
    "predict_hospital_number": 364,
    "predict_hospital_precision": 0.533816425120773,
    "predict_hospital_recall": 0.6071428571428571,
    "predict_hotel_f1": 0.5224913494809688,
    "predict_hotel_number": 265,
    "predict_hotel_precision": 0.48242811501597443,
    "predict_hotel_recall": 0.569811320754717,
    "predict_island_f1": 0.5236486486486486,
    "predict_island_number": 646,
    "predict_island_precision": 0.5762081784386617,
    "predict_island_recall": 0.47987616099071206,
    "predict_language_f1": 0.5814234016887817,
    "predict_language_number": 753,
    "predict_language_precision": 0.532596685082873,
    "predict_language_recall": 0.6401062416998672,
    "predict_law_f1": 0.46358792184724684,
    "predict_law_number": 488,
    "predict_law_precision": 0.4090909090909091,
    "predict_law_recall": 0.5348360655737705,
    "predict_library_f1": 0.5642857142857143,
    "predict_library_number": 357,
    "predict_library_precision": 0.4906832298136646,
    "predict_library_recall": 0.6638655462184874,
    "predict_livingthing_f1": 0.4812992125984252,
    "predict_livingthing_number": 865,
    "predict_livingthing_precision": 0.4190231362467866,
    "predict_livingthing_recall": 0.5653179190751445,
    "predict_loss": 0.6397706270217896,
    "predict_media/newspaper_f1": 0.49191206968063045,
    "predict_media/newspaper_number": 1234,
    "predict_media/newspaper_precision": 0.5038232795242141,
    "predict_media/newspaper_recall": 0.4805510534846029,
    "predict_medical_f1": 0.33850931677018636,
    "predict_medical_number": 397,
    "predict_medical_precision": 0.44129554655870445,
    "predict_medical_recall": 0.27455919395465994,
    "predict_mountain_f1": 0.5673556664290805,
    "predict_mountain_number": 681,
    "predict_mountain_precision": 0.5512465373961218,
    "predict_mountain_recall": 0.5844346549192364,
    "predict_music_f1": 0.603719599427754,
    "predict_music_number": 1041,
    "predict_music_precision": 0.5994318181818182,
    "predict_music_recall": 0.6080691642651297,
    "predict_other_f1": 0.4473672936035303,
    "predict_other_number": 21035,
    "predict_other_precision": 0.4071431356493937,
    "predict_other_recall": 0.4964107439980984,
    "predict_overall_accuracy": 0.9002447196364165,
    "predict_overall_f1": 0.5566987152881203,
    "predict_overall_precision": 0.5282990889797129,
    "predict_overall_recall": 0.5883251455228502,
    "predict_painting_f1": 0.13333333333333333,
    "predict_painting_number": 58,
    "predict_painting_precision": 0.12903225806451613,
    "predict_painting_recall": 0.13793103448275862,
    "predict_park_f1": 0.3499420625724218,