{
    "predict_GPE_f1": 0.753740904585781,
    "predict_GPE_number": 20409,
    "predict_GPE_precision": 0.7438686897604734,
    "predict_GPE_recall": 0.7638786809740801,
    "predict_actor_f1": 0.6464523953911461,
    "predict_actor_number": 1638,
    "predict_actor_precision": 0.6421686746987951,
    "predict_actor_recall": 0.6507936507936508,
    "predict_airplane_f1": 0.4980011422044546,
    "predict_airplane_number": 794,
    "predict_airplane_precision": 0.4555903866248694,
    "predict_airplane_recall": 0.5491183879093199,
    "predict_airport_f1": 0.5753424657534245,
    "predict_airport_number": 364,
    "predict_airport_precision": 0.4666666666666667,
    "predict_airport_recall": 0.75,
    "predict_artist/author_f1": 0.5589625827367283,
    "predict_artist/author_number": 3464,
    "predict_artist/author_precision": 0.5252602183295253,
    "predict_artist/author_recall": 0.5972863741339491,
    "predict_astronomything_f1": 0.5332348596750369,
    "predict_astronomything_number": 678,
    "predict_astronomything_precision": 0.5340236686390533,
    "predict_astronomything_recall": 0.532448377581121,
    "predict_athlete_f1": 0.7596153846153846,
    "predict_athlete_number": 2907,
    "predict_athlete_precision": 0.73312,
    "predict_athlete_recall": 0.7880976952184382,
    "predict_attack/battle/war/militaryconflict_f1": 0.6081778483525208,
    "predict_attack/battle/war/militaryconflict_number": 1099,
    "predict_attack/battle/war/militaryconflict_precision": 0.5394366197183098,
    "predict_attack/battle/war/militaryconflict_recall": 0.6969972702456779,
    "predict_award_f1": 0.4276790004805382,
    "predict_award_number": 941,
    "predict_award_precision": 0.39035087719298245,
    "predict_award_recall": 0.4729011689691817,
    "predict_biologything_f1": 0.5153627678801962,
    "predict_biologything_number": 1875,
    "predict_biologything_precision": 0.4994994994994995,
    "predict_biologything_recall": 0.5322666666666667,
    "predict_bodiesofwater_f1": 0.6342072409488139,
    "predict_bodiesofwater_number": 1169,
    "predict_bodiesofwater_precision": 0.6175040518638574,
    "predict_bodiesofwater_recall": 0.6518391787852865,
    "predict_broadcastprogram_f1": 0.4066666666666667,
    "predict_broadcastprogram_number": 605,
    "predict_broadcastprogram_precision": 0.41008403361344536,
    "predict_broadcastprogram_recall": 0.4033057851239669,
    "predict_car_f1": 0.6093979441997063,
    "predict_car_number": 688,
    "predict_car_precision": 0.615727002967359,
    "predict_car_recall": 0.6031976744186046,
    "predict_chemicalthing_f1": 0.44885799404170806,
    "predict_chemicalthing_number": 1014,
    "predict_chemicalthing_precision": 0.452,
    "predict_chemicalthing_recall": 0.4457593688362919,
    "predict_company_f1": 0.5525419452504099,
    "predict_company_number": 3903,
    "predict_company_precision": 0.544234592445328,
    "predict_company_recall": 0.5611068408916219,
    "predict_currency_f1": 0.64,
    "predict_currency_number": 799,
    "predict_currency_precision": 0.5888538380651945,
    "predict_currency_recall": 0.7008760951188986,
    "predict_director_f1": 0.4401114206128134,
    "predict_director_number": 554,
    "predict_director_precision": 0.35827664399092973,
    "predict_director_recall": 0.5703971119133574,
    "predict_disaster_f1": 0.39700374531835203,
    "predict_disaster_number": 207,
    "predict_disaster_precision": 0.3241590214067278,
    "predict_disaster_recall": 0.5120772946859904,
    "predict_disease_f1": 0.48868778280542985,
    "predict_disease_number": 750,
    "predict_disease_precision": 0.4243614931237721,
    "predict_disease_recall": 0.576,
    "predict_education_f1": 0.65950148639378,
    "predict_education_number": 2082,
    "predict_education_precision": 0.6294194674814492,
    "predict_education_recall": 0.6926032660902978,
    "predict_educationaldegree_f1": 0.40667976424361496,
    "predict_educationaldegree_number": 367,
    "predict_educationaldegree_precision": 0.31797235023041476,
    "predict_educationaldegree_recall": 0.5640326975476839,
    "predict_election_f1": 0.1965317919075144,
    "predict_election_number": 184,
    "predict_election_precision": 0.15223880597014924,
    "predict_election_recall": 0.27717391304347827,
    "predict_film_f1": 0.5,
    "predict_film_number": 759,
    "predict_film_precision": 0.45164718384697133,
    "predict_film_recall": 0.5599472990777339,
    "predict_food_f1": 0.4231697506033789,
    "predict_food_number": 432,
    "predict_food_precision": 0.3242909987669544,
    "predict_food_recall": 0.6087962962962963,
    "predict_game_f1": 0.5339999999999999,
    "predict_game_number": 496,
    "predict_game_precision": 0.5297619047619048,
    "predict_game_recall": 0.5383064516129032,
    "predict_god_f1": 0.4016949152542373,
    "predict_god_number": 635,
    "predict_god_precision": 0.43486238532110094,
    "predict_god_recall": 0.3732283464566929,
    "predict_government/governmentagency_f1": 0.31068983675618744,
    "predict_government/governmentagency_number": 1535,
    "predict_government/governmentagency_precision": 0.2607158638974812,
    "predict_government/governmentagency_recall": 0.38436482084690554,
    "predict_hospital_f1": 0.5710928319623972,
    "predict_hospital_number": 364,
    "predict_hospital_precision": 0.4989733059548255,
    "predict_hospital_recall": 0.6675824175824175,
    "predict_hotel_f1": 0.5,
    "predict_hotel_number": 265,
    "predict_hotel_precision": 0.5271966527196653,
    "predict_hotel_recall": 0.47547169811320755,
    "predict_island_f1": 0.4814264487369985,
    "predict_island_number": 646,
    "predict_island_precision": 0.46285714285714286,
    "predict_island_recall": 0.5015479876160991,
    "predict_language_f1": 0.5048796356538712,
    "predict_language_number": 753,
    "predict_language_precision": 0.49489795918367346,
    "predict_language_recall": 0.5152722443559097,
    "predict_law_f1": 0.3742591024555461,
    "predict_law_number": 488,
    "predict_law_precision": 0.3189033189033189,
    "predict_law_recall": 0.45286885245901637,
    "predict_library_f1": 0.5386597938144331,
    "predict_library_number": 357,
    "predict_library_precision": 0.4988066825775656,
    "predict_library_recall": 0.5854341736694678,
    "predict_livingthing_f1": 0.5188550658791459,
    "predict_livingthing_number": 865,
    "predict_livingthing_precision": 0.4273952095808383,
    "predict_livingthing_recall": 0.6601156069364161,
    "predict_loss": 0.5142830014228821,
    "predict_media/newspaper_f1": 0.5530085959885387,
    "predict_media/newspaper_number": 1234,
    "predict_media/newspaper_precision": 0.49550706033376124,
    "predict_media/newspaper_recall": 0.6256077795786061,
    "predict_medical_f1": 0.32873274780426603,
    "predict_medical_number": 397,
    "predict_medical_precision": 0.3275,
    "predict_medical_recall": 0.32997481108312343,
    "predict_mountain_f1": 0.54320987654321,
    "predict_mountain_number": 681,
    "predict_mountain_precision": 0.5373563218390804,
    "predict_mountain_recall": 0.5491923641703378,
    "predict_music_f1": 0.5858143607705779,
    "predict_music_number": 1041,
    "predict_music_precision": 0.5382139983909895,
    "predict_music_recall": 0.6426512968299711,
    "predict_other_f1": 0.4298196288766815,
    "predict_other_number": 21035,
    "predict_other_precision": 0.3942784589136214,
    "predict_other_recall": 0.47240313762776326,
    "predict_overall_accuracy": 0.8972514097979054,
    "predict_overall_f1": 0.5445524924927829,
    "predict_overall_precision": 0.5123056346614017,
    "predict_overall_recall": 0.5811315691697972,
    "predict_painting_f1": 0.19704433497536947,
    "predict_painting_number": 58,
    "predict_painting_precision": 0.13793103448275862,
    "predict_painting_recall": 0.3448275862068966,
    "predict_park_f1": 0.21629213483146068,
    "predict_park_number": 458,
    "predict_park_precision": 0.3031496062992126,