{
    "predict_GPE_f1": 0.796331768987645,
    "predict_GPE_number": 20409,
    "predict_GPE_precision": 0.7786935143994381,
    "predict_GPE_recall": 0.8147875937086579,
    "predict_actor_f1": 0.7670250896057348,
    "predict_actor_number": 1638,
    "predict_actor_precision": 0.7508771929824561,
    "predict_actor_recall": 0.7838827838827839,
    "predict_airplane_f1": 0.6124924196482716,
    "predict_airplane_number": 794,
    "predict_airplane_precision": 0.5906432748538012,
    "predict_airplane_recall": 0.6360201511335013,
    "predict_airport_f1": 0.7874659400544958,
    "predict_airport_number": 364,
    "predict_airport_precision": 0.7810810810810811,
    "predict_airport_recall": 0.7939560439560439,
    "predict_artist/author_f1": 0.6723883599302668,
    "predict_artist/author_number": 3464,
    "predict_artist/author_precision": 0.6278487352867518,
    "predict_artist/author_recall": 0.723729792147806,
    "predict_astronomything_f1": 0.7099930118798042,
    "predict_astronomything_number": 678,
    "predict_astronomything_precision": 0.6746347941567065,
    "predict_astronomything_recall": 0.7492625368731564,
    "predict_athlete_f1": 0.810391363022942,
    "predict_athlete_number": 2907,
    "predict_athlete_precision": 0.7951009599470374,
    "predict_athlete_recall": 0.826281389748882,
    "predict_attack/battle/war/militaryconflict_f1": 0.674793208532869,
    "predict_attack/battle/war/militaryconflict_number": 1099,
    "predict_attack/battle/war/militaryconflict_precision": 0.6469115191986644,
    "predict_attack/battle/war/militaryconflict_recall": 0.705186533212011,
    "predict_award_f1": 0.5522088353413653,
    "predict_award_number": 941,
    "predict_award_precision": 0.5233111322549953,
    "predict_award_recall": 0.5844845908607864,
    "predict_biologything_f1": 0.5836734693877552,
    "predict_biologything_number": 1875,
    "predict_biologything_precision": 0.5594132029339853,
    "predict_biologything_recall": 0.6101333333333333,
    "predict_bodiesofwater_f1": 0.6901993355481728,
    "predict_bodiesofwater_number": 1169,
    "predict_bodiesofwater_precision": 0.6707021791767555,
    "predict_bodiesofwater_recall": 0.7108639863130881,
    "predict_broadcastprogram_f1": 0.5385239253852392,
    "predict_broadcastprogram_number": 605,
    "predict_broadcastprogram_precision": 0.5286624203821656,
    "predict_broadcastprogram_recall": 0.5487603305785124,
    "predict_car_f1": 0.6614950634696756,
    "predict_car_number": 688,
    "predict_car_precision": 0.6424657534246575,
    "predict_car_recall": 0.6816860465116279,
    "predict_chemicalthing_f1": 0.5142340713962945,
    "predict_chemicalthing_number": 1014,
    "predict_chemicalthing_precision": 0.4745621351125938,
    "predict_chemicalthing_recall": 0.5611439842209073,
    "predict_company_f1": 0.6480558325024924,
    "predict_company_number": 3903,
    "predict_company_precision": 0.6309148264984227,
    "predict_company_recall": 0.6661542403279529,
    "predict_currency_f1": 0.6965002868617327,
    "predict_currency_number": 799,
    "predict_currency_precision": 0.6430084745762712,
    "predict_currency_recall": 0.7596996245306633,
    "predict_director_f1": 0.6666666666666667,
    "predict_director_number": 554,
    "predict_director_precision": 0.6302250803858521,
    "predict_director_recall": 0.7075812274368231,
    "predict_disaster_f1": 0.44863731656184486,
    "predict_disaster_number": 207,
    "predict_disaster_precision": 0.3962962962962963,
    "predict_disaster_recall": 0.5169082125603864,
    "predict_disease_f1": 0.5983889528193326,
    "predict_disease_number": 750,
    "predict_disease_precision": 0.5263157894736842,
    "predict_disease_recall": 0.6933333333333334,
    "predict_education_f1": 0.7317757009345794,
    "predict_education_number": 2082,
    "predict_education_precision": 0.7124658780709736,
    "predict_education_recall": 0.7521613832853026,
    "predict_educationaldegree_f1": 0.4560570071258907,
    "predict_educationaldegree_number": 367,
    "predict_educationaldegree_precision": 0.40421052631578946,
    "predict_educationaldegree_recall": 0.5231607629427792,
    "predict_election_f1": 0.22604422604422603,
    "predict_election_number": 184,
    "predict_election_precision": 0.2062780269058296,
    "predict_election_recall": 0.25,
    "predict_film_f1": 0.6632911392405064,
    "predict_film_number": 759,
    "predict_film_precision": 0.6382460414129111,
    "predict_film_recall": 0.6903820816864296,
    "predict_food_f1": 0.502994011976048,
    "predict_food_number": 432,
    "predict_food_precision": 0.4421052631578947,
    "predict_food_recall": 0.5833333333333334,
    "predict_game_f1": 0.6445115810674722,
    "predict_game_number": 496,
    "predict_game_precision": 0.6438631790744467,
    "predict_game_recall": 0.6451612903225806,
    "predict_god_f1": 0.6045801526717557,
    "predict_god_number": 635,
    "predict_god_precision": 0.5866666666666667,
    "predict_god_recall": 0.6236220472440945,
    "predict_government/governmentagency_f1": 0.40377952755905516,
    "predict_government/governmentagency_number": 1535,
    "predict_government/governmentagency_precision": 0.3908536585365854,
    "predict_government/governmentagency_recall": 0.4175895765472313,
    "predict_hospital_f1": 0.6895674300254454,
    "predict_hospital_number": 364,
    "predict_hospital_precision": 0.6421800947867299,
    "predict_hospital_recall": 0.7445054945054945,
    "predict_hotel_f1": 0.6382189239332096,
    "predict_hotel_number": 265,
    "predict_hotel_precision": 0.6277372262773723,
    "predict_hotel_recall": 0.6490566037735849,
    "predict_island_f1": 0.6418383518225039,
    "predict_island_number": 646,
    "predict_island_precision": 0.6574675324675324,
    "predict_island_recall": 0.6269349845201239,
    "predict_language_f1": 0.6670702179176755,
    "predict_language_number": 753,
    "predict_language_precision": 0.6129032258064516,
    "predict_language_recall": 0.7317397078353254,
    "predict_law_f1": 0.5629077353215285,
    "predict_law_number": 488,
    "predict_law_precision": 0.5162393162393163,
    "predict_law_recall": 0.6188524590163934,
    "predict_library_f1": 0.6737120211360634,
    "predict_library_number": 357,
    "predict_library_precision": 0.6375,
    "predict_library_recall": 0.7142857142857143,
    "predict_livingthing_f1": 0.5627980922098569,
    "predict_livingthing_number": 865,
    "predict_livingthing_precision": 0.5195694716242661,
    "predict_livingthing_recall": 0.6138728323699422,
    "predict_loss": 0.4884832799434662,
    "predict_media/newspaper_f1": 0.5808197989172467,
    "predict_media/newspaper_number": 1234,
    "predict_media/newspaper_precision": 0.5554733727810651,
    "predict_media/newspaper_recall": 0.6085899513776337,
    "predict_medical_f1": 0.37327188940092165,
    "predict_medical_number": 397,
    "predict_medical_precision": 0.34394904458598724,
    "predict_medical_recall": 0.4080604534005038,
    "predict_mountain_f1": 0.6492374727668846,
    "predict_mountain_number": 681,
    "predict_mountain_precision": 0.6422413793103449,
    "predict_mountain_recall": 0.6563876651982379,
    "predict_music_f1": 0.7293556085918854,
    "predict_music_number": 1041,
    "predict_music_precision": 0.7248576850094877,
    "predict_music_recall": 0.733909702209414,
    "predict_other_f1": 0.5339181693703731,
    "predict_other_number": 21035,
    "predict_other_precision": 0.5215833862337897,
    "predict_other_recall": 0.5468504872830996,
    "predict_overall_accuracy": 0.9173750941855744,
    "predict_overall_f1": 0.6400475812846947,
    "predict_overall_precision": 0.6157073654498989,
    "predict_overall_recall": 0.6663914461462247,
    "predict_painting_f1": 0.42857142857142855,
    "predict_painting_number": 58,
    "predict_painting_precision": 0.36585365853658536,
    "predict_painting_recall": 0.5172413793103449,
    "predict_park_f1": 0.6168831168831169,
    "predict_park_number": 458,