{
    "predict_GPE_f1": 0.76260744636813,
    "predict_GPE_number": 20409,
    "predict_GPE_precision": 0.7580114241456094,
    "predict_GPE_recall": 0.7672595423587633,
    "predict_actor_f1": 0.6479827533107484,
    "predict_actor_number": 1638,
    "predict_actor_precision": 0.653822249844624,
    "predict_actor_recall": 0.6422466422466423,
    "predict_airplane_f1": 0.5132641291810842,
    "predict_airplane_number": 794,
    "predict_airplane_precision": 0.4734042553191489,
    "predict_airplane_recall": 0.5604534005037783,
    "predict_airport_f1": 0.691449814126394,
    "predict_airport_number": 364,
    "predict_airport_precision": 0.6297968397291196,
    "predict_airport_recall": 0.7664835164835165,
    "predict_artist/author_f1": 0.5297268344938404,
    "predict_artist/author_number": 3464,
    "predict_artist/author_precision": 0.494005994005994,
    "predict_artist/author_recall": 0.5710161662817552,
    "predict_astronomything_f1": 0.527891156462585,
    "predict_astronomything_number": 678,
    "predict_astronomything_precision": 0.4898989898989899,
    "predict_astronomything_recall": 0.5722713864306784,
    "predict_athlete_f1": 0.7780335415981584,
    "predict_athlete_number": 2907,
    "predict_athlete_precision": 0.7451968503937008,
    "predict_athlete_recall": 0.8138974888200894,
    "predict_attack/battle/war/militaryconflict_f1": 0.6167400881057269,
    "predict_attack/battle/war/militaryconflict_number": 1099,
    "predict_attack/battle/war/militaryconflict_precision": 0.5507868383404864,
    "predict_attack/battle/war/militaryconflict_recall": 0.7006369426751592,
    "predict_award_f1": 0.46382189239332094,
    "predict_award_number": 941,
    "predict_award_precision": 0.411522633744856,
    "predict_award_recall": 0.5313496280552603,
    "predict_biologything_f1": 0.4986876640419948,
    "predict_biologything_number": 1875,
    "predict_biologything_precision": 0.4909560723514212,
    "predict_biologything_recall": 0.5066666666666667,
    "predict_bodiesofwater_f1": 0.5999136814846785,
    "predict_bodiesofwater_number": 1169,
    "predict_bodiesofwater_precision": 0.6054006968641115,
    "predict_bodiesofwater_recall": 0.5945252352437981,
    "predict_broadcastprogram_f1": 0.3752122241086588,
    "predict_broadcastprogram_number": 605,
    "predict_broadcastprogram_precision": 0.3856893542757417,
    "predict_broadcastprogram_recall": 0.3652892561983471,
    "predict_car_f1": 0.5762217359591539,
    "predict_car_number": 688,
    "predict_car_precision": 0.5783308931185944,
    "predict_car_recall": 0.5741279069767442,
    "predict_chemicalthing_f1": 0.4562669071235347,
    "predict_chemicalthing_number": 1014,
    "predict_chemicalthing_precision": 0.420265780730897,
    "predict_chemicalthing_recall": 0.4990138067061144,
    "predict_company_f1": 0.577224642190417,
    "predict_company_number": 3903,
    "predict_company_precision": 0.5612294288480155,
    "predict_company_recall": 0.5941583397386626,
    "predict_currency_f1": 0.6381322957198444,
    "predict_currency_number": 799,
    "predict_currency_precision": 0.6621803499327052,
    "predict_currency_recall": 0.6157697121401752,
    "predict_director_f1": 0.42749371332774516,
    "predict_director_number": 554,
    "predict_director_precision": 0.39906103286384975,
    "predict_director_recall": 0.4602888086642599,
    "predict_disaster_f1": 0.35028248587570626,
    "predict_disaster_number": 207,
    "predict_disaster_precision": 0.4217687074829932,
    "predict_disaster_recall": 0.2995169082125604,
    "predict_disease_f1": 0.4856269113149847,
    "predict_disease_number": 750,
    "predict_disease_precision": 0.4485875706214689,
    "predict_disease_recall": 0.5293333333333333,
    "predict_education_f1": 0.6502768549280178,
    "predict_education_number": 2082,
    "predict_education_precision": 0.603370324702014,
    "predict_education_recall": 0.7050912584053795,
    "predict_educationaldegree_f1": 0.41084462982273207,
    "predict_educationaldegree_number": 367,
    "predict_educationaldegree_precision": 0.3327702702702703,
    "predict_educationaldegree_recall": 0.5367847411444142,
    "predict_election_f1": 0.13881748071979436,
    "predict_election_number": 184,
    "predict_election_precision": 0.13170731707317074,
    "predict_election_recall": 0.14673913043478262,
    "predict_film_f1": 0.5080352514256091,
    "predict_film_number": 759,
    "predict_film_precision": 0.4188034188034188,
    "predict_film_recall": 0.6455862977602108,
    "predict_food_f1": 0.387434554973822,
    "predict_food_number": 432,
    "predict_food_precision": 0.35372848948374763,
    "predict_food_recall": 0.42824074074074076,
    "predict_game_f1": 0.4413965087281796,
    "predict_game_number": 496,
    "predict_game_precision": 0.5784313725490197,
    "predict_game_recall": 0.35685483870967744,
    "predict_god_f1": 0.535305985205111,
    "predict_god_number": 635,
    "predict_god_precision": 0.4671361502347418,
    "predict_god_recall": 0.6267716535433071,
    "predict_government/governmentagency_f1": 0.29712301587301587,
    "predict_government/governmentagency_number": 1535,
    "predict_government/governmentagency_precision": 0.23988786543852622,
    "predict_government/governmentagency_recall": 0.390228013029316,
    "predict_hospital_f1": 0.5799086757990867,
    "predict_hospital_number": 364,
    "predict_hospital_precision": 0.49609375,
    "predict_hospital_recall": 0.6978021978021978,
    "predict_hotel_f1": 0.4142194744976816,
    "predict_hotel_number": 265,
    "predict_hotel_precision": 0.3507853403141361,
    "predict_hotel_recall": 0.5056603773584906,
    "predict_island_f1": 0.4947526236881559,
    "predict_island_number": 646,
    "predict_island_precision": 0.4796511627906977,
    "predict_island_recall": 0.5108359133126935,
    "predict_language_f1": 0.5625730994152047,
    "predict_language_number": 753,
    "predict_language_precision": 0.5026123301985371,
    "predict_language_recall": 0.6387782204515272,
    "predict_law_f1": 0.4383346425765907,
    "predict_law_number": 488,
    "predict_law_precision": 0.3554140127388535,
    "predict_law_recall": 0.5717213114754098,
    "predict_library_f1": 0.5688311688311688,
    "predict_library_number": 357,
    "predict_library_precision": 0.5302663438256658,
    "predict_library_recall": 0.6134453781512605,
    "predict_livingthing_f1": 0.4762456546929316,
    "predict_livingthing_number": 865,
    "predict_livingthing_precision": 0.47735191637630664,
    "predict_livingthing_recall": 0.4751445086705202,
    "predict_loss": 0.5149145126342773,
    "predict_media/newspaper_f1": 0.5233644859813084,
    "predict_media/newspaper_number": 1234,
    "predict_media/newspaper_precision": 0.4857737682165163,
    "predict_media/newspaper_recall": 0.5672609400324149,
    "predict_medical_f1": 0.4011299435028248,
    "predict_medical_number": 397,
    "predict_medical_precision": 0.4565916398713826,
    "predict_medical_recall": 0.35768261964735515,
    "predict_mountain_f1": 0.5255023183925811,
    "predict_mountain_number": 681,
    "predict_mountain_precision": 0.5546492659053833,
    "predict_mountain_recall": 0.49926578560939794,
    "predict_music_f1": 0.592237243785434,
    "predict_music_number": 1041,
    "predict_music_precision": 0.542332268370607,
    "predict_music_recall": 0.6522574447646494,
    "predict_other_f1": 0.43903397676652983,
    "predict_other_number": 21035,
    "predict_other_precision": 0.40600137312709506,
    "predict_other_recall": 0.4779177561207511,
    "predict_overall_accuracy": 0.898100437107922,
    "predict_overall_f1": 0.5527978405194427,
    "predict_overall_precision": 0.5227433701581228,
    "predict_overall_recall": 0.5865190108574495,
    "predict_painting_f1": 0.01694915254237288,
    "predict_painting_number": 58,
    "predict_painting_precision": 0.016666666666666666,
    "predict_painting_recall": 0.017241379310344827,
    "predict_park_f1": 0.3563218390804597,