{
    "predict_GPE_f1": 0.7369854162820749,
    "predict_GPE_number": 20409,
    "predict_GPE_precision": 0.6965150259519344,
    "predict_GPE_recall": 0.7824489195942966,
    "predict_actor_f1": 0.6466809421841543,
    "predict_actor_number": 1638,
    "predict_actor_precision": 0.648068669527897,
    "predict_actor_recall": 0.6452991452991453,
    "predict_airplane_f1": 0.4699583581201665,
    "predict_airplane_number": 794,
    "predict_airplane_precision": 0.44532130777903045,
    "predict_airplane_recall": 0.49748110831234255,
    "predict_airport_f1": 0.5219399538106235,
    "predict_airport_number": 364,
    "predict_airport_precision": 0.450199203187251,
    "predict_airport_recall": 0.6208791208791209,
    "predict_artist/author_f1": 0.5450745436812039,
    "predict_artist/author_number": 3464,
    "predict_artist/author_precision": 0.5267977376784272,
    "predict_artist/author_recall": 0.5646651270207852,
    "predict_astronomything_f1": 0.61782999308915,
    "predict_astronomything_number": 678,
    "predict_astronomything_precision": 0.5812743823146944,
    "predict_astronomything_recall": 0.6592920353982301,
    "predict_athlete_f1": 0.7410699025807553,
    "predict_athlete_number": 2907,
    "predict_athlete_precision": 0.7364130434782609,
    "predict_athlete_recall": 0.7457860337117304,
    "predict_attack/battle/war/militaryconflict_f1": 0.5925020374898124,
    "predict_attack/battle/war/militaryconflict_number": 1099,
    "predict_attack/battle/war/militaryconflict_precision": 0.5365313653136531,
    "predict_attack/battle/war/militaryconflict_recall": 0.6615104640582348,
    "predict_award_f1": 0.4320691310609697,
    "predict_award_number": 941,
    "predict_award_precision": 0.39404553415061294,
    "predict_award_recall": 0.4782146652497343,
    "predict_biologything_f1": 0.5414141414141413,
    "predict_biologything_number": 1875,
    "predict_biologything_precision": 0.5141486810551559,
    "predict_biologything_recall": 0.5717333333333333,
    "predict_bodiesofwater_f1": 0.5874587458745874,
    "predict_bodiesofwater_number": 1169,
    "predict_bodiesofwater_precision": 0.5673306772908366,
    "predict_bodiesofwater_recall": 0.6090675791274593,
    "predict_broadcastprogram_f1": 0.3730886850152905,
    "predict_broadcastprogram_number": 605,
    "predict_broadcastprogram_precision": 0.34708392603129445,
    "predict_broadcastprogram_recall": 0.4033057851239669,
    "predict_car_f1": 0.5478502080443828,
    "predict_car_number": 688,
    "predict_car_precision": 0.5238726790450928,
    "predict_car_recall": 0.5741279069767442,
    "predict_chemicalthing_f1": 0.4447605500237079,
    "predict_chemicalthing_number": 1014,
    "predict_chemicalthing_precision": 0.428310502283105,
    "predict_chemicalthing_recall": 0.4625246548323471,
    "predict_company_f1": 0.5270126492493202,
    "predict_company_number": 3903,
    "predict_company_precision": 0.4892449517120281,
    "predict_company_recall": 0.5710991544965411,
    "predict_currency_f1": 0.6033779848573092,
    "predict_currency_number": 799,
    "predict_currency_precision": 0.5642701525054467,
    "predict_currency_recall": 0.6483103879849812,
    "predict_director_f1": 0.5238828967642527,
    "predict_director_number": 554,
    "predict_director_precision": 0.45698924731182794,
    "predict_director_recall": 0.6137184115523465,
    "predict_disaster_f1": 0.4037122969837587,
    "predict_disaster_number": 207,
    "predict_disaster_precision": 0.38839285714285715,
    "predict_disaster_recall": 0.42028985507246375,
    "predict_disease_f1": 0.5047248471372984,
    "predict_disease_number": 750,
    "predict_disease_precision": 0.432793136320305,
    "predict_disease_recall": 0.6053333333333333,
    "predict_education_f1": 0.5882609644337771,
    "predict_education_number": 2082,
    "predict_education_precision": 0.538984406237505,
    "predict_education_recall": 0.6474543707973103,
    "predict_educationaldegree_f1": 0.4342857142857143,
    "predict_educationaldegree_number": 367,
    "predict_educationaldegree_precision": 0.37401574803149606,
    "predict_educationaldegree_recall": 0.5177111716621253,
    "predict_election_f1": 0.14025974025974025,
    "predict_election_number": 184,
    "predict_election_precision": 0.13432835820895522,
    "predict_election_recall": 0.14673913043478262,
    "predict_film_f1": 0.5,
    "predict_film_number": 759,
    "predict_film_precision": 0.4458204334365325,
    "predict_film_recall": 0.5691699604743083,
    "predict_food_f1": 0.40119165839126114,
    "predict_food_number": 432,
    "predict_food_precision": 0.35130434782608694,
    "predict_food_recall": 0.4675925925925926,
    "predict_game_f1": 0.5078776645041706,
    "predict_game_number": 496,
    "predict_game_precision": 0.4699828473413379,
    "predict_game_recall": 0.5524193548387096,
    "predict_god_f1": 0.5911047345767576,
    "predict_god_number": 635,
    "predict_god_precision": 0.5428194993412385,
    "predict_god_recall": 0.6488188976377953,
    "predict_government/governmentagency_f1": 0.26654898499558694,
    "predict_government/governmentagency_number": 1535,
    "predict_government/governmentagency_precision": 0.24302575107296137,
    "predict_government/governmentagency_recall": 0.29511400651465797,
    "predict_hospital_f1": 0.5302445302445301,
    "predict_hospital_number": 364,
    "predict_hospital_precision": 0.49878934624697335,
    "predict_hospital_recall": 0.5659340659340659,
    "predict_hotel_f1": 0.5062388591800356,
    "predict_hotel_number": 265,
    "predict_hotel_precision": 0.4797297297297297,
    "predict_hotel_recall": 0.5358490566037736,
    "predict_island_f1": 0.4888888888888889,
    "predict_island_number": 646,
    "predict_island_precision": 0.4552736982643525,
    "predict_island_recall": 0.5278637770897833,
    "predict_language_f1": 0.633912522468544,
    "predict_language_number": 753,
    "predict_language_precision": 0.5775109170305677,
    "predict_language_recall": 0.702523240371846,
    "predict_law_f1": 0.44207066557107644,
    "predict_law_number": 488,
    "predict_law_precision": 0.36899862825788754,
    "predict_law_recall": 0.5512295081967213,
    "predict_library_f1": 0.5215189873417722,
    "predict_library_number": 357,
    "predict_library_precision": 0.47575057736720555,
    "predict_library_recall": 0.5770308123249299,
    "predict_livingthing_f1": 0.4992420414350683,
    "predict_livingthing_number": 865,
    "predict_livingthing_precision": 0.44344703770197486,
    "predict_livingthing_recall": 0.5710982658959538,
    "predict_loss": 0.6203427314758301,
    "predict_media/newspaper_f1": 0.5210204814947897,
    "predict_media/newspaper_number": 1234,
    "predict_media/newspaper_precision": 0.46804389928986445,
    "predict_media/newspaper_recall": 0.5875202593192869,
    "predict_medical_f1": 0.40213049267643136,
    "predict_medical_number": 397,
    "predict_medical_precision": 0.4265536723163842,
    "predict_medical_recall": 0.380352644836272,
    "predict_mountain_f1": 0.5332380271622587,
    "predict_mountain_number": 681,
    "predict_mountain_precision": 0.5194986072423399,
    "predict_mountain_recall": 0.5477239353891337,
    "predict_music_f1": 0.5770191507077435,
    "predict_music_number": 1041,
    "predict_music_precision": 0.5091844232182219,
    "predict_music_recall": 0.6657060518731989,
    "predict_other_f1": 0.4291333477415172,
    "predict_other_number": 21035,
    "predict_other_precision": 0.3934218347533188,
    "predict_other_recall": 0.47197527929641075,
    "predict_overall_accuracy": 0.8980884942685228,
    "predict_overall_f1": 0.5421081772533746,
    "predict_overall_precision": 0.5042622717908646,
    "predict_overall_recall": 0.5860958593072699,
    "predict_painting_f1": 0.1904761904761905,
    "predict_painting_number": 58,
    "predict_painting_precision": 0.2127659574468085,
    "predict_painting_recall": 0.1724137931034483,
    "predict_park_f1": 0.31381215469613255,