{
    "predict_GPE_f1": 0.7681519699812384,
    "predict_GPE_number": 20409,
    "predict_GPE_precision": 0.736674013764563,
    "predict_GPE_recall": 0.8024400999559018,
    "predict_actor_f1": 0.6776957163958641,
    "predict_actor_number": 1638,
    "predict_actor_precision": 0.656554092730395,
    "predict_actor_recall": 0.7002442002442002,
    "predict_airplane_f1": 0.48246674727932287,
    "predict_airplane_number": 794,
    "predict_airplane_precision": 0.46395348837209305,
    "predict_airplane_recall": 0.5025188916876574,
    "predict_airport_f1": 0.6900878293601004,
    "predict_airport_number": 364,
    "predict_airport_precision": 0.6351039260969977,
    "predict_airport_recall": 0.7554945054945055,
    "predict_artist/author_f1": 0.56964600569646,
    "predict_artist/author_number": 3464,
    "predict_artist/author_precision": 0.5372217958557176,
    "predict_artist/author_recall": 0.6062355658198614,
    "predict_astronomything_f1": 0.559125085440875,
    "predict_astronomything_number": 678,
    "predict_astronomything_precision": 0.5210191082802548,
    "predict_astronomything_recall": 0.6032448377581121,
    "predict_athlete_f1": 0.7777208269263626,
    "predict_athlete_number": 2907,
    "predict_athlete_precision": 0.7725729803122878,
    "predict_athlete_recall": 0.782937736498108,
    "predict_attack/battle/war/militaryconflict_f1": 0.618923611111111,
    "predict_attack/battle/war/militaryconflict_number": 1099,
    "predict_attack/battle/war/militaryconflict_precision": 0.591701244813278,
    "predict_attack/battle/war/militaryconflict_recall": 0.6487716105550501,
    "predict_award_f1": 0.45539906103286387,
    "predict_award_number": 941,
    "predict_award_precision": 0.407905803195963,
    "predict_award_recall": 0.5154091392136025,
    "predict_biologything_f1": 0.5389968802495799,
    "predict_biologything_number": 1875,
    "predict_biologything_precision": 0.4899650959860384,
    "predict_biologything_recall": 0.5989333333333333,
    "predict_bodiesofwater_f1": 0.6114704614057784,
    "predict_bodiesofwater_number": 1169,
    "predict_bodiesofwater_precision": 0.6165217391304347,
    "predict_bodiesofwater_recall": 0.6065012831479898,
    "predict_broadcastprogram_f1": 0.465149359886202,
    "predict_broadcastprogram_number": 605,
    "predict_broadcastprogram_precision": 0.40823970037453183,
    "predict_broadcastprogram_recall": 0.540495867768595,
    "predict_car_f1": 0.5605442176870749,
    "predict_car_number": 688,
    "predict_car_precision": 0.5268542199488491,
    "predict_car_recall": 0.5988372093023255,
    "predict_chemicalthing_f1": 0.4722631320569465,
    "predict_chemicalthing_number": 1014,
    "predict_chemicalthing_precision": 0.4701857282502444,
    "predict_chemicalthing_recall": 0.47435897435897434,
    "predict_company_f1": 0.5740991267986717,
    "predict_company_number": 3903,
    "predict_company_precision": 0.5520340586565752,
    "predict_company_recall": 0.5980015372790162,
    "predict_currency_f1": 0.6223972988182329,
    "predict_currency_number": 799,
    "predict_currency_precision": 0.565439672801636,
    "predict_currency_recall": 0.6921151439299124,
    "predict_director_f1": 0.49268292682926834,
    "predict_director_number": 554,
    "predict_director_precision": 0.44822485207100593,
    "predict_director_recall": 0.5469314079422383,
    "predict_disaster_f1": 0.3801295896328294,
    "predict_disaster_number": 207,
    "predict_disaster_precision": 0.34375,
    "predict_disaster_recall": 0.4251207729468599,
    "predict_disease_f1": 0.5203503348789285,
    "predict_disease_number": 750,
    "predict_disease_precision": 0.42401343408900083,
    "predict_disease_recall": 0.6733333333333333,
    "predict_education_f1": 0.6840566674162357,
    "predict_education_number": 2082,
    "predict_education_precision": 0.6431289640591966,
    "predict_education_recall": 0.7305475504322767,
    "predict_educationaldegree_f1": 0.44042553191489364,
    "predict_educationaldegree_number": 367,
    "predict_educationaldegree_precision": 0.3612565445026178,
    "predict_educationaldegree_recall": 0.5640326975476839,
    "predict_election_f1": 0.05089058524173028,
    "predict_election_number": 184,
    "predict_election_precision": 0.04784688995215311,
    "predict_election_recall": 0.05434782608695652,
    "predict_film_f1": 0.5762917933130699,
    "predict_film_number": 759,
    "predict_film_precision": 0.5349887133182845,
    "predict_film_recall": 0.6245059288537549,
    "predict_food_f1": 0.41260744985673353,
    "predict_food_number": 432,
    "predict_food_precision": 0.35121951219512193,
    "predict_food_recall": 0.5,
    "predict_game_f1": 0.5277207392197126,
    "predict_game_number": 496,
    "predict_game_precision": 0.5376569037656904,
    "predict_game_recall": 0.5181451612903226,
    "predict_god_f1": 0.5594306049822064,
    "predict_god_number": 635,
    "predict_god_precision": 0.5103896103896104,
    "predict_god_recall": 0.6188976377952756,
    "predict_government/governmentagency_f1": 0.3018319278860133,
    "predict_government/governmentagency_number": 1535,
    "predict_government/governmentagency_precision": 0.27258403361344535,
    "predict_government/governmentagency_recall": 0.33811074918566775,
    "predict_hospital_f1": 0.6169724770642201,
    "predict_hospital_number": 364,
    "predict_hospital_precision": 0.5295275590551181,
    "predict_hospital_recall": 0.739010989010989,
    "predict_hotel_f1": 0.5629139072847682,
    "predict_hotel_number": 265,
    "predict_hotel_precision": 0.5014749262536873,
    "predict_hotel_recall": 0.6415094339622641,
    "predict_island_f1": 0.5438066465256798,
    "predict_island_number": 646,
    "predict_island_precision": 0.5309734513274337,
    "predict_island_recall": 0.5572755417956656,
    "predict_language_f1": 0.6215420835785758,
    "predict_language_number": 753,
    "predict_language_precision": 0.5581395348837209,
    "predict_language_recall": 0.701195219123506,
    "predict_law_f1": 0.351027397260274,
    "predict_law_number": 488,
    "predict_law_precision": 0.3014705882352941,
    "predict_law_recall": 0.42008196721311475,
    "predict_library_f1": 0.5695708712613785,
    "predict_library_number": 357,
    "predict_library_precision": 0.5315533980582524,
    "predict_library_recall": 0.6134453781512605,
    "predict_livingthing_f1": 0.48407643312101906,
    "predict_livingthing_number": 865,
    "predict_livingthing_precision": 0.4474975466143278,
    "predict_livingthing_recall": 0.5271676300578034,
    "predict_loss": 0.4392494559288025,
    "predict_media/newspaper_f1": 0.5283313794450957,
    "predict_media/newspaper_number": 1234,
    "predict_media/newspaper_precision": 0.510188679245283,
    "predict_media/newspaper_recall": 0.5478119935170178,
    "predict_medical_f1": 0.4532130777903044,
    "predict_medical_number": 397,
    "predict_medical_precision": 0.41020408163265304,
    "predict_medical_recall": 0.5062972292191436,
    "predict_mountain_f1": 0.5636896046852123,
    "predict_mountain_number": 681,
    "predict_mountain_precision": 0.5620437956204379,
    "predict_mountain_recall": 0.5653450807635829,
    "predict_music_f1": 0.6328195829555756,
    "predict_music_number": 1041,
    "predict_music_precision": 0.5991416309012876,
    "predict_music_recall": 0.6705091258405379,
    "predict_other_f1": 0.4553434078363948,
    "predict_other_number": 21035,
    "predict_other_precision": 0.4343735163364841,
    "predict_other_recall": 0.4784406940812931,
    "predict_overall_accuracy": 0.9032478008889815,
    "predict_overall_f1": 0.5729893129474201,
    "predict_overall_precision": 0.5414665062321463,
    "predict_overall_recall": 0.6084093630021055,
    "predict_painting_f1": 0.0,
    "predict_painting_number": 58,
    "predict_painting_precision": 0.0,
    "predict_painting_recall": 0.0,
    "predict_park_f1": 0.4649805447470817,
    "predict_park_number": 458,