{
    "predict_GPE_f1": 0.7457135383225131,
    "predict_GPE_number": 20409,
    "predict_GPE_precision": 0.7244709361426855,
    "predict_GPE_recall": 0.7682395021804106,
    "predict_actor_f1": 0.6773378264532435,
    "predict_actor_number": 1638,
    "predict_actor_precision": 0.6271450858034321,
    "predict_actor_recall": 0.7362637362637363,
    "predict_airplane_f1": 0.5173041894353368,
    "predict_airplane_number": 794,
    "predict_airplane_precision": 0.49941383352872215,
    "predict_airplane_recall": 0.5365239294710328,
    "predict_airport_f1": 0.5897740784780023,
    "predict_airport_number": 364,
    "predict_airport_precision": 0.519916142557652,
    "predict_airport_recall": 0.6813186813186813,
    "predict_artist/author_f1": 0.5727456064534717,
    "predict_artist/author_number": 3464,
    "predict_artist/author_precision": 0.5715928694652099,
    "predict_artist/author_recall": 0.5739030023094688,
    "predict_astronomything_f1": 0.6463414634146342,
    "predict_astronomything_number": 678,
    "predict_astronomything_precision": 0.5977443609022557,
    "predict_astronomything_recall": 0.7035398230088495,
    "predict_athlete_f1": 0.791465932553338,
    "predict_athlete_number": 2907,
    "predict_athlete_precision": 0.7917383820998278,
    "predict_athlete_recall": 0.7911936704506364,
    "predict_attack/battle/war/militaryconflict_f1": 0.603305785123967,
    "predict_attack/battle/war/militaryconflict_number": 1099,
    "predict_attack/battle/war/militaryconflict_precision": 0.5526116578349735,
    "predict_attack/battle/war/militaryconflict_recall": 0.6642402183803457,
    "predict_award_f1": 0.4483275087368947,
    "predict_award_number": 941,
    "predict_award_precision": 0.4227871939736347,
    "predict_award_recall": 0.4771519659936238,
    "predict_biologything_f1": 0.5268998793727382,
    "predict_biologything_number": 1875,
    "predict_biologything_precision": 0.48105726872246696,
    "predict_biologything_recall": 0.5824,
    "predict_bodiesofwater_f1": 0.6134969325153373,
    "predict_bodiesofwater_number": 1169,
    "predict_bodiesofwater_precision": 0.5877742946708464,
    "predict_bodiesofwater_recall": 0.6415739948674081,
    "predict_broadcastprogram_f1": 0.42736486486486486,
    "predict_broadcastprogram_number": 605,
    "predict_broadcastprogram_precision": 0.4369602763385147,
    "predict_broadcastprogram_recall": 0.41818181818181815,
    "predict_car_f1": 0.631503920171062,
    "predict_car_number": 688,
    "predict_car_precision": 0.6195804195804195,
    "predict_car_recall": 0.6438953488372093,
    "predict_chemicalthing_f1": 0.49669499527856464,
    "predict_chemicalthing_number": 1014,
    "predict_chemicalthing_precision": 0.47644927536231885,
    "predict_chemicalthing_recall": 0.5187376725838264,
    "predict_company_f1": 0.5547986136010518,
    "predict_company_number": 3903,
    "predict_company_precision": 0.5199372759856631,
    "predict_company_recall": 0.5946707660773763,
    "predict_currency_f1": 0.6370614035087718,
    "predict_currency_number": 799,
    "predict_currency_precision": 0.5668292682926829,
    "predict_currency_recall": 0.7271589486858573,
    "predict_director_f1": 0.545774647887324,
    "predict_director_number": 554,
    "predict_director_precision": 0.5326460481099656,
    "predict_director_recall": 0.5595667870036101,
    "predict_disaster_f1": 0.35571687840290384,
    "predict_disaster_number": 207,
    "predict_disaster_precision": 0.28488372093023256,
    "predict_disaster_recall": 0.47342995169082125,
    "predict_disease_f1": 0.5635618043350908,
    "predict_disease_number": 750,
    "predict_disease_precision": 0.5026123301985371,
    "predict_disease_recall": 0.6413333333333333,
    "predict_education_f1": 0.624150777996932,
    "predict_education_number": 2082,
    "predict_education_precision": 0.5739621120515921,
    "predict_education_recall": 0.6839577329490875,
    "predict_educationaldegree_f1": 0.4373522458628842,
    "predict_educationaldegree_number": 367,
    "predict_educationaldegree_precision": 0.3862212943632568,
    "predict_educationaldegree_recall": 0.5040871934604905,
    "predict_election_f1": 0.12121212121212122,
    "predict_election_number": 184,
    "predict_election_precision": 0.10612244897959183,
    "predict_election_recall": 0.14130434782608695,
    "predict_film_f1": 0.5532203389830509,
    "predict_film_number": 759,
    "predict_film_precision": 0.5698324022346368,
    "predict_film_recall": 0.5375494071146245,
    "predict_food_f1": 0.39770114942528734,
    "predict_food_number": 432,
    "predict_food_precision": 0.3949771689497717,
    "predict_food_recall": 0.40046296296296297,
    "predict_game_f1": 0.568738229755179,
    "predict_game_number": 496,
    "predict_game_precision": 0.5335689045936396,
    "predict_game_recall": 0.6088709677419355,
    "predict_god_f1": 0.5550724637681158,
    "predict_god_number": 635,
    "predict_god_precision": 0.5140939597315436,
    "predict_god_recall": 0.6031496062992125,
    "predict_government/governmentagency_f1": 0.314580265095729,
    "predict_government/governmentagency_number": 1535,
    "predict_government/governmentagency_precision": 0.2870967741935484,
    "predict_government/governmentagency_recall": 0.3478827361563518,
    "predict_hospital_f1": 0.5335051546391751,
    "predict_hospital_number": 364,
    "predict_hospital_precision": 0.5024271844660194,
    "predict_hospital_recall": 0.5686813186813187,
    "predict_hotel_f1": 0.4891122278056951,
    "predict_hotel_number": 265,
    "predict_hotel_precision": 0.4397590361445783,
    "predict_hotel_recall": 0.5509433962264151,
    "predict_island_f1": 0.5302464525765498,
    "predict_island_number": 646,
    "predict_island_precision": 0.5122655122655123,
    "predict_island_recall": 0.5495356037151703,
    "predict_language_f1": 0.636622932116372,
    "predict_language_number": 753,
    "predict_language_precision": 0.558,
    "predict_language_recall": 0.7410358565737052,
    "predict_law_f1": 0.4672057502246182,
    "predict_law_number": 488,
    "predict_law_precision": 0.416,
    "predict_law_recall": 0.5327868852459017,
    "predict_library_f1": 0.5081967213114753,
    "predict_library_number": 357,
    "predict_library_precision": 0.43661971830985913,
    "predict_library_recall": 0.6078431372549019,
    "predict_livingthing_f1": 0.5128983308042488,
    "predict_livingthing_number": 865,
    "predict_livingthing_precision": 0.45593525179856115,
    "predict_livingthing_recall": 0.5861271676300578,
    "predict_loss": 0.5003655552864075,
    "predict_media/newspaper_f1": 0.5170556552962298,
    "predict_media/newspaper_number": 1234,
    "predict_media/newspaper_precision": 0.46421663442940037,
    "predict_media/newspaper_recall": 0.5834683954619124,
    "predict_medical_f1": 0.3662337662337662,
    "predict_medical_number": 397,
    "predict_medical_precision": 0.3780160857908847,
    "predict_medical_recall": 0.35516372795969775,
    "predict_mountain_f1": 0.572347266881029,
    "predict_mountain_number": 681,
    "predict_mountain_precision": 0.5091533180778032,
    "predict_mountain_recall": 0.6534508076358296,
    "predict_music_f1": 0.611111111111111,
    "predict_music_number": 1041,
    "predict_music_precision": 0.5898123324396782,
    "predict_music_recall": 0.6340057636887608,
    "predict_other_f1": 0.45866982368610215,
    "predict_other_number": 21035,
    "predict_other_precision": 0.4129896828720448,
    "predict_other_recall": 0.515711908723556,
    "predict_overall_accuracy": 0.9012837466641478,
    "predict_overall_f1": 0.5646595033773226,
    "predict_overall_precision": 0.5285250150747437,
    "predict_overall_recall": 0.6060975106303926,
    "predict_painting_f1": 0.02941176470588235,
    "predict_painting_number": 58,
    "predict_painting_precision": 0.1,
    "predict_painting_recall": 0.017241379310344827,
    "predict_park_f1": 0.40740740740740744,
    "predict_park_number": 458,