{
    "predict_GPE_f1": 0.7620259728016215,
    "predict_GPE_number": 20409,
    "predict_GPE_precision": 0.7341507720254314,
    "predict_GPE_recall": 0.7921015238375226,
    "predict_actor_f1": 0.626662892725729,
    "predict_actor_number": 1638,
    "predict_actor_precision": 0.5841688654353562,
    "predict_actor_recall": 0.6758241758241759,
    "predict_airplane_f1": 0.5159734779987944,
    "predict_airplane_number": 794,
    "predict_airplane_precision": 0.49479768786127165,
    "predict_airplane_recall": 0.5390428211586902,
    "predict_airport_f1": 0.6620879120879121,
    "predict_airport_number": 364,
    "predict_airport_precision": 0.6620879120879121,
    "predict_airport_recall": 0.6620879120879121,
    "predict_artist/author_f1": 0.5149561629706034,
    "predict_artist/author_number": 3464,
    "predict_artist/author_precision": 0.4652842497670084,
    "predict_artist/author_recall": 0.5765011547344111,
    "predict_astronomything_f1": 0.509481668773704,
    "predict_astronomything_number": 678,
    "predict_astronomything_precision": 0.44579646017699115,
    "predict_astronomything_recall": 0.5943952802359882,
    "predict_athlete_f1": 0.7441542925413893,
    "predict_athlete_number": 2907,
    "predict_athlete_precision": 0.7384823848238482,
    "predict_athlete_recall": 0.7499140006879945,
    "predict_attack/battle/war/militaryconflict_f1": 0.6095159967186219,
    "predict_attack/battle/war/militaryconflict_number": 1099,
    "predict_attack/battle/war/militaryconflict_precision": 0.5548917102315161,
    "predict_attack/battle/war/militaryconflict_recall": 0.6760691537761602,
    "predict_award_f1": 0.4247876061969016,
    "predict_award_number": 941,
    "predict_award_precision": 0.4009433962264151,
    "predict_award_recall": 0.45164718384697133,
    "predict_biologything_f1": 0.5136469976605148,
    "predict_biologything_number": 1875,
    "predict_biologything_precision": 0.5010141987829615,
    "predict_biologything_recall": 0.5269333333333334,
    "predict_bodiesofwater_f1": 0.6018518518518519,
    "predict_bodiesofwater_number": 1169,
    "predict_bodiesofwater_precision": 0.5923777961888981,
    "predict_bodiesofwater_recall": 0.611633875106929,
    "predict_broadcastprogram_f1": 0.38668779714738505,
    "predict_broadcastprogram_number": 605,
    "predict_broadcastprogram_precision": 0.3713850837138508,
    "predict_broadcastprogram_recall": 0.4033057851239669,
    "predict_car_f1": 0.5692995529061102,
    "predict_car_number": 688,
    "predict_car_precision": 0.5840978593272171,
    "predict_car_recall": 0.5552325581395349,
    "predict_chemicalthing_f1": 0.5004492362982929,
    "predict_chemicalthing_number": 1014,
    "predict_chemicalthing_precision": 0.45957095709570955,
    "predict_chemicalthing_recall": 0.5493096646942801,
    "predict_company_f1": 0.5710735586481114,
    "predict_company_number": 3903,
    "predict_company_precision": 0.5544028950542823,
    "predict_company_recall": 0.5887778631821675,
    "predict_currency_f1": 0.637648388920294,
    "predict_currency_number": 799,
    "predict_currency_precision": 0.5814432989690722,
    "predict_currency_recall": 0.7058823529411765,
    "predict_director_f1": 0.42964352720450283,
    "predict_director_number": 554,
    "predict_director_precision": 0.447265625,
    "predict_director_recall": 0.41335740072202165,
    "predict_disaster_f1": 0.29559748427672955,
    "predict_disaster_number": 207,
    "predict_disaster_precision": 0.42342342342342343,
    "predict_disaster_recall": 0.22705314009661837,
    "predict_disease_f1": 0.451338199513382,
    "predict_disease_number": 750,
    "predict_disease_precision": 0.41498881431767337,
    "predict_disease_recall": 0.49466666666666664,
    "predict_education_f1": 0.6636811464397671,
    "predict_education_number": 2082,
    "predict_education_precision": 0.6216442953020134,
    "predict_education_recall": 0.7118155619596542,
    "predict_educationaldegree_f1": 0.40468583599574015,
    "predict_educationaldegree_number": 367,
    "predict_educationaldegree_precision": 0.3321678321678322,
    "predict_educationaldegree_recall": 0.5177111716621253,
    "predict_election_f1": 0.15853658536585366,
    "predict_election_number": 184,
    "predict_election_precision": 0.18055555555555555,
    "predict_election_recall": 0.14130434782608695,
    "predict_film_f1": 0.5008328706274292,
    "predict_film_number": 759,
    "predict_film_precision": 0.43282149712092133,
    "predict_film_recall": 0.5942028985507246,
    "predict_food_f1": 0.37522768670309653,
    "predict_food_number": 432,
    "predict_food_precision": 0.30930930930930933,
    "predict_food_recall": 0.47685185185185186,
    "predict_game_f1": 0.5227021040974531,
    "predict_game_number": 496,
    "predict_game_precision": 0.5798525798525799,
    "predict_game_recall": 0.47580645161290325,
    "predict_god_f1": 0.4613970588235294,
    "predict_god_number": 635,
    "predict_god_precision": 0.5540838852097131,
    "predict_god_recall": 0.3952755905511811,
    "predict_government/governmentagency_f1": 0.3113207547169812,
    "predict_government/governmentagency_number": 1535,
    "predict_government/governmentagency_precision": 0.27114548090865154,
    "predict_government/governmentagency_recall": 0.36547231270358305,
    "predict_hospital_f1": 0.5271122320302648,
    "predict_hospital_number": 364,
    "predict_hospital_precision": 0.48717948717948717,
    "predict_hospital_recall": 0.5741758241758241,
    "predict_hotel_f1": 0.5441176470588235,
    "predict_hotel_number": 265,
    "predict_hotel_precision": 0.5304659498207885,
    "predict_hotel_recall": 0.5584905660377358,
    "predict_island_f1": 0.4744408945686901,
    "predict_island_number": 646,
    "predict_island_precision": 0.4900990099009901,
    "predict_island_recall": 0.45975232198142413,
    "predict_language_f1": 0.5706182643221782,
    "predict_language_number": 753,
    "predict_language_precision": 0.498019801980198,
    "predict_language_recall": 0.6679946879150066,
    "predict_law_f1": 0.40743871513102276,
    "predict_law_number": 488,
    "predict_law_precision": 0.34676258992805753,
    "predict_law_recall": 0.49385245901639346,
    "predict_library_f1": 0.5401273885350318,
    "predict_library_number": 357,
    "predict_library_precision": 0.4953271028037383,
    "predict_library_recall": 0.5938375350140056,
    "predict_livingthing_f1": 0.4994829369183039,
    "predict_livingthing_number": 865,
    "predict_livingthing_precision": 0.45182413470533206,
    "predict_livingthing_recall": 0.5583815028901734,
    "predict_loss": 0.5045973658561707,
    "predict_media/newspaper_f1": 0.5412748171368862,
    "predict_media/newspaper_number": 1234,
    "predict_media/newspaper_precision": 0.4746487477092242,
    "predict_media/newspaper_recall": 0.6296596434359806,
    "predict_medical_f1": 0.4005340453938585,
    "predict_medical_number": 397,
    "predict_medical_precision": 0.42613636363636365,
    "predict_medical_recall": 0.3778337531486146,
    "predict_mountain_f1": 0.5467440361057382,
    "predict_mountain_number": 681,
    "predict_mountain_precision": 0.48735632183908045,
    "predict_mountain_recall": 0.6226138032305433,
    "predict_music_f1": 0.5533669262482822,
    "predict_music_number": 1041,
    "predict_music_precision": 0.5288966725043783,
    "predict_music_recall": 0.5802113352545629,
    "predict_other_f1": 0.43393039690652924,
    "predict_other_number": 21035,
    "predict_other_precision": 0.40741977214872926,
    "predict_other_recall": 0.46413120988828144,
    "predict_overall_accuracy": 0.8986932362271919,
    "predict_overall_f1": 0.5526575496968842,
    "predict_overall_precision": 0.5224024631220991,
    "predict_overall_recall": 0.5866325393221319,
    "predict_painting_f1": 0.0,
    "predict_painting_number": 58,
    "predict_painting_precision": 0.0,
    "predict_painting_recall": 0.0,
    "predict_park_f1": 0.45764362220058424,