{
    "predict_GPE_f1": 0.7666051875890085,
    "predict_GPE_number": 20409,
    "predict_GPE_precision": 0.7321619693185872,
    "predict_GPE_recall": 0.8044490175902788,
    "predict_actor_f1": 0.6295698924731182,
    "predict_actor_number": 1638,
    "predict_actor_precision": 0.5624399615754082,
    "predict_actor_recall": 0.7148962148962149,
    "predict_airplane_f1": 0.512477175897748,
    "predict_airplane_number": 794,
    "predict_airplane_precision": 0.4958775029446408,
    "predict_airplane_recall": 0.5302267002518891,
    "predict_airport_f1": 0.7549295774647887,
    "predict_airport_number": 364,
    "predict_airport_precision": 0.7745664739884393,
    "predict_airport_recall": 0.7362637362637363,
    "predict_artist/author_f1": 0.5414239022310643,
    "predict_artist/author_number": 3464,
    "predict_artist/author_precision": 0.5331654072208228,
    "predict_artist/author_recall": 0.5499422632794457,
    "predict_astronomything_f1": 0.5924207269914926,
    "predict_astronomything_number": 678,
    "predict_astronomything_precision": 0.6227642276422765,
    "predict_astronomything_recall": 0.5648967551622419,
    "predict_athlete_f1": 0.6513124470787468,
    "predict_athlete_number": 2907,
    "predict_athlete_precision": 0.6414276184122748,
    "predict_athlete_recall": 0.6615067079463365,
    "predict_attack/battle/war/militaryconflict_f1": 0.6473684210526315,
    "predict_attack/battle/war/militaryconflict_number": 1099,
    "predict_attack/battle/war/militaryconflict_precision": 0.6248941574936494,
    "predict_attack/battle/war/militaryconflict_recall": 0.6715195632393085,
    "predict_award_f1": 0.4534937528921796,
    "predict_award_number": 941,
    "predict_award_precision": 0.4016393442622951,
    "predict_award_recall": 0.5207226354941552,
    "predict_biologything_f1": 0.5269432522651407,
    "predict_biologything_number": 1875,
    "predict_biologything_precision": 0.4764984907287624,
    "predict_biologything_recall": 0.5893333333333334,
    "predict_bodiesofwater_f1": 0.6355661881977671,
    "predict_bodiesofwater_number": 1169,
    "predict_bodiesofwater_precision": 0.5952203136669156,
    "predict_bodiesofwater_recall": 0.6817792985457656,
    "predict_broadcastprogram_f1": 0.414866032843561,
    "predict_broadcastprogram_number": 605,
    "predict_broadcastprogram_precision": 0.43478260869565216,
    "predict_broadcastprogram_recall": 0.39669421487603307,
    "predict_car_f1": 0.560105680317041,
    "predict_car_number": 688,
    "predict_car_precision": 0.513317191283293,
    "predict_car_recall": 0.6162790697674418,
    "predict_chemicalthing_f1": 0.4336016096579477,
    "predict_chemicalthing_number": 1014,
    "predict_chemicalthing_precision": 0.44250513347022585,
    "predict_chemicalthing_recall": 0.4250493096646943,
    "predict_company_f1": 0.5505846466700559,
    "predict_company_number": 3903,
    "predict_company_precision": 0.5462799495586381,
    "predict_company_recall": 0.5549577248270561,
    "predict_currency_f1": 0.6296064959400376,
    "predict_currency_number": 799,
    "predict_currency_precision": 0.628428927680798,
    "predict_currency_recall": 0.6307884856070087,
    "predict_director_f1": 0.526865671641791,
    "predict_director_number": 554,
    "predict_director_precision": 0.4491094147582697,
    "predict_director_recall": 0.6371841155234657,
    "predict_disaster_f1": 0.3157894736842105,
    "predict_disaster_number": 207,
    "predict_disaster_precision": 0.2647058823529412,
    "predict_disaster_recall": 0.391304347826087,
    "predict_disease_f1": 0.5189125295508275,
    "predict_disease_number": 750,
    "predict_disease_precision": 0.46602972399150744,
    "predict_disease_recall": 0.5853333333333334,
    "predict_education_f1": 0.687246507435782,
    "predict_education_number": 2082,
    "predict_education_precision": 0.6472835314091681,
    "predict_education_recall": 0.7324687800192123,
    "predict_educationaldegree_f1": 0.4693140794223826,
    "predict_educationaldegree_number": 367,
    "predict_educationaldegree_precision": 0.4202586206896552,
    "predict_educationaldegree_recall": 0.5313351498637602,
    "predict_election_f1": 0.21538461538461537,
    "predict_election_number": 184,
    "predict_election_precision": 0.18081180811808117,
    "predict_election_recall": 0.266304347826087,
    "predict_film_f1": 0.45263157894736844,
    "predict_film_number": 759,
    "predict_film_precision": 0.3768624014022787,
    "predict_film_recall": 0.5665349143610013,
    "predict_food_f1": 0.41047120418848165,
    "predict_food_number": 432,
    "predict_food_precision": 0.37476099426386233,
    "predict_food_recall": 0.4537037037037037,
    "predict_game_f1": 0.47047797563261484,
    "predict_game_number": 496,
    "predict_game_precision": 0.4395796847635727,
    "predict_game_recall": 0.5060483870967742,
    "predict_god_f1": 0.5067064083457525,
    "predict_god_number": 635,
    "predict_god_precision": 0.4809052333804809,
    "predict_god_recall": 0.5354330708661418,
    "predict_government/governmentagency_f1": 0.3008233058898037,
    "predict_government/governmentagency_number": 1535,
    "predict_government/governmentagency_precision": 0.292667898952557,
    "predict_government/governmentagency_recall": 0.30944625407166126,
    "predict_hospital_f1": 0.6770428015564203,
    "predict_hospital_number": 364,
    "predict_hospital_precision": 0.6412776412776413,
    "predict_hospital_recall": 0.717032967032967,
    "predict_hotel_f1": 0.5703839122486288,
    "predict_hotel_number": 265,
    "predict_hotel_precision": 0.5531914893617021,
    "predict_hotel_recall": 0.5886792452830188,
    "predict_island_f1": 0.5490472829922372,
    "predict_island_number": 646,
    "predict_island_precision": 0.5045395590142672,
    "predict_island_recall": 0.6021671826625387,
    "predict_language_f1": 0.5869993434011819,
    "predict_language_number": 753,
    "predict_language_precision": 0.5805194805194805,
    "predict_language_recall": 0.5936254980079682,
    "predict_law_f1": 0.4559386973180077,
    "predict_law_number": 488,
    "predict_law_precision": 0.42805755395683454,
    "predict_law_recall": 0.48770491803278687,
    "predict_library_f1": 0.6346396965865992,
    "predict_library_number": 357,
    "predict_library_precision": 0.5783410138248848,
    "predict_library_recall": 0.7030812324929971,
    "predict_livingthing_f1": 0.44313304721030045,
    "predict_livingthing_number": 865,
    "predict_livingthing_precision": 0.4134134134134134,
    "predict_livingthing_recall": 0.4774566473988439,
    "predict_loss": 0.6305367946624756,
    "predict_media/newspaper_f1": 0.5349794238683128,
    "predict_media/newspaper_number": 1234,
    "predict_media/newspaper_precision": 0.49687282835302293,
    "predict_media/newspaper_recall": 0.5794165316045381,
    "predict_medical_f1": 0.3680203045685279,
    "predict_medical_number": 397,
    "predict_medical_precision": 0.37084398976982097,
    "predict_medical_recall": 0.36523929471032746,
    "predict_mountain_f1": 0.5718370264474624,
    "predict_mountain_number": 681,
    "predict_mountain_precision": 0.5571030640668524,
    "predict_mountain_recall": 0.5873715124816447,
    "predict_music_f1": 0.5278474661314602,
    "predict_music_number": 1041,
    "predict_music_precision": 0.5525210084033614,
    "predict_music_recall": 0.505283381364073,
    "predict_other_f1": 0.4632286995515695,
    "predict_other_number": 21035,
    "predict_other_precision": 0.4383619775090176,
    "predict_other_recall": 0.4910862847634894,
    "predict_overall_accuracy": 0.9001611197606221,
    "predict_overall_f1": 0.562339932716651,
    "predict_overall_precision": 0.5350217575638982,
    "predict_overall_recall": 0.5925979441027123,
    "predict_painting_f1": 0.17610062893081763,
    "predict_painting_number": 58,
    "predict_painting_precision": 0.13861386138613863,
    "predict_painting_recall": 0.2413793103448276,
    "predict_park_f1": 0.5734693877551021,