{
    "predict_GPE_f1": 0.7483328154504385,
    "predict_GPE_number": 20409,
    "predict_GPE_precision": 0.7305394810528281,
    "predict_GPE_recall": 0.7670145524033515,
    "predict_actor_f1": 0.6083093807159655,
    "predict_actor_number": 1638,
    "predict_actor_precision": 0.5317496573777981,
    "predict_actor_recall": 0.7106227106227107,
    "predict_airplane_f1": 0.4445805266380894,
    "predict_airplane_number": 794,
    "predict_airplane_precision": 0.432657926102503,
    "predict_airplane_recall": 0.45717884130982367,
    "predict_airport_f1": 0.6482213438735178,
    "predict_airport_number": 364,
    "predict_airport_precision": 0.6227848101265823,
    "predict_airport_recall": 0.6758241758241759,
    "predict_artist/author_f1": 0.5151721322628929,
    "predict_artist/author_number": 3464,
    "predict_artist/author_precision": 0.48725868725868726,
    "predict_artist/author_recall": 0.5464780600461894,
    "predict_astronomything_f1": 0.4926900584795321,
    "predict_astronomything_number": 678,
    "predict_astronomything_precision": 0.48840579710144927,
    "predict_astronomything_recall": 0.4970501474926254,
    "predict_athlete_f1": 0.758789860997547,
    "predict_athlete_number": 2907,
    "predict_athlete_precision": 0.7231920199501247,
    "predict_athlete_recall": 0.7980736154110767,
    "predict_attack/battle/war/militaryconflict_f1": 0.563849943160288,
    "predict_attack/battle/war/militaryconflict_number": 1099,
    "predict_attack/battle/war/militaryconflict_precision": 0.4831168831168831,
    "predict_attack/battle/war/militaryconflict_recall": 0.6769790718835305,
    "predict_award_f1": 0.40953597275436354,
    "predict_award_number": 941,
    "predict_award_precision": 0.3416193181818182,
    "predict_award_recall": 0.5111583421891605,
    "predict_biologything_f1": 0.461139896373057,
    "predict_biologything_number": 1875,
    "predict_biologything_precision": 0.50093808630394,
    "predict_biologything_recall": 0.4272,
    "predict_bodiesofwater_f1": 0.6062925170068028,
    "predict_bodiesofwater_number": 1169,
    "predict_bodiesofwater_precision": 0.6027049873203719,
    "predict_bodiesofwater_recall": 0.6099230111206159,
    "predict_broadcastprogram_f1": 0.34232845026985353,
    "predict_broadcastprogram_number": 605,
    "predict_broadcastprogram_precision": 0.3208092485549133,
    "predict_broadcastprogram_recall": 0.3669421487603306,
    "predict_car_f1": 0.49969230769230766,
    "predict_car_number": 688,
    "predict_car_precision": 0.43329775880469584,
    "predict_car_recall": 0.5901162790697675,
    "predict_chemicalthing_f1": 0.4620811287477954,
    "predict_chemicalthing_number": 1014,
    "predict_chemicalthing_precision": 0.35969247666117515,
    "predict_chemicalthing_recall": 0.645956607495069,
    "predict_company_f1": 0.5500740571949414,
    "predict_company_number": 3903,
    "predict_company_precision": 0.4952810832991383,
    "predict_company_recall": 0.6184985908275685,
    "predict_currency_f1": 0.6427732079905993,
    "predict_currency_number": 799,
    "predict_currency_precision": 0.6057585825027686,
    "predict_currency_recall": 0.6846057571964956,
    "predict_director_f1": 0.4412213740458016,
    "predict_director_number": 554,
    "predict_director_precision": 0.38227513227513227,
    "predict_director_recall": 0.5216606498194946,
    "predict_disaster_f1": 0.33142857142857146,
    "predict_disaster_number": 207,
    "predict_disaster_precision": 0.40559440559440557,
    "predict_disaster_recall": 0.28019323671497587,
    "predict_disease_f1": 0.4651422197434467,
    "predict_disease_number": 750,
    "predict_disease_precision": 0.3998082454458293,
    "predict_disease_recall": 0.556,
    "predict_education_f1": 0.6625850340136054,
    "predict_education_number": 2082,
    "predict_education_precision": 0.6275773195876289,
    "predict_education_recall": 0.7017291066282421,
    "predict_educationaldegree_f1": 0.40704070407040704,
    "predict_educationaldegree_number": 367,
    "predict_educationaldegree_precision": 0.3413284132841328,
    "predict_educationaldegree_recall": 0.5040871934604905,
    "predict_election_f1": 0.11078717201166183,
    "predict_election_number": 184,
    "predict_election_precision": 0.11949685534591195,
    "predict_election_recall": 0.10326086956521739,
    "predict_film_f1": 0.4769403824521935,
    "predict_film_number": 759,
    "predict_film_precision": 0.41609421000981356,
    "predict_film_recall": 0.5586297760210803,
    "predict_food_f1": 0.3723404255319149,
    "predict_food_number": 432,
    "predict_food_precision": 0.34448818897637795,
    "predict_food_recall": 0.4050925925925926,
    "predict_game_f1": 0.5005561735261401,
    "predict_game_number": 496,
    "predict_game_precision": 0.5583126550868487,
    "predict_game_recall": 0.4536290322580645,
    "predict_god_f1": 0.5164750957854406,
    "predict_god_number": 635,
    "predict_god_precision": 0.5029850746268657,
    "predict_god_recall": 0.5307086614173229,
    "predict_government/governmentagency_f1": 0.23766677008997827,
    "predict_government/governmentagency_number": 1535,
    "predict_government/governmentagency_precision": 0.2268957345971564,
    "predict_government/governmentagency_recall": 0.2495114006514658,
    "predict_hospital_f1": 0.5501066098081024,
    "predict_hospital_number": 364,
    "predict_hospital_precision": 0.44947735191637633,
    "predict_hospital_recall": 0.7087912087912088,
    "predict_hotel_f1": 0.5484460694698355,
    "predict_hotel_number": 265,
    "predict_hotel_precision": 0.5319148936170213,
    "predict_hotel_recall": 0.5660377358490566,
    "predict_island_f1": 0.44428672817601134,
    "predict_island_number": 646,
    "predict_island_precision": 0.41022280471821754,
    "predict_island_recall": 0.4845201238390093,
    "predict_language_f1": 0.5793966989186112,
    "predict_language_number": 753,
    "predict_language_precision": 0.5069721115537849,
    "predict_language_recall": 0.6759628154050464,
    "predict_law_f1": 0.3807148794679967,
    "predict_law_number": 488,
    "predict_law_precision": 0.3202797202797203,
    "predict_law_recall": 0.4692622950819672,
    "predict_library_f1": 0.4424514200298954,
    "predict_library_number": 357,
    "predict_library_precision": 0.47435897435897434,
    "predict_library_recall": 0.41456582633053224,
    "predict_livingthing_f1": 0.5094142259414226,
    "predict_livingthing_number": 865,
    "predict_livingthing_precision": 0.46513849092645654,
    "predict_livingthing_recall": 0.5630057803468208,
    "predict_loss": 0.5182045102119446,
    "predict_media/newspaper_f1": 0.4723455793298345,
    "predict_media/newspaper_number": 1234,
    "predict_media/newspaper_precision": 0.47063555913113436,
    "predict_media/newspaper_recall": 0.4740680713128039,
    "predict_medical_f1": 0.25245901639344265,
    "predict_medical_number": 397,
    "predict_medical_precision": 0.3615023474178404,
    "predict_medical_recall": 0.19395465994962216,
    "predict_mountain_f1": 0.48544973544973546,
    "predict_mountain_number": 681,
    "predict_mountain_precision": 0.4416365824308063,
    "predict_mountain_recall": 0.5389133627019089,
    "predict_music_f1": 0.5952269536733739,
    "predict_music_number": 1041,
    "predict_music_precision": 0.5802919708029197,
    "predict_music_recall": 0.6109510086455331,
    "predict_other_f1": 0.41704225039408543,
    "predict_other_number": 21035,
    "predict_other_precision": 0.39123552445222026,
    "predict_other_recall": 0.4464939386736392,
    "predict_overall_accuracy": 0.8948628419180634,
    "predict_overall_f1": 0.5351614287298304,
    "predict_overall_precision": 0.5021305083365751,
    "predict_overall_recall": 0.5728439912479875,
    "predict_painting_f1": 0.0,
    "predict_painting_number": 58,
    "predict_painting_precision": 0.0,
    "predict_painting_recall": 0.0,
    "predict_park_f1": 0.2650205761316872,
    "predict_park_number": 458,