{
    "predict_GPE_f1": 0.7891789722386297,
    "predict_GPE_number": 20409,
    "predict_GPE_precision": 0.762045993794488,
    "predict_GPE_recall": 0.8183154490665883,
    "predict_actor_f1": 0.7487392465143874,
    "predict_actor_number": 1638,
    "predict_actor_precision": 0.7282169648009232,
    "predict_actor_recall": 0.7704517704517705,
    "predict_airplane_f1": 0.5905420991926182,
    "predict_airplane_number": 794,
    "predict_airplane_precision": 0.5446808510638298,
    "predict_airplane_recall": 0.6448362720403022,
    "predict_airport_f1": 0.7800829875518672,
    "predict_airport_number": 364,
    "predict_airport_precision": 0.7855153203342619,
    "predict_airport_recall": 0.7747252747252747,
    "predict_artist/author_f1": 0.6335253919335386,
    "predict_artist/author_number": 3464,
    "predict_artist/author_precision": 0.5911477869467366,
    "predict_artist/author_recall": 0.6824480369515011,
    "predict_astronomything_f1": 0.6445643793369313,
    "predict_astronomything_number": 678,
    "predict_astronomything_precision": 0.6752827140549273,
    "predict_astronomything_recall": 0.616519174041298,
    "predict_athlete_f1": 0.804026845637584,
    "predict_athlete_number": 2907,
    "predict_athlete_precision": 0.7848018342613823,
    "predict_athlete_recall": 0.8242174062607499,
    "predict_attack/battle/war/militaryconflict_f1": 0.6421647819063004,
    "predict_attack/battle/war/militaryconflict_number": 1099,
    "predict_attack/battle/war/militaryconflict_precision": 0.5773420479302832,
    "predict_attack/battle/war/militaryconflict_recall": 0.7233848953594176,
    "predict_award_f1": 0.5179924242424242,
    "predict_award_number": 941,
    "predict_award_precision": 0.4671221178479932,
    "predict_award_recall": 0.5812964930924548,
    "predict_biologything_f1": 0.5459710743801652,
    "predict_biologything_number": 1875,
    "predict_biologything_precision": 0.5292939409113671,
    "predict_biologything_recall": 0.5637333333333333,
    "predict_bodiesofwater_f1": 0.6551044540796216,
    "predict_bodiesofwater_number": 1169,
    "predict_bodiesofwater_precision": 0.6074561403508771,
    "predict_bodiesofwater_recall": 0.7108639863130881,
    "predict_broadcastprogram_f1": 0.484297520661157,
    "predict_broadcastprogram_number": 605,
    "predict_broadcastprogram_precision": 0.484297520661157,
    "predict_broadcastprogram_recall": 0.484297520661157,
    "predict_car_f1": 0.6457898399443284,
    "predict_car_number": 688,
    "predict_car_precision": 0.6194926568758344,
    "predict_car_recall": 0.6744186046511628,
    "predict_chemicalthing_f1": 0.4915454187966967,
    "predict_chemicalthing_number": 1014,
    "predict_chemicalthing_precision": 0.40876389797253104,
    "predict_chemicalthing_recall": 0.616370808678501,
    "predict_company_f1": 0.6325886352598348,
    "predict_company_number": 3903,
    "predict_company_precision": 0.6012000923147934,
    "predict_company_recall": 0.6674353061747373,
    "predict_currency_f1": 0.6635514018691588,
    "predict_currency_number": 799,
    "predict_currency_precision": 0.6221248630887185,
    "predict_currency_recall": 0.7108886107634543,
    "predict_director_f1": 0.5634920634920635,
    "predict_director_number": 554,
    "predict_director_precision": 0.6255506607929515,
    "predict_director_recall": 0.5126353790613718,
    "predict_disaster_f1": 0.4049079754601227,
    "predict_disaster_number": 207,
    "predict_disaster_precision": 0.35106382978723405,
    "predict_disaster_recall": 0.4782608695652174,
    "predict_disease_f1": 0.5414364640883979,
    "predict_disease_number": 750,
    "predict_disease_precision": 0.46226415094339623,
    "predict_disease_recall": 0.6533333333333333,
    "predict_education_f1": 0.729181245626312,
    "predict_education_number": 2082,
    "predict_education_precision": 0.708843537414966,
    "predict_education_recall": 0.7507204610951008,
    "predict_educationaldegree_f1": 0.45303867403314924,
    "predict_educationaldegree_number": 367,
    "predict_educationaldegree_precision": 0.38104089219330856,
    "predict_educationaldegree_recall": 0.55858310626703,
    "predict_election_f1": 0.25806451612903225,
    "predict_election_number": 184,
    "predict_election_precision": 0.21352313167259787,
    "predict_election_recall": 0.32608695652173914,
    "predict_film_f1": 0.5992907801418439,
    "predict_film_number": 759,
    "predict_film_precision": 0.5434083601286174,
    "predict_film_recall": 0.6679841897233202,
    "predict_food_f1": 0.43999999999999995,
    "predict_food_number": 432,
    "predict_food_precision": 0.4230769230769231,
    "predict_food_recall": 0.4583333333333333,
    "predict_game_f1": 0.5976331360946746,
    "predict_game_number": 496,
    "predict_game_precision": 0.584942084942085,
    "predict_game_recall": 0.6108870967741935,
    "predict_god_f1": 0.22457067371202116,
    "predict_god_number": 635,
    "predict_god_precision": 0.6967213114754098,
    "predict_god_recall": 0.13385826771653545,
    "predict_government/governmentagency_f1": 0.33811270423474493,
    "predict_government/governmentagency_number": 1535,
    "predict_government/governmentagency_precision": 0.3463114754098361,
    "predict_government/governmentagency_recall": 0.33029315960912053,
    "predict_hospital_f1": 0.6959896507115135,
    "predict_hospital_number": 364,
    "predict_hospital_precision": 0.6577017114914425,
    "predict_hospital_recall": 0.739010989010989,
    "predict_hotel_f1": 0.5963149078726969,
    "predict_hotel_number": 265,
    "predict_hotel_precision": 0.536144578313253,
    "predict_hotel_recall": 0.6716981132075471,
    "predict_island_f1": 0.5805921052631579,
    "predict_island_number": 646,
    "predict_island_precision": 0.6192982456140351,
    "predict_island_recall": 0.5464396284829721,
    "predict_language_f1": 0.660024906600249,
    "predict_language_number": 753,
    "predict_language_precision": 0.6213364595545134,
    "predict_language_recall": 0.703851261620186,
    "predict_law_f1": 0.5491585473870682,
    "predict_law_number": 488,
    "predict_law_precision": 0.4836193447737909,
    "predict_law_recall": 0.6352459016393442,
    "predict_library_f1": 0.65474552957359,
    "predict_library_number": 357,
    "predict_library_precision": 0.6432432432432432,
    "predict_library_recall": 0.6666666666666666,
    "predict_livingthing_f1": 0.5206982543640898,
    "predict_livingthing_number": 865,
    "predict_livingthing_precision": 0.45789473684210524,
    "predict_livingthing_recall": 0.6034682080924856,
    "predict_loss": 0.36758095026016235,
    "predict_media/newspaper_f1": 0.5865419215545161,
    "predict_media/newspaper_number": 1234,
    "predict_media/newspaper_precision": 0.5275080906148867,
    "predict_media/newspaper_recall": 0.660453808752026,
    "predict_medical_f1": 0.06378132118451026,
    "predict_medical_number": 397,
    "predict_medical_precision": 0.3333333333333333,
    "predict_medical_recall": 0.03526448362720403,
    "predict_mountain_f1": 0.6255639097744361,
    "predict_mountain_number": 681,
    "predict_mountain_precision": 0.6409861325115562,
    "predict_mountain_recall": 0.6108663729809104,
    "predict_music_f1": 0.7077072224915172,
    "predict_music_number": 1041,
    "predict_music_precision": 0.7142857142857143,
    "predict_music_recall": 0.7012487992315082,
    "predict_other_f1": 0.5221202946359981,
    "predict_other_number": 21035,
    "predict_other_precision": 0.49752400637299227,
    "predict_other_recall": 0.5492750178274305,
    "predict_overall_accuracy": 0.9116143027444645,
    "predict_overall_f1": 0.6164435606826896,
    "predict_overall_precision": 0.5905537120546055,
    "predict_overall_recall": 0.6447075093919002,
    "predict_painting_f1": 0.0,
    "predict_painting_number": 58,
    "predict_painting_precision": 0.0,
    "predict_painting_recall": 0.0,
    "predict_park_f1": 0.5481997677119629,
    "predict_park_number": 458,