{
    "predict_GPE_f1": 0.7843977513593217,
    "predict_GPE_number": 20409,
    "predict_GPE_precision": 0.7402913676886279,
    "predict_GPE_recall": 0.83409280219511,
    "predict_actor_f1": 0.6861857865318073,
    "predict_actor_number": 1638,
    "predict_actor_precision": 0.608305804624823,
    "predict_actor_recall": 0.7869352869352869,
    "predict_airplane_f1": 0.5098231827111984,
    "predict_airplane_number": 794,
    "predict_airplane_precision": 0.4178743961352657,
    "predict_airplane_recall": 0.6536523929471033,
    "predict_airport_f1": 0.7839771101573677,
    "predict_airport_number": 364,
    "predict_airport_precision": 0.817910447761194,
    "predict_airport_recall": 0.7527472527472527,
    "predict_artist/author_f1": 0.608164326573063,
    "predict_artist/author_number": 3464,
    "predict_artist/author_precision": 0.5532166508987701,
    "predict_artist/author_recall": 0.6752309468822171,
    "predict_astronomything_f1": 0.5961049957662997,
    "predict_astronomything_number": 678,
    "predict_astronomything_precision": 0.6998011928429424,
    "predict_astronomything_recall": 0.5191740412979351,
    "predict_athlete_f1": 0.7959250739401906,
    "predict_athlete_number": 2907,
    "predict_athlete_precision": 0.7618748033972947,
    "predict_athlete_recall": 0.8331613347093223,
    "predict_attack/battle/war/militaryconflict_f1": 0.6373365041617122,
    "predict_attack/battle/war/militaryconflict_number": 1099,
    "predict_attack/battle/war/militaryconflict_precision": 0.5646067415730337,
    "predict_attack/battle/war/militaryconflict_recall": 0.7315741583257507,
    "predict_award_f1": 0.5184094256259205,
    "predict_award_number": 941,
    "predict_award_precision": 0.48175182481751827,
    "predict_award_recall": 0.5611052072263549,
    "predict_biologything_f1": 0.5464449541284403,
    "predict_biologything_number": 1875,
    "predict_biologything_precision": 0.5908245505269684,
    "predict_biologything_recall": 0.5082666666666666,
    "predict_bodiesofwater_f1": 0.6367538041357783,
    "predict_bodiesofwater_number": 1169,
    "predict_bodiesofwater_precision": 0.5853658536585366,
    "predict_bodiesofwater_recall": 0.69803250641574,
    "predict_broadcastprogram_f1": 0.4701627486437613,
    "predict_broadcastprogram_number": 605,
    "predict_broadcastprogram_precision": 0.5189620758483033,
    "predict_broadcastprogram_recall": 0.4297520661157025,
    "predict_car_f1": 0.5533854166666667,
    "predict_car_number": 688,
    "predict_car_precision": 0.5011792452830188,
    "predict_car_recall": 0.6177325581395349,
    "predict_chemicalthing_f1": 0.48670309653916205,
    "predict_chemicalthing_number": 1014,
    "predict_chemicalthing_precision": 0.3859041016753322,
    "predict_chemicalthing_recall": 0.6587771203155819,
    "predict_company_f1": 0.621769951978047,
    "predict_company_number": 3903,
    "predict_company_precision": 0.5614288664051208,
    "predict_company_recall": 0.6966436074814245,
    "predict_currency_f1": 0.6531557614360163,
    "predict_currency_number": 799,
    "predict_currency_precision": 0.6077586206896551,
    "predict_currency_recall": 0.7058823529411765,
    "predict_director_f1": 0.07213114754098361,
    "predict_director_number": 554,
    "predict_director_precision": 0.39285714285714285,
    "predict_director_recall": 0.039711191335740074,
    "predict_disaster_f1": 0.16666666666666666,
    "predict_disaster_number": 207,
    "predict_disaster_precision": 0.3333333333333333,
    "predict_disaster_recall": 0.1111111111111111,
    "predict_disease_f1": 0.5255131964809384,
    "predict_disease_number": 750,
    "predict_disease_precision": 0.46910994764397906,
    "predict_disease_recall": 0.5973333333333334,
    "predict_education_f1": 0.7172571428571429,
    "predict_education_number": 2082,
    "predict_education_precision": 0.6842564326210205,
    "predict_education_recall": 0.7536023054755043,
    "predict_educationaldegree_f1": 0.46601941747572817,
    "predict_educationaldegree_number": 367,
    "predict_educationaldegree_precision": 0.38571428571428573,
    "predict_educationaldegree_recall": 0.5885558583106267,
    "predict_election_f1": 0.05185185185185186,
    "predict_election_number": 184,
    "predict_election_precision": 0.08139534883720931,
    "predict_election_recall": 0.03804347826086957,
    "predict_film_f1": 0.5220000000000001,
    "predict_film_number": 759,
    "predict_film_precision": 0.42062852538275586,
    "predict_film_recall": 0.6877470355731226,
    "predict_food_f1": 0.4417040358744395,
    "predict_food_number": 432,
    "predict_food_precision": 0.4282608695652174,
    "predict_food_recall": 0.45601851851851855,
    "predict_game_f1": 0.5297297297297296,
    "predict_game_number": 496,
    "predict_game_precision": 0.5710955710955711,
    "predict_game_recall": 0.4939516129032258,
    "predict_god_f1": 0.0,
    "predict_god_number": 635,
    "predict_god_precision": 0.0,
    "predict_god_recall": 0.0,
    "predict_government/governmentagency_f1": 0.33585585585585587,
    "predict_government/governmentagency_number": 1535,
    "predict_government/governmentagency_precision": 0.3758064516129032,
    "predict_government/governmentagency_recall": 0.3035830618892508,
    "predict_hospital_f1": 0.709090909090909,
    "predict_hospital_number": 364,
    "predict_hospital_precision": 0.6724137931034483,
    "predict_hospital_recall": 0.75,
    "predict_hotel_f1": 0.5269709543568465,
    "predict_hotel_number": 265,
    "predict_hotel_precision": 0.5852534562211982,
    "predict_hotel_recall": 0.47924528301886793,
    "predict_island_f1": 0.45129224652087474,
    "predict_island_number": 646,
    "predict_island_precision": 0.6305555555555555,
    "predict_island_recall": 0.35139318885448917,
    "predict_language_f1": 0.5260837619397503,
    "predict_language_number": 753,
    "predict_language_precision": 0.5888157894736842,
    "predict_language_recall": 0.4754316069057105,
    "predict_law_f1": 0.5046382189239331,
    "predict_law_number": 488,
    "predict_law_precision": 0.4610169491525424,
    "predict_law_recall": 0.5573770491803278,
    "predict_library_f1": 0.6702702702702703,
    "predict_library_number": 357,
    "predict_library_precision": 0.6475195822454308,
    "predict_library_recall": 0.6946778711484594,
    "predict_livingthing_f1": 0.488262910798122,
    "predict_livingthing_number": 865,
    "predict_livingthing_precision": 0.4958283671036949,
    "predict_livingthing_recall": 0.48092485549132946,
    "predict_loss": 0.3661925792694092,
    "predict_media/newspaper_f1": 0.5854671280276816,
    "predict_media/newspaper_number": 1234,
    "predict_media/newspaper_precision": 0.5108695652173914,
    "predict_media/newspaper_recall": 0.6855753646677472,
    "predict_medical_f1": 0.0,
    "predict_medical_number": 397,
    "predict_medical_precision": 0.0,
    "predict_medical_recall": 0.0,
    "predict_mountain_f1": 0.5851735015772871,
    "predict_mountain_number": 681,
    "predict_mountain_precision": 0.6320272572402045,
    "predict_mountain_recall": 0.5447870778267254,
    "predict_music_f1": 0.6727438468550593,
    "predict_music_number": 1041,
    "predict_music_precision": 0.6400693842150911,
    "predict_music_recall": 0.7089337175792507,
    "predict_other_f1": 0.5040227695479707,
    "predict_other_number": 21035,
    "predict_other_precision": 0.4767658780632579,
    "predict_other_recall": 0.534585215117661,
    "predict_overall_accuracy": 0.9087762498181431,
    "predict_overall_f1": 0.5983071944236992,
    "predict_overall_precision": 0.5779737971103714,
    "predict_overall_recall": 0.6201234364034183,
    "predict_painting_f1": 0.0,
    "predict_painting_number": 58,
    "predict_painting_precision": 0.0,
    "predict_painting_recall": 0.0,
    "predict_park_f1": 0.26688632619439867,
    "predict_park_number": 458,
    "predict_park_precision": 0.5436241610738255,
    "predict_park_recall": 0.17685589519650655,