{
    "predict_accuracy": 0.9274211935456553,
    "predict_f1": 0.6797099769735019,
    "predict_loss": 0.25881198048591614,
    "predict_precision": 0.6640413487570761,
    "predict_recall": 0.6961359038929943,
    "predict_runtime": 154.2781,
    "predict_samples_per_second": 244.02,
    "predict_steps_per_second": 7.629
}