{
    "predict_GPE_f1": 0.7544647120618853,
    "predict_GPE_number": 20409,
    "predict_GPE_precision": 0.7357392316647264,
    "predict_GPE_recall": 0.7741682591013769,
    "predict_actor_f1": 0.6833383549261824,
    "predict_actor_number": 1638,
    "predict_actor_precision": 0.6745984533016062,
    "predict_actor_recall": 0.6923076923076923,
    "predict_airplane_f1": 0.4984690753214942,
    "predict_airplane_number": 794,
    "predict_airplane_precision": 0.48510131108462456,
    "predict_airplane_recall": 0.5125944584382871,
    "predict_airport_f1": 0.6130653266331658,
    "predict_airport_number": 364,
    "predict_airport_precision": 0.5648148148148148,
    "predict_airport_recall": 0.6703296703296703,
    "predict_artist/author_f1": 0.5608403851765391,
    "predict_artist/author_number": 3464,
    "predict_artist/author_precision": 0.5669616519174041,
    "predict_artist/author_recall": 0.5548498845265589,
    "predict_astronomything_f1": 0.6385964912280702,
    "predict_astronomything_number": 678,
    "predict_astronomything_precision": 0.6091030789825971,
    "predict_astronomything_recall": 0.6710914454277286,
    "predict_athlete_f1": 0.7603844833504978,
    "predict_athlete_number": 2907,
    "predict_athlete_precision": 0.7588215142171977,
    "predict_athlete_recall": 0.7619539043687651,
    "predict_attack/battle/war/militaryconflict_f1": 0.6270270270270271,
    "predict_attack/battle/war/militaryconflict_number": 1099,
    "predict_attack/battle/war/militaryconflict_precision": 0.5773353751914242,
    "predict_attack/battle/war/militaryconflict_recall": 0.6860782529572339,
    "predict_award_f1": 0.47753906250000006,
    "predict_award_number": 941,
    "predict_award_precision": 0.44173441734417346,
    "predict_award_recall": 0.5196599362380446,
    "predict_biologything_f1": 0.5287162162162162,
    "predict_biologything_number": 1875,
    "predict_biologything_precision": 0.5599284436493739,
    "predict_biologything_recall": 0.5008,
    "predict_bodiesofwater_f1": 0.5867086118757373,
    "predict_bodiesofwater_number": 1169,
    "predict_bodiesofwater_precision": 0.5429403202328966,
    "predict_bodiesofwater_recall": 0.6381522668947819,
    "predict_broadcastprogram_f1": 0.4387596899224806,
    "predict_broadcastprogram_number": 605,
    "predict_broadcastprogram_precision": 0.4131386861313869,
    "predict_broadcastprogram_recall": 0.4677685950413223,
    "predict_car_f1": 0.536,
    "predict_car_number": 688,
    "predict_car_precision": 0.49507389162561577,
    "predict_car_recall": 0.5843023255813954,
    "predict_chemicalthing_f1": 0.4554455445544554,
    "predict_chemicalthing_number": 1014,
    "predict_chemicalthing_precision": 0.41887417218543044,
    "predict_chemicalthing_recall": 0.4990138067061144,
    "predict_company_f1": 0.5375617991076812,
    "predict_company_number": 3903,
    "predict_company_precision": 0.507744874715262,
    "predict_company_recall": 0.5710991544965411,
    "predict_currency_f1": 0.629032258064516,
    "predict_currency_number": 799,
    "predict_currency_precision": 0.6236162361623616,
    "predict_currency_recall": 0.6345431789737171,
    "predict_director_f1": 0.4971428571428572,
    "predict_director_number": 554,
    "predict_director_precision": 0.41134751773049644,
    "predict_director_recall": 0.628158844765343,
    "predict_disaster_f1": 0.3755274261603375,
    "predict_disaster_number": 207,
    "predict_disaster_precision": 0.3333333333333333,
    "predict_disaster_recall": 0.42995169082125606,
    "predict_disease_f1": 0.5210918114143921,
    "predict_disease_number": 750,
    "predict_disease_precision": 0.4872389791183295,
    "predict_disease_recall": 0.56,
    "predict_education_f1": 0.6520963425512935,
    "predict_education_number": 2082,
    "predict_education_precision": 0.6086594504579517,
    "predict_education_recall": 0.7022094140249759,
    "predict_educationaldegree_f1": 0.42401960784313725,
    "predict_educationaldegree_number": 367,
    "predict_educationaldegree_precision": 0.38530066815144765,
    "predict_educationaldegree_recall": 0.4713896457765668,
    "predict_election_f1": 0.11235955056179775,
    "predict_election_number": 184,
    "predict_election_precision": 0.09578544061302682,
    "predict_election_recall": 0.1358695652173913,
    "predict_film_f1": 0.6115288220551379,
    "predict_film_number": 759,
    "predict_film_precision": 0.5830346475507766,
    "predict_film_recall": 0.6429512516469038,
    "predict_food_f1": 0.40534979423868317,
    "predict_food_number": 432,
    "predict_food_precision": 0.3648148148148148,
    "predict_food_recall": 0.45601851851851855,
    "predict_game_f1": 0.4988344988344989,
    "predict_game_number": 496,
    "predict_game_precision": 0.5911602209944752,
    "predict_game_recall": 0.4314516129032258,
    "predict_god_f1": 0.5110456553755522,
    "predict_god_number": 635,
    "predict_god_precision": 0.47994467496542187,
    "predict_god_recall": 0.5464566929133858,
    "predict_government/governmentagency_f1": 0.3101571946795647,
    "predict_government/governmentagency_number": 1535,
    "predict_government/governmentagency_precision": 0.2893401015228426,
    "predict_government/governmentagency_recall": 0.33420195439739414,
    "predict_hospital_f1": 0.5478723404255318,
    "predict_hospital_number": 364,
    "predict_hospital_precision": 0.5309278350515464,
    "predict_hospital_recall": 0.5659340659340659,
    "predict_hotel_f1": 0.48205128205128206,
    "predict_hotel_number": 265,
    "predict_hotel_precision": 0.440625,
    "predict_hotel_recall": 0.5320754716981132,
    "predict_island_f1": 0.5222222222222221,
    "predict_island_number": 646,
    "predict_island_precision": 0.5358306188925082,
    "predict_island_recall": 0.5092879256965944,
    "predict_language_f1": 0.5843940232429441,
    "predict_language_number": 753,
    "predict_language_precision": 0.5009487666034156,
    "predict_language_recall": 0.701195219123506,
    "predict_law_f1": 0.4407114624505929,
    "predict_law_number": 488,
    "predict_law_precision": 0.4255725190839695,
    "predict_law_recall": 0.4569672131147541,
    "predict_library_f1": 0.6183206106870229,
    "predict_library_number": 357,
    "predict_library_precision": 0.5664335664335665,
    "predict_library_recall": 0.680672268907563,
    "predict_livingthing_f1": 0.541036717062635,
    "predict_livingthing_number": 865,
    "predict_livingthing_precision": 0.5075987841945289,
    "predict_livingthing_recall": 0.5791907514450867,
    "predict_loss": 0.6782581806182861,
    "predict_media/newspaper_f1": 0.4927416009954375,
    "predict_media/newspaper_number": 1234,
    "predict_media/newspaper_precision": 0.5046728971962616,
    "predict_media/newspaper_recall": 0.4813614262560778,
    "predict_medical_f1": 0.32124352331606215,
    "predict_medical_number": 397,
    "predict_medical_precision": 0.33066666666666666,
    "predict_medical_recall": 0.3123425692695214,
    "predict_mountain_f1": 0.5345821325648414,
    "predict_mountain_number": 681,
    "predict_mountain_precision": 0.5247524752475248,
    "predict_mountain_recall": 0.5447870778267254,
    "predict_music_f1": 0.6260201632261162,
    "predict_music_number": 1041,
    "predict_music_precision": 0.6257197696737045,
    "predict_music_recall": 0.6263208453410183,
    "predict_other_f1": 0.44821024014499317,
    "predict_other_number": 21035,
    "predict_other_precision": 0.4281324388660463,
    "predict_other_recall": 0.47026384597100074,
    "predict_overall_accuracy": 0.8996779776212904,
    "predict_overall_f1": 0.5617727651800961,
    "predict_overall_precision": 0.5411836719078771,
    "predict_overall_recall": 0.5839904223258886,
    "predict_painting_f1": 0.15492957746478872,
    "predict_painting_number": 58,
    "predict_painting_precision": 0.13095238095238096,
    "predict_painting_recall": 0.1896551724137931,
    "predict_park_f1": 0.4083526682134571,
    "predict_park_number": 458,