{
    "predict_GPE_f1": 0.7490230032995578,
    "predict_GPE_number": 20409,
    "predict_GPE_precision": 0.7168966135101237,
    "predict_GPE_recall": 0.7841638492821794,
    "predict_actor_f1": 0.6965953600482074,
    "predict_actor_number": 1638,
    "predict_actor_precision": 0.6876859012492564,
    "predict_actor_recall": 0.7057387057387058,
    "predict_airplane_f1": 0.5170454545454546,
    "predict_airplane_number": 794,
    "predict_airplane_precision": 0.47101449275362317,
    "predict_airplane_recall": 0.5730478589420654,
    "predict_airport_f1": 0.6388526727509779,
    "predict_airport_number": 364,
    "predict_airport_precision": 0.607940446650124,
    "predict_airport_recall": 0.6730769230769231,
    "predict_artist/author_f1": 0.5958423326133909,
    "predict_artist/author_number": 3464,
    "predict_artist/author_precision": 0.5595841784989858,
    "predict_artist/author_recall": 0.6371247113163973,
    "predict_astronomything_f1": 0.6527196652719665,
    "predict_astronomything_number": 678,
    "predict_astronomything_precision": 0.6190476190476191,
    "predict_astronomything_recall": 0.6902654867256637,
    "predict_athlete_f1": 0.7501692620176033,
    "predict_athlete_number": 2907,
    "predict_athlete_precision": 0.7384205264911696,
    "predict_athlete_recall": 0.762297901616787,
    "predict_attack/battle/war/militaryconflict_f1": 0.6071428571428572,
    "predict_attack/battle/war/militaryconflict_number": 1099,
    "predict_attack/battle/war/militaryconflict_precision": 0.5584415584415584,
    "predict_attack/battle/war/militaryconflict_recall": 0.6651501364877161,
    "predict_award_f1": 0.44166666666666665,
    "predict_award_number": 941,
    "predict_award_precision": 0.391304347826087,
    "predict_award_recall": 0.5069075451647184,
    "predict_biologything_f1": 0.5505558496559027,
    "predict_biologything_number": 1875,
    "predict_biologything_precision": 0.5465055176037835,
    "predict_biologything_recall": 0.5546666666666666,
    "predict_bodiesofwater_f1": 0.6186335403726708,
    "predict_bodiesofwater_number": 1169,
    "predict_bodiesofwater_precision": 0.5995184590690209,
    "predict_bodiesofwater_recall": 0.6390076988879384,
    "predict_broadcastprogram_f1": 0.4529182879377432,
    "predict_broadcastprogram_number": 605,
    "predict_broadcastprogram_precision": 0.4279411764705882,
    "predict_broadcastprogram_recall": 0.4809917355371901,
    "predict_car_f1": 0.5414012738853503,
    "predict_car_number": 688,
    "predict_car_precision": 0.481859410430839,
    "predict_car_recall": 0.6177325581395349,
    "predict_chemicalthing_f1": 0.48340345956054237,
    "predict_chemicalthing_number": 1014,
    "predict_chemicalthing_precision": 0.45955555555555555,
    "predict_chemicalthing_recall": 0.5098619329388561,
    "predict_company_f1": 0.5497583343660926,
    "predict_company_number": 3903,
    "predict_company_precision": 0.5324051848295728,
    "predict_company_recall": 0.5682808096336152,
    "predict_currency_f1": 0.685195689166194,
    "predict_currency_number": 799,
    "predict_currency_precision": 0.6265560165975104,
    "predict_currency_recall": 0.7559449311639549,
    "predict_director_f1": 0.5683229813664595,
    "predict_director_number": 554,
    "predict_director_precision": 0.4986376021798365,
    "predict_director_recall": 0.6606498194945848,
    "predict_disaster_f1": 0.38655462184873945,
    "predict_disaster_number": 207,
    "predict_disaster_precision": 0.3420074349442379,
    "predict_disaster_recall": 0.4444444444444444,
    "predict_disease_f1": 0.5117647058823529,
    "predict_disease_number": 750,
    "predict_disease_precision": 0.45789473684210524,
    "predict_disease_recall": 0.58,
    "predict_education_f1": 0.6215028901734104,
    "predict_education_number": 2082,
    "predict_education_precision": 0.5991975033437361,
    "predict_education_recall": 0.6455331412103746,
    "predict_educationaldegree_f1": 0.3969957081545064,
    "predict_educationaldegree_number": 367,
    "predict_educationaldegree_precision": 0.3274336283185841,
    "predict_educationaldegree_recall": 0.5040871934604905,
    "predict_election_f1": 0.18095238095238095,
    "predict_election_number": 184,
    "predict_election_precision": 0.16101694915254236,
    "predict_election_recall": 0.20652173913043478,
    "predict_film_f1": 0.6072106261859582,
    "predict_film_number": 759,
    "predict_film_precision": 0.583941605839416,
    "predict_film_recall": 0.6324110671936759,
    "predict_food_f1": 0.38514173998044965,
    "predict_food_number": 432,
    "predict_food_precision": 0.3333333333333333,
    "predict_food_recall": 0.45601851851851855,
    "predict_game_f1": 0.5190989226248777,
    "predict_game_number": 496,
    "predict_game_precision": 0.5047619047619047,
    "predict_game_recall": 0.5342741935483871,
    "predict_god_f1": 0.5440729483282675,
    "predict_god_number": 635,
    "predict_god_precision": 0.5256975036710719,
    "predict_god_recall": 0.5637795275590551,
    "predict_government/governmentagency_f1": 0.31133177570093457,
    "predict_government/governmentagency_number": 1535,
    "predict_government/governmentagency_precision": 0.2821598729486501,
    "predict_government/governmentagency_recall": 0.3472312703583062,
    "predict_hospital_f1": 0.6010230179028133,
    "predict_hospital_number": 364,
    "predict_hospital_precision": 0.562200956937799,
    "predict_hospital_recall": 0.6456043956043956,
    "predict_hotel_f1": 0.45380875202593196,
    "predict_hotel_number": 265,
    "predict_hotel_precision": 0.3977272727272727,
    "predict_hotel_recall": 0.5283018867924528,
    "predict_island_f1": 0.529118136439268,
    "predict_island_number": 646,
    "predict_island_precision": 0.5719424460431655,
    "predict_island_recall": 0.49226006191950467,
    "predict_language_f1": 0.627450980392157,
    "predict_language_number": 753,
    "predict_language_precision": 0.567741935483871,
    "predict_language_recall": 0.701195219123506,
    "predict_law_f1": 0.41098484848484845,
    "predict_law_number": 488,
    "predict_law_precision": 0.38204225352112675,
    "predict_law_recall": 0.444672131147541,
    "predict_library_f1": 0.5717852684144819,
    "predict_library_number": 357,
    "predict_library_precision": 0.5157657657657657,
    "predict_library_recall": 0.6414565826330533,
    "predict_livingthing_f1": 0.5154091392136025,
    "predict_livingthing_number": 865,
    "predict_livingthing_precision": 0.4768928220255654,
    "predict_livingthing_recall": 0.5606936416184971,
    "predict_loss": 0.608690619468689,
    "predict_media/newspaper_f1": 0.5130336229693994,
    "predict_media/newspaper_number": 1234,
    "predict_media/newspaper_precision": 0.4805378627034678,
    "predict_media/newspaper_recall": 0.5502431118314425,
    "predict_medical_f1": 0.40718562874251496,
    "predict_medical_number": 397,
    "predict_medical_precision": 0.3881278538812785,
    "predict_medical_recall": 0.4282115869017632,
    "predict_mountain_f1": 0.5830985915492958,
    "predict_mountain_number": 681,
    "predict_mountain_precision": 0.5602165087956699,
    "predict_mountain_recall": 0.6079295154185022,
    "predict_music_f1": 0.6357078449053201,
    "predict_music_number": 1041,
    "predict_music_precision": 0.5989804587935429,
    "predict_music_recall": 0.6772334293948127,
    "predict_other_f1": 0.4482562713049559,
    "predict_other_number": 21035,
    "predict_other_precision": 0.41477617372315906,
    "predict_other_recall": 0.4876158782980746,
    "predict_overall_accuracy": 0.902209859573923,
    "predict_overall_f1": 0.5647902939225664,
    "predict_overall_precision": 0.5319125653161163,
    "predict_overall_recall": 0.6020001651323122,
    "predict_painting_f1": 0.26,
    "predict_painting_number": 58,
    "predict_painting_precision": 0.30952380952380953,
    "predict_painting_recall": 0.22413793103448276,
    "predict_park_f1": 0.3922294172062905,