{
    "predict_GPE_f1": 0.7674423936719018,
    "predict_GPE_number": 20409,
    "predict_GPE_precision": 0.7211927949668189,
    "predict_GPE_recall": 0.820030378754471,
    "predict_actor_f1": 0.7040848144683506,
    "predict_actor_number": 1638,
    "predict_actor_precision": 0.7195666029318037,
    "predict_actor_recall": 0.6892551892551892,
    "predict_airplane_f1": 0.5373961218836565,
    "predict_airplane_number": 794,
    "predict_airplane_precision": 0.4797230464886251,
    "predict_airplane_recall": 0.610831234256927,
    "predict_airport_f1": 0.6747868453105969,
    "predict_airport_number": 364,
    "predict_airport_precision": 0.6061269146608315,
    "predict_airport_recall": 0.760989010989011,
    "predict_artist/author_f1": 0.5786034593209481,
    "predict_artist/author_number": 3464,
    "predict_artist/author_precision": 0.5201566459341166,
    "predict_artist/author_recall": 0.6518475750577367,
    "predict_astronomything_f1": 0.5469277515192437,
    "predict_astronomything_number": 678,
    "predict_astronomything_precision": 0.5043586550435866,
    "predict_astronomything_recall": 0.5973451327433629,
    "predict_athlete_f1": 0.7884906612821807,
    "predict_athlete_number": 2907,
    "predict_athlete_precision": 0.7717391304347826,
    "predict_athlete_recall": 0.8059855521155831,
    "predict_attack/battle/war/militaryconflict_f1": 0.5750696933492632,
    "predict_attack/battle/war/militaryconflict_number": 1099,
    "predict_attack/battle/war/militaryconflict_precision": 0.5113314447592068,
    "predict_attack/battle/war/militaryconflict_recall": 0.6569608735213831,
    "predict_award_f1": 0.42931442080378257,
    "predict_award_number": 941,
    "predict_award_precision": 0.38671209540034074,
    "predict_award_recall": 0.4824654622741764,
    "predict_biologything_f1": 0.545816733067729,
    "predict_biologything_number": 1875,
    "predict_biologything_precision": 0.5119103222793088,
    "predict_biologything_recall": 0.5845333333333333,
    "predict_bodiesofwater_f1": 0.6308724832214766,
    "predict_bodiesofwater_number": 1169,
    "predict_bodiesofwater_precision": 0.5857771260997068,
    "predict_bodiesofwater_recall": 0.6834901625320787,
    "predict_broadcastprogram_f1": 0.4542897327707454,
    "predict_broadcastprogram_number": 605,
    "predict_broadcastprogram_precision": 0.3953488372093023,
    "predict_broadcastprogram_recall": 0.5338842975206611,
    "predict_car_f1": 0.607661822985469,
    "predict_car_number": 688,
    "predict_car_precision": 0.5569007263922519,
    "predict_car_recall": 0.6686046511627907,
    "predict_chemicalthing_f1": 0.48309178743961356,
    "predict_chemicalthing_number": 1014,
    "predict_chemicalthing_precision": 0.4734848484848485,
    "predict_chemicalthing_recall": 0.4930966469428008,
    "predict_company_f1": 0.5867478342308593,
    "predict_company_number": 3903,
    "predict_company_precision": 0.5402026298771286,
    "predict_company_recall": 0.6420702024084038,
    "predict_currency_f1": 0.6281267370761534,
    "predict_currency_number": 799,
    "predict_currency_precision": 0.565,
    "predict_currency_recall": 0.7071339173967459,
    "predict_director_f1": 0.44719314938154137,
    "predict_director_number": 554,
    "predict_director_precision": 0.47283702213279677,
    "predict_director_recall": 0.42418772563176893,
    "predict_disaster_f1": 0.22535211267605632,
    "predict_disaster_number": 207,
    "predict_disaster_precision": 0.4155844155844156,
    "predict_disaster_recall": 0.15458937198067632,
    "predict_disease_f1": 0.5282811641954971,
    "predict_disease_number": 750,
    "predict_disease_precision": 0.44911297852474324,
    "predict_disease_recall": 0.6413333333333333,
    "predict_education_f1": 0.6574633304572908,
    "predict_education_number": 2082,
    "predict_education_precision": 0.5967110415035238,
    "predict_education_recall": 0.7319884726224783,
    "predict_educationaldegree_f1": 0.42811501597444085,
    "predict_educationaldegree_number": 367,
    "predict_educationaldegree_precision": 0.3513986013986014,
    "predict_educationaldegree_recall": 0.547683923705722,
    "predict_election_f1": 0.12244897959183675,
    "predict_election_number": 184,
    "predict_election_precision": 0.10505836575875487,
    "predict_election_recall": 0.14673913043478262,
    "predict_film_f1": 0.5118483412322273,
    "predict_film_number": 759,
    "predict_film_precision": 0.4263157894736842,
    "predict_film_recall": 0.6403162055335968,
    "predict_food_f1": 0.4147465437788019,
    "predict_food_number": 432,
    "predict_food_precision": 0.3445635528330781,
    "predict_food_recall": 0.5208333333333334,
    "predict_game_f1": 0.5056294779938588,
    "predict_game_number": 496,
    "predict_game_precision": 0.5135135135135135,
    "predict_game_recall": 0.49798387096774194,
    "predict_god_f1": 0.5681063122923589,
    "predict_god_number": 635,
    "predict_god_precision": 0.6010544815465729,
    "predict_god_recall": 0.5385826771653544,
    "predict_government/governmentagency_f1": 0.29937888198757767,
    "predict_government/governmentagency_number": 1535,
    "predict_government/governmentagency_precision": 0.286053412462908,
    "predict_government/governmentagency_recall": 0.31400651465798046,
    "predict_hospital_f1": 0.6227272727272728,
    "predict_hospital_number": 364,
    "predict_hospital_precision": 0.5310077519379846,
    "predict_hospital_recall": 0.7527472527472527,
    "predict_hotel_f1": 0.5212947189097105,
    "predict_hotel_number": 265,
    "predict_hotel_precision": 0.4751552795031056,
    "predict_hotel_recall": 0.5773584905660377,
    "predict_island_f1": 0.5180722891566265,
    "predict_island_number": 646,
    "predict_island_precision": 0.5043988269794721,
    "predict_island_recall": 0.5325077399380805,
    "predict_language_f1": 0.6658986175115208,
    "predict_language_number": 753,
    "predict_language_precision": 0.5879959308240081,
    "predict_language_recall": 0.7675962815405046,
    "predict_law_f1": 0.29888712241653415,
    "predict_law_number": 488,
    "predict_law_precision": 0.24415584415584415,
    "predict_law_recall": 0.38524590163934425,
    "predict_library_f1": 0.5620736698499317,
    "predict_library_number": 357,
    "predict_library_precision": 0.5478723404255319,
    "predict_library_recall": 0.5770308123249299,
    "predict_livingthing_f1": 0.5090909090909091,
    "predict_livingthing_number": 865,
    "predict_livingthing_precision": 0.4736318407960199,
    "predict_livingthing_recall": 0.5502890173410404,
    "predict_loss": 0.374406635761261,
    "predict_media/newspaper_f1": 0.5646036916395222,
    "predict_media/newspaper_number": 1234,
    "predict_media/newspaper_precision": 0.5101373446697187,
    "predict_media/newspaper_recall": 0.6320907617504052,
    "predict_medical_f1": 0.4143712574850299,
    "predict_medical_number": 397,
    "predict_medical_precision": 0.3949771689497717,
    "predict_medical_recall": 0.4357682619647355,
    "predict_mountain_f1": 0.5777479892761394,
    "predict_mountain_number": 681,
    "predict_mountain_precision": 0.531442663378545,
    "predict_mountain_recall": 0.6328928046989721,
    "predict_music_f1": 0.6333922261484098,
    "predict_music_number": 1041,
    "predict_music_precision": 0.5862632869991823,
    "predict_music_recall": 0.6887608069164265,
    "predict_other_f1": 0.4653957354535598,
    "predict_other_number": 21035,
    "predict_other_precision": 0.44334466583466026,
    "predict_other_recall": 0.4897551699548372,
    "predict_overall_accuracy": 0.9051814551589809,
    "predict_overall_f1": 0.5775144169209885,
    "predict_overall_precision": 0.5411547135769057,
    "predict_overall_recall": 0.6191120009907939,
    "predict_painting_f1": 0.0,
    "predict_painting_number": 58,
    "predict_painting_precision": 0.0,
    "predict_painting_recall": 0.0,
    "predict_park_f1": 0.35995500562429694,
    "predict_park_number": 458,