{
    "predict_GPE_f1": 0.7676562288193033,
    "predict_GPE_number": 20409,
    "predict_GPE_precision": 0.7122374544082505,
    "predict_GPE_recall": 0.8324268704983095,
    "predict_actor_f1": 0.06473214285714286,
    "predict_actor_number": 1638,
    "predict_actor_precision": 0.37662337662337664,
    "predict_actor_recall": 0.03540903540903541,
    "predict_airplane_f1": 0.49213597158802647,
    "predict_airplane_number": 794,
    "predict_airplane_precision": 0.41206457094307564,
    "predict_airplane_recall": 0.610831234256927,
    "predict_airport_f1": 0.7039274924471298,
    "predict_airport_number": 364,
    "predict_airport_precision": 0.7818791946308725,
    "predict_airport_recall": 0.6401098901098901,
    "predict_artist/author_f1": 0.48313122823868415,
    "predict_artist/author_number": 3464,
    "predict_artist/author_precision": 0.41356628982528265,
    "predict_artist/author_recall": 0.5808314087759815,
    "predict_astronomything_f1": 0.4133611691022965,
    "predict_astronomything_number": 678,
    "predict_astronomything_precision": 0.7071428571428572,
    "predict_astronomything_recall": 0.2920353982300885,
    "predict_athlete_f1": 0.77734375,
    "predict_athlete_number": 2907,
    "predict_athlete_precision": 0.7377201112140871,
    "predict_athlete_recall": 0.8214654282765738,
    "predict_attack/battle/war/militaryconflict_f1": 0.5771212641703882,
    "predict_attack/battle/war/militaryconflict_number": 1099,
    "predict_attack/battle/war/militaryconflict_precision": 0.46357615894039733,
    "predict_attack/battle/war/militaryconflict_recall": 0.7643312101910829,
    "predict_award_f1": 0.4227859368046284,
    "predict_award_number": 941,
    "predict_award_precision": 0.36370597243491576,
    "predict_award_recall": 0.5047821466524973,
    "predict_biologything_f1": 0.4831325301204819,
    "predict_biologything_number": 1875,
    "predict_biologything_precision": 0.5550173010380622,
    "predict_biologything_recall": 0.42773333333333335,
    "predict_bodiesofwater_f1": 0.5579178885630498,
    "predict_bodiesofwater_number": 1169,
    "predict_bodiesofwater_precision": 0.48813341885824246,
    "predict_bodiesofwater_recall": 0.65098374679213,
    "predict_broadcastprogram_f1": 0.11315789473684211,
    "predict_broadcastprogram_number": 605,
    "predict_broadcastprogram_precision": 0.27741935483870966,
    "predict_broadcastprogram_recall": 0.07107438016528926,
    "predict_car_f1": 0.03287671232876713,
    "predict_car_number": 688,
    "predict_car_precision": 0.2857142857142857,
    "predict_car_recall": 0.01744186046511628,
    "predict_chemicalthing_f1": 0.4577319587628865,
    "predict_chemicalthing_number": 1014,
    "predict_chemicalthing_precision": 0.3512658227848101,
    "predict_chemicalthing_recall": 0.6568047337278107,
    "predict_company_f1": 0.5949549949994444,
    "predict_company_number": 3903,
    "predict_company_precision": 0.5253139717425431,
    "predict_company_recall": 0.6858826543684345,
    "predict_currency_f1": 0.4558938329430133,
    "predict_currency_number": 799,
    "predict_currency_precision": 0.6058091286307054,
    "predict_currency_recall": 0.36545682102628285,
    "predict_director_f1": 0.0,
    "predict_director_number": 554,
    "predict_director_precision": 0.0,
    "predict_director_recall": 0.0,
    "predict_disaster_f1": 0.0,
    "predict_disaster_number": 207,
    "predict_disaster_precision": 0.0,
    "predict_disaster_recall": 0.0,
    "predict_disease_f1": 0.467590027700831,
    "predict_disease_number": 750,
    "predict_disease_precision": 0.4,
    "predict_disease_recall": 0.5626666666666666,
    "predict_education_f1": 0.6676378772112384,
    "predict_education_number": 2082,
    "predict_education_precision": 0.5890561880279104,
    "predict_education_recall": 0.7704130643611912,
    "predict_educationaldegree_f1": 0.4164524421593831,
    "predict_educationaldegree_number": 367,
    "predict_educationaldegree_precision": 0.39416058394160586,
    "predict_educationaldegree_recall": 0.44141689373297005,
    "predict_election_f1": 0.11557788944723617,
    "predict_election_number": 184,
    "predict_election_precision": 0.10747663551401869,
    "predict_election_recall": 0.125,
    "predict_film_f1": 0.3289198606271777,
    "predict_film_number": 759,
    "predict_film_precision": 0.2235907153008053,
    "predict_film_recall": 0.621870882740448,
    "predict_food_f1": 0.0,
    "predict_food_number": 432,
    "predict_food_precision": 0.0,
    "predict_food_recall": 0.0,
    "predict_game_f1": 0.0,
    "predict_game_number": 496,
    "predict_game_precision": 0.0,
    "predict_game_recall": 0.0,
    "predict_god_f1": 0.0,
    "predict_god_number": 635,
    "predict_god_precision": 0.0,
    "predict_god_recall": 0.0,
    "predict_government/governmentagency_f1": 0.3079514824797844,
    "predict_government/governmentagency_number": 1535,
    "predict_government/governmentagency_precision": 0.3189113747383112,
    "predict_government/governmentagency_recall": 0.2977198697068404,
    "predict_hospital_f1": 0.5065359477124183,
    "predict_hospital_number": 364,
    "predict_hospital_precision": 0.625,
    "predict_hospital_recall": 0.4258241758241758,
    "predict_hotel_f1": 0.0,
    "predict_hotel_number": 265,
    "predict_hotel_precision": 0.0,
    "predict_hotel_recall": 0.0,
    "predict_island_f1": 0.0,
    "predict_island_number": 646,
    "predict_island_precision": 0.0,
    "predict_island_recall": 0.0,
    "predict_language_f1": 0.24627606752730885,
    "predict_language_number": 753,
    "predict_language_precision": 0.4881889763779528,
    "predict_language_recall": 0.1646746347941567,
    "predict_law_f1": 0.42931937172774864,
    "predict_law_number": 488,
    "predict_law_precision": 0.3738601823708207,
    "predict_law_recall": 0.5040983606557377,
    "predict_library_f1": 0.0,
    "predict_library_number": 357,
    "predict_library_precision": 0.0,
    "predict_library_recall": 0.0,
    "predict_livingthing_f1": 0.4230088495575221,
    "predict_livingthing_number": 865,
    "predict_livingthing_precision": 0.3426523297491039,
    "predict_livingthing_recall": 0.5526011560693641,
    "predict_loss": 0.43889832496643066,
    "predict_media/newspaper_f1": 0.5274806344522316,
    "predict_media/newspaper_number": 1234,
    "predict_media/newspaper_precision": 0.48408937034529453,
    "predict_media/newspaper_recall": 0.5794165316045381,
    "predict_medical_f1": 0.0,
    "predict_medical_number": 397,
    "predict_medical_precision": 0.0,
    "predict_medical_recall": 0.0,
    "predict_mountain_f1": 0.4751203852327448,
    "predict_mountain_number": 681,
    "predict_mountain_precision": 0.5238938053097345,
    "predict_mountain_recall": 0.434654919236417,
    "predict_music_f1": 0.5766076823478636,
    "predict_music_number": 1041,
    "predict_music_precision": 0.5235109717868338,
    "predict_music_recall": 0.6416906820365034,
    "predict_other_f1": 0.46401954289499836,
    "predict_other_number": 21035,
    "predict_other_precision": 0.4109795005317393,
    "predict_other_recall": 0.5327787021630616,
    "predict_overall_accuracy": 0.8928955305552118,
    "predict_overall_f1": 0.5330969032948308,
    "predict_overall_precision": 0.5125142857142857,
    "predict_overall_recall": 0.5554018907649755,
    "predict_painting_f1": 0.0,
    "predict_painting_number": 58,
    "predict_painting_precision": 0.0,
    "predict_painting_recall": 0.0,
    "predict_park_f1": 0.0,
    "predict_park_number": 458,
    "predict_park_precision": 0.0,
    "predict_park_recall": 0.0,
    "predict_politicalparty_f1": 0.5699300699300699,
    "predict_politicalparty_number": 1057,
    "predict_politicalparty_precision": 0.529650690495532,
    "predict_politicalparty_recall": 0.6168401135288553,
    "predict_politician_f1": 0.5296133137542829,
    "predict_politician_number": 2859,
    "predict_politician_precision": 0.4963302752293578,