{
    "predict_GPE_f1": 0.7454828513468886,
    "predict_GPE_number": 20409,
    "predict_GPE_precision": 0.7187627928132818,
    "predict_GPE_recall": 0.7742662550835415,
    "predict_actor_f1": 0.6580113996200126,
    "predict_actor_number": 1638,
    "predict_actor_precision": 0.6835526315789474,
    "predict_actor_recall": 0.6343101343101343,
    "predict_airplane_f1": 0.5181224004753416,
    "predict_airplane_number": 794,
    "predict_airplane_precision": 0.4904386951631046,
    "predict_airplane_recall": 0.5491183879093199,
    "predict_airport_f1": 0.6512261580381471,
    "predict_airport_number": 364,
    "predict_airport_precision": 0.6459459459459459,
    "predict_airport_recall": 0.6565934065934066,
    "predict_artist/author_f1": 0.5821978861581562,
    "predict_artist/author_number": 3464,
    "predict_artist/author_precision": 0.5208475734791524,
    "predict_artist/author_recall": 0.6599307159353349,
    "predict_astronomything_f1": 0.5069637883008357,
    "predict_astronomything_number": 678,
    "predict_astronomything_precision": 0.48021108179419525,
    "predict_astronomything_recall": 0.5368731563421829,
    "predict_athlete_f1": 0.7771314608608941,
    "predict_athlete_number": 2907,
    "predict_athlete_precision": 0.7517684887459807,
    "predict_athlete_recall": 0.804265565875473,
    "predict_attack/battle/war/militaryconflict_f1": 0.5491444488658973,
    "predict_attack/battle/war/militaryconflict_number": 1099,
    "predict_attack/battle/war/militaryconflict_precision": 0.48797736916548795,
    "predict_attack/battle/war/militaryconflict_recall": 0.6278434940855323,
    "predict_award_f1": 0.4215546018121125,
    "predict_award_number": 941,
    "predict_award_precision": 0.38235294117647056,
    "predict_award_recall": 0.46971307120085015,
    "predict_biologything_f1": 0.5067031463748289,
    "predict_biologything_number": 1875,
    "predict_biologything_precision": 0.5202247191011236,
    "predict_biologything_recall": 0.4938666666666667,
    "predict_bodiesofwater_f1": 0.6179264766625362,
    "predict_bodiesofwater_number": 1169,
    "predict_bodiesofwater_precision": 0.597444089456869,
    "predict_bodiesofwater_recall": 0.6398631308810949,
    "predict_broadcastprogram_f1": 0.41492265696087355,
    "predict_broadcastprogram_number": 605,
    "predict_broadcastprogram_precision": 0.46153846153846156,
    "predict_broadcastprogram_recall": 0.3768595041322314,
    "predict_car_f1": 0.5580448065173116,
    "predict_car_number": 688,
    "predict_car_precision": 0.5235668789808917,
    "predict_car_recall": 0.5973837209302325,
    "predict_chemicalthing_f1": 0.4729020979020979,
    "predict_chemicalthing_number": 1014,
    "predict_chemicalthing_precision": 0.42464678178963894,
    "predict_chemicalthing_recall": 0.5335305719921104,
    "predict_company_f1": 0.5339712918660288,
    "predict_company_number": 3903,
    "predict_company_precision": 0.5007852815795378,
    "predict_company_recall": 0.5718677940046119,
    "predict_currency_f1": 0.5969230769230769,
    "predict_currency_number": 799,
    "predict_currency_precision": 0.5871670702179177,
    "predict_currency_recall": 0.6070087609511889,
    "predict_director_f1": 0.449402390438247,
    "predict_director_number": 554,
    "predict_director_precision": 0.40228245363766046,
    "predict_director_recall": 0.5090252707581228,
    "predict_disaster_f1": 0.4043478260869565,
    "predict_disaster_number": 207,
    "predict_disaster_precision": 0.3675889328063241,
    "predict_disaster_recall": 0.4492753623188406,
    "predict_disease_f1": 0.5015075376884421,
    "predict_disease_number": 750,
    "predict_disease_precision": 0.40241935483870966,
    "predict_disease_recall": 0.6653333333333333,
    "predict_education_f1": 0.6049300466355763,
    "predict_education_number": 2082,
    "predict_education_precision": 0.5625774473358116,
    "predict_education_recall": 0.654178674351585,
    "predict_educationaldegree_f1": 0.40124095139607036,
    "predict_educationaldegree_number": 367,
    "predict_educationaldegree_precision": 0.3233333333333333,
    "predict_educationaldegree_recall": 0.5286103542234333,
    "predict_election_f1": 0.11594202898550725,
    "predict_election_number": 184,
    "predict_election_precision": 0.10434782608695652,
    "predict_election_recall": 0.13043478260869565,
    "predict_film_f1": 0.5399239543726235,
    "predict_film_number": 759,
    "predict_film_precision": 0.45933456561922364,
    "predict_film_recall": 0.6548089591567853,
    "predict_food_f1": 0.4000000000000001,
    "predict_food_number": 432,
    "predict_food_precision": 0.38660907127429806,
    "predict_food_recall": 0.41435185185185186,
    "predict_game_f1": 0.5480494766888678,
    "predict_game_number": 496,
    "predict_game_precision": 0.518918918918919,
    "predict_game_recall": 0.5806451612903226,
    "predict_god_f1": 0.47496206373292865,
    "predict_god_number": 635,
    "predict_god_precision": 0.4582723279648609,
    "predict_god_recall": 0.49291338582677163,
    "predict_government/governmentagency_f1": 0.2876931273308471,
    "predict_government/governmentagency_number": 1535,
    "predict_government/governmentagency_precision": 0.24335286164939163,
    "predict_government/governmentagency_recall": 0.3517915309446254,
    "predict_hospital_f1": 0.5538116591928252,
    "predict_hospital_number": 364,
    "predict_hospital_precision": 0.4678030303030303,
    "predict_hospital_recall": 0.6785714285714286,
    "predict_hotel_f1": 0.5196581196581196,
    "predict_hotel_number": 265,
    "predict_hotel_precision": 0.475,
    "predict_hotel_recall": 0.5735849056603773,
    "predict_island_f1": 0.5470355731225297,
    "predict_island_number": 646,
    "predict_island_precision": 0.5589660743134087,
    "predict_island_recall": 0.5356037151702786,
    "predict_language_f1": 0.6051838456901748,
    "predict_language_number": 753,
    "predict_language_precision": 0.5540838852097131,
    "predict_language_recall": 0.6666666666666666,
    "predict_law_f1": 0.34866828087167073,
    "predict_law_number": 488,
    "predict_law_precision": 0.28761651131824234,
    "predict_law_recall": 0.4426229508196721,
    "predict_library_f1": 0.476409666283084,
    "predict_library_number": 357,
    "predict_library_precision": 0.404296875,
    "predict_library_recall": 0.5798319327731093,
    "predict_livingthing_f1": 0.478974358974359,
    "predict_livingthing_number": 865,
    "predict_livingthing_precision": 0.4304147465437788,
    "predict_livingthing_recall": 0.5398843930635838,
    "predict_loss": 0.5014795064926147,
    "predict_media/newspaper_f1": 0.5239146431199411,
    "predict_media/newspaper_number": 1234,
    "predict_media/newspaper_precision": 0.4797843665768194,
    "predict_media/newspaper_recall": 0.5769854132901134,
    "predict_medical_f1": 0.3735099337748345,
    "predict_medical_number": 397,
    "predict_medical_precision": 0.39385474860335196,
    "predict_medical_recall": 0.35516372795969775,
    "predict_mountain_f1": 0.5164923572003218,
    "predict_mountain_number": 681,
    "predict_mountain_precision": 0.5711743772241993,
    "predict_mountain_recall": 0.4713656387665198,
    "predict_music_f1": 0.5711627906976744,
    "predict_music_number": 1041,
    "predict_music_precision": 0.5536519386834986,
    "predict_music_recall": 0.5898174831892411,
    "predict_other_f1": 0.4358457493426819,
    "predict_other_number": 21035,
    "predict_other_precision": 0.4042267831741516,
    "predict_other_recall": 0.47283099595911576,
    "predict_overall_accuracy": 0.8975543236335763,
    "predict_overall_f1": 0.5473584644268115,
    "predict_overall_precision": 0.509520887252417,
    "predict_overall_recall": 0.5912665648350741,
    "predict_painting_f1": 0.0,
    "predict_painting_number": 58,
    "predict_painting_precision": 0.0,
    "predict_painting_recall": 0.0,
    "predict_park_f1": 0.31923383878691136,
    "predict_park_number": 458,