{
    "predict_GPE_f1": 0.757336609801049,
    "predict_GPE_number": 20409,
    "predict_GPE_precision": 0.7313466891799388,
    "predict_GPE_recall": 0.7852418050859915,
    "predict_actor_f1": 0.6769859813084113,
    "predict_actor_number": 1638,
    "predict_actor_precision": 0.648936170212766,
    "predict_actor_recall": 0.7075702075702076,
    "predict_airplane_f1": 0.4827188940092166,
    "predict_airplane_number": 794,
    "predict_airplane_precision": 0.4447983014861996,
    "predict_airplane_recall": 0.5277078085642317,
    "predict_airport_f1": 0.6121495327102804,
    "predict_airport_number": 364,
    "predict_airport_precision": 0.532520325203252,
    "predict_airport_recall": 0.7197802197802198,
    "predict_artist/author_f1": 0.5618184207068717,
    "predict_artist/author_number": 3464,
    "predict_artist/author_precision": 0.5155534121051363,
    "predict_artist/author_recall": 0.6172055427251733,
    "predict_astronomything_f1": 0.6173853524982889,
    "predict_astronomything_number": 678,
    "predict_astronomything_precision": 0.5759897828863346,
    "predict_astronomything_recall": 0.6651917404129793,
    "predict_athlete_f1": 0.7580136190001661,
    "predict_athlete_number": 2907,
    "predict_athlete_precision": 0.7328195247270392,
    "predict_athlete_recall": 0.7850017199862401,
    "predict_attack/battle/war/militaryconflict_f1": 0.6062992125984252,
    "predict_attack/battle/war/militaryconflict_number": 1099,
    "predict_attack/battle/war/militaryconflict_precision": 0.5838247683235046,
    "predict_attack/battle/war/militaryconflict_recall": 0.6305732484076433,
    "predict_award_f1": 0.4739069111424541,
    "predict_award_number": 941,
    "predict_award_precision": 0.42495784148397975,
    "predict_award_recall": 0.5356004250797024,
    "predict_biologything_f1": 0.5111896348645465,
    "predict_biologything_number": 1875,
    "predict_biologything_precision": 0.4578059071729958,
    "predict_biologything_recall": 0.5786666666666667,
    "predict_bodiesofwater_f1": 0.6067136344799006,
    "predict_bodiesofwater_number": 1169,
    "predict_bodiesofwater_precision": 0.5884244372990354,
    "predict_bodiesofwater_recall": 0.6261762189905903,
    "predict_broadcastprogram_f1": 0.4263038548752835,
    "predict_broadcastprogram_number": 605,
    "predict_broadcastprogram_precision": 0.39275766016713093,
    "predict_broadcastprogram_recall": 0.46611570247933887,
    "predict_car_f1": 0.5602787456445995,
    "predict_car_number": 688,
    "predict_car_precision": 0.5381526104417671,
    "predict_car_recall": 0.5843023255813954,
    "predict_chemicalthing_f1": 0.5002178649237473,
    "predict_chemicalthing_number": 1014,
    "predict_chemicalthing_precision": 0.44808743169398907,
    "predict_chemicalthing_recall": 0.5660749506903353,
    "predict_company_f1": 0.5443246670894103,
    "predict_company_number": 3903,
    "predict_company_precision": 0.5389251632345555,
    "predict_company_recall": 0.549833461439918,
    "predict_currency_f1": 0.6720183486238532,
    "predict_currency_number": 799,
    "predict_currency_precision": 0.6201058201058202,
    "predict_currency_recall": 0.7334167709637046,
    "predict_director_f1": 0.5316901408450704,
    "predict_director_number": 554,
    "predict_director_precision": 0.5189003436426117,
    "predict_director_recall": 0.5451263537906137,
    "predict_disaster_f1": 0.38949671772428884,
    "predict_disaster_number": 207,
    "predict_disaster_precision": 0.356,
    "predict_disaster_recall": 0.42995169082125606,
    "predict_disease_f1": 0.5238095238095238,
    "predict_disease_number": 750,
    "predict_disease_precision": 0.4731182795698925,
    "predict_disease_recall": 0.5866666666666667,
    "predict_education_f1": 0.666821669379214,
    "predict_education_number": 2082,
    "predict_education_precision": 0.6462370437133844,
    "predict_education_recall": 0.6887608069164265,
    "predict_educationaldegree_f1": 0.43714609286523215,
    "predict_educationaldegree_number": 367,
    "predict_educationaldegree_precision": 0.374031007751938,
    "predict_educationaldegree_recall": 0.5258855585831063,
    "predict_election_f1": 0.2393617021276596,
    "predict_election_number": 184,
    "predict_election_precision": 0.234375,
    "predict_election_recall": 0.24456521739130435,
    "predict_film_f1": 0.5502239283429302,
    "predict_film_number": 759,
    "predict_film_precision": 0.5348258706467661,
    "predict_film_recall": 0.5665349143610013,
    "predict_food_f1": 0.3183760683760684,
    "predict_food_number": 432,
    "predict_food_precision": 0.29563492063492064,
    "predict_food_recall": 0.3449074074074074,
    "predict_game_f1": 0.5425425425425425,
    "predict_game_number": 496,
    "predict_game_precision": 0.5387673956262425,
    "predict_game_recall": 0.5463709677419355,
    "predict_god_f1": 0.5608856088560885,
    "predict_god_number": 635,
    "predict_god_precision": 0.5277777777777778,
    "predict_god_recall": 0.5984251968503937,
    "predict_government/governmentagency_f1": 0.3391535957383841,
    "predict_government/governmentagency_number": 1535,
    "predict_government/governmentagency_precision": 0.31073752711496744,
    "predict_government/governmentagency_recall": 0.3732899022801303,
    "predict_hospital_f1": 0.5639187574671445,
    "predict_hospital_number": 364,
    "predict_hospital_precision": 0.4989429175475687,
    "predict_hospital_recall": 0.6483516483516484,
    "predict_hotel_f1": 0.5228519195612431,
    "predict_hotel_number": 265,
    "predict_hotel_precision": 0.5070921985815603,
    "predict_hotel_recall": 0.539622641509434,
    "predict_island_f1": 0.5266611977030352,
    "predict_island_number": 646,
    "predict_island_precision": 0.5602094240837696,
    "predict_island_recall": 0.4969040247678019,
    "predict_language_f1": 0.5881649731022115,
    "predict_language_number": 753,
    "predict_language_precision": 0.5347826086956522,
    "predict_language_recall": 0.6533864541832669,
    "predict_law_f1": 0.41732979664014147,
    "predict_law_number": 488,
    "predict_law_precision": 0.36702954898911355,
    "predict_law_recall": 0.48360655737704916,
    "predict_library_f1": 0.5520581113801452,
    "predict_library_number": 357,
    "predict_library_precision": 0.4861407249466951,
    "predict_library_recall": 0.6386554621848739,
    "predict_livingthing_f1": 0.5166994106090372,
    "predict_livingthing_number": 865,
    "predict_livingthing_precision": 0.44918872758326217,
    "predict_livingthing_recall": 0.608092485549133,
    "predict_loss": 0.640723705291748,
    "predict_media/newspaper_f1": 0.5254110612855007,
    "predict_media/newspaper_number": 1234,
    "predict_media/newspaper_precision": 0.48751733703190014,
    "predict_media/newspaper_recall": 0.5696920583468396,
    "predict_medical_f1": 0.3520782396088019,
    "predict_medical_number": 397,
    "predict_medical_precision": 0.342042755344418,
    "predict_medical_recall": 0.36272040302267,
    "predict_mountain_f1": 0.5332409972299168,
    "predict_mountain_number": 681,
    "predict_mountain_precision": 0.5045871559633027,
    "predict_mountain_recall": 0.5653450807635829,
    "predict_music_f1": 0.6188466947960618,
    "predict_music_number": 1041,
    "predict_music_precision": 0.6043956043956044,
    "predict_music_recall": 0.6340057636887608,
    "predict_other_f1": 0.4387700772029462,
    "predict_other_number": 21035,
    "predict_other_precision": 0.41133896260554886,
    "predict_other_recall": 0.47012122652721655,
    "predict_overall_accuracy": 0.9001209483917338,
    "predict_overall_f1": 0.5599661751698531,
    "predict_overall_precision": 0.5291529658136929,
    "predict_overall_recall": 0.5945898526194113,
    "predict_painting_f1": 0.0594059405940594,
    "predict_painting_number": 58,
    "predict_painting_precision": 0.06976744186046512,
    "predict_painting_recall": 0.05172413793103448,
    "predict_park_f1": 0.3931469792605951,