{
    "predict_GPE_f1": 0.7611332127787824,
    "predict_GPE_number": 20409,
    "predict_GPE_precision": 0.749264217222064,
    "predict_GPE_recall": 0.7733842912440589,
    "predict_actor_f1": 0.6689675007190108,
    "predict_actor_number": 1638,
    "predict_actor_precision": 0.6324089178901577,
    "predict_actor_recall": 0.71001221001221,
    "predict_airplane_f1": 0.5328638497652582,
    "predict_airplane_number": 794,
    "predict_airplane_precision": 0.4989010989010989,
    "predict_airplane_recall": 0.5717884130982368,
    "predict_airport_f1": 0.6164542294322132,
    "predict_airport_number": 364,
    "predict_airport_precision": 0.533066132264529,
    "predict_airport_recall": 0.7307692307692307,
    "predict_artist/author_f1": 0.5932830705962988,
    "predict_artist/author_number": 3464,
    "predict_artist/author_precision": 0.5648655703471679,
    "predict_artist/author_recall": 0.6247113163972287,
    "predict_astronomything_f1": 0.6657894736842105,
    "predict_astronomything_number": 678,
    "predict_astronomything_precision": 0.6009501187648456,
    "predict_astronomything_recall": 0.7463126843657817,
    "predict_athlete_f1": 0.7835087114024495,
    "predict_athlete_number": 2907,
    "predict_athlete_precision": 0.7858131487889274,
    "predict_athlete_recall": 0.7812177502579979,
    "predict_attack/battle/war/militaryconflict_f1": 0.6255765199161425,
    "predict_attack/battle/war/militaryconflict_number": 1099,
    "predict_attack/battle/war/militaryconflict_precision": 0.5800933125972006,
    "predict_attack/battle/war/militaryconflict_recall": 0.6787989080982711,
    "predict_award_f1": 0.43909626719056977,
    "predict_award_number": 941,
    "predict_award_precision": 0.40821917808219177,
    "predict_award_recall": 0.47502656748140276,
    "predict_biologything_f1": 0.5335149863760218,
    "predict_biologything_number": 1875,
    "predict_biologything_precision": 0.5454038997214484,
    "predict_biologything_recall": 0.5221333333333333,
    "predict_bodiesofwater_f1": 0.6413361169102297,
    "predict_bodiesofwater_number": 1169,
    "predict_bodiesofwater_precision": 0.6264274061990212,
    "predict_bodiesofwater_recall": 0.6569717707442259,
    "predict_broadcastprogram_f1": 0.45518316445830087,
    "predict_broadcastprogram_number": 605,
    "predict_broadcastprogram_precision": 0.4306784660766962,
    "predict_broadcastprogram_recall": 0.4826446280991736,
    "predict_car_f1": 0.5712290502793296,
    "predict_car_number": 688,
    "predict_car_precision": 0.5497311827956989,
    "predict_car_recall": 0.5944767441860465,
    "predict_chemicalthing_f1": 0.49084568439407145,
    "predict_chemicalthing_number": 1014,
    "predict_chemicalthing_precision": 0.43984375,
    "predict_chemicalthing_recall": 0.5552268244575936,
    "predict_company_f1": 0.5660964230171073,
    "predict_company_number": 3903,
    "predict_company_precision": 0.5309694793536804,
    "predict_company_recall": 0.6062003586984371,
    "predict_currency_f1": 0.6439482961222092,
    "predict_currency_number": 799,
    "predict_currency_precision": 0.6068660022148394,
    "predict_currency_recall": 0.685857321652065,
    "predict_director_f1": 0.5144644253322909,
    "predict_director_number": 554,
    "predict_director_precision": 0.45379310344827584,
    "predict_director_recall": 0.5938628158844765,
    "predict_disaster_f1": 0.3404255319148936,
    "predict_disaster_number": 207,
    "predict_disaster_precision": 0.378698224852071,
    "predict_disaster_recall": 0.30917874396135264,
    "predict_disease_f1": 0.5097588978185993,
    "predict_disease_number": 750,
    "predict_disease_precision": 0.4475806451612903,
    "predict_disease_recall": 0.592,
    "predict_education_f1": 0.6834872719080874,
    "predict_education_number": 2082,
    "predict_education_precision": 0.6436147645311837,
    "predict_education_recall": 0.7286263208453411,
    "predict_educationaldegree_f1": 0.39637599093997733,
    "predict_educationaldegree_number": 367,
    "predict_educationaldegree_precision": 0.3391472868217054,
    "predict_educationaldegree_recall": 0.4768392370572207,
    "predict_election_f1": 0.2231578947368421,
    "predict_election_number": 184,
    "predict_election_precision": 0.18213058419243985,
    "predict_election_recall": 0.28804347826086957,
    "predict_film_f1": 0.5768742058449811,
    "predict_film_number": 759,
    "predict_film_precision": 0.5570552147239264,
    "predict_film_recall": 0.5981554677206851,
    "predict_food_f1": 0.43786982248520706,
    "predict_food_number": 432,
    "predict_food_precision": 0.38144329896907214,
    "predict_food_recall": 0.5138888888888888,
    "predict_game_f1": 0.5115830115830116,
    "predict_game_number": 496,
    "predict_game_precision": 0.49074074074074076,
    "predict_game_recall": 0.5342741935483871,
    "predict_god_f1": 0.547486033519553,
    "predict_god_number": 635,
    "predict_god_precision": 0.4918444165621079,
    "predict_god_recall": 0.6173228346456693,
    "predict_government/governmentagency_f1": 0.3029208069858476,
    "predict_government/governmentagency_number": 1535,
    "predict_government/governmentagency_precision": 0.28163493840985443,
    "predict_government/governmentagency_recall": 0.3276872964169381,
    "predict_hospital_f1": 0.6285714285714286,
    "predict_hospital_number": 364,
    "predict_hospital_precision": 0.5960591133004927,
    "predict_hospital_recall": 0.6648351648351648,
    "predict_hotel_f1": 0.5653710247349824,
    "predict_hotel_number": 265,
    "predict_hotel_precision": 0.53156146179402,
    "predict_hotel_recall": 0.6037735849056604,
    "predict_island_f1": 0.5550035486160398,
    "predict_island_number": 646,
    "predict_island_precision": 0.5124508519003932,
    "predict_island_recall": 0.6052631578947368,
    "predict_language_f1": 0.6098003629764066,
    "predict_language_number": 753,
    "predict_language_precision": 0.56,
    "predict_language_recall": 0.6693227091633466,
    "predict_law_f1": 0.42882249560632685,
    "predict_law_number": 488,
    "predict_law_precision": 0.37538461538461537,
    "predict_law_recall": 0.5,
    "predict_library_f1": 0.567807351077313,
    "predict_library_number": 357,
    "predict_library_precision": 0.5185185185185185,
    "predict_library_recall": 0.6274509803921569,
    "predict_livingthing_f1": 0.5194274028629857,
    "predict_livingthing_number": 865,
    "predict_livingthing_precision": 0.46562786434463793,
    "predict_livingthing_recall": 0.5872832369942197,
    "predict_loss": 0.5280790328979492,
    "predict_media/newspaper_f1": 0.49260700389105067,
    "predict_media/newspaper_number": 1234,
    "predict_media/newspaper_precision": 0.47380239520958084,
    "predict_media/newspaper_recall": 0.5129659643435981,
    "predict_medical_f1": 0.2677532013969733,
    "predict_medical_number": 397,
    "predict_medical_precision": 0.24891774891774893,
    "predict_medical_recall": 0.28967254408060455,
    "predict_mountain_f1": 0.5805958747135218,
    "predict_mountain_number": 681,
    "predict_mountain_precision": 0.6050955414012739,
    "predict_mountain_recall": 0.5580029368575624,
    "predict_music_f1": 0.6037735849056605,
    "predict_music_number": 1041,
    "predict_music_precision": 0.593141797961075,
    "predict_music_recall": 0.6147934678194045,
    "predict_other_f1": 0.46359655878017114,
    "predict_other_number": 21035,
    "predict_other_precision": 0.43151470467764397,
    "predict_other_recall": 0.5008319467554077,
    "predict_overall_accuracy": 0.9020502598110426,
    "predict_overall_f1": 0.5720894823143593,
    "predict_overall_precision": 0.542621736715423,
    "predict_overall_recall": 0.6049415844445362,
    "predict_painting_f1": 0.17266187050359713,
    "predict_painting_number": 58,
    "predict_painting_precision": 0.14814814814814814,
    "predict_painting_recall": 0.20689655172413793,
    "predict_park_f1": 0.44729064039408867,
    "predict_park_number": 458,