{
    "predict_GPE_f1": 0.7551020408163266,
    "predict_GPE_number": 20409,
    "predict_GPE_precision": 0.7243148373160524,
    "predict_GPE_recall": 0.7886226664706747,
    "predict_actor_f1": 0.6349206349206349,
    "predict_actor_number": 1638,
    "predict_actor_precision": 0.6926406926406926,
    "predict_actor_recall": 0.5860805860805861,
    "predict_airplane_f1": 0.5103686635944701,
    "predict_airplane_number": 794,
    "predict_airplane_precision": 0.470276008492569,
    "predict_airplane_recall": 0.5579345088161209,
    "predict_airport_f1": 0.6071428571428571,
    "predict_airport_number": 364,
    "predict_airport_precision": 0.5112781954887218,
    "predict_airport_recall": 0.7472527472527473,
    "predict_artist/author_f1": 0.546964856230032,
    "predict_artist/author_number": 3464,
    "predict_artist/author_precision": 0.4907131391882596,
    "predict_artist/author_recall": 0.6177829099307159,
    "predict_astronomything_f1": 0.5882352941176471,
    "predict_astronomything_number": 678,
    "predict_astronomything_precision": 0.523590333716916,
    "predict_astronomything_recall": 0.6710914454277286,
    "predict_athlete_f1": 0.7618725705594052,
    "predict_athlete_number": 2907,
    "predict_athlete_precision": 0.7488372093023256,
    "predict_athlete_recall": 0.7753697970416237,
    "predict_attack/battle/war/militaryconflict_f1": 0.5898502495840265,
    "predict_attack/battle/war/militaryconflict_number": 1099,
    "predict_attack/battle/war/militaryconflict_precision": 0.5432950191570881,
    "predict_attack/battle/war/militaryconflict_recall": 0.6451319381255687,
    "predict_award_f1": 0.446139180171592,
    "predict_award_number": 941,
    "predict_award_precision": 0.4044943820224719,
    "predict_award_recall": 0.4973432518597237,
    "predict_biologything_f1": 0.5326680921834165,
    "predict_biologything_number": 1875,
    "predict_biologything_precision": 0.48029134532990575,
    "predict_biologything_recall": 0.5978666666666667,
    "predict_bodiesofwater_f1": 0.611087600507829,
    "predict_bodiesofwater_number": 1169,
    "predict_bodiesofwater_precision": 0.6046901172529313,
    "predict_bodiesofwater_recall": 0.6176218990590248,
    "predict_broadcastprogram_f1": 0.4169329073482428,
    "predict_broadcastprogram_number": 605,
    "predict_broadcastprogram_precision": 0.4034003091190108,
    "predict_broadcastprogram_recall": 0.43140495867768597,
    "predict_car_f1": 0.5642760487144791,
    "predict_car_number": 688,
    "predict_car_precision": 0.5278481012658228,
    "predict_car_recall": 0.6061046511627907,
    "predict_chemicalthing_f1": 0.4707508060801474,
    "predict_chemicalthing_number": 1014,
    "predict_chemicalthing_precision": 0.44165946413137425,
    "predict_chemicalthing_recall": 0.5039447731755424,
    "predict_company_f1": 0.5619232637202526,
    "predict_company_number": 3903,
    "predict_company_precision": 0.5340410800830833,
    "predict_company_recall": 0.592877273891878,
    "predict_currency_f1": 0.6244394618834082,
    "predict_currency_number": 799,
    "predict_currency_precision": 0.5654822335025381,
    "predict_currency_recall": 0.6971214017521903,
    "predict_director_f1": 0.4854881266490765,
    "predict_director_number": 554,
    "predict_director_precision": 0.4734133790737564,
    "predict_director_recall": 0.4981949458483754,
    "predict_disaster_f1": 0.34331337325349304,
    "predict_disaster_number": 207,
    "predict_disaster_precision": 0.2925170068027211,
    "predict_disaster_recall": 0.41545893719806765,
    "predict_disease_f1": 0.5079365079365079,
    "predict_disease_number": 750,
    "predict_disease_precision": 0.42105263157894735,
    "predict_disease_recall": 0.64,
    "predict_education_f1": 0.6408544726301735,
    "predict_education_number": 2082,
    "predict_education_precision": 0.5970149253731343,
    "predict_education_recall": 0.69164265129683,
    "predict_educationaldegree_f1": 0.4343220338983051,
    "predict_educationaldegree_number": 367,
    "predict_educationaldegree_precision": 0.35528596187175043,
    "predict_educationaldegree_recall": 0.55858310626703,
    "predict_election_f1": 0.14509803921568626,
    "predict_election_number": 184,
    "predict_election_precision": 0.11349693251533742,
    "predict_election_recall": 0.20108695652173914,
    "predict_film_f1": 0.521072796934866,
    "predict_film_number": 759,
    "predict_film_precision": 0.5055762081784386,
    "predict_film_recall": 0.5375494071146245,
    "predict_food_f1": 0.37681159420289856,
    "predict_food_number": 432,
    "predict_food_precision": 0.3408239700374532,
    "predict_food_recall": 0.4212962962962963,
    "predict_game_f1": 0.4928131416837782,
    "predict_game_number": 496,
    "predict_game_precision": 0.502092050209205,
    "predict_game_recall": 0.4838709677419355,
    "predict_god_f1": 0.5791341376863024,
    "predict_god_number": 635,
    "predict_god_precision": 0.5271317829457365,
    "predict_god_recall": 0.6425196850393701,
    "predict_government/governmentagency_f1": 0.3125701459034792,
    "predict_government/governmentagency_number": 1535,
    "predict_government/governmentagency_precision": 0.2745194677180877,
    "predict_government/governmentagency_recall": 0.3628664495114006,
    "predict_hospital_f1": 0.6159334126040429,
    "predict_hospital_number": 364,
    "predict_hospital_precision": 0.5429769392033543,
    "predict_hospital_recall": 0.7115384615384616,
    "predict_hotel_f1": 0.5226130653266332,
    "predict_hotel_number": 265,
    "predict_hotel_precision": 0.46987951807228917,
    "predict_hotel_recall": 0.5886792452830188,
    "predict_island_f1": 0.5256704980842912,
    "predict_island_number": 646,
    "predict_island_precision": 0.5204855842185129,
    "predict_island_recall": 0.5309597523219814,
    "predict_language_f1": 0.6297169811320754,
    "predict_language_number": 753,
    "predict_language_precision": 0.5662778366914104,
    "predict_language_recall": 0.7091633466135459,
    "predict_law_f1": 0.36815920398009955,
    "predict_law_number": 488,
    "predict_law_precision": 0.30919220055710306,
    "predict_law_recall": 0.45491803278688525,
    "predict_library_f1": 0.49683143219264897,
    "predict_library_number": 357,
    "predict_library_precision": 0.4537037037037037,
    "predict_library_recall": 0.5490196078431373,
    "predict_livingthing_f1": 0.48891031822565095,
    "predict_livingthing_number": 865,
    "predict_livingthing_precision": 0.41935483870967744,
    "predict_livingthing_recall": 0.5861271676300578,
    "predict_loss": 0.614840567111969,
    "predict_media/newspaper_f1": 0.5257535291873331,
    "predict_media/newspaper_number": 1234,
    "predict_media/newspaper_precision": 0.4967555875991348,
    "predict_media/newspaper_recall": 0.5583468395461912,
    "predict_medical_f1": 0.42270531400966177,
    "predict_medical_number": 397,
    "predict_medical_precision": 0.4060324825986079,
    "predict_medical_recall": 0.44080604534005036,
    "predict_mountain_f1": 0.5516769336071184,
    "predict_mountain_number": 681,
    "predict_mountain_precision": 0.5166666666666667,
    "predict_mountain_recall": 0.591776798825257,
    "predict_music_f1": 0.6223055295220243,
    "predict_music_number": 1041,
    "predict_music_precision": 0.6075022872827082,
    "predict_music_recall": 0.6378482228626321,
    "predict_other_f1": 0.44081350364174715,
    "predict_other_number": 21035,
    "predict_other_precision": 0.404137275105017,
    "predict_other_recall": 0.484811029236986,
    "predict_overall_accuracy": 0.8988018074944575,
    "predict_overall_f1": 0.5556803899912405,
    "predict_overall_precision": 0.515729383903008,
    "predict_overall_recall": 0.6023407505263593,
    "predict_painting_f1": 0.046511627906976744,
    "predict_painting_number": 58,
    "predict_painting_precision": 0.07142857142857142,
    "predict_painting_recall": 0.034482758620689655,
    "predict_park_f1": 0.4278982092365693,