{
    "predict_GPE_f1": 0.7490963714030887,
    "predict_GPE_number": 20409,
    "predict_GPE_precision": 0.7189259809884219,
    "predict_GPE_recall": 0.7819099416923906,
    "predict_actor_f1": 0.6723163841807909,
    "predict_actor_number": 1638,
    "predict_actor_precision": 0.6256572029442692,
    "predict_actor_recall": 0.7264957264957265,
    "predict_airplane_f1": 0.5211687537268933,
    "predict_airplane_number": 794,
    "predict_airplane_precision": 0.49490373725934317,
    "predict_airplane_recall": 0.5503778337531486,
    "predict_airport_f1": 0.564042303172738,
    "predict_airport_number": 364,
    "predict_airport_precision": 0.4928131416837782,
    "predict_airport_recall": 0.6593406593406593,
    "predict_artist/author_f1": 0.5690646473145422,
    "predict_artist/author_number": 3464,
    "predict_artist/author_precision": 0.5533133351513498,
    "predict_artist/author_recall": 0.5857390300230947,
    "predict_astronomything_f1": 0.6327608982826949,
    "predict_astronomything_number": 678,
    "predict_astronomything_precision": 0.5729665071770335,
    "predict_astronomything_recall": 0.7064896755162242,
    "predict_athlete_f1": 0.7901360544217686,
    "predict_athlete_number": 2907,
    "predict_athlete_precision": 0.7813656239488732,
    "predict_athlete_recall": 0.7991056071551428,
    "predict_attack/battle/war/militaryconflict_f1": 0.5950819672131148,
    "predict_attack/battle/war/militaryconflict_number": 1099,
    "predict_attack/battle/war/militaryconflict_precision": 0.5413870246085011,
    "predict_attack/battle/war/militaryconflict_recall": 0.6606005459508644,
    "predict_award_f1": 0.44735565259582727,
    "predict_award_number": 941,
    "predict_award_precision": 0.41160714285714284,
    "predict_award_recall": 0.48990435706695007,
    "predict_biologything_f1": 0.5283468318246785,
    "predict_biologything_number": 1875,
    "predict_biologything_precision": 0.4773999139044339,
    "predict_biologything_recall": 0.5914666666666667,
    "predict_bodiesofwater_f1": 0.6086956521739131,
    "predict_bodiesofwater_number": 1169,
    "predict_bodiesofwater_precision": 0.570254110612855,
    "predict_bodiesofwater_recall": 0.6526946107784432,
    "predict_broadcastprogram_f1": 0.38256658595641646,
    "predict_broadcastprogram_number": 605,
    "predict_broadcastprogram_precision": 0.37381703470031546,
    "predict_broadcastprogram_recall": 0.39173553719008264,
    "predict_car_f1": 0.6262773722627737,
    "predict_car_number": 688,
    "predict_car_precision": 0.6290322580645161,
    "predict_car_recall": 0.623546511627907,
    "predict_chemicalthing_f1": 0.49137529137529135,
    "predict_chemicalthing_number": 1014,
    "predict_chemicalthing_precision": 0.46595932802829354,
    "predict_chemicalthing_recall": 0.519723865877712,
    "predict_company_f1": 0.54812673171907,
    "predict_company_number": 3903,
    "predict_company_precision": 0.5172805820827648,
    "predict_company_recall": 0.5828849602869588,
    "predict_currency_f1": 0.6112334801762115,
    "predict_currency_number": 799,
    "predict_currency_precision": 0.5457227138643068,
    "predict_currency_recall": 0.6946182728410513,
    "predict_director_f1": 0.5402097902097902,
    "predict_director_number": 554,
    "predict_director_precision": 0.523728813559322,
    "predict_director_recall": 0.5577617328519856,
    "predict_disaster_f1": 0.3702290076335878,
    "predict_disaster_number": 207,
    "predict_disaster_precision": 0.305993690851735,
    "predict_disaster_recall": 0.46859903381642515,
    "predict_disease_f1": 0.539151225343694,
    "predict_disease_number": 750,
    "predict_disease_precision": 0.4886240520043337,
    "predict_disease_recall": 0.6013333333333334,
    "predict_education_f1": 0.5996123196209348,
    "predict_education_number": 2082,
    "predict_education_precision": 0.5435376805935181,
    "predict_education_recall": 0.6685878962536023,
    "predict_educationaldegree_f1": 0.43200000000000005,
    "predict_educationaldegree_number": 367,
    "predict_educationaldegree_precision": 0.3720472440944882,
    "predict_educationaldegree_recall": 0.5149863760217984,
    "predict_election_f1": 0.1323529411764706,
    "predict_election_number": 184,
    "predict_election_precision": 0.12053571428571429,
    "predict_election_recall": 0.14673913043478262,
    "predict_film_f1": 0.5218476903870163,
    "predict_film_number": 759,
    "predict_film_precision": 0.4958481613285884,
    "predict_film_recall": 0.5507246376811594,
    "predict_food_f1": 0.40879120879120884,
    "predict_food_number": 432,
    "predict_food_precision": 0.3891213389121339,
    "predict_food_recall": 0.4305555555555556,
    "predict_game_f1": 0.5438282647584974,
    "predict_game_number": 496,
    "predict_game_precision": 0.4887459807073955,
    "predict_game_recall": 0.6129032258064516,
    "predict_god_f1": 0.5239567233384853,
    "predict_god_number": 635,
    "predict_god_precision": 0.5144157814871017,
    "predict_god_recall": 0.5338582677165354,
    "predict_government/governmentagency_f1": 0.2836752899197145,
    "predict_government/governmentagency_number": 1535,
    "predict_government/governmentagency_precision": 0.2609409190371991,
    "predict_government/governmentagency_recall": 0.31074918566775245,
    "predict_hospital_f1": 0.5272727272727272,
    "predict_hospital_number": 364,
    "predict_hospital_precision": 0.5,
    "predict_hospital_recall": 0.5576923076923077,
    "predict_hotel_f1": 0.4684385382059801,
    "predict_hotel_number": 265,
    "predict_hotel_precision": 0.41839762611275966,
    "predict_hotel_recall": 0.5320754716981132,
    "predict_island_f1": 0.5456012913640033,
    "predict_island_number": 646,
    "predict_island_precision": 0.5699831365935919,
    "predict_island_recall": 0.5232198142414861,
    "predict_language_f1": 0.6313953488372092,
    "predict_language_number": 753,
    "predict_language_precision": 0.56153050672182,
    "predict_language_recall": 0.7211155378486056,
    "predict_law_f1": 0.44610281923714756,
    "predict_law_number": 488,
    "predict_law_precision": 0.3746518105849582,
    "predict_law_recall": 0.5512295081967213,
    "predict_library_f1": 0.49446494464944657,
    "predict_library_number": 357,
    "predict_library_precision": 0.4407894736842105,
    "predict_library_recall": 0.5630252100840336,
    "predict_livingthing_f1": 0.5058708414872799,
    "predict_livingthing_number": 865,
    "predict_livingthing_precision": 0.4385072094995759,
    "predict_livingthing_recall": 0.5976878612716763,
    "predict_loss": 0.5160419940948486,
    "predict_media/newspaper_f1": 0.4943982652692447,
    "predict_media/newspaper_number": 1234,
    "predict_media/newspaper_precision": 0.4461839530332681,
    "predict_media/newspaper_recall": 0.5542949756888168,
    "predict_medical_f1": 0.35816618911174786,
    "predict_medical_number": 397,
    "predict_medical_precision": 0.4152823920265781,
    "predict_medical_recall": 0.3148614609571788,
    "predict_mountain_f1": 0.5540963101938712,
    "predict_mountain_number": 681,
    "predict_mountain_precision": 0.48257080610021785,
    "predict_mountain_recall": 0.6505139500734214,
    "predict_music_f1": 0.5826280623608018,
    "predict_music_number": 1041,
    "predict_music_precision": 0.5431893687707641,
    "predict_music_recall": 0.6282420749279539,
    "predict_other_f1": 0.44823105298457405,
    "predict_other_number": 21035,
    "predict_other_precision": 0.40083217753120665,
    "predict_other_recall": 0.5083432374613739,
    "predict_overall_accuracy": 0.9010253470480558,
    "predict_overall_f1": 0.5576684777428272,
    "predict_overall_precision": 0.5180734627373194,
    "predict_overall_recall": 0.6038166205672295,
    "predict_painting_f1": 0.031746031746031744,
    "predict_painting_number": 58,
    "predict_painting_precision": 0.2,
    "predict_painting_recall": 0.017241379310344827,
    "predict_park_f1": 0.3955164131305044,