{
    "predict_GPE_f1": 0.7688774181327397,
    "predict_GPE_number": 20409,
    "predict_GPE_precision": 0.7439516129032258,
    "predict_GPE_recall": 0.7955313832132882,
    "predict_actor_f1": 0.6908045977011493,
    "predict_actor_number": 1638,
    "predict_actor_precision": 0.6525515743756786,
    "predict_actor_recall": 0.7338217338217338,
    "predict_airplane_f1": 0.519753086419753,
    "predict_airplane_number": 794,
    "predict_airplane_precision": 0.5096852300242131,
    "predict_airplane_recall": 0.5302267002518891,
    "predict_airport_f1": 0.6981627296587927,
    "predict_airport_number": 364,
    "predict_airport_precision": 0.6683417085427136,
    "predict_airport_recall": 0.7307692307692307,
    "predict_artist/author_f1": 0.5934684684684685,
    "predict_artist/author_number": 3464,
    "predict_artist/author_precision": 0.5791208791208792,
    "predict_artist/author_recall": 0.6085450346420324,
    "predict_astronomything_f1": 0.6409883720930233,
    "predict_astronomything_number": 678,
    "predict_astronomything_precision": 0.6318051575931232,
    "predict_astronomything_recall": 0.6504424778761062,
    "predict_athlete_f1": 0.7700319166806651,
    "predict_athlete_number": 2907,
    "predict_athlete_precision": 0.7524622455679579,
    "predict_athlete_recall": 0.7884416924664602,
    "predict_attack/battle/war/militaryconflict_f1": 0.629516760992599,
    "predict_attack/battle/war/militaryconflict_number": 1099,
    "predict_attack/battle/war/militaryconflict_precision": 0.6035058430717863,
    "predict_attack/battle/war/militaryconflict_recall": 0.6578707916287534,
    "predict_award_f1": 0.4658180103724658,
    "predict_award_number": 941,
    "predict_award_precision": 0.4186440677966102,
    "predict_award_recall": 0.5249734325185972,
    "predict_biologything_f1": 0.555527826303968,
    "predict_biologything_number": 1875,
    "predict_biologything_precision": 0.5220450281425891,
    "predict_biologything_recall": 0.5936,
    "predict_bodiesofwater_f1": 0.6035024696901661,
    "predict_bodiesofwater_number": 1169,
    "predict_bodiesofwater_precision": 0.6351606805293005,
    "predict_bodiesofwater_recall": 0.5748502994011976,
    "predict_broadcastprogram_f1": 0.43987341772151894,
    "predict_broadcastprogram_number": 605,
    "predict_broadcastprogram_precision": 0.4218512898330804,
    "predict_broadcastprogram_recall": 0.45950413223140496,
    "predict_car_f1": 0.5485232067510547,
    "predict_car_number": 688,
    "predict_car_precision": 0.5313351498637602,
    "predict_car_recall": 0.5668604651162791,
    "predict_chemicalthing_f1": 0.4754901960784314,
    "predict_chemicalthing_number": 1014,
    "predict_chemicalthing_precision": 0.4727095516569201,
    "predict_chemicalthing_recall": 0.47830374753451677,
    "predict_company_f1": 0.564870259481038,
    "predict_company_number": 3903,
    "predict_company_precision": 0.550449793338196,
    "predict_company_recall": 0.5800666154240328,
    "predict_currency_f1": 0.6434195725534309,
    "predict_currency_number": 799,
    "predict_currency_precision": 0.5842696629213483,
    "predict_currency_recall": 0.7158948685857321,
    "predict_director_f1": 0.5629754860524091,
    "predict_director_number": 554,
    "predict_director_precision": 0.5294117647058824,
    "predict_director_recall": 0.6010830324909747,
    "predict_disaster_f1": 0.4008620689655172,
    "predict_disaster_number": 207,
    "predict_disaster_precision": 0.36186770428015563,
    "predict_disaster_recall": 0.4492753623188406,
    "predict_disease_f1": 0.5492957746478874,
    "predict_disease_number": 750,
    "predict_disease_precision": 0.49056603773584906,
    "predict_disease_recall": 0.624,
    "predict_education_f1": 0.6786200635497049,
    "predict_education_number": 2082,
    "predict_education_precision": 0.6432874354561101,
    "predict_education_recall": 0.718059558117195,
    "predict_educationaldegree_f1": 0.4734607218683652,
    "predict_educationaldegree_number": 367,
    "predict_educationaldegree_precision": 0.38782608695652177,
    "predict_educationaldegree_recall": 0.6076294277929155,
    "predict_election_f1": 0.18604651162790697,
    "predict_election_number": 184,
    "predict_election_precision": 0.16260162601626016,
    "predict_election_recall": 0.21739130434782608,
    "predict_film_f1": 0.5948777648428404,
    "predict_film_number": 759,
    "predict_film_precision": 0.5328467153284672,
    "predict_film_recall": 0.6732542819499341,
    "predict_food_f1": 0.40643863179074446,
    "predict_food_number": 432,
    "predict_food_precision": 0.3594306049822064,
    "predict_food_recall": 0.4675925925925926,
    "predict_game_f1": 0.5752302968270215,
    "predict_game_number": 496,
    "predict_game_precision": 0.5841995841995842,
    "predict_game_recall": 0.5665322580645161,
    "predict_god_f1": 0.5465648854961832,
    "predict_god_number": 635,
    "predict_god_precision": 0.5303703703703704,
    "predict_god_recall": 0.5637795275590551,
    "predict_government/governmentagency_f1": 0.3269586674892042,
    "predict_government/governmentagency_number": 1535,
    "predict_government/governmentagency_precision": 0.3104862331575864,
    "predict_government/governmentagency_recall": 0.34527687296416937,
    "predict_hospital_f1": 0.6062893081761006,
    "predict_hospital_number": 364,
    "predict_hospital_precision": 0.5591647331786543,
    "predict_hospital_recall": 0.6620879120879121,
    "predict_hotel_f1": 0.54375,
    "predict_hotel_number": 265,
    "predict_hotel_precision": 0.464,
    "predict_hotel_recall": 0.6566037735849056,
    "predict_island_f1": 0.5639810426540284,
    "predict_island_number": 646,
    "predict_island_precision": 0.5758064516129032,
    "predict_island_recall": 0.5526315789473685,
    "predict_language_f1": 0.6250735726898176,
    "predict_language_number": 753,
    "predict_language_precision": 0.5613107822410148,
    "predict_language_recall": 0.7051792828685259,
    "predict_law_f1": 0.48736462093862815,
    "predict_law_number": 488,
    "predict_law_precision": 0.43548387096774194,
    "predict_law_recall": 0.5532786885245902,
    "predict_library_f1": 0.5689655172413793,
    "predict_library_number": 357,
    "predict_library_precision": 0.5076923076923077,
    "predict_library_recall": 0.6470588235294118,
    "predict_livingthing_f1": 0.519134775374376,
    "predict_livingthing_number": 865,
    "predict_livingthing_precision": 0.4989339019189765,
    "predict_livingthing_recall": 0.5410404624277456,
    "predict_loss": 0.6274300813674927,
    "predict_media/newspaper_f1": 0.5156551990722845,
    "predict_media/newspaper_number": 1234,
    "predict_media/newspaper_precision": 0.49297856614929786,
    "predict_media/newspaper_recall": 0.5405186385737439,
    "predict_medical_f1": 0.4015748031496063,
    "predict_medical_number": 397,
    "predict_medical_precision": 0.4191780821917808,
    "predict_medical_recall": 0.3853904282115869,
    "predict_mountain_f1": 0.5741935483870968,
    "predict_mountain_number": 681,
    "predict_mountain_precision": 0.6368515205724508,
    "predict_mountain_recall": 0.5227606461086637,
    "predict_music_f1": 0.6475531389026198,
    "predict_music_number": 1041,
    "predict_music_precision": 0.6670061099796334,
    "predict_music_recall": 0.6292026897214217,
    "predict_other_f1": 0.47294242786863444,
    "predict_other_number": 21035,
    "predict_other_precision": 0.44294549831887425,
    "predict_other_recall": 0.50729736154029,
    "predict_overall_accuracy": 0.9033476864548659,
    "predict_overall_f1": 0.5801539433907722,
    "predict_overall_precision": 0.5522390844052272,
    "predict_overall_recall": 0.6110411592288321,
    "predict_painting_f1": 0.30409356725146197,
    "predict_painting_number": 58,
    "predict_painting_precision": 0.23008849557522124,
    "predict_painting_recall": 0.4482758620689655,
    "predict_park_f1": 0.42689434364994666,
    "predict_park_number": 458,