{
    "predict_GPE_f1": 0.7693813251861753,
    "predict_GPE_number": 20409,
    "predict_GPE_precision": 0.750081444594406,
    "predict_GPE_recall": 0.7897006222744868,
    "predict_actor_f1": 0.702057858634059,
    "predict_actor_number": 1638,
    "predict_actor_precision": 0.6862973760932944,
    "predict_actor_recall": 0.7185592185592186,
    "predict_airplane_f1": 0.5270758122743682,
    "predict_airplane_number": 794,
    "predict_airplane_precision": 0.5046082949308756,
    "predict_airplane_recall": 0.5516372795969773,
    "predict_airport_f1": 0.6364665911664779,
    "predict_airport_number": 364,
    "predict_airport_precision": 0.5414258188824663,
    "predict_airport_recall": 0.771978021978022,
    "predict_artist/author_f1": 0.6028018679119412,
    "predict_artist/author_number": 3464,
    "predict_artist/author_precision": 0.5604068469362441,
    "predict_artist/author_recall": 0.6521362586605081,
    "predict_astronomything_f1": 0.5689404934687954,
    "predict_astronomything_number": 678,
    "predict_astronomything_precision": 0.56,
    "predict_astronomything_recall": 0.5781710914454278,
    "predict_athlete_f1": 0.7770270270270271,
    "predict_athlete_number": 2907,
    "predict_athlete_precision": 0.7633587786259542,
    "predict_athlete_recall": 0.7911936704506364,
    "predict_attack/battle/war/militaryconflict_f1": 0.6016330038676407,
    "predict_attack/battle/war/militaryconflict_number": 1099,
    "predict_attack/battle/war/militaryconflict_precision": 0.5700325732899023,
    "predict_attack/battle/war/militaryconflict_recall": 0.6369426751592356,
    "predict_award_f1": 0.4515815085158151,
    "predict_award_number": 941,
    "predict_award_precision": 0.41651705565529623,
    "predict_award_recall": 0.49309245483528164,
    "predict_biologything_f1": 0.5017553335133675,
    "predict_biologything_number": 1875,
    "predict_biologything_precision": 0.5082056892778993,
    "predict_biologything_recall": 0.49546666666666667,
    "predict_bodiesofwater_f1": 0.6191304347826087,
    "predict_bodiesofwater_number": 1169,
    "predict_bodiesofwater_precision": 0.6295313881520778,
    "predict_bodiesofwater_recall": 0.6090675791274593,
    "predict_broadcastprogram_f1": 0.4597701149425288,
    "predict_broadcastprogram_number": 605,
    "predict_broadcastprogram_precision": 0.4567699836867863,
    "predict_broadcastprogram_recall": 0.4628099173553719,
    "predict_car_f1": 0.5547996976568405,
    "predict_car_number": 688,
    "predict_car_precision": 0.5779527559055118,
    "predict_car_recall": 0.5334302325581395,
    "predict_chemicalthing_f1": 0.44748078565328775,
    "predict_chemicalthing_number": 1014,
    "predict_chemicalthing_precision": 0.39457831325301207,
    "predict_chemicalthing_recall": 0.5167652859960552,
    "predict_company_f1": 0.5645304007078751,
    "predict_company_number": 3903,
    "predict_company_precision": 0.5571357285429142,
    "predict_company_recall": 0.5721240071739687,
    "predict_currency_f1": 0.645771732702543,
    "predict_currency_number": 799,
    "predict_currency_precision": 0.6121076233183856,
    "predict_currency_recall": 0.6833541927409261,
    "predict_director_f1": 0.5854430379746837,
    "predict_director_number": 554,
    "predict_director_precision": 0.5211267605633803,
    "predict_director_recall": 0.6678700361010831,
    "predict_disaster_f1": 0.3800904977375566,
    "predict_disaster_number": 207,
    "predict_disaster_precision": 0.3574468085106383,
    "predict_disaster_recall": 0.4057971014492754,
    "predict_disease_f1": 0.5535512965050733,
    "predict_disease_number": 750,
    "predict_disease_precision": 0.4794921875,
    "predict_disease_recall": 0.6546666666666666,
    "predict_education_f1": 0.6824264049955396,
    "predict_education_number": 2082,
    "predict_education_precision": 0.6369691923397169,
    "predict_education_recall": 0.7348703170028819,
    "predict_educationaldegree_f1": 0.44226044226044225,
    "predict_educationaldegree_number": 367,
    "predict_educationaldegree_precision": 0.40268456375838924,
    "predict_educationaldegree_recall": 0.4904632152588556,
    "predict_election_f1": 0.2274881516587678,
    "predict_election_number": 184,
    "predict_election_precision": 0.20168067226890757,
    "predict_election_recall": 0.2608695652173913,
    "predict_film_f1": 0.5899454875832828,
    "predict_film_number": 759,
    "predict_film_precision": 0.5459641255605381,
    "predict_film_recall": 0.6416337285902504,
    "predict_food_f1": 0.42381432896064575,
    "predict_food_number": 432,
    "predict_food_precision": 0.3756708407871199,
    "predict_food_recall": 0.4861111111111111,
    "predict_game_f1": 0.5617103984450923,
    "predict_game_number": 496,
    "predict_game_precision": 0.5422138836772983,
    "predict_game_recall": 0.5826612903225806,
    "predict_god_f1": 0.5107913669064749,
    "predict_god_number": 635,
    "predict_god_precision": 0.5953878406708596,
    "predict_god_recall": 0.44724409448818897,
    "predict_government/governmentagency_f1": 0.330026455026455,
    "predict_government/governmentagency_number": 1535,
    "predict_government/governmentagency_precision": 0.3351242444593687,
    "predict_government/governmentagency_recall": 0.3250814332247557,
    "predict_hospital_f1": 0.57002457002457,
    "predict_hospital_number": 364,
    "predict_hospital_precision": 0.5155555555555555,
    "predict_hospital_recall": 0.6373626373626373,
    "predict_hotel_f1": 0.5454545454545454,
    "predict_hotel_number": 265,
    "predict_hotel_precision": 0.49240121580547114,
    "predict_hotel_recall": 0.6113207547169811,
    "predict_island_f1": 0.5557206537890044,
    "predict_island_number": 646,
    "predict_island_precision": 0.5342857142857143,
    "predict_island_recall": 0.5789473684210527,
    "predict_language_f1": 0.6286072772898369,
    "predict_language_number": 753,
    "predict_language_precision": 0.5957193816884662,
    "predict_language_recall": 0.6653386454183267,
    "predict_law_f1": 0.5390984360625575,
    "predict_law_number": 488,
    "predict_law_precision": 0.48914858096828046,
    "predict_law_recall": 0.6004098360655737,
    "predict_library_f1": 0.616774193548387,
    "predict_library_number": 357,
    "predict_library_precision": 0.5717703349282297,
    "predict_library_recall": 0.6694677871148459,
    "predict_livingthing_f1": 0.5441624365482234,
    "predict_livingthing_number": 865,
    "predict_livingthing_precision": 0.4850678733031674,
    "predict_livingthing_recall": 0.6196531791907515,
    "predict_loss": 0.6416916847229004,
    "predict_media/newspaper_f1": 0.5181219110378914,
    "predict_media/newspaper_number": 1234,
    "predict_media/newspaper_precision": 0.5268006700167505,
    "predict_media/newspaper_recall": 0.5097244732576985,
    "predict_medical_f1": 0.35723598435462844,
    "predict_medical_number": 397,
    "predict_medical_precision": 0.37027027027027026,
    "predict_medical_recall": 0.345088161209068,
    "predict_mountain_f1": 0.6018376722817765,
    "predict_mountain_number": 681,
    "predict_mountain_precision": 0.6288,
    "predict_mountain_recall": 0.5770925110132159,
    "predict_music_f1": 0.6528599605522682,
    "predict_music_number": 1041,
    "predict_music_precision": 0.6707193515704154,
    "predict_music_recall": 0.6359269932756965,
    "predict_other_f1": 0.47594403754221304,
    "predict_other_number": 21035,
    "predict_other_precision": 0.44173077705865593,
    "predict_other_recall": 0.5159020679819348,
    "predict_overall_accuracy": 0.9041923709141918,
    "predict_overall_f1": 0.5814301464797605,
    "predict_overall_precision": 0.5557604727313786,
    "predict_overall_recall": 0.609585930726995,
    "predict_painting_f1": 0.2878787878787879,
    "predict_painting_number": 58,
    "predict_painting_precision": 0.25675675675675674,
    "predict_painting_recall": 0.3275862068965517,
    "predict_park_f1": 0.5063025210084034,
    "predict_park_number": 458,