{
    "predict_GPE_f1": 0.77889590354583,
    "predict_GPE_number": 20409,
    "predict_GPE_precision": 0.7553049482163406,
    "predict_GPE_recall": 0.8040080356705375,
    "predict_actor_f1": 0.7330097087378641,
    "predict_actor_number": 1638,
    "predict_actor_precision": 0.7285886610373945,
    "predict_actor_recall": 0.7374847374847375,
    "predict_airplane_f1": 0.5760869565217391,
    "predict_airplane_number": 794,
    "predict_airplane_precision": 0.5533642691415314,
    "predict_airplane_recall": 0.6007556675062973,
    "predict_airport_f1": 0.7429305912596402,
    "predict_airport_number": 364,
    "predict_airport_precision": 0.6980676328502415,
    "predict_airport_recall": 0.7939560439560439,
    "predict_artist/author_f1": 0.6030221720096032,
    "predict_artist/author_number": 3464,
    "predict_artist/author_precision": 0.5902681780481062,
    "predict_artist/author_recall": 0.6163394919168591,
    "predict_astronomything_f1": 0.6712995135510772,
    "predict_astronomything_number": 678,
    "predict_astronomything_precision": 0.6346911957950065,
    "predict_astronomything_recall": 0.7123893805309734,
    "predict_athlete_f1": 0.7719600413365484,
    "predict_athlete_number": 2907,
    "predict_athlete_precision": 0.77302518109693,
    "predict_athlete_recall": 0.7708978328173375,
    "predict_attack/battle/war/militaryconflict_f1": 0.6458973233874508,
    "predict_attack/battle/war/militaryconflict_number": 1099,
    "predict_attack/battle/war/militaryconflict_precision": 0.6237288135593221,
    "predict_attack/battle/war/militaryconflict_recall": 0.6696997270245678,
    "predict_award_f1": 0.5079681274900398,
    "predict_award_number": 941,
    "predict_award_precision": 0.47797563261480785,
    "predict_award_recall": 0.5419766206163655,
    "predict_biologything_f1": 0.5525032092426188,
    "predict_biologything_number": 1875,
    "predict_biologything_precision": 0.5326732673267327,
    "predict_biologything_recall": 0.5738666666666666,
    "predict_bodiesofwater_f1": 0.6556263269639067,
    "predict_bodiesofwater_number": 1169,
    "predict_bodiesofwater_precision": 0.6509274873524452,
    "predict_bodiesofwater_recall": 0.660393498716852,
    "predict_broadcastprogram_f1": 0.45991902834008097,
    "predict_broadcastprogram_number": 605,
    "predict_broadcastprogram_precision": 0.4507936507936508,
    "predict_broadcastprogram_recall": 0.46942148760330576,
    "predict_car_f1": 0.6,
    "predict_car_number": 688,
    "predict_car_precision": 0.5982658959537572,
    "predict_car_recall": 0.6017441860465116,
    "predict_chemicalthing_f1": 0.48400556328233657,
    "predict_chemicalthing_number": 1014,
    "predict_chemicalthing_precision": 0.4566929133858268,
    "predict_chemicalthing_recall": 0.514792899408284,
    "predict_company_f1": 0.5775991963837268,
    "predict_company_number": 3903,
    "predict_company_precision": 0.5663629647869983,
    "predict_company_recall": 0.5892902895208814,
    "predict_currency_f1": 0.6745144202472043,
    "predict_currency_number": 799,
    "predict_currency_precision": 0.6366666666666667,
    "predict_currency_recall": 0.7171464330413017,
    "predict_director_f1": 0.6218340611353711,
    "predict_director_number": 554,
    "predict_director_precision": 0.6023688663282571,
    "predict_director_recall": 0.6425992779783394,
    "predict_disaster_f1": 0.423162583518931,
    "predict_disaster_number": 207,
    "predict_disaster_precision": 0.3925619834710744,
    "predict_disaster_recall": 0.45893719806763283,
    "predict_disease_f1": 0.5480427046263345,
    "predict_disease_number": 750,
    "predict_disease_precision": 0.4935897435897436,
    "predict_disease_recall": 0.616,
    "predict_education_f1": 0.7081784386617102,
    "predict_education_number": 2082,
    "predict_education_precision": 0.6858685868586859,
    "predict_education_recall": 0.7319884726224783,
    "predict_educationaldegree_f1": 0.4540023894862604,
    "predict_educationaldegree_number": 367,
    "predict_educationaldegree_precision": 0.40425531914893614,
    "predict_educationaldegree_recall": 0.5177111716621253,
    "predict_election_f1": 0.2152230971128609,
    "predict_election_number": 184,
    "predict_election_precision": 0.20812182741116753,
    "predict_election_recall": 0.22282608695652173,
    "predict_film_f1": 0.6296529968454259,
    "predict_film_number": 759,
    "predict_film_precision": 0.6041162227602905,
    "predict_film_recall": 0.6574440052700923,
    "predict_food_f1": 0.3947990543735225,
    "predict_food_number": 432,
    "predict_food_precision": 0.4033816425120773,
    "predict_food_recall": 0.38657407407407407,
    "predict_game_f1": 0.5779543197616683,
    "predict_game_number": 496,
    "predict_game_precision": 0.5694716242661448,
    "predict_game_recall": 0.5866935483870968,
    "predict_god_f1": 0.6098859315589353,
    "predict_god_number": 635,
    "predict_god_precision": 0.5897058823529412,
    "predict_god_recall": 0.631496062992126,
    "predict_government/governmentagency_f1": 0.3560794044665012,
    "predict_government/governmentagency_number": 1535,
    "predict_government/governmentagency_precision": 0.339846062759029,
    "predict_government/governmentagency_recall": 0.3739413680781759,
    "predict_hospital_f1": 0.6292682926829268,
    "predict_hospital_number": 364,
    "predict_hospital_precision": 0.5657894736842105,
    "predict_hospital_recall": 0.7087912087912088,
    "predict_hotel_f1": 0.5924596050269301,
    "predict_hotel_number": 265,
    "predict_hotel_precision": 0.565068493150685,
    "predict_hotel_recall": 0.6226415094339622,
    "predict_island_f1": 0.6022012578616353,
    "predict_island_number": 646,
    "predict_island_precision": 0.6118210862619808,
    "predict_island_recall": 0.5928792569659442,
    "predict_language_f1": 0.6403766921718658,
    "predict_language_number": 753,
    "predict_language_precision": 0.5750528541226215,
    "predict_language_recall": 0.7224435590969456,
    "predict_law_f1": 0.5023255813953489,
    "predict_law_number": 488,
    "predict_law_precision": 0.4599659284497445,
    "predict_law_recall": 0.5532786885245902,
    "predict_library_f1": 0.6458333333333335,
    "predict_library_number": 357,
    "predict_library_precision": 0.6034063260340633,
    "predict_library_recall": 0.6946778711484594,
    "predict_livingthing_f1": 0.5207811717576364,
    "predict_livingthing_number": 865,
    "predict_livingthing_precision": 0.45936395759717313,
    "predict_livingthing_recall": 0.6011560693641619,
    "predict_loss": 0.6308826804161072,
    "predict_media/newspaper_f1": 0.5377690802348337,
    "predict_media/newspaper_number": 1234,
    "predict_media/newspaper_precision": 0.5200605601816806,
    "predict_media/newspaper_recall": 0.5567260940032415,
    "predict_medical_f1": 0.43750000000000006,
    "predict_medical_number": 397,
    "predict_medical_precision": 0.41839080459770117,
    "predict_medical_recall": 0.45843828715365237,
    "predict_mountain_f1": 0.6200997861724875,
    "predict_mountain_number": 681,
    "predict_mountain_precision": 0.6024930747922438,
    "predict_mountain_recall": 0.6387665198237885,
    "predict_music_f1": 0.6610407876230662,
    "predict_music_number": 1041,
    "predict_music_precision": 0.6456043956043956,
    "predict_music_recall": 0.6772334293948127,
    "predict_other_f1": 0.5042761832266153,
    "predict_other_number": 21035,
    "predict_other_precision": 0.476577377174051,
    "predict_other_recall": 0.5353933919657713,
    "predict_overall_accuracy": 0.9096621913590299,
    "predict_overall_f1": 0.60535471784146,
    "predict_overall_precision": 0.5823178290138643,
    "predict_overall_recall": 0.6302893943772447,
    "predict_painting_f1": 0.515625,
    "predict_painting_number": 58,
    "predict_painting_precision": 0.4714285714285714,
    "predict_painting_recall": 0.5689655172413793,
    "predict_park_f1": 0.5297184567257559,
    "predict_park_number": 458,