{
    "predict_GPE_f1": 0.7500590374533606,
    "predict_GPE_number": 20409,
    "predict_GPE_precision": 0.7239367279026303,
    "predict_GPE_recall": 0.7781370963790485,
    "predict_actor_f1": 0.6974029763641669,
    "predict_actor_number": 1638,
    "predict_actor_precision": 0.6679709334823924,
    "predict_actor_recall": 0.7295482295482295,
    "predict_airplane_f1": 0.5378151260504203,
    "predict_airplane_number": 794,
    "predict_airplane_precision": 0.5137614678899083,
    "predict_airplane_recall": 0.5642317380352645,
    "predict_airport_f1": 0.6444444444444444,
    "predict_airport_number": 364,
    "predict_airport_precision": 0.5852017937219731,
    "predict_airport_recall": 0.717032967032967,
    "predict_artist/author_f1": 0.5967459997310743,
    "predict_artist/author_number": 3464,
    "predict_artist/author_precision": 0.5585200100679587,
    "predict_artist/author_recall": 0.6405889145496536,
    "predict_astronomything_f1": 0.656121045392022,
    "predict_astronomything_number": 678,
    "predict_astronomything_precision": 0.6146907216494846,
    "predict_astronomything_recall": 0.7035398230088495,
    "predict_athlete_f1": 0.776843146956952,
    "predict_athlete_number": 2907,
    "predict_athlete_precision": 0.7461977186311787,
    "predict_athlete_recall": 0.8101135190918473,
    "predict_attack/battle/war/militaryconflict_f1": 0.6220302375809935,
    "predict_attack/battle/war/militaryconflict_number": 1099,
    "predict_attack/battle/war/militaryconflict_precision": 0.5921052631578947,
    "predict_attack/battle/war/militaryconflict_recall": 0.6551410373066424,
    "predict_award_f1": 0.43809523809523815,
    "predict_award_number": 941,
    "predict_award_precision": 0.38212025316455694,
    "predict_award_recall": 0.5132837407013815,
    "predict_biologything_f1": 0.5549738219895288,
    "predict_biologything_number": 1875,
    "predict_biologything_precision": 0.5449871465295629,
    "predict_biologything_recall": 0.5653333333333334,
    "predict_bodiesofwater_f1": 0.5967042497831744,
    "predict_bodiesofwater_number": 1169,
    "predict_bodiesofwater_precision": 0.6051011433597185,
    "predict_bodiesofwater_recall": 0.5885372112917023,
    "predict_broadcastprogram_f1": 0.4319391634980989,
    "predict_broadcastprogram_number": 605,
    "predict_broadcastprogram_precision": 0.4,
    "predict_broadcastprogram_recall": 0.46942148760330576,
    "predict_car_f1": 0.5409950946040645,
    "predict_car_number": 688,
    "predict_car_precision": 0.5223274695534507,
    "predict_car_recall": 0.561046511627907,
    "predict_chemicalthing_f1": 0.47255369928400953,
    "predict_chemicalthing_number": 1014,
    "predict_chemicalthing_precision": 0.45790934320074006,
    "predict_chemicalthing_recall": 0.4881656804733728,
    "predict_company_f1": 0.5515078407720144,
    "predict_company_number": 3903,
    "predict_company_precision": 0.5210850239343515,
    "predict_company_recall": 0.5857033051498847,
    "predict_currency_f1": 0.6681391496410823,
    "predict_currency_number": 799,
    "predict_currency_precision": 0.5978260869565217,
    "predict_currency_recall": 0.7571964956195244,
    "predict_director_f1": 0.5597826086956521,
    "predict_director_number": 554,
    "predict_director_precision": 0.5618181818181818,
    "predict_director_recall": 0.5577617328519856,
    "predict_disaster_f1": 0.3492723492723493,
    "predict_disaster_number": 207,
    "predict_disaster_precision": 0.30656934306569344,
    "predict_disaster_recall": 0.4057971014492754,
    "predict_disease_f1": 0.5372485046220772,
    "predict_disease_number": 750,
    "predict_disease_precision": 0.45362718089990817,
    "predict_disease_recall": 0.6586666666666666,
    "predict_education_f1": 0.6313416009019165,
    "predict_education_number": 2082,
    "predict_education_precision": 0.5949851253718657,
    "predict_education_recall": 0.6724303554274735,
    "predict_educationaldegree_f1": 0.44680851063829785,
    "predict_educationaldegree_number": 367,
    "predict_educationaldegree_precision": 0.36649214659685864,
    "predict_educationaldegree_recall": 0.5722070844686649,
    "predict_election_f1": 0.17042606516290726,
    "predict_election_number": 184,
    "predict_election_precision": 0.15813953488372093,
    "predict_election_recall": 0.18478260869565216,
    "predict_film_f1": 0.5745192307692307,
    "predict_film_number": 759,
    "predict_film_precision": 0.5281767955801105,
    "predict_film_recall": 0.6297760210803689,
    "predict_food_f1": 0.404391582799634,
    "predict_food_number": 432,
    "predict_food_precision": 0.33434190620272314,
    "predict_food_recall": 0.5115740740740741,
    "predict_game_f1": 0.54638124362895,
    "predict_game_number": 496,
    "predict_game_precision": 0.5525773195876289,
    "predict_game_recall": 0.5403225806451613,
    "predict_god_f1": 0.5555555555555555,
    "predict_god_number": 635,
    "predict_god_precision": 0.4968944099378882,
    "predict_god_recall": 0.6299212598425197,
    "predict_government/governmentagency_f1": 0.30508474576271183,
    "predict_government/governmentagency_number": 1535,
    "predict_government/governmentagency_precision": 0.28063457330415753,
    "predict_government/governmentagency_recall": 0.33420195439739414,
    "predict_hospital_f1": 0.5520702634880803,
    "predict_hospital_number": 364,
    "predict_hospital_precision": 0.5080831408775982,
    "predict_hospital_recall": 0.6043956043956044,
    "predict_hotel_f1": 0.45906902086677365,
    "predict_hotel_number": 265,
    "predict_hotel_precision": 0.3994413407821229,
    "predict_hotel_recall": 0.539622641509434,
    "predict_island_f1": 0.5520065520065519,
    "predict_island_number": 646,
    "predict_island_precision": 0.5860869565217391,
    "predict_island_recall": 0.521671826625387,
    "predict_language_f1": 0.6434155141310884,
    "predict_language_number": 753,
    "predict_language_precision": 0.5879120879120879,
    "predict_language_recall": 0.7104913678618858,
    "predict_law_f1": 0.4281938325991189,
    "predict_law_number": 488,
    "predict_law_precision": 0.3755795981452859,
    "predict_law_recall": 0.4979508196721312,
    "predict_library_f1": 0.4846335697399527,
    "predict_library_number": 357,
    "predict_library_precision": 0.41922290388548056,
    "predict_library_recall": 0.5742296918767507,
    "predict_livingthing_f1": 0.5127648017381857,
    "predict_livingthing_number": 865,
    "predict_livingthing_precision": 0.48360655737704916,
    "predict_livingthing_recall": 0.545664739884393,
    "predict_loss": 0.6022257804870605,
    "predict_media/newspaper_f1": 0.5168018539976825,
    "predict_media/newspaper_number": 1234,
    "predict_media/newspaper_precision": 0.49372693726937267,
    "predict_media/newspaper_recall": 0.5421393841166937,
    "predict_medical_f1": 0.41843971631205673,
    "predict_medical_number": 397,
    "predict_medical_precision": 0.39420935412026725,
    "predict_medical_recall": 0.44584382871536526,
    "predict_mountain_f1": 0.5538971807628523,
    "predict_mountain_number": 681,
    "predict_mountain_precision": 0.6361904761904762,
    "predict_mountain_recall": 0.49045521292217326,
    "predict_music_f1": 0.6261031119368323,
    "predict_music_number": 1041,
    "predict_music_precision": 0.6061151079136691,
    "predict_music_recall": 0.6474543707973103,
    "predict_other_f1": 0.4536163694058431,
    "predict_other_number": 21035,
    "predict_other_precision": 0.4202757502027575,
    "predict_other_recall": 0.49270263845971,
    "predict_overall_accuracy": 0.9021588310783081,
    "predict_overall_f1": 0.5669532753668043,
    "predict_overall_precision": 0.5334140171437931,
    "predict_overall_recall": 0.604993188292119,
    "predict_painting_f1": 0.34375,
    "predict_painting_number": 58,
    "predict_painting_precision": 0.3142857142857143,
    "predict_painting_recall": 0.3793103448275862,
    "predict_park_f1": 0.3672758920800696,