{
    "predict_GPE_f1": 0.7525084401633733,
    "predict_GPE_number": 20409,
    "predict_GPE_precision": 0.7261253872790231,
    "predict_GPE_recall": 0.780880983879661,
    "predict_actor_f1": 0.6654888103651355,
    "predict_actor_number": 1638,
    "predict_actor_precision": 0.6427758816837316,
    "predict_actor_recall": 0.6898656898656899,
    "predict_airplane_f1": 0.5188335358444714,
    "predict_airplane_number": 794,
    "predict_airplane_precision": 0.5011737089201878,
    "predict_airplane_recall": 0.5377833753148614,
    "predict_airport_f1": 0.6707021791767555,
    "predict_airport_number": 364,
    "predict_airport_precision": 0.5995670995670995,
    "predict_airport_recall": 0.760989010989011,
    "predict_artist/author_f1": 0.5940720010176821,
    "predict_artist/author_number": 3464,
    "predict_artist/author_precision": 0.5310438935637934,
    "predict_artist/author_recall": 0.6740762124711316,
    "predict_astronomything_f1": 0.6453407510431155,
    "predict_astronomything_number": 678,
    "predict_astronomything_precision": 0.6105263157894737,
    "predict_astronomything_recall": 0.6843657817109144,
    "predict_athlete_f1": 0.7847384205264911,
    "predict_athlete_number": 2907,
    "predict_athlete_precision": 0.7609046849757674,
    "predict_athlete_recall": 0.8101135190918473,
    "predict_attack/battle/war/militaryconflict_f1": 0.5893004115226337,
    "predict_attack/battle/war/militaryconflict_number": 1099,
    "predict_attack/battle/war/militaryconflict_precision": 0.5379413974455297,
    "predict_attack/battle/war/militaryconflict_recall": 0.651501364877161,
    "predict_award_f1": 0.46219281663516065,
    "predict_award_number": 941,
    "predict_award_precision": 0.41617021276595745,
    "predict_award_recall": 0.5196599362380446,
    "predict_biologything_f1": 0.5292166368971677,
    "predict_biologything_number": 1875,
    "predict_biologything_precision": 0.5073385518590998,
    "predict_biologything_recall": 0.5530666666666667,
    "predict_bodiesofwater_f1": 0.6207710464201416,
    "predict_bodiesofwater_number": 1169,
    "predict_bodiesofwater_precision": 0.5746540422432629,
    "predict_bodiesofwater_recall": 0.6749358426005133,
    "predict_broadcastprogram_f1": 0.3832923832923833,
    "predict_broadcastprogram_number": 605,
    "predict_broadcastprogram_precision": 0.37987012987012986,
    "predict_broadcastprogram_recall": 0.3867768595041322,
    "predict_car_f1": 0.5586885245901639,
    "predict_car_number": 688,
    "predict_car_precision": 0.5089605734767025,
    "predict_car_recall": 0.6191860465116279,
    "predict_chemicalthing_f1": 0.4991496598639456,
    "predict_chemicalthing_number": 1014,
    "predict_chemicalthing_precision": 0.43871449925261585,
    "predict_chemicalthing_recall": 0.5788954635108481,
    "predict_company_f1": 0.5662503061474407,
    "predict_company_number": 3903,
    "predict_company_precision": 0.5423410743607788,
    "predict_company_recall": 0.5923648475531642,
    "predict_currency_f1": 0.6730424387328153,
    "predict_currency_number": 799,
    "predict_currency_precision": 0.6441647597254004,
    "predict_currency_recall": 0.704630788485607,
    "predict_director_f1": 0.5354200988467874,
    "predict_director_number": 554,
    "predict_director_precision": 0.49242424242424243,
    "predict_director_recall": 0.5866425992779783,
    "predict_disaster_f1": 0.39316239316239315,
    "predict_disaster_number": 207,
    "predict_disaster_precision": 0.3524904214559387,
    "predict_disaster_recall": 0.4444444444444444,
    "predict_disease_f1": 0.5371549893842887,
    "predict_disease_number": 750,
    "predict_disease_precision": 0.4462081128747795,
    "predict_disease_recall": 0.6746666666666666,
    "predict_education_f1": 0.6431251379386449,
    "predict_education_number": 2082,
    "predict_education_precision": 0.5949367088607594,
    "predict_education_recall": 0.6998078770413064,
    "predict_educationaldegree_f1": 0.43439911797133407,
    "predict_educationaldegree_number": 367,
    "predict_educationaldegree_precision": 0.3648148148148148,
    "predict_educationaldegree_recall": 0.5367847411444142,
    "predict_election_f1": 0.18329938900203666,
    "predict_election_number": 184,
    "predict_election_precision": 0.1465798045602606,
    "predict_election_recall": 0.24456521739130435,
    "predict_film_f1": 0.563614744351962,
    "predict_film_number": 759,
    "predict_film_precision": 0.5135427952329361,
    "predict_film_recall": 0.6245059288537549,
    "predict_food_f1": 0.4152380952380952,
    "predict_food_number": 432,
    "predict_food_precision": 0.35275080906148865,
    "predict_food_recall": 0.5046296296296297,
    "predict_game_f1": 0.5428015564202334,
    "predict_game_number": 496,
    "predict_game_precision": 0.5244360902255639,
    "predict_game_recall": 0.5625,
    "predict_god_f1": 0.539708265802269,
    "predict_god_number": 635,
    "predict_god_precision": 0.5559265442404007,
    "predict_god_recall": 0.5244094488188976,
    "predict_government/governmentagency_f1": 0.3100868003591739,
    "predict_government/governmentagency_number": 1535,
    "predict_government/governmentagency_precision": 0.2868217054263566,
    "predict_government/governmentagency_recall": 0.33745928338762216,
    "predict_hospital_f1": 0.539440203562341,
    "predict_hospital_number": 364,
    "predict_hospital_precision": 0.5023696682464455,
    "predict_hospital_recall": 0.5824175824175825,
    "predict_hotel_f1": 0.5033557046979866,
    "predict_hotel_number": 265,
    "predict_hotel_precision": 0.45317220543806647,
    "predict_hotel_recall": 0.5660377358490566,
    "predict_island_f1": 0.5402476780185759,
    "predict_island_number": 646,
    "predict_island_precision": 0.5402476780185759,
    "predict_island_recall": 0.5402476780185759,
    "predict_language_f1": 0.6124121779859485,
    "predict_language_number": 753,
    "predict_language_precision": 0.5476439790575917,
    "predict_language_recall": 0.6945551128818062,
    "predict_law_f1": 0.4917491749174917,
    "predict_law_number": 488,
    "predict_law_precision": 0.4116022099447514,
    "predict_law_recall": 0.610655737704918,
    "predict_library_f1": 0.5637065637065638,
    "predict_library_number": 357,
    "predict_library_precision": 0.5214285714285715,
    "predict_library_recall": 0.6134453781512605,
    "predict_livingthing_f1": 0.5336870026525199,
    "predict_livingthing_number": 865,
    "predict_livingthing_precision": 0.4931372549019608,
    "predict_livingthing_recall": 0.5815028901734104,
    "predict_loss": 0.6973434090614319,
    "predict_media/newspaper_f1": 0.539784946236559,
    "predict_media/newspaper_number": 1234,
    "predict_media/newspaper_precision": 0.4839331619537275,
    "predict_media/newspaper_recall": 0.6102106969205835,
    "predict_medical_f1": 0.3426294820717132,
    "predict_medical_number": 397,
    "predict_medical_precision": 0.36235955056179775,
    "predict_medical_recall": 0.3249370277078086,
    "predict_mountain_f1": 0.5501706484641639,
    "predict_mountain_number": 681,
    "predict_mountain_precision": 0.514030612244898,
    "predict_mountain_recall": 0.591776798825257,
    "predict_music_f1": 0.6479925303454714,
    "predict_music_number": 1041,
    "predict_music_precision": 0.6303360581289736,
    "predict_music_recall": 0.6666666666666666,
    "predict_other_f1": 0.4596885122243422,
    "predict_other_number": 21035,
    "predict_other_precision": 0.4309663463538417,
    "predict_other_recall": 0.4925124792013311,
    "predict_overall_accuracy": 0.9017853459189147,
    "predict_overall_f1": 0.5684608302927184,
    "predict_overall_precision": 0.5332844985846966,
    "predict_overall_recall": 0.6086054576229204,
    "predict_painting_f1": 0.1411764705882353,
    "predict_painting_number": 58,
    "predict_painting_precision": 0.2222222222222222,
    "predict_painting_recall": 0.10344827586206896,
    "predict_park_f1": 0.3630640083945435,