{
    "predict_GPE_f1": 0.7487624345858281,
    "predict_GPE_number": 20409,
    "predict_GPE_precision": 0.7214827601871622,
    "predict_GPE_recall": 0.7781860943701309,
    "predict_actor_f1": 0.6828844483058211,
    "predict_actor_number": 1638,
    "predict_actor_precision": 0.6495867768595042,
    "predict_actor_recall": 0.7197802197802198,
    "predict_airplane_f1": 0.5129650507328072,
    "predict_airplane_number": 794,
    "predict_airplane_precision": 0.4642857142857143,
    "predict_airplane_recall": 0.5730478589420654,
    "predict_airport_f1": 0.6261467889908258,
    "predict_airport_number": 364,
    "predict_airport_precision": 0.5374015748031497,
    "predict_airport_recall": 0.75,
    "predict_artist/author_f1": 0.5850392687009143,
    "predict_artist/author_number": 3464,
    "predict_artist/author_precision": 0.5280037183360446,
    "predict_artist/author_recall": 0.6558891454965358,
    "predict_astronomything_f1": 0.6396148555708391,
    "predict_astronomything_number": 678,
    "predict_astronomything_precision": 0.5992268041237113,
    "predict_astronomything_recall": 0.6858407079646017,
    "predict_athlete_f1": 0.7759174699813969,
    "predict_athlete_number": 2907,
    "predict_athlete_precision": 0.7631403858948769,
    "predict_athlete_recall": 0.7891296869625043,
    "predict_attack/battle/war/militaryconflict_f1": 0.6004264392324095,
    "predict_attack/battle/war/militaryconflict_number": 1099,
    "predict_attack/battle/war/militaryconflict_precision": 0.565008025682183,
    "predict_attack/battle/war/militaryconflict_recall": 0.640582347588717,
    "predict_award_f1": 0.47431589054248685,
    "predict_award_number": 941,
    "predict_award_precision": 0.43257443082311736,
    "predict_award_recall": 0.5249734325185972,
    "predict_biologything_f1": 0.5275949367088607,
    "predict_biologything_number": 1875,
    "predict_biologything_precision": 0.5021686746987952,
    "predict_biologything_recall": 0.5557333333333333,
    "predict_bodiesofwater_f1": 0.5879712746858169,
    "predict_bodiesofwater_number": 1169,
    "predict_bodiesofwater_precision": 0.6185080264400378,
    "predict_bodiesofwater_recall": 0.5603079555175363,
    "predict_broadcastprogram_f1": 0.3861236802413273,
    "predict_broadcastprogram_number": 605,
    "predict_broadcastprogram_precision": 0.3550624133148405,
    "predict_broadcastprogram_recall": 0.4231404958677686,
    "predict_car_f1": 0.5484764542936288,
    "predict_car_number": 688,
    "predict_car_precision": 0.5238095238095238,
    "predict_car_recall": 0.5755813953488372,
    "predict_chemicalthing_f1": 0.4541910331384016,
    "predict_chemicalthing_number": 1014,
    "predict_chemicalthing_precision": 0.4489402697495183,
    "predict_chemicalthing_recall": 0.45956607495069035,
    "predict_company_f1": 0.541022741550446,
    "predict_company_number": 3903,
    "predict_company_precision": 0.5308185404339251,
    "predict_company_recall": 0.5516269536254164,
    "predict_currency_f1": 0.6568306010928961,
    "predict_currency_number": 799,
    "predict_currency_precision": 0.5829291949563531,
    "predict_currency_recall": 0.7521902377972466,
    "predict_director_f1": 0.5015197568389057,
    "predict_director_number": 554,
    "predict_director_precision": 0.4330708661417323,
    "predict_director_recall": 0.5956678700361011,
    "predict_disaster_f1": 0.4063926940639269,
    "predict_disaster_number": 207,
    "predict_disaster_precision": 0.3852813852813853,
    "predict_disaster_recall": 0.42995169082125606,
    "predict_disease_f1": 0.532972972972973,
    "predict_disease_number": 750,
    "predict_disease_precision": 0.4481818181818182,
    "predict_disease_recall": 0.6573333333333333,
    "predict_education_f1": 0.6267995570321151,
    "predict_education_number": 2082,
    "predict_education_precision": 0.5815865187011919,
    "predict_education_recall": 0.6796349663784822,
    "predict_educationaldegree_f1": 0.4128440366972477,
    "predict_educationaldegree_number": 367,
    "predict_educationaldegree_precision": 0.3564356435643564,
    "predict_educationaldegree_recall": 0.4904632152588556,
    "predict_election_f1": 0.1217391304347826,
    "predict_election_number": 184,
    "predict_election_precision": 0.13043478260869565,
    "predict_election_recall": 0.11413043478260869,
    "predict_film_f1": 0.5482717520858165,
    "predict_film_number": 759,
    "predict_film_precision": 0.500544069640914,
    "predict_film_recall": 0.6060606060606061,
    "predict_food_f1": 0.41919686581782567,
    "predict_food_number": 432,
    "predict_food_precision": 0.3633276740237691,
    "predict_food_recall": 0.49537037037037035,
    "predict_game_f1": 0.49219467401285577,
    "predict_game_number": 496,
    "predict_game_precision": 0.45193929173693087,
    "predict_game_recall": 0.5403225806451613,
    "predict_god_f1": 0.5489092188599578,
    "predict_god_number": 635,
    "predict_god_precision": 0.4961832061068702,
    "predict_god_recall": 0.6141732283464567,
    "predict_government/governmentagency_f1": 0.2905149051490515,
    "predict_government/governmentagency_number": 1535,
    "predict_government/governmentagency_precision": 0.24872389791183294,
    "predict_government/governmentagency_recall": 0.349185667752443,
    "predict_hospital_f1": 0.5267857142857142,
    "predict_hospital_number": 364,
    "predict_hospital_precision": 0.44360902255639095,
    "predict_hospital_recall": 0.6483516483516484,
    "predict_hotel_f1": 0.5009560229445505,
    "predict_hotel_number": 265,
    "predict_hotel_precision": 0.5077519379844961,
    "predict_hotel_recall": 0.49433962264150944,
    "predict_island_f1": 0.5134037367993501,
    "predict_island_number": 646,
    "predict_island_precision": 0.5401709401709401,
    "predict_island_recall": 0.4891640866873065,
    "predict_language_f1": 0.6344743276283619,
    "predict_language_number": 753,
    "predict_language_precision": 0.5877689694224235,
    "predict_language_recall": 0.6892430278884463,
    "predict_law_f1": 0.4392956441149213,
    "predict_law_number": 488,
    "predict_law_precision": 0.4010152284263959,
    "predict_law_recall": 0.48565573770491804,
    "predict_library_f1": 0.5550239234449761,
    "predict_library_number": 357,
    "predict_library_precision": 0.48434237995824636,
    "predict_library_recall": 0.6498599439775911,
    "predict_livingthing_f1": 0.520065970313359,
    "predict_livingthing_number": 865,
    "predict_livingthing_precision": 0.49580712788259956,
    "predict_livingthing_recall": 0.5468208092485549,
    "predict_loss": 0.6222379207611084,
    "predict_media/newspaper_f1": 0.5034220532319391,
    "predict_media/newspaper_number": 1234,
    "predict_media/newspaper_precision": 0.47421203438395415,
    "predict_media/newspaper_recall": 0.5364667747163695,
    "predict_medical_f1": 0.4153132250580047,
    "predict_medical_number": 397,
    "predict_medical_precision": 0.3849462365591398,
    "predict_medical_recall": 0.4508816120906801,
    "predict_mountain_f1": 0.5432276657060519,
    "predict_mountain_number": 681,
    "predict_mountain_precision": 0.5332390381895332,
    "predict_mountain_recall": 0.55359765051395,
    "predict_music_f1": 0.5954063604240283,
    "predict_music_number": 1041,
    "predict_music_precision": 0.5511038430089943,
    "predict_music_recall": 0.6474543707973103,
    "predict_other_f1": 0.45064028438048737,
    "predict_other_number": 21035,
    "predict_other_precision": 0.4100066243229552,
    "predict_other_recall": 0.5002139291656763,
    "predict_overall_accuracy": 0.9011599754194651,
    "predict_overall_f1": 0.5586355785837651,
    "predict_overall_precision": 0.5219367447197619,
    "predict_overall_recall": 0.6008855220245222,
    "predict_painting_f1": 0.2635658914728682,
    "predict_painting_number": 58,
    "predict_painting_precision": 0.23943661971830985,
    "predict_painting_recall": 0.29310344827586204,
    "predict_park_f1": 0.4014939309056956,