{
    "predict_GPE_f1": 0.756544380899242,
    "predict_GPE_number": 20409,
    "predict_GPE_precision": 0.719796505197965,
    "predict_GPE_recall": 0.7972463129011711,
    "predict_actor_f1": 0.6813639035861259,
    "predict_actor_number": 1638,
    "predict_actor_precision": 0.6570294784580499,
    "predict_actor_recall": 0.7075702075702076,
    "predict_airplane_f1": 0.4854943753700414,
    "predict_airplane_number": 794,
    "predict_airplane_precision": 0.4581005586592179,
    "predict_airplane_recall": 0.5163727959697733,
    "predict_airport_f1": 0.6036866359447005,
    "predict_airport_number": 364,
    "predict_airport_precision": 0.5198412698412699,
    "predict_airport_recall": 0.7197802197802198,
    "predict_artist/author_f1": 0.6066218444754535,
    "predict_artist/author_number": 3464,
    "predict_artist/author_precision": 0.5410726408689749,
    "predict_artist/author_recall": 0.690242494226328,
    "predict_astronomything_f1": 0.631503920171062,
    "predict_astronomything_number": 678,
    "predict_astronomything_precision": 0.6110344827586207,
    "predict_astronomything_recall": 0.6533923303834809,
    "predict_athlete_f1": 0.7757009345794392,
    "predict_athlete_number": 2907,
    "predict_athlete_precision": 0.753322528363047,
    "predict_athlete_recall": 0.7994496044031648,
    "predict_attack/battle/war/militaryconflict_f1": 0.6188077246011754,
    "predict_attack/battle/war/militaryconflict_number": 1099,
    "predict_attack/battle/war/militaryconflict_precision": 0.5744349181605611,
    "predict_attack/battle/war/militaryconflict_recall": 0.6706096451319381,
    "predict_award_f1": 0.4465253819615575,
    "predict_award_number": 941,
    "predict_award_precision": 0.4163602941176471,
    "predict_award_recall": 0.4814027630180659,
    "predict_biologything_f1": 0.5280813214739517,
    "predict_biologything_number": 1875,
    "predict_biologything_precision": 0.5043689320388349,
    "predict_biologything_recall": 0.5541333333333334,
    "predict_bodiesofwater_f1": 0.6201067615658362,
    "predict_bodiesofwater_number": 1169,
    "predict_bodiesofwater_precision": 0.6459684893419834,
    "predict_bodiesofwater_recall": 0.5962360992301112,
    "predict_broadcastprogram_f1": 0.4397981254506128,
    "predict_broadcastprogram_number": 605,
    "predict_broadcastprogram_precision": 0.3900255754475703,
    "predict_broadcastprogram_recall": 0.5041322314049587,
    "predict_car_f1": 0.5432098765432098,
    "predict_car_number": 688,
    "predict_car_precision": 0.5142857142857142,
    "predict_car_recall": 0.5755813953488372,
    "predict_chemicalthing_f1": 0.45181255526083114,
    "predict_chemicalthing_number": 1014,
    "predict_chemicalthing_precision": 0.4094551282051282,
    "predict_chemicalthing_recall": 0.5039447731755424,
    "predict_company_f1": 0.5388326097443319,
    "predict_company_number": 3903,
    "predict_company_precision": 0.5089997721576669,
    "predict_company_recall": 0.5723802203433257,
    "predict_currency_f1": 0.6574870912220311,
    "predict_currency_number": 799,
    "predict_currency_precision": 0.6069915254237288,
    "predict_currency_recall": 0.7171464330413017,
    "predict_director_f1": 0.6024518388791593,
    "predict_director_number": 554,
    "predict_director_precision": 0.5850340136054422,
    "predict_director_recall": 0.6209386281588448,
    "predict_disaster_f1": 0.3933649289099526,
    "predict_disaster_number": 207,
    "predict_disaster_precision": 0.386046511627907,
    "predict_disaster_recall": 0.40096618357487923,
    "predict_disease_f1": 0.5345377258235919,
    "predict_disease_number": 750,
    "predict_disease_precision": 0.44434628975265017,
    "predict_disease_recall": 0.6706666666666666,
    "predict_education_f1": 0.6392447741065408,
    "predict_education_number": 2082,
    "predict_education_precision": 0.6007604562737643,
    "predict_education_recall": 0.6829971181556196,
    "predict_educationaldegree_f1": 0.44269662921348313,
    "predict_educationaldegree_number": 367,
    "predict_educationaldegree_precision": 0.37667304015296366,
    "predict_educationaldegree_recall": 0.5367847411444142,
    "predict_election_f1": 0.2137767220902613,
    "predict_election_number": 184,
    "predict_election_precision": 0.189873417721519,
    "predict_election_recall": 0.24456521739130435,
    "predict_film_f1": 0.5490887713109934,
    "predict_film_number": 759,
    "predict_film_precision": 0.49575371549893843,
    "predict_film_recall": 0.6152832674571805,
    "predict_food_f1": 0.44060913705583754,
    "predict_food_number": 432,
    "predict_food_precision": 0.3924050632911392,
    "predict_food_recall": 0.5023148148148148,
    "predict_game_f1": 0.5328330206378987,
    "predict_game_number": 496,
    "predict_game_precision": 0.4982456140350877,
    "predict_game_recall": 0.5725806451612904,
    "predict_god_f1": 0.5723270440251572,
    "predict_god_number": 635,
    "predict_god_precision": 0.5714285714285714,
    "predict_god_recall": 0.573228346456693,
    "predict_government/governmentagency_f1": 0.334561080417434,
    "predict_government/governmentagency_number": 1535,
    "predict_government/governmentagency_precision": 0.3163087637840975,
    "predict_government/governmentagency_recall": 0.3550488599348534,
    "predict_hospital_f1": 0.5860349127182045,
    "predict_hospital_number": 364,
    "predict_hospital_precision": 0.5365296803652968,
    "predict_hospital_recall": 0.6456043956043956,
    "predict_hotel_f1": 0.5156794425087108,
    "predict_hotel_number": 265,
    "predict_hotel_precision": 0.47896440129449835,
    "predict_hotel_recall": 0.5584905660377358,
    "predict_island_f1": 0.5283286118980169,
    "predict_island_number": 646,
    "predict_island_precision": 0.4869451697127937,
    "predict_island_recall": 0.5773993808049536,
    "predict_language_f1": 0.6445890005913661,
    "predict_language_number": 753,
    "predict_language_precision": 0.5810234541577826,
    "predict_language_recall": 0.7237715803452855,
    "predict_law_f1": 0.5041551246537396,
    "predict_law_number": 488,
    "predict_law_precision": 0.4588235294117647,
    "predict_law_recall": 0.5594262295081968,
    "predict_library_f1": 0.5976714100905564,
    "predict_library_number": 357,
    "predict_library_precision": 0.5552884615384616,
    "predict_library_recall": 0.6470588235294118,
    "predict_livingthing_f1": 0.5349322210636079,
    "predict_livingthing_number": 865,
    "predict_livingthing_precision": 0.48717948717948717,
    "predict_livingthing_recall": 0.5930635838150289,
    "predict_loss": 0.6213498115539551,
    "predict_media/newspaper_f1": 0.5194412986032465,
    "predict_media/newspaper_number": 1234,
    "predict_media/newspaper_precision": 0.4862190812720848,
    "predict_media/newspaper_recall": 0.5575364667747164,
    "predict_medical_f1": 0.3693931398416887,
    "predict_medical_number": 397,
    "predict_medical_precision": 0.3878116343490305,
    "predict_medical_recall": 0.3526448362720403,
    "predict_mountain_f1": 0.5280575539568346,
    "predict_mountain_number": 681,
    "predict_mountain_precision": 0.5176304654442877,
    "predict_mountain_recall": 0.5389133627019089,
    "predict_music_f1": 0.6153846153846154,
    "predict_music_number": 1041,
    "predict_music_precision": 0.6322188449848024,
    "predict_music_recall": 0.5994236311239193,
    "predict_other_f1": 0.45395688255055955,
    "predict_other_number": 21035,
    "predict_other_precision": 0.4266477082636333,
    "predict_other_recall": 0.4850011884953649,
    "predict_overall_accuracy": 0.902587687584007,
    "predict_overall_f1": 0.5688036130479772,
    "predict_overall_precision": 0.5351092672453008,
    "predict_overall_recall": 0.6070263798868843,
    "predict_painting_f1": 0.29411764705882354,
    "predict_painting_number": 58,
    "predict_painting_precision": 0.2564102564102564,
    "predict_painting_recall": 0.3448275862068966,
    "predict_park_f1": 0.4351219512195122,