{
    "predict_GPE_f1": 0.7679946752876295,
    "predict_GPE_number": 20409,
    "predict_GPE_precision": 0.7458331409575696,
    "predict_GPE_recall": 0.7915135479445343,
    "predict_actor_f1": 0.6630958757364755,
    "predict_actor_number": 1638,
    "predict_actor_precision": 0.5906488549618321,
    "predict_actor_recall": 0.7557997557997558,
    "predict_airplane_f1": 0.5105067985166872,
    "predict_airplane_number": 794,
    "predict_airplane_precision": 0.5012135922330098,
    "predict_airplane_recall": 0.5201511335012594,
    "predict_airport_f1": 0.6867469879518073,
    "predict_airport_number": 364,
    "predict_airport_precision": 0.6115879828326181,
    "predict_airport_recall": 0.782967032967033,
    "predict_artist/author_f1": 0.6178180343382452,
    "predict_artist/author_number": 3464,
    "predict_artist/author_precision": 0.5809814391050089,
    "predict_artist/author_recall": 0.6596420323325635,
    "predict_astronomything_f1": 0.6821818181818182,
    "predict_astronomything_number": 678,
    "predict_astronomything_precision": 0.672883787661406,
    "predict_astronomything_recall": 0.6917404129793511,
    "predict_athlete_f1": 0.7861603375527427,
    "predict_athlete_number": 2907,
    "predict_athlete_precision": 0.7717031146454606,
    "predict_athlete_recall": 0.8011695906432749,
    "predict_attack/battle/war/militaryconflict_f1": 0.6328024106758502,
    "predict_attack/battle/war/militaryconflict_number": 1099,
    "predict_attack/battle/war/militaryconflict_precision": 0.6004901960784313,
    "predict_attack/battle/war/militaryconflict_recall": 0.6687898089171974,
    "predict_award_f1": 0.49883232134516586,
    "predict_award_number": 941,
    "predict_award_precision": 0.445,
    "predict_award_recall": 0.5674814027630181,
    "predict_biologything_f1": 0.513265038087733,
    "predict_biologything_number": 1875,
    "predict_biologything_precision": 0.5056935817805382,
    "predict_biologything_recall": 0.5210666666666667,
    "predict_bodiesofwater_f1": 0.6387351778656126,
    "predict_bodiesofwater_number": 1169,
    "predict_bodiesofwater_precision": 0.5936811168258633,
    "predict_bodiesofwater_recall": 0.6911890504704876,
    "predict_broadcastprogram_f1": 0.39866555462885744,
    "predict_broadcastprogram_number": 605,
    "predict_broadcastprogram_precision": 0.40235690235690236,
    "predict_broadcastprogram_recall": 0.3950413223140496,
    "predict_car_f1": 0.5554770318021203,
    "predict_car_number": 688,
    "predict_car_precision": 0.5405777166437414,
    "predict_car_recall": 0.5712209302325582,
    "predict_chemicalthing_f1": 0.47353303241690603,
    "predict_chemicalthing_number": 1014,
    "predict_chemicalthing_precision": 0.40548137737174983,
    "predict_chemicalthing_recall": 0.5690335305719921,
    "predict_company_f1": 0.5885870919511588,
    "predict_company_number": 3903,
    "predict_company_precision": 0.5728838224593742,
    "predict_company_recall": 0.6051755060210094,
    "predict_currency_f1": 0.6698621929298982,
    "predict_currency_number": 799,
    "predict_currency_precision": 0.6425287356321839,
    "predict_currency_recall": 0.6996245306633292,
    "predict_director_f1": 0.5818786367414797,
    "predict_director_number": 554,
    "predict_director_precision": 0.539291217257319,
    "predict_director_recall": 0.631768953068592,
    "predict_disaster_f1": 0.40085287846481876,
    "predict_disaster_number": 207,
    "predict_disaster_precision": 0.35877862595419846,
    "predict_disaster_recall": 0.45410628019323673,
    "predict_disease_f1": 0.5189664650907091,
    "predict_disease_number": 750,
    "predict_disease_precision": 0.441534144059869,
    "predict_disease_recall": 0.6293333333333333,
    "predict_education_f1": 0.6819656930922579,
    "predict_education_number": 2082,
    "predict_education_precision": 0.6590501792114696,
    "predict_education_recall": 0.7065321805955812,
    "predict_educationaldegree_f1": 0.4344978165938865,
    "predict_educationaldegree_number": 367,
    "predict_educationaldegree_precision": 0.36247723132969034,
    "predict_educationaldegree_recall": 0.5422343324250681,
    "predict_election_f1": 0.2076271186440678,
    "predict_election_number": 184,
    "predict_election_precision": 0.1701388888888889,
    "predict_election_recall": 0.266304347826087,
    "predict_film_f1": 0.6033728919425361,
    "predict_film_number": 759,
    "predict_film_precision": 0.5736342042755345,
    "predict_film_recall": 0.6363636363636364,
    "predict_food_f1": 0.4383561643835616,
    "predict_food_number": 432,
    "predict_food_precision": 0.36199095022624433,
    "predict_food_recall": 0.5555555555555556,
    "predict_game_f1": 0.5933609958506224,
    "predict_game_number": 496,
    "predict_game_precision": 0.6111111111111112,
    "predict_game_recall": 0.5766129032258065,
    "predict_god_f1": 0.5137931034482759,
    "predict_god_number": 635,
    "predict_god_precision": 0.5676190476190476,
    "predict_god_recall": 0.4692913385826772,
    "predict_government/governmentagency_f1": 0.31027377097438913,
    "predict_government/governmentagency_number": 1535,
    "predict_government/governmentagency_precision": 0.28302900107411383,
    "predict_government/governmentagency_recall": 0.3433224755700326,
    "predict_hospital_f1": 0.6191709844559585,
    "predict_hospital_number": 364,
    "predict_hospital_precision": 0.5857843137254902,
    "predict_hospital_recall": 0.6565934065934066,
    "predict_hotel_f1": 0.5775401069518716,
    "predict_hotel_number": 265,
    "predict_hotel_precision": 0.5472972972972973,
    "predict_hotel_recall": 0.6113207547169811,
    "predict_island_f1": 0.5583596214511041,
    "predict_island_number": 646,
    "predict_island_precision": 0.5691318327974276,
    "predict_island_recall": 0.5479876160990712,
    "predict_language_f1": 0.6134146341463415,
    "predict_language_number": 753,
    "predict_language_precision": 0.5670800450958287,
    "predict_language_recall": 0.6679946879150066,
    "predict_law_f1": 0.49214659685863876,
    "predict_law_number": 488,
    "predict_law_precision": 0.42857142857142855,
    "predict_law_recall": 0.5778688524590164,
    "predict_library_f1": 0.6388140161725068,
    "predict_library_number": 357,
    "predict_library_precision": 0.6155844155844156,
    "predict_library_recall": 0.6638655462184874,
    "predict_livingthing_f1": 0.5470171890798786,
    "predict_livingthing_number": 865,
    "predict_livingthing_precision": 0.48607367475292,
    "predict_livingthing_recall": 0.6254335260115607,
    "predict_loss": 0.5329672694206238,
    "predict_media/newspaper_f1": 0.5420837968112718,
    "predict_media/newspaper_number": 1234,
    "predict_media/newspaper_precision": 0.49965823650034175,
    "predict_media/newspaper_recall": 0.5923824959481362,
    "predict_medical_f1": 0.3788079470198676,
    "predict_medical_number": 397,
    "predict_medical_precision": 0.3994413407821229,
    "predict_medical_recall": 0.3602015113350126,
    "predict_mountain_f1": 0.585146286571643,
    "predict_mountain_number": 681,
    "predict_mountain_precision": 0.598159509202454,
    "predict_mountain_recall": 0.5726872246696035,
    "predict_music_f1": 0.666347075743049,
    "predict_music_number": 1041,
    "predict_music_precision": 0.6650717703349283,
    "predict_music_recall": 0.6676272814601345,
    "predict_other_f1": 0.4701021768103065,
    "predict_other_number": 21035,
    "predict_other_precision": 0.44119241192411923,
    "predict_other_recall": 0.5030663180413596,
    "predict_overall_accuracy": 0.9038145429041077,
    "predict_overall_f1": 0.5817533467136927,
    "predict_overall_precision": 0.5509115736640094,
    "predict_overall_recall": 0.6162531478347025,
    "predict_painting_f1": 0.28828828828828823,
    "predict_painting_number": 58,
    "predict_painting_precision": 0.3018867924528302,
    "predict_painting_recall": 0.27586206896551724,
    "predict_park_f1": 0.494908350305499,