{
    "predict_GPE_f1": 0.7688398849472675,
    "predict_GPE_number": 20409,
    "predict_GPE_precision": 0.7525690957721365,
    "predict_GPE_recall": 0.7858297809789798,
    "predict_actor_f1": 0.7012331838565022,
    "predict_actor_number": 1638,
    "predict_actor_precision": 0.6481865284974093,
    "predict_actor_recall": 0.7637362637362637,
    "predict_airplane_f1": 0.5344036697247706,
    "predict_airplane_number": 794,
    "predict_airplane_precision": 0.4905263157894737,
    "predict_airplane_recall": 0.5869017632241813,
    "predict_airport_f1": 0.6657718120805368,
    "predict_airport_number": 364,
    "predict_airport_precision": 0.6509186351706037,
    "predict_airport_recall": 0.6813186813186813,
    "predict_artist/author_f1": 0.603353490929082,
    "predict_artist/author_number": 3464,
    "predict_artist/author_precision": 0.575813221406086,
    "predict_artist/author_recall": 0.6336605080831409,
    "predict_astronomything_f1": 0.6092896174863388,
    "predict_astronomything_number": 678,
    "predict_astronomything_precision": 0.5674300254452926,
    "predict_astronomything_recall": 0.6578171091445427,
    "predict_athlete_f1": 0.7656069840224016,
    "predict_athlete_number": 2907,
    "predict_athlete_precision": 0.7345132743362832,
    "predict_athlete_recall": 0.7994496044031648,
    "predict_attack/battle/war/militaryconflict_f1": 0.6296139159949087,
    "predict_attack/battle/war/militaryconflict_number": 1099,
    "predict_attack/battle/war/militaryconflict_precision": 0.589825119236884,
    "predict_attack/battle/war/militaryconflict_recall": 0.6751592356687898,
    "predict_award_f1": 0.45181818181818184,
    "predict_award_number": 941,
    "predict_award_precision": 0.3947577442414615,
    "predict_award_recall": 0.5281615302869288,
    "predict_biologything_f1": 0.5462708904963831,
    "predict_biologything_number": 1875,
    "predict_biologything_precision": 0.5131208997188379,
    "predict_biologything_recall": 0.584,
    "predict_bodiesofwater_f1": 0.6402048655569783,
    "predict_bodiesofwater_number": 1169,
    "predict_bodiesofwater_precision": 0.6388415672913118,
    "predict_bodiesofwater_recall": 0.6415739948674081,
    "predict_broadcastprogram_f1": 0.48228043143297383,
    "predict_broadcastprogram_number": 605,
    "predict_broadcastprogram_precision": 0.45165945165945165,
    "predict_broadcastprogram_recall": 0.5173553719008265,
    "predict_car_f1": 0.6212454212454211,
    "predict_car_number": 688,
    "predict_car_precision": 0.6262924667651403,
    "predict_car_recall": 0.6162790697674418,
    "predict_chemicalthing_f1": 0.4623115577889447,
    "predict_chemicalthing_number": 1014,
    "predict_chemicalthing_precision": 0.4713114754098361,
    "predict_chemicalthing_recall": 0.4536489151873767,
    "predict_company_f1": 0.5705217722483179,
    "predict_company_number": 3903,
    "predict_company_precision": 0.5654252642174132,
    "predict_company_recall": 0.5757109915449654,
    "predict_currency_f1": 0.6152948044366608,
    "predict_currency_number": 799,
    "predict_currency_precision": 0.5765864332603938,
    "predict_currency_recall": 0.6595744680851063,
    "predict_director_f1": 0.5601888276947286,
    "predict_director_number": 554,
    "predict_director_precision": 0.496513249651325,
    "predict_director_recall": 0.6425992779783394,
    "predict_disaster_f1": 0.3932038834951456,
    "predict_disaster_number": 207,
    "predict_disaster_precision": 0.3951219512195122,
    "predict_disaster_recall": 0.391304347826087,
    "predict_disease_f1": 0.5191489361702127,
    "predict_disease_number": 750,
    "predict_disease_precision": 0.4770949720670391,
    "predict_disease_recall": 0.5693333333333334,
    "predict_education_f1": 0.6868823000898472,
    "predict_education_number": 2082,
    "predict_education_precision": 0.6451476793248945,
    "predict_education_recall": 0.734390009606148,
    "predict_educationaldegree_f1": 0.45109321058688145,
    "predict_educationaldegree_number": 367,
    "predict_educationaldegree_precision": 0.3904382470119522,
    "predict_educationaldegree_recall": 0.5340599455040872,
    "predict_election_f1": 0.2636203866432338,
    "predict_election_number": 184,
    "predict_election_precision": 0.19480519480519481,
    "predict_election_recall": 0.4076086956521739,
    "predict_film_f1": 0.5922047702152414,
    "predict_film_number": 759,
    "predict_film_precision": 0.5302083333333333,
    "predict_film_recall": 0.6706192358366272,
    "predict_food_f1": 0.4303534303534303,
    "predict_food_number": 432,
    "predict_food_precision": 0.3905660377358491,
    "predict_food_recall": 0.4791666666666667,
    "predict_game_f1": 0.5655913978494623,
    "predict_game_number": 496,
    "predict_game_precision": 0.6059907834101382,
    "predict_game_recall": 0.530241935483871,
    "predict_god_f1": 0.5408,
    "predict_god_number": 635,
    "predict_god_precision": 0.5495934959349593,
    "predict_god_recall": 0.5322834645669291,
    "predict_government/governmentagency_f1": 0.3009599096555618,
    "predict_government/governmentagency_number": 1535,
    "predict_government/governmentagency_precision": 0.26557050323866466,
    "predict_government/governmentagency_recall": 0.3472312703583062,
    "predict_hospital_f1": 0.6236024844720497,
    "predict_hospital_number": 364,
    "predict_hospital_precision": 0.5691609977324263,
    "predict_hospital_recall": 0.6895604395604396,
    "predict_hotel_f1": 0.6058394160583941,
    "predict_hotel_number": 265,
    "predict_hotel_precision": 0.5865724381625441,
    "predict_hotel_recall": 0.6264150943396226,
    "predict_island_f1": 0.5096395641240571,
    "predict_island_number": 646,
    "predict_island_precision": 0.5557586837294333,
    "predict_island_recall": 0.47058823529411764,
    "predict_language_f1": 0.6385542168674699,
    "predict_language_number": 753,
    "predict_language_precision": 0.5843439911797134,
    "predict_language_recall": 0.703851261620186,
    "predict_law_f1": 0.4235880398671097,
    "predict_law_number": 488,
    "predict_law_precision": 0.35614525139664804,
    "predict_law_recall": 0.5225409836065574,
    "predict_library_f1": 0.590738423028786,
    "predict_library_number": 357,
    "predict_library_precision": 0.5339366515837104,
    "predict_library_recall": 0.6610644257703081,
    "predict_livingthing_f1": 0.5433231396534148,
    "predict_livingthing_number": 865,
    "predict_livingthing_precision": 0.48587055606198726,
    "predict_livingthing_recall": 0.6161849710982659,
    "predict_loss": 0.5162813663482666,
    "predict_media/newspaper_f1": 0.5465985057019268,
    "predict_media/newspaper_number": 1234,
    "predict_media/newspaper_precision": 0.5309396485867074,
    "predict_media/newspaper_recall": 0.5632090761750406,
    "predict_medical_f1": 0.4265402843601896,
    "predict_medical_number": 397,
    "predict_medical_precision": 0.40268456375838924,
    "predict_medical_recall": 0.4534005037783375,
    "predict_mountain_f1": 0.5401069518716577,
    "predict_mountain_number": 681,
    "predict_mountain_precision": 0.49570552147239266,
    "predict_mountain_recall": 0.593245227606461,
    "predict_music_f1": 0.64330900243309,
    "predict_music_number": 1041,
    "predict_music_precision": 0.6518737672583826,
    "predict_music_recall": 0.6349663784822286,
    "predict_other_f1": 0.4691182671608336,
    "predict_other_number": 21035,
    "predict_other_precision": 0.43993506493506496,
    "predict_other_recall": 0.5024483004516282,
    "predict_overall_accuracy": 0.9033335721901213,
    "predict_overall_f1": 0.5786144460521685,
    "predict_overall_precision": 0.5496396597199005,
    "predict_overall_recall": 0.6108141022994674,
    "predict_painting_f1": 0.17307692307692307,
    "predict_painting_number": 58,
    "predict_painting_precision": 0.1956521739130435,
    "predict_painting_recall": 0.15517241379310345,
    "predict_park_f1": 0.5059978189749182,