{
    "predict_GPE_f1": 0.7687589932300143,
    "predict_GPE_number": 20409,
    "predict_GPE_precision": 0.7412208879184862,
    "predict_GPE_recall": 0.7984222646871478,
    "predict_actor_f1": 0.6931169221520889,
    "predict_actor_number": 1638,
    "predict_actor_precision": 0.6826524570751924,
    "predict_actor_recall": 0.703907203907204,
    "predict_airplane_f1": 0.51138353765324,
    "predict_airplane_number": 794,
    "predict_airplane_precision": 0.4766050054406964,
    "predict_airplane_recall": 0.5516372795969773,
    "predict_airport_f1": 0.6523809523809523,
    "predict_airport_number": 364,
    "predict_airport_precision": 0.5756302521008403,
    "predict_airport_recall": 0.7527472527472527,
    "predict_artist/author_f1": 0.5757415254237287,
    "predict_artist/author_number": 3464,
    "predict_artist/author_precision": 0.5318003913894325,
    "predict_artist/author_recall": 0.6275981524249422,
    "predict_astronomything_f1": 0.5976372480889506,
    "predict_astronomything_number": 678,
    "predict_astronomything_precision": 0.5650459921156373,
    "predict_astronomything_recall": 0.6342182890855457,
    "predict_athlete_f1": 0.776896551724138,
    "predict_athlete_number": 2907,
    "predict_athlete_precision": 0.7787763567231247,
    "predict_athlete_recall": 0.7750257997936016,
    "predict_attack/battle/war/militaryconflict_f1": 0.6116129032258064,
    "predict_attack/battle/war/militaryconflict_number": 1099,
    "predict_attack/battle/war/militaryconflict_precision": 0.5799347471451876,
    "predict_attack/battle/war/militaryconflict_recall": 0.6469517743403094,
    "predict_award_f1": 0.4621771217712177,
    "predict_award_number": 941,
    "predict_award_precision": 0.4083129584352078,
    "predict_award_recall": 0.5324123273113709,
    "predict_biologything_f1": 0.5459486166007905,
    "predict_biologything_number": 1875,
    "predict_biologything_precision": 0.5085135757017948,
    "predict_biologything_recall": 0.5893333333333334,
    "predict_bodiesofwater_f1": 0.6252173913043478,
    "predict_bodiesofwater_number": 1169,
    "predict_bodiesofwater_precision": 0.6357206012378426,
    "predict_bodiesofwater_recall": 0.6150556030795552,
    "predict_broadcastprogram_f1": 0.4449339207048458,
    "predict_broadcastprogram_number": 605,
    "predict_broadcastprogram_precision": 0.4002642007926024,
    "predict_broadcastprogram_recall": 0.5008264462809917,
    "predict_car_f1": 0.5817174515235457,
    "predict_car_number": 688,
    "predict_car_precision": 0.5555555555555556,
    "predict_car_recall": 0.6104651162790697,
    "predict_chemicalthing_f1": 0.4568835098335855,
    "predict_chemicalthing_number": 1014,
    "predict_chemicalthing_precision": 0.4674922600619195,
    "predict_chemicalthing_recall": 0.4467455621301775,
    "predict_company_f1": 0.5753958587088916,
    "predict_company_number": 3903,
    "predict_company_precision": 0.5484095658230788,
    "predict_company_recall": 0.6051755060210094,
    "predict_currency_f1": 0.6139585605234461,
    "predict_currency_number": 799,
    "predict_currency_precision": 0.5439613526570048,
    "predict_currency_recall": 0.704630788485607,
    "predict_director_f1": 0.48942598187311176,
    "predict_director_number": 554,
    "predict_director_precision": 0.42077922077922075,
    "predict_director_recall": 0.5848375451263538,
    "predict_disaster_f1": 0.3529411764705882,
    "predict_disaster_number": 207,
    "predict_disaster_precision": 0.3041958041958042,
    "predict_disaster_recall": 0.42028985507246375,
    "predict_disease_f1": 0.5299049748462829,
    "predict_disease_number": 750,
    "predict_disease_precision": 0.45620789220404234,
    "predict_disease_recall": 0.632,
    "predict_education_f1": 0.7053184204519516,
    "predict_education_number": 2082,
    "predict_education_precision": 0.6720313179643324,
    "predict_education_recall": 0.7420749279538905,
    "predict_educationaldegree_f1": 0.43686006825938567,
    "predict_educationaldegree_number": 367,
    "predict_educationaldegree_precision": 0.375,
    "predict_educationaldegree_recall": 0.5231607629427792,
    "predict_election_f1": 0.13362068965517238,
    "predict_election_number": 184,
    "predict_election_precision": 0.11071428571428571,
    "predict_election_recall": 0.16847826086956522,
    "predict_film_f1": 0.6208251473477406,
    "predict_film_number": 759,
    "predict_film_precision": 0.6171875,
    "predict_film_recall": 0.6245059288537549,
    "predict_food_f1": 0.38358974358974357,
    "predict_food_number": 432,
    "predict_food_precision": 0.3443830570902394,
    "predict_food_recall": 0.43287037037037035,
    "predict_game_f1": 0.5212765957446809,
    "predict_game_number": 496,
    "predict_game_precision": 0.5518018018018018,
    "predict_game_recall": 0.4939516129032258,
    "predict_god_f1": 0.5583277140930547,
    "predict_god_number": 635,
    "predict_god_precision": 0.4882075471698113,
    "predict_god_recall": 0.6519685039370079,
    "predict_government/governmentagency_f1": 0.3251643753735804,
    "predict_government/governmentagency_number": 1535,
    "predict_government/governmentagency_precision": 0.3003865267807841,
    "predict_government/governmentagency_recall": 0.3543973941368078,
    "predict_hospital_f1": 0.6528117359413204,
    "predict_hospital_number": 364,
    "predict_hospital_precision": 0.5881057268722467,
    "predict_hospital_recall": 0.7335164835164835,
    "predict_hotel_f1": 0.5743243243243242,
    "predict_hotel_number": 265,
    "predict_hotel_precision": 0.5198776758409785,
    "predict_hotel_recall": 0.6415094339622641,
    "predict_island_f1": 0.5122324159021406,
    "predict_island_number": 646,
    "predict_island_precision": 0.5060422960725075,
    "predict_island_recall": 0.5185758513931888,
    "predict_language_f1": 0.6078549848942598,
    "predict_language_number": 753,
    "predict_language_precision": 0.5576496674057649,
    "predict_language_recall": 0.6679946879150066,
    "predict_law_f1": 0.35834068843777583,
    "predict_law_number": 488,
    "predict_law_precision": 0.3147286821705426,
    "predict_law_recall": 0.41598360655737704,
    "predict_library_f1": 0.5526315789473685,
    "predict_library_number": 357,
    "predict_library_precision": 0.5210918114143921,
    "predict_library_recall": 0.5882352941176471,
    "predict_livingthing_f1": 0.493625701172871,
    "predict_livingthing_number": 865,
    "predict_livingthing_precision": 0.4416058394160584,
    "predict_livingthing_recall": 0.5595375722543353,
    "predict_loss": 0.5162453651428223,
    "predict_media/newspaper_f1": 0.5158730158730158,
    "predict_media/newspaper_number": 1234,
    "predict_media/newspaper_precision": 0.505443234836703,
    "predict_media/newspaper_recall": 0.526742301458671,
    "predict_medical_f1": 0.4488836662749706,
    "predict_medical_number": 397,
    "predict_medical_precision": 0.42070484581497797,
    "predict_medical_recall": 0.4811083123425693,
    "predict_mountain_f1": 0.5940170940170941,
    "predict_mountain_number": 681,
    "predict_mountain_precision": 0.5767634854771784,
    "predict_mountain_recall": 0.6123348017621145,
    "predict_music_f1": 0.6370854740775338,
    "predict_music_number": 1041,
    "predict_music_precision": 0.62,
    "predict_music_recall": 0.6551392891450528,
    "predict_other_f1": 0.462622646212413,
    "predict_other_number": 21035,
    "predict_other_precision": 0.4419812954624177,
    "predict_other_recall": 0.4852864273829332,
    "predict_overall_accuracy": 0.903429114905315,
    "predict_overall_f1": 0.5770958594412341,
    "predict_overall_precision": 0.5465914754582542,
    "predict_overall_recall": 0.6112062915410973,
    "predict_painting_f1": 0.0,
    "predict_painting_number": 58,
    "predict_painting_precision": 0.0,
    "predict_painting_recall": 0.0,
    "predict_park_f1": 0.48046875,
    "predict_park_number": 458,
    "predict_park_precision": 0.43462897526501765,