{
    "predict_GPE_f1": 0.7438845625286304,
    "predict_GPE_number": 20409,
    "predict_GPE_precision": 0.698421573265666,
    "predict_GPE_recall": 0.7956783771865353,
    "predict_actor_f1": 0.5960384153661464,
    "predict_actor_number": 1638,
    "predict_actor_precision": 0.5861865407319953,
    "predict_actor_recall": 0.6062271062271062,
    "predict_airplane_f1": 0.5038898862956314,
    "predict_airplane_number": 794,
    "predict_airplane_precision": 0.48004561003420754,
    "predict_airplane_recall": 0.5302267002518891,
    "predict_airport_f1": 0.5701254275940707,
    "predict_airport_number": 364,
    "predict_airport_precision": 0.4873294346978557,
    "predict_airport_recall": 0.6868131868131868,
    "predict_artist/author_f1": 0.5414469235970251,
    "predict_artist/author_number": 3464,
    "predict_artist/author_precision": 0.5092851691681506,
    "predict_artist/author_recall": 0.5779445727482679,
    "predict_astronomything_f1": 0.6323024054982819,
    "predict_astronomything_number": 678,
    "predict_astronomything_precision": 0.592020592020592,
    "predict_astronomything_recall": 0.6784660766961652,
    "predict_athlete_f1": 0.7496320523303353,
    "predict_athlete_number": 2907,
    "predict_athlete_precision": 0.7144638403990025,
    "predict_athlete_recall": 0.7884416924664602,
    "predict_attack/battle/war/militaryconflict_f1": 0.6280843427545985,
    "predict_attack/battle/war/militaryconflict_number": 1099,
    "predict_attack/battle/war/militaryconflict_precision": 0.6194690265486725,
    "predict_attack/battle/war/militaryconflict_recall": 0.6369426751592356,
    "predict_award_f1": 0.4508905852417303,
    "predict_award_number": 941,
    "predict_award_precision": 0.4326171875,
    "predict_award_recall": 0.4707757704569607,
    "predict_biologything_f1": 0.5054689318128927,
    "predict_biologything_number": 1875,
    "predict_biologything_precision": 0.44838976052848883,
    "predict_biologything_recall": 0.5792,
    "predict_bodiesofwater_f1": 0.6030405405405406,
    "predict_bodiesofwater_number": 1169,
    "predict_bodiesofwater_precision": 0.5954962468723937,
    "predict_bodiesofwater_recall": 0.6107784431137725,
    "predict_broadcastprogram_f1": 0.3921568627450981,
    "predict_broadcastprogram_number": 605,
    "predict_broadcastprogram_precision": 0.3606102635228849,
    "predict_broadcastprogram_recall": 0.4297520661157025,
    "predict_car_f1": 0.5540443808160344,
    "predict_car_number": 688,
    "predict_car_precision": 0.5458392101551481,
    "predict_car_recall": 0.5625,
    "predict_chemicalthing_f1": 0.4839857651245551,
    "predict_chemicalthing_number": 1014,
    "predict_chemicalthing_precision": 0.44084278768233387,
    "predict_chemicalthing_recall": 0.5364891518737672,
    "predict_company_f1": 0.5391304347826088,
    "predict_company_number": 3903,
    "predict_company_precision": 0.5232698336146612,
    "predict_company_recall": 0.5559825775044838,
    "predict_currency_f1": 0.6482836240855374,
    "predict_currency_number": 799,
    "predict_currency_precision": 0.588957055214724,
    "predict_currency_recall": 0.72090112640801,
    "predict_director_f1": 0.5198443579766537,
    "predict_director_number": 554,
    "predict_director_precision": 0.45690834473324216,
    "predict_director_recall": 0.6028880866425993,
    "predict_disaster_f1": 0.40093240093240096,
    "predict_disaster_number": 207,
    "predict_disaster_precision": 0.38738738738738737,
    "predict_disaster_recall": 0.41545893719806765,
    "predict_disease_f1": 0.5421618562535371,
    "predict_disease_number": 750,
    "predict_disease_precision": 0.47099311701081614,
    "predict_disease_recall": 0.6386666666666667,
    "predict_education_f1": 0.6361626878868257,
    "predict_education_number": 2082,
    "predict_education_precision": 0.5892710892710893,
    "predict_education_recall": 0.691162343900096,
    "predict_educationaldegree_f1": 0.4512471655328798,
    "predict_educationaldegree_number": 367,
    "predict_educationaldegree_precision": 0.3864077669902913,
    "predict_educationaldegree_recall": 0.5422343324250681,
    "predict_election_f1": 0.13733905579399142,
    "predict_election_number": 184,
    "predict_election_precision": 0.11347517730496454,
    "predict_election_recall": 0.17391304347826086,
    "predict_film_f1": 0.5314685314685316,
    "predict_film_number": 759,
    "predict_film_precision": 0.5135135135135135,
    "predict_film_recall": 0.5507246376811594,
    "predict_food_f1": 0.4180790960451977,
    "predict_food_number": 432,
    "predict_food_precision": 0.3523809523809524,
    "predict_food_recall": 0.5138888888888888,
    "predict_game_f1": 0.4738461538461538,
    "predict_game_number": 496,
    "predict_game_precision": 0.4822546972860125,
    "predict_game_recall": 0.4657258064516129,
    "predict_god_f1": 0.46732026143790845,
    "predict_god_number": 635,
    "predict_god_precision": 0.4855687606112054,
    "predict_god_recall": 0.4503937007874016,
    "predict_government/governmentagency_f1": 0.28876371182923216,
    "predict_government/governmentagency_number": 1535,
    "predict_government/governmentagency_precision": 0.264961915125136,
    "predict_government/governmentagency_recall": 0.3172638436482085,
    "predict_hospital_f1": 0.583547557840617,
    "predict_hospital_number": 364,
    "predict_hospital_precision": 0.5483091787439613,
    "predict_hospital_recall": 0.6236263736263736,
    "predict_hotel_f1": 0.46127366609294324,
    "predict_hotel_number": 265,
    "predict_hotel_precision": 0.4240506329113924,
    "predict_hotel_recall": 0.5056603773584906,
    "predict_island_f1": 0.5221595487510072,
    "predict_island_number": 646,
    "predict_island_precision": 0.5445378151260504,
    "predict_island_recall": 0.5015479876160991,
    "predict_language_f1": 0.5752919483712354,
    "predict_language_number": 753,
    "predict_language_precision": 0.5354691075514875,
    "predict_language_recall": 0.6215139442231076,
    "predict_law_f1": 0.42758620689655175,
    "predict_law_number": 488,
    "predict_law_precision": 0.36904761904761907,
    "predict_law_recall": 0.5081967213114754,
    "predict_library_f1": 0.49696969696969695,
    "predict_library_number": 357,
    "predict_library_precision": 0.43803418803418803,
    "predict_library_recall": 0.5742296918767507,
    "predict_livingthing_f1": 0.4660609299839658,
    "predict_livingthing_number": 865,
    "predict_livingthing_precision": 0.43339960238568587,
    "predict_livingthing_recall": 0.5040462427745664,
    "predict_loss": 0.6659995317459106,
    "predict_media/newspaper_f1": 0.5129514775629332,
    "predict_media/newspaper_number": 1234,
    "predict_media/newspaper_precision": 0.46648971466489714,
    "predict_media/newspaper_recall": 0.5696920583468396,
    "predict_medical_f1": 0.3498817966903073,
    "predict_medical_number": 397,
    "predict_medical_precision": 0.32962138084632514,
    "predict_medical_recall": 0.37279596977329976,
    "predict_mountain_f1": 0.5041782729805013,
    "predict_mountain_number": 681,
    "predict_mountain_precision": 0.4794701986754967,
    "predict_mountain_recall": 0.5315712187958884,
    "predict_music_f1": 0.5799109351806037,
    "predict_music_number": 1041,
    "predict_music_precision": 0.5979591836734693,
    "predict_music_recall": 0.5629202689721422,
    "predict_other_f1": 0.4259635794883253,
    "predict_other_number": 21035,
    "predict_other_precision": 0.4018549747048904,
    "predict_other_recall": 0.4531495127169004,
    "predict_overall_accuracy": 0.8964696966735936,
    "predict_overall_f1": 0.5473761602793862,
    "predict_overall_precision": 0.5150982730525185,
    "predict_overall_recall": 0.5839697807868555,
    "predict_painting_f1": 0.20202020202020202,
    "predict_painting_number": 58,
    "predict_painting_precision": 0.24390243902439024,
    "predict_painting_recall": 0.1724137931034483,
    "predict_park_f1": 0.35891891891891886,