{
    "predict_GPE_f1": 0.7527520278099653,
    "predict_GPE_number": 20409,
    "predict_GPE_precision": 0.7418986438258387,
    "predict_GPE_recall": 0.7639276789651624,
    "predict_actor_f1": 0.6622195269860521,
    "predict_actor_number": 1638,
    "predict_actor_precision": 0.6578313253012048,
    "predict_actor_recall": 0.6666666666666666,
    "predict_airplane_f1": 0.5051078320090806,
    "predict_airplane_number": 794,
    "predict_airplane_precision": 0.4597107438016529,
    "predict_airplane_recall": 0.5604534005037783,
    "predict_airport_f1": 0.6319612590799031,
    "predict_airport_number": 364,
    "predict_airport_precision": 0.564935064935065,
    "predict_airport_recall": 0.717032967032967,
    "predict_artist/author_f1": 0.528512960436562,
    "predict_artist/author_number": 3464,
    "predict_artist/author_precision": 0.5010346611484738,
    "predict_artist/author_recall": 0.5591801385681293,
    "predict_astronomything_f1": 0.5079146593255333,
    "predict_astronomything_number": 678,
    "predict_astronomything_precision": 0.4761290322580645,
    "predict_astronomything_recall": 0.5442477876106194,
    "predict_athlete_f1": 0.7575705139297456,
    "predict_athlete_number": 2907,
    "predict_athlete_precision": 0.7621866295264624,
    "predict_athlete_recall": 0.7530099759201926,
    "predict_attack/battle/war/militaryconflict_f1": 0.6232179226069247,
    "predict_attack/battle/war/militaryconflict_number": 1099,
    "predict_attack/battle/war/militaryconflict_precision": 0.5641592920353983,
    "predict_attack/battle/war/militaryconflict_recall": 0.6960873521383075,
    "predict_award_f1": 0.42124212421242124,
    "predict_award_number": 941,
    "predict_award_precision": 0.36533957845433257,
    "predict_award_recall": 0.4973432518597237,
    "predict_biologything_f1": 0.4847432398908459,
    "predict_biologything_number": 1875,
    "predict_biologything_precision": 0.45315398886827457,
    "predict_biologything_recall": 0.5210666666666667,
    "predict_bodiesofwater_f1": 0.5708298407376362,
    "predict_bodiesofwater_number": 1169,
    "predict_bodiesofwater_precision": 0.5595727198027938,
    "predict_bodiesofwater_recall": 0.5825491873396065,
    "predict_broadcastprogram_f1": 0.354679802955665,
    "predict_broadcastprogram_number": 605,
    "predict_broadcastprogram_precision": 0.3523654159869494,
    "predict_broadcastprogram_recall": 0.35702479338842974,
    "predict_car_f1": 0.5555555555555556,
    "predict_car_number": 688,
    "predict_car_precision": 0.5381471389645777,
    "predict_car_recall": 0.5741279069767442,
    "predict_chemicalthing_f1": 0.4732419283502875,
    "predict_chemicalthing_number": 1014,
    "predict_chemicalthing_precision": 0.4290296712109062,
    "predict_chemicalthing_recall": 0.5276134122287969,
    "predict_company_f1": 0.5276648182378313,
    "predict_company_number": 3903,
    "predict_company_precision": 0.508309591642925,
    "predict_company_recall": 0.5485523955931335,
    "predict_currency_f1": 0.5821404226312201,
    "predict_currency_number": 799,
    "predict_currency_precision": 0.6392215568862275,
    "predict_currency_recall": 0.5344180225281602,
    "predict_director_f1": 0.4407079646017699,
    "predict_director_number": 554,
    "predict_director_precision": 0.4322916666666667,
    "predict_director_recall": 0.44945848375451264,
    "predict_disaster_f1": 0.31578947368421056,
    "predict_disaster_number": 207,
    "predict_disaster_precision": 0.4,
    "predict_disaster_recall": 0.2608695652173913,
    "predict_disease_f1": 0.4763047390521895,
    "predict_disease_number": 750,
    "predict_disease_precision": 0.43293347873500543,
    "predict_disease_recall": 0.5293333333333333,
    "predict_education_f1": 0.6510381781647689,
    "predict_education_number": 2082,
    "predict_education_precision": 0.6082603254067585,
    "predict_education_recall": 0.7002881844380403,
    "predict_educationaldegree_f1": 0.3721925133689839,
    "predict_educationaldegree_number": 367,
    "predict_educationaldegree_precision": 0.30633802816901406,
    "predict_educationaldegree_recall": 0.47411444141689374,
    "predict_election_f1": 0.09941520467836258,
    "predict_election_number": 184,
    "predict_election_precision": 0.10759493670886076,
    "predict_election_recall": 0.09239130434782608,
    "predict_film_f1": 0.4311199207135778,
    "predict_film_number": 759,
    "predict_film_precision": 0.3455123113582208,
    "predict_film_recall": 0.5731225296442688,
    "predict_food_f1": 0.3391136801541426,
    "predict_food_number": 432,
    "predict_food_precision": 0.29042904290429045,
    "predict_food_recall": 0.4074074074074074,
    "predict_game_f1": 0.3333333333333333,
    "predict_game_number": 496,
    "predict_game_precision": 0.43506493506493504,
    "predict_game_recall": 0.2701612903225806,
    "predict_god_f1": 0.5205826472450918,
    "predict_god_number": 635,
    "predict_god_precision": 0.4353813559322034,
    "predict_god_recall": 0.647244094488189,
    "predict_government/governmentagency_f1": 0.272,
    "predict_government/governmentagency_number": 1535,
    "predict_government/governmentagency_precision": 0.22521367521367522,
    "predict_government/governmentagency_recall": 0.3433224755700326,
    "predict_hospital_f1": 0.5243362831858406,
    "predict_hospital_number": 364,
    "predict_hospital_precision": 0.4388888888888889,
    "predict_hospital_recall": 0.6510989010989011,
    "predict_hotel_f1": 0.40418118466898956,
    "predict_hotel_number": 265,
    "predict_hotel_precision": 0.37540453074433655,
    "predict_hotel_recall": 0.4377358490566038,
    "predict_island_f1": 0.44327573253193087,
    "predict_island_number": 646,
    "predict_island_precision": 0.4306569343065693,
    "predict_island_recall": 0.456656346749226,
    "predict_language_f1": 0.5097575399172087,
    "predict_language_number": 753,
    "predict_language_precision": 0.4594882729211087,
    "predict_language_recall": 0.5723771580345286,
    "predict_law_f1": 0.4354304635761589,
    "predict_law_number": 488,
    "predict_law_precision": 0.36527777777777776,
    "predict_law_recall": 0.5389344262295082,
    "predict_library_f1": 0.5454545454545454,
    "predict_library_number": 357,
    "predict_library_precision": 0.5084745762711864,
    "predict_library_recall": 0.5882352941176471,
    "predict_livingthing_f1": 0.43659305993690856,
    "predict_livingthing_number": 865,
    "predict_livingthing_precision": 0.48055555555555557,
    "predict_livingthing_recall": 0.4,
    "predict_loss": 0.5219064354896545,
    "predict_media/newspaper_f1": 0.509534706331045,
    "predict_media/newspaper_number": 1234,
    "predict_media/newspaper_precision": 0.4812680115273775,
    "predict_media/newspaper_recall": 0.5413290113452188,
    "predict_medical_f1": 0.38586956521739135,
    "predict_medical_number": 397,
    "predict_medical_precision": 0.41887905604719766,
    "predict_medical_recall": 0.35768261964735515,
    "predict_mountain_f1": 0.48627450980392156,
    "predict_mountain_number": 681,
    "predict_mountain_precision": 0.5218855218855218,
    "predict_mountain_recall": 0.4552129221732746,
    "predict_music_f1": 0.53125,
    "predict_music_number": 1041,
    "predict_music_precision": 0.46441409058231486,
    "predict_music_recall": 0.6205571565802114,
    "predict_other_f1": 0.4222543475487904,
    "predict_other_number": 21035,
    "predict_other_precision": 0.3819174710610314,
    "predict_other_recall": 0.4721178987401949,
    "predict_overall_accuracy": 0.8951711843170976,
    "predict_overall_f1": 0.5329567217469132,
    "predict_overall_precision": 0.49924273840217803,
    "predict_overall_recall": 0.5715538950584156,
    "predict_painting_f1": 0.026143790849673203,
    "predict_painting_number": 58,
    "predict_painting_precision": 0.021052631578947368,
    "predict_painting_recall": 0.034482758620689655,
    "predict_park_f1": 0.36866359447004604,
    "predict_park_number": 458,