{
    "predict_GPE_f1": 0.7719970257542643,
    "predict_GPE_number": 20409,
    "predict_GPE_precision": 0.7146253962956783,
    "predict_GPE_recall": 0.8393845852320055,
    "predict_actor_f1": 0.5674603174603176,
    "predict_actor_number": 1638,
    "predict_actor_precision": 0.6190476190476191,
    "predict_actor_recall": 0.5238095238095238,
    "predict_airplane_f1": 0.43986254295532645,
    "predict_airplane_number": 794,
    "predict_airplane_precision": 0.33376792698826596,
    "predict_airplane_recall": 0.6448362720403022,
    "predict_airport_f1": 0.737300435413643,
    "predict_airport_number": 364,
    "predict_airport_precision": 0.7815384615384615,
    "predict_airport_recall": 0.6978021978021978,
    "predict_artist/author_f1": 0.5188851263349831,
    "predict_artist/author_number": 3464,
    "predict_artist/author_precision": 0.47271001423825343,
    "predict_artist/author_recall": 0.5750577367205543,
    "predict_astronomything_f1": 0.5009310986964618,
    "predict_astronomything_number": 678,
    "predict_astronomything_precision": 0.6792929292929293,
    "predict_astronomything_recall": 0.3967551622418879,
    "predict_athlete_f1": 0.7703119643469318,
    "predict_athlete_number": 2907,
    "predict_athlete_precision": 0.7676802186539119,
    "predict_athlete_recall": 0.7729618163054696,
    "predict_attack/battle/war/militaryconflict_f1": 0.5701262272089761,
    "predict_attack/battle/war/militaryconflict_number": 1099,
    "predict_attack/battle/war/militaryconflict_precision": 0.4637763833428408,
    "predict_attack/battle/war/militaryconflict_recall": 0.7397634212920837,
    "predict_award_f1": 0.4426616328456819,
    "predict_award_number": 941,
    "predict_award_precision": 0.39813242784380304,
    "predict_award_recall": 0.49840595111583424,
    "predict_biologything_f1": 0.5281108446576072,
    "predict_biologything_number": 1875,
    "predict_biologything_precision": 0.527689030883919,
    "predict_biologything_recall": 0.5285333333333333,
    "predict_bodiesofwater_f1": 0.5579608938547486,
    "predict_bodiesofwater_number": 1169,
    "predict_bodiesofwater_precision": 0.4713864306784661,
    "predict_bodiesofwater_recall": 0.6834901625320787,
    "predict_broadcastprogram_f1": 0.4081911262798635,
    "predict_broadcastprogram_number": 605,
    "predict_broadcastprogram_precision": 0.34767441860465115,
    "predict_broadcastprogram_recall": 0.49421487603305786,
    "predict_car_f1": 0.576297443841983,
    "predict_car_number": 688,
    "predict_car_precision": 0.6169154228855721,
    "predict_car_recall": 0.5406976744186046,
    "predict_chemicalthing_f1": 0.4638186573670445,
    "predict_chemicalthing_number": 1014,
    "predict_chemicalthing_precision": 0.415625,
    "predict_chemicalthing_recall": 0.52465483234714,
    "predict_company_f1": 0.5933509467195068,
    "predict_company_number": 3903,
    "predict_company_precision": 0.5201698513800425,
    "predict_company_recall": 0.6904944914168588,
    "predict_currency_f1": 0.48410404624277453,
    "predict_currency_number": 799,
    "predict_currency_precision": 0.5726495726495726,
    "predict_currency_recall": 0.4192740926157697,
    "predict_director_f1": 0.0,
    "predict_director_number": 554,
    "predict_director_precision": 0.0,
    "predict_director_recall": 0.0,
    "predict_disaster_f1": 0.0,
    "predict_disaster_number": 207,
    "predict_disaster_precision": 0.0,
    "predict_disaster_recall": 0.0,
    "predict_disease_f1": 0.478711162255466,
    "predict_disease_number": 750,
    "predict_disease_precision": 0.42105263157894735,
    "predict_disease_recall": 0.5546666666666666,
    "predict_education_f1": 0.7033407572383074,
    "predict_education_number": 2082,
    "predict_education_precision": 0.6557308970099668,
    "predict_education_recall": 0.7584053794428435,
    "predict_educationaldegree_f1": 0.1724770642201835,
    "predict_educationaldegree_number": 367,
    "predict_educationaldegree_precision": 0.2640449438202247,
    "predict_educationaldegree_recall": 0.12806539509536785,
    "predict_election_f1": 0.1589041095890411,
    "predict_election_number": 184,
    "predict_election_precision": 0.16022099447513813,
    "predict_election_recall": 0.15760869565217392,
    "predict_film_f1": 0.4231418918918919,
    "predict_film_number": 759,
    "predict_film_precision": 0.3113735239279055,
    "predict_film_recall": 0.6600790513833992,
    "predict_food_f1": 0.30441898527004907,
    "predict_food_number": 432,
    "predict_food_precision": 0.5195530726256983,
    "predict_food_recall": 0.2152777777777778,
    "predict_game_f1": 0.20068027210884357,
    "predict_game_number": 496,
    "predict_game_precision": 0.6413043478260869,
    "predict_game_recall": 0.11895161290322581,
    "predict_god_f1": 0.0,
    "predict_god_number": 635,
    "predict_god_precision": 0.0,
    "predict_god_recall": 0.0,
    "predict_government/governmentagency_f1": 0.2499056247640619,
    "predict_government/governmentagency_number": 1535,
    "predict_government/governmentagency_precision": 0.2971274685816876,
    "predict_government/governmentagency_recall": 0.21563517915309446,
    "predict_hospital_f1": 0.5096153846153846,
    "predict_hospital_number": 364,
    "predict_hospital_precision": 0.6115384615384616,
    "predict_hospital_recall": 0.4368131868131868,
    "predict_hotel_f1": 0.0,
    "predict_hotel_number": 265,
    "predict_hotel_precision": 0.0,
    "predict_hotel_recall": 0.0,
    "predict_island_f1": 0.0,
    "predict_island_number": 646,
    "predict_island_precision": 0.0,
    "predict_island_recall": 0.0,
    "predict_language_f1": 0.018300653594771243,
    "predict_language_number": 753,
    "predict_language_precision": 0.5833333333333334,
    "predict_language_recall": 0.009296148738379814,
    "predict_law_f1": 0.4546402502606883,
    "predict_law_number": 488,
    "predict_law_precision": 0.46284501061571126,
    "predict_law_recall": 0.44672131147540983,
    "predict_library_f1": 0.0,
    "predict_library_number": 357,
    "predict_library_precision": 0.0,
    "predict_library_recall": 0.0,
    "predict_livingthing_f1": 0.43478260869565216,
    "predict_livingthing_number": 865,
    "predict_livingthing_precision": 0.436046511627907,
    "predict_livingthing_recall": 0.43352601156069365,
    "predict_loss": 0.42722564935684204,
    "predict_media/newspaper_f1": 0.5615355664283026,
    "predict_media/newspaper_number": 1234,
    "predict_media/newspaper_precision": 0.5242445537596627,
    "predict_media/newspaper_recall": 0.6045380875202593,
    "predict_medical_f1": 0.0,
    "predict_medical_number": 397,
    "predict_medical_precision": 0.0,
    "predict_medical_recall": 0.0,
    "predict_mountain_f1": 0.16852540272614622,
    "predict_mountain_number": 681,
    "predict_mountain_precision": 0.5396825396825397,
    "predict_mountain_recall": 0.09985315712187959,
    "predict_music_f1": 0.589081675835802,
    "predict_music_number": 1041,
    "predict_music_precision": 0.5264750378214826,
    "predict_music_recall": 0.6685878962536023,
    "predict_other_f1": 0.4763394761972489,
    "predict_other_number": 21035,
    "predict_other_precision": 0.4159392520048258,
    "predict_other_recall": 0.5572617066793439,
    "predict_overall_accuracy": 0.895935526038647,
    "predict_overall_f1": 0.5480236700561815,
    "predict_overall_precision": 0.5304549405969284,
    "predict_overall_recall": 0.5667960203112744,
    "predict_painting_f1": 0.0,
    "predict_painting_number": 58,
    "predict_painting_precision": 0.0,
    "predict_painting_recall": 0.0,
    "predict_park_f1": 0.0,
    "predict_park_number": 458,
    "predict_park_precision": 0.0,
    "predict_park_recall": 0.0,
    "predict_politicalparty_f1": 0.5602805786935554,
    "predict_politicalparty_number": 1057,
    "predict_politicalparty_precision": 0.5220588235294118,
    "predict_politicalparty_recall": 0.6045411542100284,
    "predict_politician_f1": 0.5284507042253521,