{
    "predict_GPE_f1": 0.7818086475663821,
    "predict_GPE_number": 20409,
    "predict_GPE_precision": 0.7611974936180088,
    "predict_GPE_recall": 0.8035670537507962,
    "predict_actor_f1": 0.7394752898108603,
    "predict_actor_number": 1638,
    "predict_actor_precision": 0.7390243902439024,
    "predict_actor_recall": 0.73992673992674,
    "predict_airplane_f1": 0.5943279901356351,
    "predict_airplane_number": 794,
    "predict_airplane_precision": 0.5821256038647343,
    "predict_airplane_recall": 0.6070528967254408,
    "predict_airport_f1": 0.7554980595084089,
    "predict_airport_number": 364,
    "predict_airport_precision": 0.7139364303178484,
    "predict_airport_recall": 0.8021978021978022,
    "predict_artist/author_f1": 0.6206322795341099,
    "predict_artist/author_number": 3464,
    "predict_artist/author_precision": 0.5971184631803629,
    "predict_artist/author_recall": 0.6460739030023095,
    "predict_astronomything_f1": 0.6805755395683454,
    "predict_astronomything_number": 678,
    "predict_astronomything_precision": 0.6643258426966292,
    "predict_astronomything_recall": 0.6976401179941003,
    "predict_athlete_f1": 0.7900730919598844,
    "predict_athlete_number": 2907,
    "predict_athlete_precision": 0.7809139784946236,
    "predict_athlete_recall": 0.7994496044031648,
    "predict_attack/battle/war/militaryconflict_f1": 0.639237765266349,
    "predict_attack/battle/war/militaryconflict_number": 1099,
    "predict_attack/battle/war/militaryconflict_precision": 0.6099173553719008,
    "predict_attack/battle/war/militaryconflict_recall": 0.6715195632393085,
    "predict_award_f1": 0.5136226034308778,
    "predict_award_number": 941,
    "predict_award_precision": 0.48895292987512007,
    "predict_award_recall": 0.5409139213602551,
    "predict_biologything_f1": 0.5575129533678757,
    "predict_biologything_number": 1875,
    "predict_biologything_precision": 0.5420654911838791,
    "predict_biologything_recall": 0.5738666666666666,
    "predict_bodiesofwater_f1": 0.6563674321503132,
    "predict_bodiesofwater_number": 1169,
    "predict_bodiesofwater_precision": 0.6411092985318108,
    "predict_bodiesofwater_recall": 0.6723695466210436,
    "predict_broadcastprogram_f1": 0.4483586869495597,
    "predict_broadcastprogram_number": 605,
    "predict_broadcastprogram_precision": 0.43478260869565216,
    "predict_broadcastprogram_recall": 0.4628099173553719,
    "predict_car_f1": 0.6224489795918366,
    "predict_car_number": 688,
    "predict_car_precision": 0.6242690058479532,
    "predict_car_recall": 0.6206395348837209,
    "predict_chemicalthing_f1": 0.4807149576669803,
    "predict_chemicalthing_number": 1014,
    "predict_chemicalthing_precision": 0.4595323741007194,
    "predict_chemicalthing_recall": 0.5039447731755424,
    "predict_company_f1": 0.5869510664993726,
    "predict_company_number": 3903,
    "predict_company_precision": 0.575116793705434,
    "predict_company_recall": 0.5992826031258006,
    "predict_currency_f1": 0.6823253082795068,
    "predict_currency_number": 799,
    "predict_currency_precision": 0.6426991150442478,
    "predict_currency_recall": 0.7271589486858573,
    "predict_director_f1": 0.641885766092475,
    "predict_director_number": 554,
    "predict_director_precision": 0.644808743169399,
    "predict_director_recall": 0.6389891696750902,
    "predict_disaster_f1": 0.4017278617710583,
    "predict_disaster_number": 207,
    "predict_disaster_precision": 0.36328125,
    "predict_disaster_recall": 0.4492753623188406,
    "predict_disease_f1": 0.5648204503956178,
    "predict_disease_number": 750,
    "predict_disease_precision": 0.5195968645016797,
    "predict_disease_recall": 0.6186666666666667,
    "predict_education_f1": 0.7070285316631874,
    "predict_education_number": 2082,
    "predict_education_precision": 0.6837146702557201,
    "predict_education_recall": 0.7319884726224783,
    "predict_educationaldegree_f1": 0.4720194647201946,
    "predict_educationaldegree_number": 367,
    "predict_educationaldegree_precision": 0.42637362637362636,
    "predict_educationaldegree_recall": 0.5286103542234333,
    "predict_election_f1": 0.20526315789473681,
    "predict_election_number": 184,
    "predict_election_precision": 0.1989795918367347,
    "predict_election_recall": 0.21195652173913043,
    "predict_film_f1": 0.6577777777777777,
    "predict_film_number": 759,
    "predict_film_precision": 0.6348039215686274,
    "predict_film_recall": 0.6824769433465085,
    "predict_food_f1": 0.3847072879330944,
    "predict_food_number": 432,
    "predict_food_precision": 0.39753086419753086,
    "predict_food_recall": 0.3726851851851852,
    "predict_game_f1": 0.6083576287657919,
    "predict_game_number": 496,
    "predict_game_precision": 0.5872420262664165,
    "predict_game_recall": 0.6310483870967742,
    "predict_god_f1": 0.6102997694081476,
    "predict_god_number": 635,
    "predict_god_precision": 0.5960960960960962,
    "predict_god_recall": 0.6251968503937008,
    "predict_government/governmentagency_f1": 0.3562599049128367,
    "predict_government/governmentagency_number": 1535,
    "predict_government/governmentagency_precision": 0.3469135802469136,
    "predict_government/governmentagency_recall": 0.36612377850162864,
    "predict_hospital_f1": 0.6326276463262765,
    "predict_hospital_number": 364,
    "predict_hospital_precision": 0.5785876993166287,
    "predict_hospital_recall": 0.6978021978021978,
    "predict_hotel_f1": 0.5945945945945946,
    "predict_hotel_number": 265,
    "predict_hotel_precision": 0.5689655172413793,
    "predict_hotel_recall": 0.6226415094339622,
    "predict_island_f1": 0.6040372670807453,
    "predict_island_number": 646,
    "predict_island_precision": 0.6059190031152648,
    "predict_island_recall": 0.6021671826625387,
    "predict_language_f1": 0.6278511404561825,
    "predict_language_number": 753,
    "predict_language_precision": 0.5728368017524644,
    "predict_language_recall": 0.6945551128818062,
    "predict_law_f1": 0.5036496350364963,
    "predict_law_number": 488,
    "predict_law_precision": 0.45394736842105265,
    "predict_law_recall": 0.5655737704918032,
    "predict_library_f1": 0.6446499339498017,
    "predict_library_number": 357,
    "predict_library_precision": 0.61,
    "predict_library_recall": 0.6834733893557423,
    "predict_livingthing_f1": 0.5283776996484179,
    "predict_livingthing_number": 865,
    "predict_livingthing_precision": 0.46714031971580816,
    "predict_livingthing_recall": 0.608092485549133,
    "predict_loss": 0.5499932765960693,
    "predict_media/newspaper_f1": 0.543757292882147,
    "predict_media/newspaper_number": 1234,
    "predict_media/newspaper_precision": 0.5228122662677637,
    "predict_media/newspaper_recall": 0.56645056726094,
    "predict_medical_f1": 0.4300822561692127,
    "predict_medical_number": 397,
    "predict_medical_precision": 0.40308370044052866,
    "predict_medical_recall": 0.4609571788413098,
    "predict_mountain_f1": 0.6320346320346322,
    "predict_mountain_number": 681,
    "predict_mountain_precision": 0.6212765957446809,
    "predict_mountain_recall": 0.6431718061674009,
    "predict_music_f1": 0.6818613485280153,
    "predict_music_number": 1041,
    "predict_music_precision": 0.6741784037558686,
    "predict_music_recall": 0.6897214217098944,
    "predict_other_f1": 0.5050810713156587,
    "predict_other_number": 21035,
    "predict_other_precision": 0.48105131844969246,
    "predict_other_recall": 0.5316377466127882,
    "predict_overall_accuracy": 0.9105285900718091,
    "predict_overall_f1": 0.6095603282140941,
    "predict_overall_precision": 0.5875335120643431,
    "predict_overall_recall": 0.6333030590760848,
    "predict_painting_f1": 0.5190839694656488,
    "predict_painting_number": 58,
    "predict_painting_precision": 0.4657534246575342,
    "predict_painting_recall": 0.5862068965517241,
    "predict_park_f1": 0.5340314136125655,