{
    "predict_accuracy": 0.9262019382142632,
    "predict_f1": 0.6797963368927233,
    "predict_loss": 0.5805307030677795,
    "predict_precision": 0.6657070497220079,
    "predict_recall": 0.6944949015398588,
    "predict_runtime": 152.1157,
    "predict_samples_per_second": 247.489,
    "predict_steps_per_second": 7.738
}