{
    "predict_GPE_f1": 0.7692067039106145,
    "predict_GPE_number": 20409,
    "predict_GPE_precision": 0.707078591676595,
    "predict_GPE_recall": 0.8433044245185948,
    "predict_actor_f1": 0.4499802293396599,
    "predict_actor_number": 1638,
    "predict_actor_precision": 0.6386083052749719,
    "predict_actor_recall": 0.34737484737484736,
    "predict_airplane_f1": 0.4653284671532847,
    "predict_airplane_number": 794,
    "predict_airplane_precision": 0.3648068669527897,
    "predict_airplane_recall": 0.6423173803526449,
    "predict_airport_f1": 0.464,
    "predict_airport_number": 364,
    "predict_airport_precision": 0.5555555555555556,
    "predict_airport_recall": 0.3983516483516483,
    "predict_artist/author_f1": 0.5171640910699539,
    "predict_artist/author_number": 3464,
    "predict_artist/author_precision": 0.43726311589866346,
    "predict_artist/author_recall": 0.6327944572748267,
    "predict_astronomything_f1": 0.4113744075829384,
    "predict_astronomything_number": 678,
    "predict_astronomything_precision": 0.5755968169761273,
    "predict_astronomything_recall": 0.3200589970501475,
    "predict_athlete_f1": 0.7753694581280788,
    "predict_athlete_number": 2907,
    "predict_athlete_precision": 0.7417530631479736,
    "predict_athlete_recall": 0.8121775025799793,
    "predict_attack/battle/war/militaryconflict_f1": 0.5866569978245105,
    "predict_attack/battle/war/militaryconflict_number": 1099,
    "predict_attack/battle/war/militaryconflict_precision": 0.48764315852923446,
    "predict_attack/battle/war/militaryconflict_recall": 0.7361237488626023,
    "predict_award_f1": 0.465341735336888,
    "predict_award_number": 941,
    "predict_award_precision": 0.42780748663101603,
    "predict_award_recall": 0.51009564293305,
    "predict_biologything_f1": 0.5259126882818485,
    "predict_biologything_number": 1875,
    "predict_biologything_precision": 0.5044074436826641,
    "predict_biologything_recall": 0.5493333333333333,
    "predict_bodiesofwater_f1": 0.5780031201248049,
    "predict_bodiesofwater_number": 1169,
    "predict_bodiesofwater_precision": 0.5311827956989247,
    "predict_bodiesofwater_recall": 0.6338751069289992,
    "predict_broadcastprogram_f1": 0.32148626817447495,
    "predict_broadcastprogram_number": 605,
    "predict_broadcastprogram_precision": 0.31437598736176936,
    "predict_broadcastprogram_recall": 0.32892561983471075,
    "predict_car_f1": 0.5687203791469194,
    "predict_car_number": 688,
    "predict_car_precision": 0.532319391634981,
    "predict_car_recall": 0.6104651162790697,
    "predict_chemicalthing_f1": 0.4484220442769666,
    "predict_chemicalthing_number": 1014,
    "predict_chemicalthing_precision": 0.4292155094679892,
    "predict_chemicalthing_recall": 0.46942800788954636,
    "predict_company_f1": 0.5913163335630599,
    "predict_company_number": 3903,
    "predict_company_precision": 0.5359150530918176,
    "predict_company_recall": 0.6594926979246734,
    "predict_currency_f1": 0.5064377682403434,
    "predict_currency_number": 799,
    "predict_currency_precision": 0.5909849749582637,
    "predict_currency_recall": 0.4430538172715895,
    "predict_director_f1": 0.0,
    "predict_director_number": 554,
    "predict_director_precision": 0.0,
    "predict_director_recall": 0.0,
    "predict_disaster_f1": 0.0,
    "predict_disaster_number": 207,
    "predict_disaster_precision": 0.0,
    "predict_disaster_recall": 0.0,
    "predict_disease_f1": 0.4680851063829787,
    "predict_disease_number": 750,
    "predict_disease_precision": 0.46684350132625996,
    "predict_disease_recall": 0.4693333333333333,
    "predict_education_f1": 0.679749838257494,
    "predict_education_number": 2082,
    "predict_education_precision": 0.6168297455968689,
    "predict_education_recall": 0.7569644572526417,
    "predict_educationaldegree_f1": 0.45714285714285713,
    "predict_educationaldegree_number": 367,
    "predict_educationaldegree_precision": 0.4059196617336152,
    "predict_educationaldegree_recall": 0.5231607629427792,
    "predict_election_f1": 0.16358839050131926,
    "predict_election_number": 184,
    "predict_election_precision": 0.15897435897435896,
    "predict_election_recall": 0.16847826086956522,
    "predict_film_f1": 0.3889149835603569,
    "predict_film_number": 759,
    "predict_film_precision": 0.3021897810218978,
    "predict_film_recall": 0.5454545454545454,
    "predict_food_f1": 0.0,
    "predict_food_number": 432,
    "predict_food_precision": 0.0,
    "predict_food_recall": 0.0,
    "predict_game_f1": 0.08759124087591241,
    "predict_game_number": 496,
    "predict_game_precision": 0.46153846153846156,
    "predict_game_recall": 0.04838709677419355,
    "predict_god_f1": 0.0,
    "predict_god_number": 635,
    "predict_god_precision": 0.0,
    "predict_god_recall": 0.0,
    "predict_government/governmentagency_f1": 0.2693156732891832,
    "predict_government/governmentagency_number": 1535,
    "predict_government/governmentagency_precision": 0.30938292476754015,
    "predict_government/governmentagency_recall": 0.23843648208469057,
    "predict_hospital_f1": 0.06103286384976525,
    "predict_hospital_number": 364,
    "predict_hospital_precision": 0.20967741935483872,
    "predict_hospital_recall": 0.03571428571428571,
    "predict_hotel_f1": 0.0,
    "predict_hotel_number": 265,
    "predict_hotel_precision": 0.0,
    "predict_hotel_recall": 0.0,
    "predict_island_f1": 0.20525059665871123,
    "predict_island_number": 646,
    "predict_island_precision": 0.4479166666666667,
    "predict_island_recall": 0.13312693498452013,
    "predict_language_f1": 0.018252933507170797,
    "predict_language_number": 753,
    "predict_language_precision": 0.5,
    "predict_language_recall": 0.009296148738379814,
    "predict_law_f1": 0.362085308056872,
    "predict_law_number": 488,
    "predict_law_precision": 0.3368606701940035,
    "predict_law_recall": 0.39139344262295084,
    "predict_library_f1": 0.0,
    "predict_library_number": 357,
    "predict_library_precision": 0.0,
    "predict_library_recall": 0.0,
    "predict_livingthing_f1": 0.41892473118279566,
    "predict_livingthing_number": 865,
    "predict_livingthing_precision": 0.33356164383561643,
    "predict_livingthing_recall": 0.5630057803468208,
    "predict_loss": 0.43552690744400024,
    "predict_media/newspaper_f1": 0.5417680454176805,
    "predict_media/newspaper_number": 1234,
    "predict_media/newspaper_precision": 0.5422077922077922,
    "predict_media/newspaper_recall": 0.5413290113452188,
    "predict_medical_f1": 0.0,
    "predict_medical_number": 397,
    "predict_medical_precision": 0.0,
    "predict_medical_recall": 0.0,
    "predict_mountain_f1": 0.49445865302642794,
    "predict_mountain_number": 681,
    "predict_mountain_precision": 0.5894308943089431,
    "predict_mountain_recall": 0.42584434654919234,
    "predict_music_f1": 0.5529315960912052,
    "predict_music_number": 1041,
    "predict_music_precision": 0.47985865724381627,
    "predict_music_recall": 0.6522574447646494,
    "predict_other_f1": 0.46492771032648333,
    "predict_other_number": 21035,
    "predict_other_precision": 0.4236016104444358,
    "predict_other_recall": 0.5151889707630141,
    "predict_overall_accuracy": 0.8960354116045314,
    "predict_overall_f1": 0.5455611248826384,
    "predict_overall_precision": 0.5259220948385676,
    "predict_overall_recall": 0.5667237749246584,
    "predict_painting_f1": 0.0,
    "predict_painting_number": 58,
    "predict_painting_precision": 0.0,
    "predict_painting_recall": 0.0,
    "predict_park_f1": 0.0,
    "predict_park_number": 458,
    "predict_park_precision": 0.0,
    "predict_park_recall": 0.0,
    "predict_politicalparty_f1": 0.5655877342419079,
    "predict_politicalparty_number": 1057,
    "predict_politicalparty_precision": 0.5143299767621998,
    "predict_politicalparty_recall": 0.6281929990539262,
    "predict_politician_f1": 0.5658475110270952,