{
    "predict_GPE_f1": 0.7902030444909771,
    "predict_GPE_number": 20409,
    "predict_GPE_precision": 0.7600706074047253,
    "predict_GPE_recall": 0.8228232642461659,
    "predict_actor_f1": 0.7491837340457108,
    "predict_actor_number": 1638,
    "predict_actor_precision": 0.7290583477758521,
    "predict_actor_recall": 0.7704517704517705,
    "predict_airplane_f1": 0.5898345153664303,
    "predict_airplane_number": 794,
    "predict_airplane_precision": 0.5556792873051225,
    "predict_airplane_recall": 0.628463476070529,
    "predict_airport_f1": 0.753004005340454,
    "predict_airport_number": 364,
    "predict_airport_precision": 0.7324675324675325,
    "predict_airport_recall": 0.7747252747252747,
    "predict_artist/author_f1": 0.6369770580296896,
    "predict_artist/author_number": 3464,
    "predict_artist/author_precision": 0.5980739989863153,
    "predict_artist/author_recall": 0.6812933025404158,
    "predict_astronomything_f1": 0.6455026455026455,
    "predict_astronomything_number": 678,
    "predict_astronomything_precision": 0.662015503875969,
    "predict_astronomything_recall": 0.6297935103244838,
    "predict_athlete_f1": 0.8012058281694858,
    "predict_athlete_number": 2907,
    "predict_athlete_precision": 0.7806788511749347,
    "predict_athlete_recall": 0.8228414172686619,
    "predict_attack/battle/war/militaryconflict_f1": 0.6626916524701875,
    "predict_attack/battle/war/militaryconflict_number": 1099,
    "predict_attack/battle/war/militaryconflict_precision": 0.622898318654924,
    "predict_attack/battle/war/militaryconflict_recall": 0.707916287534122,
    "predict_award_f1": 0.5214899713467048,
    "predict_award_number": 941,
    "predict_award_precision": 0.4735472679965308,
    "predict_award_recall": 0.5802337938363443,
    "predict_biologything_f1": 0.5354330708661418,
    "predict_biologything_number": 1875,
    "predict_biologything_precision": 0.5271317829457365,
    "predict_biologything_recall": 0.544,
    "predict_bodiesofwater_f1": 0.6690968003240179,
    "predict_bodiesofwater_number": 1169,
    "predict_bodiesofwater_precision": 0.6353846153846154,
    "predict_bodiesofwater_recall": 0.7065868263473054,
    "predict_broadcastprogram_f1": 0.44635193133047213,
    "predict_broadcastprogram_number": 605,
    "predict_broadcastprogram_precision": 0.4642857142857143,
    "predict_broadcastprogram_recall": 0.4297520661157025,
    "predict_car_f1": 0.6430555555555556,
    "predict_car_number": 688,
    "predict_car_precision": 0.6156914893617021,
    "predict_car_recall": 0.6729651162790697,
    "predict_chemicalthing_f1": 0.49405233941316423,
    "predict_chemicalthing_number": 1014,
    "predict_chemicalthing_precision": 0.41312997347480107,
    "predict_chemicalthing_recall": 0.6143984220907298,
    "predict_company_f1": 0.627685546875,
    "predict_company_number": 3903,
    "predict_company_precision": 0.59944042900443,
    "predict_company_recall": 0.6587240584166026,
    "predict_currency_f1": 0.6697513013302487,
    "predict_currency_number": 799,
    "predict_currency_precision": 0.6225806451612903,
    "predict_currency_recall": 0.7246558197747184,
    "predict_director_f1": 0.6064638783269962,
    "predict_director_number": 554,
    "predict_director_precision": 0.6405622489959839,
    "predict_director_recall": 0.575812274368231,
    "predict_disaster_f1": 0.4025157232704403,
    "predict_disaster_number": 207,
    "predict_disaster_precision": 0.35555555555555557,
    "predict_disaster_recall": 0.463768115942029,
    "predict_disease_f1": 0.5418774592467678,
    "predict_disease_number": 750,
    "predict_disease_precision": 0.4684159378036929,
    "predict_disease_recall": 0.6426666666666667,
    "predict_education_f1": 0.739171374764595,
    "predict_education_number": 2082,
    "predict_education_precision": 0.7248384118190212,
    "predict_education_recall": 0.7540826128722382,
    "predict_educationaldegree_f1": 0.46779661016949153,
    "predict_educationaldegree_number": 367,
    "predict_educationaldegree_precision": 0.3996138996138996,
    "predict_educationaldegree_recall": 0.5640326975476839,
    "predict_election_f1": 0.2629310344827586,
    "predict_election_number": 184,
    "predict_election_precision": 0.21785714285714286,
    "predict_election_recall": 0.33152173913043476,
    "predict_film_f1": 0.6057633353770693,
    "predict_film_number": 759,
    "predict_film_precision": 0.5665137614678899,
    "predict_film_recall": 0.6508563899868248,
    "predict_food_f1": 0.421923474663909,
    "predict_food_number": 432,
    "predict_food_precision": 0.3813084112149533,
    "predict_food_recall": 0.4722222222222222,
    "predict_game_f1": 0.5993883792048929,
    "predict_game_number": 496,
    "predict_game_precision": 0.6061855670103092,
    "predict_game_recall": 0.592741935483871,
    "predict_god_f1": 0.5140096618357488,
    "predict_god_number": 635,
    "predict_god_precision": 0.665,
    "predict_god_recall": 0.4188976377952756,
    "predict_government/governmentagency_f1": 0.34135802469135806,
    "predict_government/governmentagency_number": 1535,
    "predict_government/governmentagency_precision": 0.3243401759530792,
    "predict_government/governmentagency_recall": 0.36026058631921826,
    "predict_hospital_f1": 0.6963350785340313,
    "predict_hospital_number": 364,
    "predict_hospital_precision": 0.665,
    "predict_hospital_recall": 0.7307692307692307,
    "predict_hotel_f1": 0.6203208556149733,
    "predict_hotel_number": 265,
    "predict_hotel_precision": 0.5878378378378378,
    "predict_hotel_recall": 0.6566037735849056,
    "predict_island_f1": 0.5854456255110385,
    "predict_island_number": 646,
    "predict_island_precision": 0.6204506065857885,
    "predict_island_recall": 0.5541795665634675,
    "predict_language_f1": 0.6637168141592921,
    "predict_language_number": 753,
    "predict_language_precision": 0.6332931242460796,
    "predict_language_recall": 0.6972111553784861,
    "predict_law_f1": 0.5614035087719298,
    "predict_law_number": 488,
    "predict_law_precision": 0.5109243697478991,
    "predict_law_recall": 0.6229508196721312,
    "predict_library_f1": 0.6694560669456067,
    "predict_library_number": 357,
    "predict_library_precision": 0.6666666666666666,
    "predict_library_recall": 0.6722689075630253,
    "predict_livingthing_f1": 0.5283018867924528,
    "predict_livingthing_number": 865,
    "predict_livingthing_precision": 0.4630113141862489,
    "predict_livingthing_recall": 0.6150289017341041,
    "predict_loss": 0.4028226137161255,
    "predict_media/newspaper_f1": 0.5894660894660895,
    "predict_media/newspaper_number": 1234,
    "predict_media/newspaper_precision": 0.5312093628088427,
    "predict_media/newspaper_recall": 0.6620745542949756,
    "predict_medical_f1": 0.2926829268292683,
    "predict_medical_number": 397,
    "predict_medical_precision": 0.4745762711864407,
    "predict_medical_recall": 0.21158690176322417,
    "predict_mountain_f1": 0.6475471698113208,
    "predict_mountain_number": 681,
    "predict_mountain_precision": 0.6661490683229814,
    "predict_mountain_recall": 0.6299559471365639,
    "predict_music_f1": 0.6935014548981572,
    "predict_music_number": 1041,
    "predict_music_precision": 0.7002938295788442,
    "predict_music_recall": 0.6868395773294909,
    "predict_other_f1": 0.5203226172895604,
    "predict_other_number": 21035,
    "predict_other_precision": 0.49830287206266316,
    "predict_other_recall": 0.544378416924174,
    "predict_overall_accuracy": 0.9118683595098659,
    "predict_overall_f1": 0.6189153589241402,
    "predict_overall_precision": 0.592830613074255,
    "predict_overall_recall": 0.6474012302357264,
    "predict_painting_f1": 0.0,
    "predict_painting_number": 58,
    "predict_painting_precision": 0.0,
    "predict_painting_recall": 0.0,
    "predict_park_f1": 0.6015891032917139,
    "predict_park_number": 458,
    "predict_park_precision": 0.6264775413711584,