{
    "predict_accuracy": 0.9267882230574972,
    "predict_f1": 0.6771065767403908,
    "predict_loss": 0.2690103054046631,
    "predict_precision": 0.6612882596589958,
    "predict_recall": 0.6937002022870825,
    "predict_runtime": 154.2578,
    "predict_samples_per_second": 244.053,
    "predict_steps_per_second": 7.63
}