{
    "predict_GPE_f1": 0.7571398300096531,
    "predict_GPE_number": 20409,
    "predict_GPE_precision": 0.728743654822335,
    "predict_GPE_recall": 0.7878386986133569,
    "predict_actor_f1": 0.6753168376584188,
    "predict_actor_number": 1638,
    "predict_actor_precision": 0.6676610978520287,
    "predict_actor_recall": 0.6831501831501832,
    "predict_airplane_f1": 0.5190665907797382,
    "predict_airplane_number": 794,
    "predict_airplane_precision": 0.4735202492211838,
    "predict_airplane_recall": 0.5743073047858942,
    "predict_airport_f1": 0.6541176470588235,
    "predict_airport_number": 364,
    "predict_airport_precision": 0.5720164609053497,
    "predict_airport_recall": 0.7637362637362637,
    "predict_artist/author_f1": 0.5761371127224786,
    "predict_artist/author_number": 3464,
    "predict_artist/author_precision": 0.5302111138073283,
    "predict_artist/author_recall": 0.6307736720554272,
    "predict_astronomything_f1": 0.5991189427312775,
    "predict_astronomything_number": 678,
    "predict_astronomything_precision": 0.5964912280701754,
    "predict_astronomything_recall": 0.6017699115044248,
    "predict_athlete_f1": 0.7872973867019517,
    "predict_athlete_number": 2907,
    "predict_athlete_precision": 0.7582032494424976,
    "predict_athlete_recall": 0.8187134502923976,
    "predict_attack/battle/war/militaryconflict_f1": 0.5799911855442925,
    "predict_attack/battle/war/militaryconflict_number": 1099,
    "predict_attack/battle/war/militaryconflict_precision": 0.5623931623931624,
    "predict_attack/battle/war/militaryconflict_recall": 0.5987261146496815,
    "predict_award_f1": 0.41564561734213007,
    "predict_award_number": 941,
    "predict_award_precision": 0.37341236240474174,
    "predict_award_recall": 0.46865037194473963,
    "predict_biologything_f1": 0.49016100178890876,
    "predict_biologything_number": 1875,
    "predict_biologything_precision": 0.4705593719332679,
    "predict_biologything_recall": 0.5114666666666666,
    "predict_bodiesofwater_f1": 0.6057420137484836,
    "predict_bodiesofwater_number": 1169,
    "predict_bodiesofwater_precision": 0.5743865030674846,
    "predict_bodiesofwater_recall": 0.6407185628742516,
    "predict_broadcastprogram_f1": 0.4308426073131956,
    "predict_broadcastprogram_number": 605,
    "predict_broadcastprogram_precision": 0.41500765696784075,
    "predict_broadcastprogram_recall": 0.4479338842975207,
    "predict_car_f1": 0.5712383488681757,
    "predict_car_number": 688,
    "predict_car_precision": 0.527027027027027,
    "predict_car_recall": 0.623546511627907,
    "predict_chemicalthing_f1": 0.463871543264942,
    "predict_chemicalthing_number": 1014,
    "predict_chemicalthing_precision": 0.4234527687296417,
    "predict_chemicalthing_recall": 0.5128205128205128,
    "predict_company_f1": 0.5565521258008154,
    "predict_company_number": 3903,
    "predict_company_precision": 0.5102520290474156,
    "predict_company_recall": 0.612093261593646,
    "predict_currency_f1": 0.6448880822746521,
    "predict_currency_number": 799,
    "predict_currency_precision": 0.6241217798594848,
    "predict_currency_recall": 0.6670838548185232,
    "predict_director_f1": 0.4923572003218021,
    "predict_director_number": 554,
    "predict_director_precision": 0.444121915820029,
    "predict_director_recall": 0.5523465703971119,
    "predict_disaster_f1": 0.4115226337448559,
    "predict_disaster_number": 207,
    "predict_disaster_precision": 0.35842293906810035,
    "predict_disaster_recall": 0.4830917874396135,
    "predict_disease_f1": 0.5122089721749006,
    "predict_disease_number": 750,
    "predict_disease_precision": 0.44609297725024727,
    "predict_disease_recall": 0.6013333333333334,
    "predict_education_f1": 0.6343514829570607,
    "predict_education_number": 2082,
    "predict_education_precision": 0.5882594417077176,
    "predict_education_recall": 0.6882804995196926,
    "predict_educationaldegree_f1": 0.43035107587768967,
    "predict_educationaldegree_number": 367,
    "predict_educationaldegree_precision": 0.3682170542635659,
    "predict_educationaldegree_recall": 0.5177111716621253,
    "predict_election_f1": 0.09771986970684039,
    "predict_election_number": 184,
    "predict_election_precision": 0.12195121951219512,
    "predict_election_recall": 0.08152173913043478,
    "predict_film_f1": 0.5827290705339486,
    "predict_film_number": 759,
    "predict_film_precision": 0.58311345646438,
    "predict_film_recall": 0.5823451910408433,
    "predict_food_f1": 0.4395604395604396,
    "predict_food_number": 432,
    "predict_food_precision": 0.36363636363636365,
    "predict_food_recall": 0.5555555555555556,
    "predict_game_f1": 0.536144578313253,
    "predict_game_number": 496,
    "predict_game_precision": 0.534,
    "predict_game_recall": 0.5383064516129032,
    "predict_god_f1": 0.5723951285520975,
    "predict_god_number": 635,
    "predict_god_precision": 0.501779359430605,
    "predict_god_recall": 0.6661417322834645,
    "predict_government/governmentagency_f1": 0.3091412742382271,
    "predict_government/governmentagency_number": 1535,
    "predict_government/governmentagency_precision": 0.2689156626506024,
    "predict_government/governmentagency_recall": 0.36351791530944627,
    "predict_hospital_f1": 0.6017478152309613,
    "predict_hospital_number": 364,
    "predict_hospital_precision": 0.551487414187643,
    "predict_hospital_recall": 0.6620879120879121,
    "predict_hotel_f1": 0.5176056338028169,
    "predict_hotel_number": 265,
    "predict_hotel_precision": 0.48514851485148514,
    "predict_hotel_recall": 0.5547169811320755,
    "predict_island_f1": 0.5447284345047922,
    "predict_island_number": 646,
    "predict_island_precision": 0.5627062706270627,
    "predict_island_recall": 0.5278637770897833,
    "predict_language_f1": 0.6041549691184728,
    "predict_language_number": 753,
    "predict_language_precision": 0.5233463035019456,
    "predict_language_recall": 0.7144754316069057,
    "predict_law_f1": 0.4044750430292599,
    "predict_law_number": 488,
    "predict_law_precision": 0.3486646884272997,
    "predict_law_recall": 0.48155737704918034,
    "predict_library_f1": 0.5390070921985816,
    "predict_library_number": 357,
    "predict_library_precision": 0.4662576687116564,
    "predict_library_recall": 0.6386554621848739,
    "predict_livingthing_f1": 0.4939759036144578,
    "predict_livingthing_number": 865,
    "predict_livingthing_precision": 0.46930280957336107,
    "predict_livingthing_recall": 0.5213872832369942,
    "predict_loss": 0.5018206238746643,
    "predict_media/newspaper_f1": 0.5095718760877131,
    "predict_media/newspaper_number": 1234,
    "predict_media/newspaper_precision": 0.4466137888956681,
    "predict_media/newspaper_recall": 0.593192868719611,
    "predict_medical_f1": 0.44144144144144143,
    "predict_medical_number": 397,
    "predict_medical_precision": 0.39918533604887985,
    "predict_medical_recall": 0.49370277078085645,
    "predict_mountain_f1": 0.5975344452501814,
    "predict_mountain_number": 681,
    "predict_mountain_precision": 0.5902578796561605,
    "predict_mountain_recall": 0.604992657856094,
    "predict_music_f1": 0.6383970177073626,
    "predict_music_number": 1041,
    "predict_music_precision": 0.6199095022624435,
    "predict_music_recall": 0.6580211335254563,
    "predict_other_f1": 0.455106448626967,
    "predict_other_number": 21035,
    "predict_other_precision": 0.42421627840092035,
    "predict_other_recall": 0.4908485856905158,
    "predict_overall_accuracy": 0.9024715163280329,
    "predict_overall_f1": 0.5657868768021411,
    "predict_overall_precision": 0.5301722193654317,
    "predict_overall_recall": 0.6065309829500888,
    "predict_painting_f1": 0.14141414141414144,
    "predict_painting_number": 58,
    "predict_painting_precision": 0.17073170731707318,
    "predict_painting_recall": 0.1206896551724138,
    "predict_park_f1": 0.42321428571428577,