{
    "predict_GPE_f1": 0.7641980272961658,
    "predict_GPE_number": 20409,
    "predict_GPE_precision": 0.7387049570148162,
    "predict_GPE_recall": 0.7915135479445343,
    "predict_actor_f1": 0.6888688868886889,
    "predict_actor_number": 1638,
    "predict_actor_precision": 0.6772861356932154,
    "predict_actor_recall": 0.7008547008547008,
    "predict_airplane_f1": 0.5520195838433293,
    "predict_airplane_number": 794,
    "predict_airplane_precision": 0.5369047619047619,
    "predict_airplane_recall": 0.5680100755667506,
    "predict_airport_f1": 0.6987012987012988,
    "predict_airport_number": 364,
    "predict_airport_precision": 0.6625615763546798,
    "predict_airport_recall": 0.739010989010989,
    "predict_artist/author_f1": 0.5895953757225434,
    "predict_artist/author_number": 3464,
    "predict_artist/author_precision": 0.5409836065573771,
    "predict_artist/author_recall": 0.6478060046189377,
    "predict_astronomything_f1": 0.6993780234968902,
    "predict_astronomything_number": 678,
    "predict_astronomything_precision": 0.657997399219766,
    "predict_astronomything_recall": 0.7463126843657817,
    "predict_athlete_f1": 0.7650016761649346,
    "predict_athlete_number": 2907,
    "predict_athlete_precision": 0.7459954233409611,
    "predict_athlete_recall": 0.7850017199862401,
    "predict_attack/battle/war/militaryconflict_f1": 0.6465705548274355,
    "predict_attack/battle/war/militaryconflict_number": 1099,
    "predict_attack/battle/war/militaryconflict_precision": 0.6218487394957983,
    "predict_attack/battle/war/militaryconflict_recall": 0.6733393994540491,
    "predict_award_f1": 0.5268340718857706,
    "predict_award_number": 941,
    "predict_award_precision": 0.4908256880733945,
    "predict_award_recall": 0.5685441020191286,
    "predict_biologything_f1": 0.5646630236794171,
    "predict_biologything_number": 1875,
    "predict_biologything_precision": 0.5513211382113821,
    "predict_biologything_recall": 0.5786666666666667,
    "predict_bodiesofwater_f1": 0.6275510204081632,
    "predict_bodiesofwater_number": 1169,
    "predict_bodiesofwater_precision": 0.6238377007607777,
    "predict_bodiesofwater_recall": 0.6313088109495295,
    "predict_broadcastprogram_f1": 0.4273789649415693,
    "predict_broadcastprogram_number": 605,
    "predict_broadcastprogram_precision": 0.4317032040472175,
    "predict_broadcastprogram_recall": 0.4231404958677686,
    "predict_car_f1": 0.5732044198895027,
    "predict_car_number": 688,
    "predict_car_precision": 0.5460526315789473,
    "predict_car_recall": 0.6031976744186046,
    "predict_chemicalthing_f1": 0.510460251046025,
    "predict_chemicalthing_number": 1014,
    "predict_chemicalthing_precision": 0.48284960422163586,
    "predict_chemicalthing_recall": 0.5414201183431953,
    "predict_company_f1": 0.5771181199752629,
    "predict_company_number": 3903,
    "predict_company_precision": 0.5578670492587279,
    "predict_company_recall": 0.5977453241096592,
    "predict_currency_f1": 0.6647432198499711,
    "predict_currency_number": 799,
    "predict_currency_precision": 0.6167023554603854,
    "predict_currency_recall": 0.72090112640801,
    "predict_director_f1": 0.5637823371989296,
    "predict_director_number": 554,
    "predict_director_precision": 0.5573192239858906,
    "predict_director_recall": 0.5703971119133574,
    "predict_disaster_f1": 0.4331210191082802,
    "predict_disaster_number": 207,
    "predict_disaster_precision": 0.38636363636363635,
    "predict_disaster_recall": 0.4927536231884058,
    "predict_disease_f1": 0.5393767705382436,
    "predict_disease_number": 750,
    "predict_disease_precision": 0.4689655172413793,
    "predict_disease_recall": 0.6346666666666667,
    "predict_education_f1": 0.6821848352154875,
    "predict_education_number": 2082,
    "predict_education_precision": 0.6557377049180327,
    "predict_education_recall": 0.7108549471661864,
    "predict_educationaldegree_f1": 0.5111896348645466,
    "predict_educationaldegree_number": 367,
    "predict_educationaldegree_precision": 0.45020746887966806,
    "predict_educationaldegree_recall": 0.5912806539509536,
    "predict_election_f1": 0.21158690176322414,
    "predict_election_number": 184,
    "predict_election_precision": 0.19718309859154928,
    "predict_election_recall": 0.22826086956521738,
    "predict_film_f1": 0.6148282097649187,
    "predict_film_number": 759,
    "predict_film_precision": 0.5666666666666667,
    "predict_film_recall": 0.6719367588932806,
    "predict_food_f1": 0.3805668016194331,
    "predict_food_number": 432,
    "predict_food_precision": 0.3381294964028777,
    "predict_food_recall": 0.4351851851851852,
    "predict_game_f1": 0.5678537054860443,
    "predict_game_number": 496,
    "predict_game_precision": 0.5432780847145487,
    "predict_game_recall": 0.594758064516129,
    "predict_god_f1": 0.5790273556231003,
    "predict_god_number": 635,
    "predict_god_precision": 0.5594713656387665,
    "predict_god_recall": 0.6,
    "predict_government/governmentagency_f1": 0.3359223300970874,
    "predict_government/governmentagency_number": 1535,
    "predict_government/governmentagency_precision": 0.3337620578778135,
    "predict_government/governmentagency_recall": 0.33811074918566775,
    "predict_hospital_f1": 0.6089238845144357,
    "predict_hospital_number": 364,
    "predict_hospital_precision": 0.5829145728643216,
    "predict_hospital_recall": 0.6373626373626373,
    "predict_hotel_f1": 0.5636363636363636,
    "predict_hotel_number": 265,
    "predict_hotel_precision": 0.543859649122807,
    "predict_hotel_recall": 0.5849056603773585,
    "predict_island_f1": 0.5933014354066986,
    "predict_island_number": 646,
    "predict_island_precision": 0.6118421052631579,
    "predict_island_recall": 0.5758513931888545,
    "predict_language_f1": 0.6254501800720288,
    "predict_language_number": 753,
    "predict_language_precision": 0.5706462212486308,
    "predict_language_recall": 0.6918990703851262,
    "predict_law_f1": 0.54320987654321,
    "predict_law_number": 488,
    "predict_law_precision": 0.5061946902654867,
    "predict_law_recall": 0.5860655737704918,
    "predict_library_f1": 0.624187256176853,
    "predict_library_number": 357,
    "predict_library_precision": 0.5825242718446602,
    "predict_library_recall": 0.6722689075630253,
    "predict_livingthing_f1": 0.5091277890466532,
    "predict_livingthing_number": 865,
    "predict_livingthing_precision": 0.45347786811201446,
    "predict_livingthing_recall": 0.5803468208092486,
    "predict_loss": 0.7450346946716309,
    "predict_media/newspaper_f1": 0.532206119162641,
    "predict_media/newspaper_number": 1234,
    "predict_media/newspaper_precision": 0.5288,
    "predict_media/newspaper_recall": 0.5356564019448946,
    "predict_medical_f1": 0.368,
    "predict_medical_number": 397,
    "predict_medical_precision": 0.3368200836820084,
    "predict_medical_recall": 0.40554156171284633,
    "predict_mountain_f1": 0.5706093189964159,
    "predict_mountain_number": 681,
    "predict_mountain_precision": 0.5574229691876751,
    "predict_mountain_recall": 0.5844346549192364,
    "predict_music_f1": 0.6554934823091247,
    "predict_music_number": 1041,
    "predict_music_precision": 0.6359530261969286,
    "predict_music_recall": 0.6762728146013448,
    "predict_other_f1": 0.4757349457392324,
    "predict_other_number": 21035,
    "predict_other_precision": 0.452722432153899,
    "predict_other_recall": 0.5012122652721654,
    "predict_overall_accuracy": 0.9049751697511764,
    "predict_overall_f1": 0.5884243738907512,
    "predict_overall_precision": 0.5632763242345301,
    "predict_overall_recall": 0.6159228832101722,
    "predict_painting_f1": 0.37209302325581395,
    "predict_painting_number": 58,
    "predict_painting_precision": 0.3380281690140845,
    "predict_painting_recall": 0.41379310344827586,
    "predict_park_f1": 0.5074626865671641,
    "predict_park_number": 458,