{
    "predict_GPE_f1": 0.8075500696412277,
    "predict_GPE_number": 20409,
    "predict_GPE_precision": 0.7918805632741487,
    "predict_GPE_recall": 0.8238522220588956,
    "predict_accuracy": 0.925191139716021,
    "predict_actor_f1": 0.8180404354587868,
    "predict_actor_number": 1638,
    "predict_actor_precision": 0.833861762840837,
    "predict_actor_recall": 0.8028083028083028,
    "predict_airplane_f1": 0.6244725738396625,
    "predict_airplane_number": 794,
    "predict_airplane_precision": 0.5988439306358382,
    "predict_airplane_recall": 0.6523929471032746,
    "predict_airport_f1": 0.7712765957446809,
    "predict_airport_number": 364,
    "predict_airport_precision": 0.7474226804123711,
    "predict_airport_recall": 0.7967032967032966,
    "predict_artist/author_f1": 0.7292388742548177,
    "predict_artist/author_number": 3464,
    "predict_artist/author_precision": 0.701520405441451,
    "predict_artist/author_recall": 0.7592378752886836,
    "predict_astronomything_f1": 0.72831541218638,
    "predict_astronomything_number": 678,
    "predict_astronomything_precision": 0.708507670850767,
    "predict_astronomything_recall": 0.7492625368731564,
    "predict_athlete_f1": 0.8482993197278912,
    "predict_athlete_number": 2907,
    "predict_athlete_precision": 0.8388832828792465,
    "predict_athlete_recall": 0.8579291365669075,
    "predict_attack/battle/war/militaryconflict_f1": 0.7010127697049757,
    "predict_attack/battle/war/militaryconflict_number": 1099,
    "predict_attack/battle/war/militaryconflict_precision": 0.6791808873720137,
    "predict_attack/battle/war/militaryconflict_recall": 0.724294813466788,
    "predict_award_f1": 0.5977366255144032,
    "predict_award_number": 941,
    "predict_award_precision": 0.5792622133599202,
    "predict_award_recall": 0.6174282678002125,
    "predict_biologything_f1": 0.615303150648663,
    "predict_biologything_number": 1875,
    "predict_biologything_precision": 0.6109358569926393,
    "predict_biologything_recall": 0.6197333333333334,
    "predict_bodiesofwater_f1": 0.7050596462361168,
    "predict_bodiesofwater_number": 1169,
    "predict_bodiesofwater_precision": 0.679080824088748,
    "predict_bodiesofwater_recall": 0.7331052181351583,
    "predict_broadcastprogram_f1": 0.5728077232502011,
    "predict_broadcastprogram_number": 605,
    "predict_broadcastprogram_precision": 0.5579937304075235,
    "predict_broadcastprogram_recall": 0.5884297520661157,
    "predict_car_f1": 0.6709770114942529,
    "predict_car_number": 688,
    "predict_car_precision": 0.6633522727272727,
    "predict_car_recall": 0.6787790697674418,
    "predict_chemicalthing_f1": 0.5358345358345359,
    "predict_chemicalthing_number": 1014,
    "predict_chemicalthing_precision": 0.5230046948356808,
    "predict_chemicalthing_recall": 0.5493096646942801,
    "predict_company_f1": 0.6500124285359185,
    "predict_company_number": 3903,
    "predict_company_precision": 0.631185131547188,
    "predict_company_recall": 0.6699974378683065,
    "predict_currency_f1": 0.7290167865707434,
    "predict_currency_number": 799,
    "predict_currency_precision": 0.6996547756041427,
    "predict_currency_recall": 0.7609511889862328,
    "predict_director_f1": 0.7337488869100622,
    "predict_director_number": 554,
    "predict_director_precision": 0.7240773286467487,
    "predict_director_recall": 0.7436823104693141,
    "predict_disaster_f1": 0.4646924829157175,
    "predict_disaster_number": 207,
    "predict_disaster_precision": 0.4396551724137931,
    "predict_disaster_recall": 0.4927536231884058,
    "predict_disease_f1": 0.6169405815423514,
    "predict_disease_number": 750,
    "predict_disease_precision": 0.5865384615384616,
    "predict_disease_recall": 0.6506666666666666,
    "predict_education_f1": 0.7519508157956963,
    "predict_education_number": 2082,
    "predict_education_precision": 0.7405682347461574,
    "predict_education_recall": 0.7636887608069164,
    "predict_educationaldegree_f1": 0.5345268542199488,
    "predict_educationaldegree_number": 367,
    "predict_educationaldegree_precision": 0.5036144578313253,
    "predict_educationaldegree_recall": 0.5694822888283378,
    "predict_election_f1": 0.17112299465240643,
    "predict_election_number": 184,
    "predict_election_precision": 0.16842105263157894,
    "predict_election_recall": 0.17391304347826086,
    "predict_f1": 0.6732002040888493,
    "predict_film_f1": 0.7272727272727273,
    "predict_film_number": 759,
    "predict_film_precision": 0.7073474470734745,
    "predict_film_recall": 0.7483530961791831,
    "predict_food_f1": 0.5655644241733181,
    "predict_food_number": 432,
    "predict_food_precision": 0.5573033707865168,
    "predict_food_recall": 0.5740740740740741,
    "predict_game_f1": 0.6741344195519348,
    "predict_game_number": 496,
    "predict_game_precision": 0.6810699588477366,
    "predict_game_recall": 0.6673387096774194,
    "predict_god_f1": 0.6980988593155893,
    "predict_god_number": 635,
    "predict_god_precision": 0.675,
    "predict_god_recall": 0.7228346456692913,
    "predict_government/governmentagency_f1": 0.4245190740136942,
    "predict_government/governmentagency_number": 1535,
    "predict_government/governmentagency_precision": 0.42493472584856395,
    "predict_government/governmentagency_recall": 0.4241042345276873,
    "predict_hospital_f1": 0.7060367454068242,
    "predict_hospital_number": 364,
    "predict_hospital_precision": 0.6758793969849246,
    "predict_hospital_recall": 0.739010989010989,
    "predict_hotel_f1": 0.6408839779005525,
    "predict_hotel_number": 265,
    "predict_hotel_precision": 0.6258992805755396,
    "predict_hotel_recall": 0.6566037735849056,
    "predict_island_f1": 0.6506211180124224,
    "predict_island_number": 646,
    "predict_island_precision": 0.6526479750778816,
    "predict_island_recall": 0.6486068111455109,
    "predict_language_f1": 0.7208569628229363,
    "predict_language_number": 753,
    "predict_language_precision": 0.6858513189448441,
    "predict_language_recall": 0.7596281540504648,
    "predict_law_f1": 0.6099009900990099,
    "predict_law_number": 488,
    "predict_law_precision": 0.5900383141762452,
    "predict_law_recall": 0.6311475409836066,
    "predict_library_f1": 0.6937669376693766,
    "predict_library_number": 357,
    "predict_library_precision": 0.6719160104986877,
    "predict_library_recall": 0.7170868347338936,
    "predict_livingthing_f1": 0.5866099893730075,
    "predict_livingthing_number": 865,
    "predict_livingthing_precision": 0.5427728613569321,
    "predict_livingthing_recall": 0.638150289017341,
    "predict_loss": 0.47001442313194275,
    "predict_media/newspaper_f1": 0.5929487179487181,
    "predict_media/newspaper_number": 1234,
    "predict_media/newspaper_precision": 0.5863708399366085,
    "predict_media/newspaper_recall": 0.5996758508914101,
    "predict_medical_f1": 0.46797385620915033,
    "predict_medical_number": 397,
    "predict_medical_precision": 0.48641304347826086,
    "predict_medical_recall": 0.4508816120906801,
    "predict_mountain_f1": 0.6720233747260774,
    "predict_mountain_number": 681,
    "predict_mountain_precision": 0.6686046511627907,
    "predict_mountain_recall": 0.6754772393538914,
    "predict_music_f1": 0.7461832061068703,
    "predict_music_number": 1041,
    "predict_music_precision": 0.7412322274881517,
    "predict_music_recall": 0.7512007684918348,
    "predict_other_f1": 0.5874661963550853,
    "predict_other_number": 21035,
    "predict_other_precision": 0.5812470916705444,
    "predict_other_recall": 0.593819824102686,
    "predict_overall_accuracy": 0.925191139716021,
    "predict_overall_f1": 0.6732002040888493,
    "predict_overall_precision": 0.6593146713371132,
    "predict_overall_recall": 0.6876831936589192,
    "predict_painting_f1": 0.5864661654135338,
    "predict_painting_number": 58,
    "predict_painting_precision": 0.52,
    "predict_painting_recall": 0.6724137931034483,