{
    "predict_GPE_f1": 0.7650342731962405,
    "predict_GPE_number": 20409,
    "predict_GPE_precision": 0.7366630375612412,
    "predict_GPE_recall": 0.7956783771865353,
    "predict_actor_f1": 0.7024567788898998,
    "predict_actor_number": 1638,
    "predict_actor_precision": 0.6980108499095841,
    "predict_actor_recall": 0.706959706959707,
    "predict_airplane_f1": 0.48792569659442725,
    "predict_airplane_number": 794,
    "predict_airplane_precision": 0.47990255785627284,
    "predict_airplane_recall": 0.49622166246851385,
    "predict_airport_f1": 0.6868421052631579,
    "predict_airport_number": 364,
    "predict_airport_precision": 0.6590909090909091,
    "predict_airport_recall": 0.717032967032967,
    "predict_artist/author_f1": 0.5786688944583681,
    "predict_artist/author_number": 3464,
    "predict_artist/author_precision": 0.5589026358257128,
    "predict_artist/author_recall": 0.5998845265588915,
    "predict_astronomything_f1": 0.6152694610778443,
    "predict_astronomything_number": 678,
    "predict_astronomything_precision": 0.6246200607902735,
    "predict_astronomything_recall": 0.6061946902654868,
    "predict_athlete_f1": 0.7734230445752734,
    "predict_athlete_number": 2907,
    "predict_athlete_precision": 0.7567478604344964,
    "predict_athlete_recall": 0.7908496732026143,
    "predict_attack/battle/war/militaryconflict_f1": 0.6426086956521739,
    "predict_attack/battle/war/militaryconflict_number": 1099,
    "predict_attack/battle/war/militaryconflict_precision": 0.6153205661948377,
    "predict_attack/battle/war/militaryconflict_recall": 0.6724294813466788,
    "predict_award_f1": 0.47838899803536344,
    "predict_award_number": 941,
    "predict_award_precision": 0.44474885844748857,
    "predict_award_recall": 0.5175345377258236,
    "predict_biologything_f1": 0.5377674658417119,
    "predict_biologything_number": 1875,
    "predict_biologything_precision": 0.5204590818363274,
    "predict_biologything_recall": 0.5562666666666667,
    "predict_bodiesofwater_f1": 0.6154525386313466,
    "predict_bodiesofwater_number": 1169,
    "predict_bodiesofwater_precision": 0.6359489051094891,
    "predict_bodiesofwater_recall": 0.5962360992301112,
    "predict_broadcastprogram_f1": 0.445136186770428,
    "predict_broadcastprogram_number": 605,
    "predict_broadcastprogram_precision": 0.42058823529411765,
    "predict_broadcastprogram_recall": 0.4727272727272727,
    "predict_car_f1": 0.5323636363636364,
    "predict_car_number": 688,
    "predict_car_precision": 0.5327510917030568,
    "predict_car_recall": 0.5319767441860465,
    "predict_chemicalthing_f1": 0.47405189620758487,
    "predict_chemicalthing_number": 1014,
    "predict_chemicalthing_precision": 0.4797979797979798,
    "predict_chemicalthing_recall": 0.46844181459566075,
    "predict_company_f1": 0.5349011758819114,
    "predict_company_number": 3903,
    "predict_company_precision": 0.522610608653141,
    "predict_company_recall": 0.5477837560850628,
    "predict_currency_f1": 0.6462781304096941,
    "predict_currency_number": 799,
    "predict_currency_precision": 0.5995717344753747,
    "predict_currency_recall": 0.7008760951188986,
    "predict_director_f1": 0.5843101893597836,
    "predict_director_number": 554,
    "predict_director_precision": 0.5837837837837838,
    "predict_director_recall": 0.5848375451263538,
    "predict_disaster_f1": 0.348993288590604,
    "predict_disaster_number": 207,
    "predict_disaster_precision": 0.325,
    "predict_disaster_recall": 0.37681159420289856,
    "predict_disease_f1": 0.5220930232558141,
    "predict_disease_number": 750,
    "predict_disease_precision": 0.46288659793814435,
    "predict_disease_recall": 0.5986666666666667,
    "predict_education_f1": 0.6626586506346026,
    "predict_education_number": 2082,
    "predict_education_precision": 0.6176836861768369,
    "predict_education_recall": 0.7146974063400576,
    "predict_educationaldegree_f1": 0.4249471458773785,
    "predict_educationaldegree_number": 367,
    "predict_educationaldegree_precision": 0.3471502590673575,
    "predict_educationaldegree_recall": 0.547683923705722,
    "predict_election_f1": 0.1708542713567839,
    "predict_election_number": 184,
    "predict_election_precision": 0.1588785046728972,
    "predict_election_recall": 0.18478260869565216,
    "predict_film_f1": 0.5915826911677534,
    "predict_film_number": 759,
    "predict_film_precision": 0.5377155172413793,
    "predict_film_recall": 0.6574440052700923,
    "predict_food_f1": 0.41882804995196926,
    "predict_food_number": 432,
    "predict_food_precision": 0.3579638752052545,
    "predict_food_recall": 0.5046296296296297,
    "predict_game_f1": 0.5469728601252609,
    "predict_game_number": 496,
    "predict_game_precision": 0.5670995670995671,
    "predict_game_recall": 0.5282258064516129,
    "predict_god_f1": 0.530529172320217,
    "predict_god_number": 635,
    "predict_god_precision": 0.466030989272944,
    "predict_god_recall": 0.6157480314960629,
    "predict_government/governmentagency_f1": 0.33435021354484445,
    "predict_government/governmentagency_number": 1535,
    "predict_government/governmentagency_precision": 0.3144004589787722,
    "predict_government/governmentagency_recall": 0.35700325732899024,
    "predict_hospital_f1": 0.5407407407407406,
    "predict_hospital_number": 364,
    "predict_hospital_precision": 0.4910313901345291,
    "predict_hospital_recall": 0.6016483516483516,
    "predict_hotel_f1": 0.5188834154351395,
    "predict_hotel_number": 265,
    "predict_hotel_precision": 0.45930232558139533,
    "predict_hotel_recall": 0.5962264150943396,
    "predict_island_f1": 0.5714285714285714,
    "predict_island_number": 646,
    "predict_island_precision": 0.596964586846543,
    "predict_island_recall": 0.5479876160990712,
    "predict_language_f1": 0.6114803625377644,
    "predict_language_number": 753,
    "predict_language_precision": 0.5609756097560976,
    "predict_language_recall": 0.6719787516600265,
    "predict_law_f1": 0.46791707798617965,
    "predict_law_number": 488,
    "predict_law_precision": 0.4514285714285714,
    "predict_law_recall": 0.48565573770491804,
    "predict_library_f1": 0.5018094089264173,
    "predict_library_number": 357,
    "predict_library_precision": 0.4406779661016949,
    "predict_library_recall": 0.5826330532212886,
    "predict_livingthing_f1": 0.5058757694459989,
    "predict_livingthing_number": 865,
    "predict_livingthing_precision": 0.49023861171366595,
    "predict_livingthing_recall": 0.522543352601156,
    "predict_loss": 0.6208825707435608,
    "predict_media/newspaper_f1": 0.5082828282828283,
    "predict_media/newspaper_number": 1234,
    "predict_media/newspaper_precision": 0.5068493150684932,
    "predict_media/newspaper_recall": 0.5097244732576985,
    "predict_medical_f1": 0.43434343434343436,
    "predict_medical_number": 397,
    "predict_medical_precision": 0.43544303797468353,
    "predict_medical_recall": 0.4332493702770781,
    "predict_mountain_f1": 0.5562913907284769,
    "predict_mountain_number": 681,
    "predict_mountain_precision": 0.6375711574952562,
    "predict_mountain_recall": 0.4933920704845815,
    "predict_music_f1": 0.6381738708110734,
    "predict_music_number": 1041,
    "predict_music_precision": 0.6453831041257367,
    "predict_music_recall": 0.6311239193083573,
    "predict_other_f1": 0.45810533900785877,
    "predict_other_number": 21035,
    "predict_other_precision": 0.43518439291520494,
    "predict_other_recall": 0.4835749940575232,
    "predict_overall_accuracy": 0.9032825436945066,
    "predict_overall_f1": 0.5734980154327837,
    "predict_overall_precision": 0.5490497814450119,
    "predict_overall_recall": 0.6002249927754614,
    "predict_painting_f1": 0.3285714285714286,
    "predict_painting_number": 58,
    "predict_painting_precision": 0.2804878048780488,
    "predict_painting_recall": 0.39655172413793105,
    "predict_park_f1": 0.4687819856704197,