{
    "predict_GPE_f1": 0.7350112924631539,
    "predict_GPE_number": 20409,
    "predict_GPE_precision": 0.7002661934338953,
    "predict_GPE_recall": 0.7733842912440589,
    "predict_actor_f1": 0.6163873370577281,
    "predict_actor_number": 1638,
    "predict_actor_precision": 0.6268939393939394,
    "predict_actor_recall": 0.6062271062271062,
    "predict_airplane_f1": 0.5020576131687242,
    "predict_airplane_number": 794,
    "predict_airplane_precision": 0.47078280044101434,
    "predict_airplane_recall": 0.5377833753148614,
    "predict_airport_f1": 0.6146788990825688,
    "predict_airport_number": 364,
    "predict_airport_precision": 0.5275590551181102,
    "predict_airport_recall": 0.7362637362637363,
    "predict_artist/author_f1": 0.5388453314326443,
    "predict_artist/author_number": 3464,
    "predict_artist/author_precision": 0.5322444381864263,
    "predict_artist/author_recall": 0.5456120092378753,
    "predict_astronomything_f1": 0.6134328358208956,
    "predict_astronomything_number": 678,
    "predict_astronomything_precision": 0.620845921450151,
    "predict_astronomything_recall": 0.6061946902654868,
    "predict_athlete_f1": 0.7626245276537272,
    "predict_athlete_number": 2907,
    "predict_athlete_precision": 0.7615780445969125,
    "predict_athlete_recall": 0.7636738906088751,
    "predict_attack/battle/war/militaryconflict_f1": 0.6041308089500861,
    "predict_attack/battle/war/militaryconflict_number": 1099,
    "predict_attack/battle/war/militaryconflict_precision": 0.5730612244897959,
    "predict_attack/battle/war/militaryconflict_recall": 0.6387625113739763,
    "predict_award_f1": 0.4555294117647059,
    "predict_award_number": 941,
    "predict_award_precision": 0.40878378378378377,
    "predict_award_recall": 0.5143464399574921,
    "predict_biologything_f1": 0.5321974442495616,
    "predict_biologything_number": 1875,
    "predict_biologything_precision": 0.501890359168242,
    "predict_biologything_recall": 0.5664,
    "predict_bodiesofwater_f1": 0.5953067105804858,
    "predict_bodiesofwater_number": 1169,
    "predict_bodiesofwater_precision": 0.5738095238095238,
    "predict_bodiesofwater_recall": 0.6184773310521814,
    "predict_broadcastprogram_f1": 0.40294840294840295,
    "predict_broadcastprogram_number": 605,
    "predict_broadcastprogram_precision": 0.39935064935064934,
    "predict_broadcastprogram_recall": 0.4066115702479339,
    "predict_car_f1": 0.5559748427672956,
    "predict_car_number": 688,
    "predict_car_precision": 0.49002217294900224,
    "predict_car_recall": 0.6424418604651163,
    "predict_chemicalthing_f1": 0.45476772616136923,
    "predict_chemicalthing_number": 1014,
    "predict_chemicalthing_precision": 0.4510184287099903,
    "predict_chemicalthing_recall": 0.45857988165680474,
    "predict_company_f1": 0.5419941060903732,
    "predict_company_number": 3903,
    "predict_company_precision": 0.520396132987503,
    "predict_company_recall": 0.5654624647706892,
    "predict_currency_f1": 0.6567656765676568,
    "predict_currency_number": 799,
    "predict_currency_precision": 0.5858684985279686,
    "predict_currency_recall": 0.7471839799749687,
    "predict_director_f1": 0.47295208655332305,
    "predict_director_number": 554,
    "predict_director_precision": 0.4135135135135135,
    "predict_director_recall": 0.5523465703971119,
    "predict_disaster_f1": 0.41081081081081083,
    "predict_disaster_number": 207,
    "predict_disaster_precision": 0.3275862068965517,
    "predict_disaster_recall": 0.5507246376811594,
    "predict_disease_f1": 0.523838261919131,
    "predict_disease_number": 750,
    "predict_disease_precision": 0.4785005512679162,
    "predict_disease_recall": 0.5786666666666667,
    "predict_education_f1": 0.613929889298893,
    "predict_education_number": 2082,
    "predict_education_precision": 0.5905057675244011,
    "predict_education_recall": 0.6392891450528339,
    "predict_educationaldegree_f1": 0.435665914221219,
    "predict_educationaldegree_number": 367,
    "predict_educationaldegree_precision": 0.371868978805395,
    "predict_educationaldegree_recall": 0.5258855585831063,
    "predict_election_f1": 0.16548463356973994,
    "predict_election_number": 184,
    "predict_election_precision": 0.14644351464435146,
    "predict_election_recall": 0.19021739130434784,
    "predict_film_f1": 0.5345516847515707,
    "predict_film_number": 759,
    "predict_film_precision": 0.4717741935483871,
    "predict_film_recall": 0.616600790513834,
    "predict_food_f1": 0.36563436563436563,
    "predict_food_number": 432,
    "predict_food_precision": 0.3216168717047452,
    "predict_food_recall": 0.4236111111111111,
    "predict_game_f1": 0.4760039177277179,
    "predict_game_number": 496,
    "predict_game_precision": 0.46285714285714286,
    "predict_game_recall": 0.4899193548387097,
    "predict_god_f1": 0.5486590038314176,
    "predict_god_number": 635,
    "predict_god_precision": 0.5343283582089552,
    "predict_god_recall": 0.5637795275590551,
    "predict_government/governmentagency_f1": 0.2747815607110575,
    "predict_government/governmentagency_number": 1535,
    "predict_government/governmentagency_precision": 0.2556053811659193,
    "predict_government/governmentagency_recall": 0.2970684039087948,
    "predict_hospital_f1": 0.5287896592244419,
    "predict_hospital_number": 364,
    "predict_hospital_precision": 0.4620123203285421,
    "predict_hospital_recall": 0.6181318681318682,
    "predict_hotel_f1": 0.47731092436974787,
    "predict_hotel_number": 265,
    "predict_hotel_precision": 0.4303030303030303,
    "predict_hotel_recall": 0.5358490566037736,
    "predict_island_f1": 0.47673586256263417,
    "predict_island_number": 646,
    "predict_island_precision": 0.4434087882822903,
    "predict_island_recall": 0.5154798761609907,
    "predict_language_f1": 0.6062291434927697,
    "predict_language_number": 753,
    "predict_language_precision": 0.5215311004784688,
    "predict_language_recall": 0.7237715803452855,
    "predict_law_f1": 0.40180180180180186,
    "predict_law_number": 488,
    "predict_law_precision": 0.35852090032154343,
    "predict_law_recall": 0.4569672131147541,
    "predict_library_f1": 0.5051020408163265,
    "predict_library_number": 357,
    "predict_library_precision": 0.4637002341920375,
    "predict_library_recall": 0.5546218487394958,
    "predict_livingthing_f1": 0.48109243697478987,
    "predict_livingthing_number": 865,
    "predict_livingthing_precision": 0.4408084696823869,
    "predict_livingthing_recall": 0.5294797687861271,
    "predict_loss": 0.6062079071998596,
    "predict_media/newspaper_f1": 0.5014641288433382,
    "predict_media/newspaper_number": 1234,
    "predict_media/newspaper_precision": 0.45727636849132175,
    "predict_media/newspaper_recall": 0.5551053484602917,
    "predict_medical_f1": 0.4023391812865497,
    "predict_medical_number": 397,
    "predict_medical_precision": 0.37554585152838427,
    "predict_medical_recall": 0.4332493702770781,
    "predict_mountain_f1": 0.5377094972067039,
    "predict_mountain_number": 681,
    "predict_mountain_precision": 0.5126498002663116,
    "predict_mountain_recall": 0.5653450807635829,
    "predict_music_f1": 0.5812124016658955,
    "predict_music_number": 1041,
    "predict_music_precision": 0.5607142857142857,
    "predict_music_recall": 0.6032660902977905,
    "predict_other_f1": 0.443129492655485,
    "predict_other_number": 21035,
    "predict_other_precision": 0.39443620178041544,
    "predict_other_recall": 0.5055383884002852,
    "predict_overall_accuracy": 0.8985499221544013,
    "predict_overall_f1": 0.5448406331569242,
    "predict_overall_precision": 0.508297364681912,
    "predict_overall_recall": 0.5870453701027949,
    "predict_painting_f1": 0.14736842105263157,
    "predict_painting_number": 58,
    "predict_painting_precision": 0.1891891891891892,
    "predict_painting_recall": 0.1206896551724138,
    "predict_park_f1": 0.3456521739130435,