{
    "predict_GPE_f1": 0.7311400080532461,
    "predict_GPE_number": 20409,
    "predict_GPE_precision": 0.7076570380559376,
    "predict_GPE_recall": 0.756234994365231,
    "predict_actor_f1": 0.6539424280350438,
    "predict_actor_number": 1638,
    "predict_actor_precision": 0.6707317073170732,
    "predict_actor_recall": 0.6379731379731379,
    "predict_airplane_f1": 0.5008576329331046,
    "predict_airplane_number": 794,
    "predict_airplane_precision": 0.4586387434554974,
    "predict_airplane_recall": 0.5516372795969773,
    "predict_airport_f1": 0.5140758873929009,
    "predict_airport_number": 364,
    "predict_airport_precision": 0.46357615894039733,
    "predict_airport_recall": 0.5769230769230769,
    "predict_artist/author_f1": 0.516323731138546,
    "predict_artist/author_number": 3464,
    "predict_artist/author_precision": 0.49189754312598016,
    "predict_artist/author_recall": 0.5433025404157044,
    "predict_astronomything_f1": 0.6199864038069341,
    "predict_astronomything_number": 678,
    "predict_astronomything_precision": 0.575031525851198,
    "predict_astronomything_recall": 0.672566371681416,
    "predict_athlete_f1": 0.7684123025768912,
    "predict_athlete_number": 2907,
    "predict_athlete_precision": 0.7435649935649936,
    "predict_athlete_recall": 0.7949776401788786,
    "predict_attack/battle/war/militaryconflict_f1": 0.5715443858937981,
    "predict_attack/battle/war/militaryconflict_number": 1099,
    "predict_attack/battle/war/militaryconflict_precision": 0.5153508771929824,
    "predict_attack/battle/war/militaryconflict_recall": 0.6414922656960873,
    "predict_award_f1": 0.4338475923328658,
    "predict_award_number": 941,
    "predict_award_precision": 0.38731218697829717,
    "predict_award_recall": 0.49309245483528164,
    "predict_biologything_f1": 0.5316455696202531,
    "predict_biologything_number": 1875,
    "predict_biologything_precision": 0.5369967355821545,
    "predict_biologything_recall": 0.5264,
    "predict_bodiesofwater_f1": 0.5601317957166393,
    "predict_bodiesofwater_number": 1169,
    "predict_bodiesofwater_precision": 0.5401111993645751,
    "predict_bodiesofwater_recall": 0.58169375534645,
    "predict_broadcastprogram_f1": 0.41216730038022814,
    "predict_broadcastprogram_number": 605,
    "predict_broadcastprogram_precision": 0.3816901408450704,
    "predict_broadcastprogram_recall": 0.4479338842975207,
    "predict_car_f1": 0.5574783683559951,
    "predict_car_number": 688,
    "predict_car_precision": 0.48494623655913977,
    "predict_car_recall": 0.6555232558139535,
    "predict_chemicalthing_f1": 0.45692567567567566,
    "predict_chemicalthing_number": 1014,
    "predict_chemicalthing_precision": 0.3995568685376662,
    "predict_chemicalthing_recall": 0.5335305719921104,
    "predict_company_f1": 0.5200189528547737,
    "predict_company_number": 3903,
    "predict_company_precision": 0.483586693104208,
    "predict_company_recall": 0.5623879067384063,
    "predict_currency_f1": 0.681183696259073,
    "predict_currency_number": 799,
    "predict_currency_precision": 0.6149193548387096,
    "predict_currency_recall": 0.7634543178973717,
    "predict_director_f1": 0.49422222222222223,
    "predict_director_number": 554,
    "predict_director_precision": 0.4868651488616462,
    "predict_director_recall": 0.5018050541516246,
    "predict_disaster_f1": 0.34181818181818185,
    "predict_disaster_number": 207,
    "predict_disaster_precision": 0.27405247813411077,
    "predict_disaster_recall": 0.45410628019323673,
    "predict_disease_f1": 0.5132962275819418,
    "predict_disease_number": 750,
    "predict_disease_precision": 0.4786620530565167,
    "predict_disease_recall": 0.5533333333333333,
    "predict_education_f1": 0.582727661393758,
    "predict_education_number": 2082,
    "predict_education_precision": 0.5250385208012327,
    "predict_education_recall": 0.6546589817483189,
    "predict_educationaldegree_f1": 0.4247787610619469,
    "predict_educationaldegree_number": 367,
    "predict_educationaldegree_precision": 0.3575418994413408,
    "predict_educationaldegree_recall": 0.5231607629427792,
    "predict_election_f1": 0.12048192771084337,
    "predict_election_number": 184,
    "predict_election_precision": 0.10822510822510822,
    "predict_election_recall": 0.1358695652173913,
    "predict_film_f1": 0.5774400935125659,
    "predict_film_number": 759,
    "predict_film_precision": 0.5189075630252101,
    "predict_film_recall": 0.6508563899868248,
    "predict_food_f1": 0.3830207305034551,
    "predict_food_number": 432,
    "predict_food_precision": 0.33390705679862304,
    "predict_food_recall": 0.44907407407407407,
    "predict_game_f1": 0.5445829338446788,
    "predict_game_number": 496,
    "predict_game_precision": 0.5191956124314442,
    "predict_game_recall": 0.5725806451612904,
    "predict_god_f1": 0.5394366197183099,
    "predict_god_number": 635,
    "predict_god_precision": 0.4878980891719745,
    "predict_god_recall": 0.6031496062992125,
    "predict_government/governmentagency_f1": 0.2746878547105562,
    "predict_government/governmentagency_number": 1535,
    "predict_government/governmentagency_precision": 0.2433383609854198,
    "predict_government/governmentagency_recall": 0.31530944625407165,
    "predict_hospital_f1": 0.5153061224489796,
    "predict_hospital_number": 364,
    "predict_hospital_precision": 0.48095238095238096,
    "predict_hospital_recall": 0.554945054945055,
    "predict_hotel_f1": 0.45307443365695793,
    "predict_hotel_number": 265,
    "predict_hotel_precision": 0.39660056657223797,
    "predict_hotel_recall": 0.5283018867924528,
    "predict_island_f1": 0.5019857029388404,
    "predict_island_number": 646,
    "predict_island_precision": 0.5154975530179445,
    "predict_island_recall": 0.4891640866873065,
    "predict_language_f1": 0.628755364806867,
    "predict_language_number": 753,
    "predict_language_precision": 0.5274527452745275,
    "predict_language_recall": 0.7782204515272244,
    "predict_law_f1": 0.3830845771144279,
    "predict_law_number": 488,
    "predict_law_precision": 0.32172701949860727,
    "predict_law_recall": 0.4733606557377049,
    "predict_library_f1": 0.5290178571428571,
    "predict_library_number": 357,
    "predict_library_precision": 0.4397031539888683,
    "predict_library_recall": 0.6638655462184874,
    "predict_livingthing_f1": 0.5228891149542217,
    "predict_livingthing_number": 865,
    "predict_livingthing_precision": 0.46684831970935514,
    "predict_livingthing_recall": 0.5942196531791908,
    "predict_loss": 0.6102495789527893,
    "predict_media/newspaper_f1": 0.473559589581689,
    "predict_media/newspaper_number": 1234,
    "predict_media/newspaper_precision": 0.46153846153846156,
    "predict_media/newspaper_recall": 0.4862236628849271,
    "predict_medical_f1": 0.35858585858585856,
    "predict_medical_number": 397,
    "predict_medical_precision": 0.3594936708860759,
    "predict_medical_recall": 0.35768261964735515,
    "predict_mountain_f1": 0.5212543554006969,
    "predict_mountain_number": 681,
    "predict_mountain_precision": 0.4960212201591512,
    "predict_mountain_recall": 0.5491923641703378,
    "predict_music_f1": 0.5878734622144113,
    "predict_music_number": 1041,
    "predict_music_precision": 0.5417004048582996,
    "predict_music_recall": 0.6426512968299711,
    "predict_other_f1": 0.42337074815415476,
    "predict_other_number": 21035,
    "predict_other_precision": 0.38409416502110194,
    "predict_other_recall": 0.47159496077965296,
    "predict_overall_accuracy": 0.8974663809070912,
    "predict_overall_f1": 0.5381723098064664,
    "predict_overall_precision": 0.5004614674665436,
    "predict_overall_recall": 0.5820294761177394,
    "predict_painting_f1": 0.24113475177304963,
    "predict_painting_number": 58,
    "predict_painting_precision": 0.20481927710843373,
    "predict_painting_recall": 0.29310344827586204,
    "predict_park_f1": 0.35294117647058826,