{
    "predict_GPE_f1": 0.7577756390695055,
    "predict_GPE_number": 20409,
    "predict_GPE_precision": 0.7273341744772891,
    "predict_GPE_recall": 0.7908765740604635,
    "predict_actor_f1": 0.7024242424242424,
    "predict_actor_number": 1638,
    "predict_actor_precision": 0.697352587244284,
    "predict_actor_recall": 0.7075702075702076,
    "predict_airplane_f1": 0.5032410135533293,
    "predict_airplane_number": 794,
    "predict_airplane_precision": 0.4728682170542636,
    "predict_airplane_recall": 0.5377833753148614,
    "predict_airport_f1": 0.6495098039215687,
    "predict_airport_number": 364,
    "predict_airport_precision": 0.5862831858407079,
    "predict_airport_recall": 0.728021978021978,
    "predict_artist/author_f1": 0.5716573258606885,
    "predict_artist/author_number": 3464,
    "predict_artist/author_precision": 0.5315136476426799,
    "predict_artist/author_recall": 0.6183602771362586,
    "predict_astronomything_f1": 0.6461063993831919,
    "predict_astronomything_number": 678,
    "predict_astronomything_precision": 0.6768982229402262,
    "predict_astronomything_recall": 0.6179941002949852,
    "predict_athlete_f1": 0.7678951678951678,
    "predict_athlete_number": 2907,
    "predict_athlete_precision": 0.7329580988117573,
    "predict_athlete_recall": 0.8063295493636051,
    "predict_attack/battle/war/militaryconflict_f1": 0.6136267456622937,
    "predict_attack/battle/war/militaryconflict_number": 1099,
    "predict_attack/battle/war/militaryconflict_precision": 0.5735759493670886,
    "predict_attack/battle/war/militaryconflict_recall": 0.6596906278434941,
    "predict_award_f1": 0.4796747967479674,
    "predict_award_number": 941,
    "predict_award_precision": 0.4595910418695229,
    "predict_award_recall": 0.5015940488841658,
    "predict_biologything_f1": 0.5327489651813976,
    "predict_biologything_number": 1875,
    "predict_biologything_precision": 0.49014336917562723,
    "predict_biologything_recall": 0.5834666666666667,
    "predict_bodiesofwater_f1": 0.625366262034324,
    "predict_bodiesofwater_number": 1169,
    "predict_bodiesofwater_precision": 0.6122950819672132,
    "predict_bodiesofwater_recall": 0.6390076988879384,
    "predict_broadcastprogram_f1": 0.3925729442970822,
    "predict_broadcastprogram_number": 605,
    "predict_broadcastprogram_precision": 0.4220532319391635,
    "predict_broadcastprogram_recall": 0.3669421487603306,
    "predict_car_f1": 0.5461254612546125,
    "predict_car_number": 688,
    "predict_car_precision": 0.5547226386806596,
    "predict_car_recall": 0.5377906976744186,
    "predict_chemicalthing_f1": 0.4601256645722572,
    "predict_chemicalthing_number": 1014,
    "predict_chemicalthing_precision": 0.45118483412322274,
    "predict_chemicalthing_recall": 0.46942800788954636,
    "predict_company_f1": 0.5530657473528686,
    "predict_company_number": 3903,
    "predict_company_precision": 0.5323536383029154,
    "predict_company_recall": 0.5754547783756085,
    "predict_currency_f1": 0.6459189665296535,
    "predict_currency_number": 799,
    "predict_currency_precision": 0.6084070796460177,
    "predict_currency_recall": 0.688360450563204,
    "predict_director_f1": 0.4594594594594595,
    "predict_director_number": 554,
    "predict_director_precision": 0.43174603174603177,
    "predict_director_recall": 0.49097472924187724,
    "predict_disaster_f1": 0.3745318352059924,
    "predict_disaster_number": 207,
    "predict_disaster_precision": 0.3058103975535168,
    "predict_disaster_recall": 0.4830917874396135,
    "predict_disease_f1": 0.5168408826945412,
    "predict_disease_number": 750,
    "predict_disease_precision": 0.45781893004115226,
    "predict_disease_recall": 0.5933333333333334,
    "predict_education_f1": 0.64946034725481,
    "predict_education_number": 2082,
    "predict_education_precision": 0.634862385321101,
    "predict_education_recall": 0.664745437079731,
    "predict_educationaldegree_f1": 0.44772447724477243,
    "predict_educationaldegree_number": 367,
    "predict_educationaldegree_precision": 0.4080717488789238,
    "predict_educationaldegree_recall": 0.49591280653950953,
    "predict_election_f1": 0.1818181818181818,
    "predict_election_number": 184,
    "predict_election_precision": 0.17412935323383086,
    "predict_election_recall": 0.19021739130434784,
    "predict_film_f1": 0.5466816647919011,
    "predict_film_number": 759,
    "predict_film_precision": 0.47693817468105987,
    "predict_film_recall": 0.6403162055335968,
    "predict_food_f1": 0.3854266538830297,
    "predict_food_number": 432,
    "predict_food_precision": 0.32896890343698854,
    "predict_food_recall": 0.4652777777777778,
    "predict_game_f1": 0.529175050301811,
    "predict_game_number": 496,
    "predict_game_precision": 0.5281124497991968,
    "predict_game_recall": 0.530241935483871,
    "predict_god_f1": 0.5216680294358136,
    "predict_god_number": 635,
    "predict_god_precision": 0.5425170068027211,
    "predict_god_recall": 0.5023622047244094,
    "predict_government/governmentagency_f1": 0.3210110584518167,
    "predict_government/governmentagency_number": 1535,
    "predict_government/governmentagency_precision": 0.3116564417177914,
    "predict_government/governmentagency_recall": 0.3309446254071661,
    "predict_hospital_f1": 0.5623471882640586,
    "predict_hospital_number": 364,
    "predict_hospital_precision": 0.5066079295154186,
    "predict_hospital_recall": 0.6318681318681318,
    "predict_hotel_f1": 0.49560632688927947,
    "predict_hotel_number": 265,
    "predict_hotel_precision": 0.46381578947368424,
    "predict_hotel_recall": 0.5320754716981132,
    "predict_island_f1": 0.5488215488215488,
    "predict_island_number": 646,
    "predict_island_precision": 0.6014760147601476,
    "predict_island_recall": 0.5046439628482973,
    "predict_language_f1": 0.5772787318361955,
    "predict_language_number": 753,
    "predict_language_precision": 0.5742444152431012,
    "predict_language_recall": 0.5803452855245684,
    "predict_law_f1": 0.43208751139471285,
    "predict_law_number": 488,
    "predict_law_precision": 0.3891625615763547,
    "predict_law_recall": 0.48565573770491804,
    "predict_library_f1": 0.47803617571059437,
    "predict_library_number": 357,
    "predict_library_precision": 0.44364508393285373,
    "predict_library_recall": 0.5182072829131653,
    "predict_livingthing_f1": 0.4053880692751764,
    "predict_livingthing_number": 865,
    "predict_livingthing_precision": 0.4553314121037464,
    "predict_livingthing_recall": 0.3653179190751445,
    "predict_loss": 0.6901869177818298,
    "predict_media/newspaper_f1": 0.5123762376237625,
    "predict_media/newspaper_number": 1234,
    "predict_media/newspaper_precision": 0.5218487394957984,
    "predict_media/newspaper_recall": 0.5032414910858996,
    "predict_medical_f1": 0.36675461741424803,
    "predict_medical_number": 397,
    "predict_medical_precision": 0.3850415512465374,
    "predict_medical_recall": 0.3501259445843829,
    "predict_mountain_f1": 0.5569044006069802,
    "predict_mountain_number": 681,
    "predict_mountain_precision": 0.576138147566719,
    "predict_mountain_recall": 0.5389133627019089,
    "predict_music_f1": 0.620199146514936,
    "predict_music_number": 1041,
    "predict_music_precision": 0.6123595505617978,
    "predict_music_recall": 0.6282420749279539,
    "predict_other_f1": 0.45427660988973195,
    "predict_other_number": 21035,
    "predict_other_precision": 0.4386788275923138,
    "predict_other_recall": 0.47102448300451627,
    "predict_overall_accuracy": 0.899717063277506,
    "predict_overall_f1": 0.5652884028256973,
    "predict_overall_precision": 0.5445980199913912,
    "predict_overall_recall": 0.5876130124262064,
    "predict_painting_f1": 0.23357664233576644,
    "predict_painting_number": 58,
    "predict_painting_precision": 0.20253164556962025,
    "predict_painting_recall": 0.27586206896551724,