{
    "predict_GPE_f1": 0.7396798652064027,
    "predict_GPE_number": 20409,
    "predict_GPE_precision": 0.7079693589571294,
    "predict_GPE_recall": 0.7743642510657063,
    "predict_actor_f1": 0.60546515198035,
    "predict_actor_number": 1638,
    "predict_actor_precision": 0.609017912291538,
    "predict_actor_recall": 0.6019536019536019,
    "predict_airplane_f1": 0.48692403486924035,
    "predict_airplane_number": 794,
    "predict_airplane_precision": 0.4815270935960591,
    "predict_airplane_recall": 0.4924433249370277,
    "predict_airport_f1": 0.6236297198538368,
    "predict_airport_number": 364,
    "predict_airport_precision": 0.5601750547045952,
    "predict_airport_recall": 0.7032967032967034,
    "predict_artist/author_f1": 0.5106152805949966,
    "predict_artist/author_number": 3464,
    "predict_artist/author_precision": 0.4802849147799542,
    "predict_artist/author_recall": 0.5450346420323325,
    "predict_astronomything_f1": 0.5450381679389313,
    "predict_astronomything_number": 678,
    "predict_astronomything_precision": 0.564873417721519,
    "predict_astronomything_recall": 0.5265486725663717,
    "predict_athlete_f1": 0.7383798140770251,
    "predict_athlete_number": 2907,
    "predict_athlete_precision": 0.7135065768367019,
    "predict_athlete_recall": 0.7650498796009632,
    "predict_attack/battle/war/militaryconflict_f1": 0.5987152034261242,
    "predict_attack/battle/war/militaryconflict_number": 1099,
    "predict_attack/battle/war/militaryconflict_precision": 0.5655339805825242,
    "predict_attack/battle/war/militaryconflict_recall": 0.6360327570518653,
    "predict_award_f1": 0.444960520204366,
    "predict_award_number": 941,
    "predict_award_precision": 0.3952145214521452,
    "predict_award_recall": 0.5090329436769394,
    "predict_biologything_f1": 0.5131344044886509,
    "predict_biologything_number": 1875,
    "predict_biologything_precision": 0.4916911045943304,
    "predict_biologything_recall": 0.5365333333333333,
    "predict_bodiesofwater_f1": 0.5893599334995845,
    "predict_bodiesofwater_number": 1169,
    "predict_bodiesofwater_precision": 0.5731608730800324,
    "predict_bodiesofwater_recall": 0.6065012831479898,
    "predict_broadcastprogram_f1": 0.40771812080536907,
    "predict_broadcastprogram_number": 605,
    "predict_broadcastprogram_precision": 0.41396933560477,
    "predict_broadcastprogram_recall": 0.40165289256198344,
    "predict_car_f1": 0.49896623018607855,
    "predict_car_number": 688,
    "predict_car_precision": 0.4744429882044561,
    "predict_car_recall": 0.5261627906976745,
    "predict_chemicalthing_f1": 0.4780534351145039,
    "predict_chemicalthing_number": 1014,
    "predict_chemicalthing_precision": 0.4630314232902033,
    "predict_chemicalthing_recall": 0.4940828402366864,
    "predict_company_f1": 0.5265376984126985,
    "predict_company_number": 3903,
    "predict_company_precision": 0.5102138908916126,
    "predict_company_recall": 0.5439405585447092,
    "predict_currency_f1": 0.6488888888888888,
    "predict_currency_number": 799,
    "predict_currency_precision": 0.5834165834165834,
    "predict_currency_recall": 0.7309136420525657,
    "predict_director_f1": 0.4714400643604183,
    "predict_director_number": 554,
    "predict_director_precision": 0.42525399129172714,
    "predict_director_recall": 0.5288808664259927,
    "predict_disaster_f1": 0.35528942115768464,
    "predict_disaster_number": 207,
    "predict_disaster_precision": 0.30272108843537415,
    "predict_disaster_recall": 0.42995169082125606,
    "predict_disease_f1": 0.5071225071225072,
    "predict_disease_number": 750,
    "predict_disease_precision": 0.4427860696517413,
    "predict_disease_recall": 0.5933333333333334,
    "predict_education_f1": 0.6070763500931099,
    "predict_education_number": 2082,
    "predict_education_precision": 0.5889792231255646,
    "predict_education_recall": 0.6263208453410183,
    "predict_educationaldegree_f1": 0.42514285714285716,
    "predict_educationaldegree_number": 367,
    "predict_educationaldegree_precision": 0.3661417322834646,
    "predict_educationaldegree_recall": 0.5068119891008175,
    "predict_election_f1": 0.18140589569161,
    "predict_election_number": 184,
    "predict_election_precision": 0.1556420233463035,
    "predict_election_recall": 0.21739130434782608,
    "predict_film_f1": 0.5075921908893709,
    "predict_film_number": 759,
    "predict_film_precision": 0.4313364055299539,
    "predict_film_recall": 0.616600790513834,
    "predict_food_f1": 0.35269709543568467,
    "predict_food_number": 432,
    "predict_food_precision": 0.31954887218045114,
    "predict_food_recall": 0.39351851851851855,
    "predict_game_f1": 0.4426395939086295,
    "predict_game_number": 496,
    "predict_game_precision": 0.4458077709611452,
    "predict_game_recall": 0.43951612903225806,
    "predict_god_f1": 0.5223993925588458,
    "predict_god_number": 635,
    "predict_god_precision": 0.5043988269794721,
    "predict_god_recall": 0.5417322834645669,
    "predict_government/governmentagency_f1": 0.269554753309266,
    "predict_government/governmentagency_number": 1535,
    "predict_government/governmentagency_precision": 0.2504192286193404,
    "predict_government/governmentagency_recall": 0.29185667752442995,
    "predict_hospital_f1": 0.5072815533980582,
    "predict_hospital_number": 364,
    "predict_hospital_precision": 0.4543478260869565,
    "predict_hospital_recall": 0.5741758241758241,
    "predict_hotel_f1": 0.47078464106844736,
    "predict_hotel_number": 265,
    "predict_hotel_precision": 0.4221556886227545,
    "predict_hotel_recall": 0.5320754716981132,
    "predict_island_f1": 0.4894698620188816,
    "predict_island_number": 646,
    "predict_island_precision": 0.46101231190150477,
    "predict_island_recall": 0.521671826625387,
    "predict_language_f1": 0.576595744680851,
    "predict_language_number": 753,
    "predict_language_precision": 0.48092280390417036,
    "predict_language_recall": 0.7197875166002656,
    "predict_law_f1": 0.4010327022375215,
    "predict_law_number": 488,
    "predict_law_precision": 0.3456973293768546,
    "predict_law_recall": 0.4774590163934426,
    "predict_library_f1": 0.46238030095759236,
    "predict_library_number": 357,
    "predict_library_precision": 0.45187165775401067,
    "predict_library_recall": 0.4733893557422969,
    "predict_livingthing_f1": 0.48682170542635655,
    "predict_livingthing_number": 865,
    "predict_livingthing_precision": 0.44018691588785047,
    "predict_livingthing_recall": 0.5445086705202312,
    "predict_loss": 0.6668250560760498,
    "predict_media/newspaper_f1": 0.4925484351713859,
    "predict_media/newspaper_number": 1234,
    "predict_media/newspaper_precision": 0.45586206896551723,
    "predict_media/newspaper_recall": 0.5356564019448946,
    "predict_medical_f1": 0.3826086956521739,
    "predict_medical_number": 397,
    "predict_medical_precision": 0.3365200764818356,
    "predict_medical_recall": 0.4433249370277078,
    "predict_mountain_f1": 0.47132867132867134,
    "predict_mountain_number": 681,
    "predict_mountain_precision": 0.4499332443257677,
    "predict_mountain_recall": 0.4948604992657856,
    "predict_music_f1": 0.5684705882352942,
    "predict_music_number": 1041,
    "predict_music_precision": 0.5571955719557196,
    "predict_music_recall": 0.5802113352545629,
    "predict_other_f1": 0.4204709682904021,
    "predict_other_number": 21035,
    "predict_other_precision": 0.3802129376945843,
    "predict_other_recall": 0.47026384597100074,
    "predict_overall_accuracy": 0.895100612993375,
    "predict_overall_f1": 0.5307083574599499,
    "predict_overall_precision": 0.498350672418168,
    "predict_overall_recall": 0.567559757255501,
    "predict_painting_f1": 0.07228915662650602,
    "predict_painting_number": 58,
    "predict_painting_precision": 0.12,
    "predict_painting_recall": 0.05172413793103448,
    "predict_park_f1": 0.32245301681503463,