{
    "predict_GPE_f1": 0.7552707435023941,
    "predict_GPE_number": 20409,
    "predict_GPE_precision": 0.7349777448071216,
    "predict_GPE_recall": 0.7767161546376599,
    "predict_actor_f1": 0.7010853622763273,
    "predict_actor_number": 1638,
    "predict_actor_precision": 0.6747600225861096,
    "predict_actor_recall": 0.7295482295482295,
    "predict_airplane_f1": 0.501478415138971,
    "predict_airplane_number": 794,
    "predict_airplane_precision": 0.47268673355629875,
    "predict_airplane_recall": 0.5340050377833753,
    "predict_airport_f1": 0.6441102756892231,
    "predict_airport_number": 364,
    "predict_airport_precision": 0.5921658986175116,
    "predict_airport_recall": 0.7060439560439561,
    "predict_artist/author_f1": 0.5775118285555245,
    "predict_artist/author_number": 3464,
    "predict_artist/author_precision": 0.5574959699086512,
    "predict_artist/author_recall": 0.5990184757505773,
    "predict_astronomything_f1": 0.5784172661870502,
    "predict_astronomything_number": 678,
    "predict_astronomything_precision": 0.5646067415730337,
    "predict_astronomything_recall": 0.5929203539823009,
    "predict_athlete_f1": 0.7768211920529802,
    "predict_athlete_number": 2907,
    "predict_athlete_precision": 0.7488030641557613,
    "predict_athlete_recall": 0.8070175438596491,
    "predict_attack/battle/war/militaryconflict_f1": 0.5960912052117264,
    "predict_attack/battle/war/militaryconflict_number": 1099,
    "predict_attack/battle/war/militaryconflict_precision": 0.5394252026529108,
    "predict_attack/battle/war/militaryconflict_recall": 0.6660600545950864,
    "predict_award_f1": 0.42837144190387305,
    "predict_award_number": 941,
    "predict_award_precision": 0.38186356073211314,
    "predict_award_recall": 0.487778958554729,
    "predict_biologything_f1": 0.5227154046997389,
    "predict_biologything_number": 1875,
    "predict_biologything_precision": 0.5120204603580563,
    "predict_biologything_recall": 0.5338666666666667,
    "predict_bodiesofwater_f1": 0.6156419907988289,
    "predict_bodiesofwater_number": 1169,
    "predict_bodiesofwater_precision": 0.602291325695581,
    "predict_bodiesofwater_recall": 0.6295979469632165,
    "predict_broadcastprogram_f1": 0.41633935585231735,
    "predict_broadcastprogram_number": 605,
    "predict_broadcastprogram_precision": 0.3967065868263473,
    "predict_broadcastprogram_recall": 0.4380165289256198,
    "predict_car_f1": 0.5548738922972052,
    "predict_car_number": 688,
    "predict_car_precision": 0.5224646983311938,
    "predict_car_recall": 0.5915697674418605,
    "predict_chemicalthing_f1": 0.4885231702035513,
    "predict_chemicalthing_number": 1014,
    "predict_chemicalthing_precision": 0.4355212355212355,
    "predict_chemicalthing_recall": 0.5562130177514792,
    "predict_company_f1": 0.5515626828982793,
    "predict_company_number": 3903,
    "predict_company_precision": 0.5077586206896552,
    "predict_company_recall": 0.603638227004868,
    "predict_currency_f1": 0.654109589041096,
    "predict_currency_number": 799,
    "predict_currency_precision": 0.6012591815320042,
    "predict_currency_recall": 0.7171464330413017,
    "predict_director_f1": 0.5515587529976018,
    "predict_director_number": 554,
    "predict_director_precision": 0.4949784791965567,
    "predict_director_recall": 0.6227436823104693,
    "predict_disaster_f1": 0.36619718309859156,
    "predict_disaster_number": 207,
    "predict_disaster_precision": 0.3137931034482759,
    "predict_disaster_recall": 0.4396135265700483,
    "predict_disease_f1": 0.5045140732873075,
    "predict_disease_number": 750,
    "predict_disease_precision": 0.41924095322153576,
    "predict_disease_recall": 0.6333333333333333,
    "predict_education_f1": 0.6381203337725077,
    "predict_education_number": 2082,
    "predict_education_precision": 0.5877831715210357,
    "predict_education_recall": 0.6978866474543708,
    "predict_educationaldegree_f1": 0.4358407079646018,
    "predict_educationaldegree_number": 367,
    "predict_educationaldegree_precision": 0.36685288640595903,
    "predict_educationaldegree_recall": 0.5367847411444142,
    "predict_election_f1": 0.18271604938271604,
    "predict_election_number": 184,
    "predict_election_precision": 0.167420814479638,
    "predict_election_recall": 0.20108695652173914,
    "predict_film_f1": 0.5973534971644613,
    "predict_film_number": 759,
    "predict_film_precision": 0.572463768115942,
    "predict_film_recall": 0.6245059288537549,
    "predict_food_f1": 0.36694214876033054,
    "predict_food_number": 432,
    "predict_food_precision": 0.2853470437017995,
    "predict_food_recall": 0.5138888888888888,
    "predict_game_f1": 0.5545657015590201,
    "predict_game_number": 496,
    "predict_game_precision": 0.6194029850746269,
    "predict_game_recall": 0.5020161290322581,
    "predict_god_f1": 0.5744089012517385,
    "predict_god_number": 635,
    "predict_god_precision": 0.5143212951432129,
    "predict_god_recall": 0.6503937007874016,
    "predict_government/governmentagency_f1": 0.29491233112963494,
    "predict_government/governmentagency_number": 1535,
    "predict_government/governmentagency_precision": 0.2638888888888889,
    "predict_government/governmentagency_recall": 0.33420195439739414,
    "predict_hospital_f1": 0.5846925972396487,
    "predict_hospital_number": 364,
    "predict_hospital_precision": 0.5381062355658198,
    "predict_hospital_recall": 0.6401098901098901,
    "predict_hotel_f1": 0.5338078291814946,
    "predict_hotel_number": 265,
    "predict_hotel_precision": 0.5050505050505051,
    "predict_hotel_recall": 0.5660377358490566,
    "predict_island_f1": 0.5456039441248973,
    "predict_island_number": 646,
    "predict_island_precision": 0.5814360770577933,
    "predict_island_recall": 0.5139318885448917,
    "predict_language_f1": 0.6079641054402691,
    "predict_language_number": 753,
    "predict_language_precision": 0.5262135922330097,
    "predict_language_recall": 0.7197875166002656,
    "predict_law_f1": 0.4306306306306307,
    "predict_law_number": 488,
    "predict_law_precision": 0.3842443729903537,
    "predict_law_recall": 0.48975409836065575,
    "predict_library_f1": 0.5331664580725908,
    "predict_library_number": 357,
    "predict_library_precision": 0.4819004524886878,
    "predict_library_recall": 0.5966386554621849,
    "predict_livingthing_f1": 0.5119305856832971,
    "predict_livingthing_number": 865,
    "predict_livingthing_precision": 0.4821246169560776,
    "predict_livingthing_recall": 0.545664739884393,
    "predict_loss": 0.5097066164016724,
    "predict_media/newspaper_f1": 0.5243761996161229,
    "predict_media/newspaper_number": 1234,
    "predict_media/newspaper_precision": 0.49817651349380015,
    "predict_media/newspaper_recall": 0.553484602917342,
    "predict_medical_f1": 0.32454361054766734,
    "predict_medical_number": 397,
    "predict_medical_precision": 0.27164685908319186,
    "predict_medical_recall": 0.40302267002518893,
    "predict_mountain_f1": 0.5373134328358209,
    "predict_mountain_number": 681,
    "predict_mountain_precision": 0.5206611570247934,
    "predict_mountain_recall": 0.5550660792951542,
    "predict_music_f1": 0.6125425376762275,
    "predict_music_number": 1041,
    "predict_music_precision": 0.6200787401574803,
    "predict_music_recall": 0.6051873198847262,
    "predict_other_f1": 0.44599889319313774,
    "predict_other_number": 21035,
    "predict_other_precision": 0.4173156586578293,
    "predict_other_recall": 0.4789160922272403,
    "predict_overall_accuracy": 0.9011795182475729,
    "predict_overall_f1": 0.5631593941179027,
    "predict_overall_precision": 0.5291304860676339,
    "predict_overall_recall": 0.6018659951285968,
    "predict_painting_f1": 0.2608695652173913,
    "predict_painting_number": 58,
    "predict_painting_precision": 0.20388349514563106,
    "predict_painting_recall": 0.3620689655172414,