{
    "predict_GPE_f1": 0.7344609173801072,
    "predict_GPE_number": 20409,
    "predict_GPE_precision": 0.6975145425700687,
    "predict_GPE_recall": 0.7755402028516831,
    "predict_actor_f1": 0.6117788461538461,
    "predict_actor_number": 1638,
    "predict_actor_precision": 0.6023668639053255,
    "predict_actor_recall": 0.6214896214896215,
    "predict_airplane_f1": 0.49716803020767775,
    "predict_airplane_number": 794,
    "predict_airplane_precision": 0.4968553459119497,
    "predict_airplane_recall": 0.49748110831234255,
    "predict_airport_f1": 0.5587863463969658,
    "predict_airport_number": 364,
    "predict_airport_precision": 0.5175644028103045,
    "predict_airport_recall": 0.6071428571428571,
    "predict_artist/author_f1": 0.5326224930185326,
    "predict_artist/author_number": 3464,
    "predict_artist/author_precision": 0.4753058450385138,
    "predict_artist/author_recall": 0.6056581986143187,
    "predict_astronomything_f1": 0.6426043878273179,
    "predict_astronomything_number": 678,
    "predict_astronomything_precision": 0.617687074829932,
    "predict_astronomything_recall": 0.6696165191740413,
    "predict_athlete_f1": 0.7598980458793543,
    "predict_athlete_number": 2907,
    "predict_athlete_precision": 0.7508394895903291,
    "predict_athlete_recall": 0.7691778465772274,
    "predict_attack/battle/war/militaryconflict_f1": 0.5764119601328903,
    "predict_attack/battle/war/militaryconflict_number": 1099,
    "predict_attack/battle/war/militaryconflict_precision": 0.5301757066462949,
    "predict_attack/battle/war/militaryconflict_recall": 0.6314831665150137,
    "predict_award_f1": 0.4183123877917415,
    "predict_award_number": 941,
    "predict_award_precision": 0.3620823620823621,
    "predict_award_recall": 0.4952178533475027,
    "predict_biologything_f1": 0.5495750708215298,
    "predict_biologything_number": 1875,
    "predict_biologything_precision": 0.5313745019920318,
    "predict_biologything_recall": 0.5690666666666667,
    "predict_bodiesofwater_f1": 0.5738255033557047,
    "predict_bodiesofwater_number": 1169,
    "predict_bodiesofwater_precision": 0.562962962962963,
    "predict_bodiesofwater_recall": 0.5851154833190761,
    "predict_broadcastprogram_f1": 0.38966789667896673,
    "predict_broadcastprogram_number": 605,
    "predict_broadcastprogram_precision": 0.352,
    "predict_broadcastprogram_recall": 0.43636363636363634,
    "predict_car_f1": 0.5866261398176292,
    "predict_car_number": 688,
    "predict_car_precision": 0.6146496815286624,
    "predict_car_recall": 0.561046511627907,
    "predict_chemicalthing_f1": 0.4837209302325581,
    "predict_chemicalthing_number": 1014,
    "predict_chemicalthing_precision": 0.45774647887323944,
    "predict_chemicalthing_recall": 0.5128205128205128,
    "predict_company_f1": 0.5263032611283027,
    "predict_company_number": 3903,
    "predict_company_precision": 0.49144254278728605,
    "predict_company_recall": 0.5664873174481169,
    "predict_currency_f1": 0.646188850967008,
    "predict_currency_number": 799,
    "predict_currency_precision": 0.5922836287799792,
    "predict_currency_recall": 0.7108886107634543,
    "predict_director_f1": 0.4965380811078141,
    "predict_director_number": 554,
    "predict_director_precision": 0.5492341356673961,
    "predict_director_recall": 0.45306859205776173,
    "predict_disaster_f1": 0.3521739130434782,
    "predict_disaster_number": 207,
    "predict_disaster_precision": 0.3201581027667984,
    "predict_disaster_recall": 0.391304347826087,
    "predict_disease_f1": 0.5123523093447906,
    "predict_disease_number": 750,
    "predict_disease_precision": 0.4289568345323741,
    "predict_disease_recall": 0.636,
    "predict_education_f1": 0.5915431560592851,
    "predict_education_number": 2082,
    "predict_education_precision": 0.5415003990422985,
    "predict_education_recall": 0.6517771373679154,
    "predict_educationaldegree_f1": 0.4216335540838852,
    "predict_educationaldegree_number": 367,
    "predict_educationaldegree_precision": 0.35435992578849723,
    "predict_educationaldegree_recall": 0.5204359673024523,
    "predict_election_f1": 0.09819121447028424,
    "predict_election_number": 184,
    "predict_election_precision": 0.09359605911330049,
    "predict_election_recall": 0.10326086956521739,
    "predict_film_f1": 0.5367264314632735,
    "predict_film_number": 759,
    "predict_film_precision": 0.47835051546391755,
    "predict_film_recall": 0.61133069828722,
    "predict_food_f1": 0.36774193548387096,
    "predict_food_number": 432,
    "predict_food_precision": 0.3433734939759036,
    "predict_food_recall": 0.3958333333333333,
    "predict_game_f1": 0.5267326732673268,
    "predict_game_number": 496,
    "predict_game_precision": 0.5175097276264592,
    "predict_game_recall": 0.5362903225806451,
    "predict_god_f1": 0.5272591486183719,
    "predict_god_number": 635,
    "predict_god_precision": 0.5014204545454546,
    "predict_god_recall": 0.5559055118110237,
    "predict_government/governmentagency_f1": 0.31277056277056275,
    "predict_government/governmentagency_number": 1535,
    "predict_government/governmentagency_precision": 0.26746876446089773,
    "predict_government/governmentagency_recall": 0.37654723127035833,
    "predict_hospital_f1": 0.5790754257907543,
    "predict_hospital_number": 364,
    "predict_hospital_precision": 0.519650655021834,
    "predict_hospital_recall": 0.6538461538461539,
    "predict_hotel_f1": 0.483704974271012,
    "predict_hotel_number": 265,
    "predict_hotel_precision": 0.44339622641509435,
    "predict_hotel_recall": 0.5320754716981132,
    "predict_island_f1": 0.4823889739663093,
    "predict_island_number": 646,
    "predict_island_precision": 0.4772727272727273,
    "predict_island_recall": 0.48761609907120745,
    "predict_language_f1": 0.6327557294577976,
    "predict_language_number": 753,
    "predict_language_precision": 0.5463320463320464,
    "predict_language_recall": 0.751660026560425,
    "predict_law_f1": 0.42748091603053434,
    "predict_law_number": 488,
    "predict_law_precision": 0.36468885672937773,
    "predict_law_recall": 0.5163934426229508,
    "predict_library_f1": 0.4444444444444445,
    "predict_library_number": 357,
    "predict_library_precision": 0.3815261044176707,
    "predict_library_recall": 0.5322128851540616,
    "predict_livingthing_f1": 0.49051094890510955,
    "predict_livingthing_number": 865,
    "predict_livingthing_precision": 0.4235294117647059,
    "predict_livingthing_recall": 0.5826589595375723,
    "predict_loss": 0.6197932362556458,
    "predict_media/newspaper_f1": 0.48024549290372076,
    "predict_media/newspaper_number": 1234,
    "predict_media/newspaper_precision": 0.4559359067734887,
    "predict_media/newspaper_recall": 0.5072933549432739,
    "predict_medical_f1": 0.40382317801672646,
    "predict_medical_number": 397,
    "predict_medical_precision": 0.3840909090909091,
    "predict_medical_recall": 0.4256926952141058,
    "predict_mountain_f1": 0.5443548387096774,
    "predict_mountain_number": 681,
    "predict_mountain_precision": 0.5018587360594795,
    "predict_mountain_recall": 0.5947136563876652,
    "predict_music_f1": 0.5755196304849884,
    "predict_music_number": 1041,
    "predict_music_precision": 0.5542704626334519,
    "predict_music_recall": 0.5984630163304515,
    "predict_other_f1": 0.4162778413592746,
    "predict_other_number": 21035,
    "predict_other_precision": 0.38756608335723947,
    "predict_other_recall": 0.4495840266222962,
    "predict_overall_accuracy": 0.8976107806925544,
    "predict_overall_f1": 0.5394265404202058,
    "predict_overall_precision": 0.5021434797303307,
    "predict_overall_recall": 0.5826900053668002,
    "predict_painting_f1": 0.07936507936507936,
    "predict_painting_number": 58,
    "predict_painting_precision": 0.07352941176470588,
    "predict_painting_recall": 0.08620689655172414,
    "predict_park_f1": 0.38978240302743616,