{
    "predict_GPE_f1": 0.7727392124555246,
    "predict_GPE_number": 20409,
    "predict_GPE_precision": 0.7536798956586548,
    "predict_GPE_recall": 0.7927874957126758,
    "predict_actor_f1": 0.7021338789827536,
    "predict_actor_number": 1638,
    "predict_actor_precision": 0.6735838474481212,
    "predict_actor_recall": 0.7332112332112332,
    "predict_airplane_f1": 0.5736620565243535,
    "predict_airplane_number": 794,
    "predict_airplane_precision": 0.5489067894131185,
    "predict_airplane_recall": 0.6007556675062973,
    "predict_airport_f1": 0.7100893997445722,
    "predict_airport_number": 364,
    "predict_airport_precision": 0.6634844868735084,
    "predict_airport_recall": 0.7637362637362637,
    "predict_artist/author_f1": 0.608106276264064,
    "predict_artist/author_number": 3464,
    "predict_artist/author_precision": 0.5732174801942244,
    "predict_artist/author_recall": 0.6475173210161663,
    "predict_astronomything_f1": 0.692524682651622,
    "predict_astronomything_number": 678,
    "predict_astronomything_precision": 0.6635135135135135,
    "predict_astronomything_recall": 0.724188790560472,
    "predict_athlete_f1": 0.7823886639676113,
    "predict_athlete_number": 2907,
    "predict_athlete_precision": 0.7676266137040715,
    "predict_athlete_recall": 0.7977296181630547,
    "predict_attack/battle/war/militaryconflict_f1": 0.6556089044085551,
    "predict_attack/battle/war/militaryconflict_number": 1099,
    "predict_attack/battle/war/militaryconflict_precision": 0.6300335570469798,
    "predict_attack/battle/war/militaryconflict_recall": 0.6833484986351228,
    "predict_award_f1": 0.5109916951636542,
    "predict_award_number": 941,
    "predict_award_precision": 0.472875226039783,
    "predict_award_recall": 0.5557917109458024,
    "predict_biologything_f1": 0.5682920602501916,
    "predict_biologything_number": 1875,
    "predict_biologything_precision": 0.5450538687561215,
    "predict_biologything_recall": 0.5936,
    "predict_bodiesofwater_f1": 0.6353430353430354,
    "predict_bodiesofwater_number": 1169,
    "predict_bodiesofwater_precision": 0.6181229773462783,
    "predict_bodiesofwater_recall": 0.6535500427715997,
    "predict_broadcastprogram_f1": 0.4620355411954765,
    "predict_broadcastprogram_number": 605,
    "predict_broadcastprogram_precision": 0.4518167456556082,
    "predict_broadcastprogram_recall": 0.4727272727272727,
    "predict_car_f1": 0.5937940761636107,
    "predict_car_number": 688,
    "predict_car_precision": 0.5767123287671233,
    "predict_car_recall": 0.6119186046511628,
    "predict_chemicalthing_f1": 0.5110809588421529,
    "predict_chemicalthing_number": 1014,
    "predict_chemicalthing_precision": 0.47201336675020883,
    "predict_chemicalthing_recall": 0.5571992110453649,
    "predict_company_f1": 0.5971783021162734,
    "predict_company_number": 3903,
    "predict_company_precision": 0.5684186154202362,
    "predict_company_recall": 0.6290033307712016,
    "predict_currency_f1": 0.6792452830188679,
    "predict_currency_number": 799,
    "predict_currency_precision": 0.6252631578947369,
    "predict_currency_recall": 0.7434292866082604,
    "predict_director_f1": 0.6153846153846155,
    "predict_director_number": 554,
    "predict_director_precision": 0.5786963434022258,
    "predict_director_recall": 0.6570397111913358,
    "predict_disaster_f1": 0.3983050847457627,
    "predict_disaster_number": 207,
    "predict_disaster_precision": 0.35471698113207545,
    "predict_disaster_recall": 0.45410628019323673,
    "predict_disease_f1": 0.5508425334108077,
    "predict_disease_number": 750,
    "predict_disease_precision": 0.4881565396498455,
    "predict_disease_recall": 0.632,
    "predict_education_f1": 0.6767537826685007,
    "predict_education_number": 2082,
    "predict_education_precision": 0.6473684210526316,
    "predict_education_recall": 0.7089337175792507,
    "predict_educationaldegree_f1": 0.49122807017543857,
    "predict_educationaldegree_number": 367,
    "predict_educationaldegree_precision": 0.430327868852459,
    "predict_educationaldegree_recall": 0.5722070844686649,
    "predict_election_f1": 0.21077283372365338,
    "predict_election_number": 184,
    "predict_election_precision": 0.18518518518518517,
    "predict_election_recall": 0.24456521739130435,
    "predict_film_f1": 0.6390605686032139,
    "predict_film_number": 759,
    "predict_film_precision": 0.6018626309662398,
    "predict_film_recall": 0.6811594202898551,
    "predict_food_f1": 0.42828685258964144,
    "predict_food_number": 432,
    "predict_food_precision": 0.3758741258741259,
    "predict_food_recall": 0.4976851851851852,
    "predict_game_f1": 0.597918637653737,
    "predict_game_number": 496,
    "predict_game_precision": 0.5632798573975044,
    "predict_game_recall": 0.6370967741935484,
    "predict_god_f1": 0.5982274741506648,
    "predict_god_number": 635,
    "predict_god_precision": 0.5632823365785814,
    "predict_god_recall": 0.6377952755905512,
    "predict_government/governmentagency_f1": 0.3576619273301738,
    "predict_government/governmentagency_number": 1535,
    "predict_government/governmentagency_precision": 0.347239263803681,
    "predict_government/governmentagency_recall": 0.36872964169381106,
    "predict_hospital_f1": 0.6116751269035532,
    "predict_hospital_number": 364,
    "predict_hospital_precision": 0.5683962264150944,
    "predict_hospital_recall": 0.6620879120879121,
    "predict_hotel_f1": 0.5645756457564576,
    "predict_hotel_number": 265,
    "predict_hotel_precision": 0.5523465703971119,
    "predict_hotel_recall": 0.5773584905660377,
    "predict_island_f1": 0.6162420382165607,
    "predict_island_number": 646,
    "predict_island_precision": 0.6344262295081967,
    "predict_island_recall": 0.5990712074303406,
    "predict_language_f1": 0.6527942925089179,
    "predict_language_number": 753,
    "predict_language_precision": 0.5909580193756727,
    "predict_language_recall": 0.7290836653386454,
    "predict_law_f1": 0.5069897483690587,
    "predict_law_number": 488,
    "predict_law_precision": 0.46495726495726497,
    "predict_law_recall": 0.5573770491803278,
    "predict_library_f1": 0.6276041666666666,
    "predict_library_number": 357,
    "predict_library_precision": 0.5863746958637469,
    "predict_library_recall": 0.6750700280112045,
    "predict_livingthing_f1": 0.5229681978798587,
    "predict_livingthing_number": 865,
    "predict_livingthing_precision": 0.46415770609318996,
    "predict_livingthing_recall": 0.5988439306358382,
    "predict_loss": 0.4327714741230011,
    "predict_media/newspaper_f1": 0.5462998837659823,
    "predict_media/newspaper_number": 1234,
    "predict_media/newspaper_precision": 0.5233853006681515,
    "predict_media/newspaper_recall": 0.5713128038897893,
    "predict_medical_f1": 0.37837837837837834,
    "predict_medical_number": 397,
    "predict_medical_precision": 0.3421588594704684,
    "predict_medical_recall": 0.42317380352644834,
    "predict_mountain_f1": 0.5737226277372264,
    "predict_mountain_number": 681,
    "predict_mountain_precision": 0.5703918722786647,
    "predict_mountain_recall": 0.5770925110132159,
    "predict_music_f1": 0.6758686339838172,
    "predict_music_number": 1041,
    "predict_music_precision": 0.6698113207547169,
    "predict_music_recall": 0.6820365033621518,
    "predict_other_f1": 0.48473623136659816,
    "predict_other_number": 21035,
    "predict_other_precision": 0.4567859696345207,
    "predict_other_recall": 0.5163299263132873,
    "predict_overall_accuracy": 0.9079239653701086,
    "predict_overall_f1": 0.5969919202034185,
    "predict_overall_precision": 0.569234081590624,
    "predict_overall_recall": 0.6275956735334186,
    "predict_painting_f1": 0.43410852713178294,
    "predict_painting_number": 58,
    "predict_painting_precision": 0.39436619718309857,
    "predict_painting_recall": 0.4827586206896552,
    "predict_park_f1": 0.5325325325325326,