{
    "predict_GPE_f1": 0.7685972053607562,
    "predict_GPE_number": 20409,
    "predict_GPE_precision": 0.7474074074074074,
    "predict_GPE_recall": 0.7910235680337107,
    "predict_actor_f1": 0.7059907834101382,
    "predict_actor_number": 1638,
    "predict_actor_precision": 0.7105751391465677,
    "predict_actor_recall": 0.7014652014652014,
    "predict_airplane_f1": 0.5393939393939394,
    "predict_airplane_number": 794,
    "predict_airplane_precision": 0.5198598130841121,
    "predict_airplane_recall": 0.5604534005037783,
    "predict_airport_f1": 0.7032679738562091,
    "predict_airport_number": 364,
    "predict_airport_precision": 0.6708229426433915,
    "predict_airport_recall": 0.739010989010989,
    "predict_artist/author_f1": 0.5821520183610099,
    "predict_artist/author_number": 3464,
    "predict_artist/author_precision": 0.5467917829064164,
    "predict_artist/author_recall": 0.6224018475750578,
    "predict_astronomything_f1": 0.6291012838801712,
    "predict_astronomything_number": 678,
    "predict_astronomything_precision": 0.6091160220994475,
    "predict_astronomything_recall": 0.6504424778761062,
    "predict_athlete_f1": 0.7688726305287661,
    "predict_athlete_number": 2907,
    "predict_athlete_precision": 0.744126166720309,
    "predict_athlete_recall": 0.7953216374269005,
    "predict_attack/battle/war/militaryconflict_f1": 0.6102542726135889,
    "predict_attack/battle/war/militaryconflict_number": 1099,
    "predict_attack/battle/war/militaryconflict_precision": 0.563076923076923,
    "predict_attack/battle/war/militaryconflict_recall": 0.6660600545950864,
    "predict_award_f1": 0.4299541518084564,
    "predict_award_number": 941,
    "predict_award_precision": 0.41291585127201563,
    "predict_award_recall": 0.44845908607863977,
    "predict_biologything_f1": 0.5294902588737657,
    "predict_biologything_number": 1875,
    "predict_biologything_precision": 0.5299145299145299,
    "predict_biologything_recall": 0.5290666666666667,
    "predict_bodiesofwater_f1": 0.6263135771332493,
    "predict_bodiesofwater_number": 1169,
    "predict_bodiesofwater_precision": 0.6157024793388429,
    "predict_bodiesofwater_recall": 0.6372968349016254,
    "predict_broadcastprogram_f1": 0.4741447891805887,
    "predict_broadcastprogram_number": 605,
    "predict_broadcastprogram_precision": 0.4570552147239264,
    "predict_broadcastprogram_recall": 0.4925619834710744,
    "predict_car_f1": 0.6027397260273972,
    "predict_car_number": 688,
    "predict_car_precision": 0.6325878594249201,
    "predict_car_recall": 0.5755813953488372,
    "predict_chemicalthing_f1": 0.48301535597952533,
    "predict_chemicalthing_number": 1014,
    "predict_chemicalthing_precision": 0.4572687224669604,
    "predict_chemicalthing_recall": 0.5118343195266272,
    "predict_company_f1": 0.5891570832806773,
    "predict_company_number": 3903,
    "predict_company_precision": 0.5812967581047381,
    "predict_company_recall": 0.5972328977709455,
    "predict_currency_f1": 0.6619552414605419,
    "predict_currency_number": 799,
    "predict_currency_precision": 0.625139043381535,
    "predict_currency_recall": 0.7033792240300375,
    "predict_director_f1": 0.555,
    "predict_director_number": 554,
    "predict_director_precision": 0.5154798761609907,
    "predict_director_recall": 0.6010830324909747,
    "predict_disaster_f1": 0.3919191919191919,
    "predict_disaster_number": 207,
    "predict_disaster_precision": 0.3368055555555556,
    "predict_disaster_recall": 0.46859903381642515,
    "predict_disease_f1": 0.5370581527936147,
    "predict_disease_number": 750,
    "predict_disease_precision": 0.46912350597609564,
    "predict_disease_recall": 0.628,
    "predict_education_f1": 0.6792975970425138,
    "predict_education_number": 2082,
    "predict_education_precision": 0.6544968833481746,
    "predict_education_recall": 0.7060518731988472,
    "predict_educationaldegree_f1": 0.42443729903536975,
    "predict_educationaldegree_number": 367,
    "predict_educationaldegree_precision": 0.3498233215547703,
    "predict_educationaldegree_recall": 0.5395095367847411,
    "predict_election_f1": 0.16149068322981364,
    "predict_election_number": 184,
    "predict_election_precision": 0.18840579710144928,
    "predict_election_recall": 0.14130434782608695,
    "predict_film_f1": 0.6009327115256495,
    "predict_film_number": 759,
    "predict_film_precision": 0.6078167115902965,
    "predict_film_recall": 0.5942028985507246,
    "predict_food_f1": 0.4363636363636364,
    "predict_food_number": 432,
    "predict_food_precision": 0.3592814371257485,
    "predict_food_recall": 0.5555555555555556,
    "predict_game_f1": 0.5926701570680628,
    "predict_game_number": 496,
    "predict_game_precision": 0.616557734204793,
    "predict_game_recall": 0.5705645161290323,
    "predict_god_f1": 0.5522388059701492,
    "predict_god_number": 635,
    "predict_god_precision": 0.5831873905429071,
    "predict_god_recall": 0.5244094488188976,
    "predict_government/governmentagency_f1": 0.3246073298429319,
    "predict_government/governmentagency_number": 1535,
    "predict_government/governmentagency_precision": 0.2932212296374146,
    "predict_government/governmentagency_recall": 0.36351791530944627,
    "predict_hospital_f1": 0.6299862448418156,
    "predict_hospital_number": 364,
    "predict_hospital_precision": 0.6308539944903582,
    "predict_hospital_recall": 0.6291208791208791,
    "predict_hotel_f1": 0.5444015444015444,
    "predict_hotel_number": 265,
    "predict_hotel_precision": 0.5573122529644269,
    "predict_hotel_recall": 0.5320754716981132,
    "predict_island_f1": 0.5570032573289903,
    "predict_island_number": 646,
    "predict_island_precision": 0.5876288659793815,
    "predict_island_recall": 0.5294117647058824,
    "predict_language_f1": 0.6106408706166868,
    "predict_language_number": 753,
    "predict_language_precision": 0.560488346281909,
    "predict_language_recall": 0.6706507304116865,
    "predict_law_f1": 0.4374468085106383,
    "predict_law_number": 488,
    "predict_law_precision": 0.37409024745269287,
    "predict_law_recall": 0.5266393442622951,
    "predict_library_f1": 0.640625,
    "predict_library_number": 357,
    "predict_library_precision": 0.5985401459854015,
    "predict_library_recall": 0.6890756302521008,
    "predict_livingthing_f1": 0.4873859366612989,
    "predict_livingthing_number": 865,
    "predict_livingthing_precision": 0.45490981963927857,
    "predict_livingthing_recall": 0.5248554913294797,
    "predict_loss": 0.514989972114563,
    "predict_media/newspaper_f1": 0.5523667536339918,
    "predict_media/newspaper_number": 1234,
    "predict_media/newspaper_precision": 0.5113871635610766,
    "predict_media/newspaper_recall": 0.600486223662885,
    "predict_medical_f1": 0.3639672429481347,
    "predict_medical_number": 397,
    "predict_medical_precision": 0.2849002849002849,
    "predict_medical_recall": 0.5037783375314862,
    "predict_mountain_f1": 0.5937984496124031,
    "predict_mountain_number": 681,
    "predict_mountain_precision": 0.6288998357963875,
    "predict_mountain_recall": 0.5624082232011748,
    "predict_music_f1": 0.6370638876302673,
    "predict_music_number": 1041,
    "predict_music_precision": 0.6029159519725558,
    "predict_music_recall": 0.675312199807877,
    "predict_other_f1": 0.4729789492304971,
    "predict_other_number": 21035,
    "predict_other_precision": 0.44214312290710656,
    "predict_other_recall": 0.5084383170905633,
    "predict_overall_accuracy": 0.9035572290006884,
    "predict_overall_f1": 0.5799639731364908,
    "predict_overall_precision": 0.5515921787709497,
    "predict_overall_recall": 0.6114127069314288,
    "predict_painting_f1": 0.0,
    "predict_painting_number": 58,
    "predict_painting_precision": 0.0,
    "predict_painting_recall": 0.0,
    "predict_park_f1": 0.4637053087757313,
    "predict_park_number": 458,
    "predict_park_precision": 0.46021505376344085,