{
    "predict_GPE_f1": 0.7661229135053111,
    "predict_GPE_number": 20409,
    "predict_GPE_precision": 0.7422244682317269,
    "predict_GPE_recall": 0.791611543926699,
    "predict_actor_f1": 0.6805555555555555,
    "predict_actor_number": 1638,
    "predict_actor_precision": 0.6468646864686468,
    "predict_actor_recall": 0.717948717948718,
    "predict_airplane_f1": 0.5217391304347825,
    "predict_airplane_number": 794,
    "predict_airplane_precision": 0.5147058823529411,
    "predict_airplane_recall": 0.5289672544080605,
    "predict_airport_f1": 0.6836982968369831,
    "predict_airport_number": 364,
    "predict_airport_precision": 0.6135371179039302,
    "predict_airport_recall": 0.771978021978022,
    "predict_artist/author_f1": 0.6004296455424275,
    "predict_artist/author_number": 3464,
    "predict_artist/author_precision": 0.5612449799196787,
    "predict_artist/author_recall": 0.6454965357967667,
    "predict_astronomything_f1": 0.6394052044609666,
    "predict_astronomything_number": 678,
    "predict_astronomything_precision": 0.6446776611694153,
    "predict_astronomything_recall": 0.6342182890855457,
    "predict_athlete_f1": 0.7719475277497477,
    "predict_athlete_number": 2907,
    "predict_athlete_precision": 0.7551826258637709,
    "predict_athlete_recall": 0.7894736842105263,
    "predict_attack/battle/war/militaryconflict_f1": 0.6260794473229706,
    "predict_attack/battle/war/militaryconflict_number": 1099,
    "predict_attack/battle/war/militaryconflict_precision": 0.5957271980279375,
    "predict_attack/battle/war/militaryconflict_recall": 0.6596906278434941,
    "predict_award_f1": 0.46279491833030856,
    "predict_award_number": 941,
    "predict_award_precision": 0.40380047505938244,
    "predict_award_recall": 0.5419766206163655,
    "predict_biologything_f1": 0.5197179420214155,
    "predict_biologything_number": 1875,
    "predict_biologything_precision": 0.5092118730808598,
    "predict_biologything_recall": 0.5306666666666666,
    "predict_bodiesofwater_f1": 0.6306089743589742,
    "predict_bodiesofwater_number": 1169,
    "predict_bodiesofwater_precision": 0.5930670685757348,
    "predict_bodiesofwater_recall": 0.6732249786142002,
    "predict_broadcastprogram_f1": 0.3700440528634361,
    "predict_broadcastprogram_number": 605,
    "predict_broadcastprogram_precision": 0.39622641509433965,
    "predict_broadcastprogram_recall": 0.34710743801652894,
    "predict_car_f1": 0.5575842696629213,
    "predict_car_number": 688,
    "predict_car_precision": 0.5394021739130435,
    "predict_car_recall": 0.5770348837209303,
    "predict_chemicalthing_f1": 0.472668810289389,
    "predict_chemicalthing_number": 1014,
    "predict_chemicalthing_precision": 0.3989145183175034,
    "predict_chemicalthing_recall": 0.5798816568047337,
    "predict_company_f1": 0.5655768044417026,
    "predict_company_number": 3903,
    "predict_company_precision": 0.5454545454545454,
    "predict_company_recall": 0.5872405841660261,
    "predict_currency_f1": 0.6666666666666667,
    "predict_currency_number": 799,
    "predict_currency_precision": 0.6286031042128604,
    "predict_currency_recall": 0.7096370463078848,
    "predict_director_f1": 0.5744507729861675,
    "predict_director_number": 554,
    "predict_director_precision": 0.522962962962963,
    "predict_director_recall": 0.6371841155234657,
    "predict_disaster_f1": 0.36285097192224625,
    "predict_disaster_number": 207,
    "predict_disaster_precision": 0.328125,
    "predict_disaster_recall": 0.4057971014492754,
    "predict_disease_f1": 0.5231788079470199,
    "predict_disease_number": 750,
    "predict_disease_precision": 0.4463276836158192,
    "predict_disease_recall": 0.632,
    "predict_education_f1": 0.672668513388735,
    "predict_education_number": 2082,
    "predict_education_precision": 0.6475555555555556,
    "predict_education_recall": 0.6998078770413064,
    "predict_educationaldegree_f1": 0.41543700340522133,
    "predict_educationaldegree_number": 367,
    "predict_educationaldegree_precision": 0.3560311284046693,
    "predict_educationaldegree_recall": 0.4986376021798365,
    "predict_election_f1": 0.21748400852878466,
    "predict_election_number": 184,
    "predict_election_precision": 0.17894736842105263,
    "predict_election_recall": 0.27717391304347827,
    "predict_film_f1": 0.5744555620953501,
    "predict_film_number": 759,
    "predict_film_precision": 0.5191489361702127,
    "predict_film_recall": 0.6429512516469038,
    "predict_food_f1": 0.42536585365853663,
    "predict_food_number": 432,
    "predict_food_precision": 0.3676222596964587,
    "predict_food_recall": 0.5046296296296297,
    "predict_game_f1": 0.5832471561530507,
    "predict_game_number": 496,
    "predict_game_precision": 0.5987261146496815,
    "predict_game_recall": 0.5685483870967742,
    "predict_god_f1": 0.5517241379310345,
    "predict_god_number": 635,
    "predict_god_precision": 0.5763293310463122,
    "predict_god_recall": 0.5291338582677165,
    "predict_government/governmentagency_f1": 0.30006049606775564,
    "predict_government/governmentagency_number": 1535,
    "predict_government/governmentagency_precision": 0.2800677583286279,
    "predict_government/governmentagency_recall": 0.3231270358306189,
    "predict_hospital_f1": 0.5652173913043478,
    "predict_hospital_number": 364,
    "predict_hospital_precision": 0.5287081339712919,
    "predict_hospital_recall": 0.6071428571428571,
    "predict_hotel_f1": 0.525,
    "predict_hotel_number": 265,
    "predict_hotel_precision": 0.49830508474576274,
    "predict_hotel_recall": 0.5547169811320755,
    "predict_island_f1": 0.5375494071146245,
    "predict_island_number": 646,
    "predict_island_precision": 0.5492730210016155,
    "predict_island_recall": 0.5263157894736842,
    "predict_language_f1": 0.6076409945421467,
    "predict_language_number": 753,
    "predict_language_precision": 0.5591517857142857,
    "predict_language_recall": 0.6653386454183267,
    "predict_law_f1": 0.46476510067114096,
    "predict_law_number": 488,
    "predict_law_precision": 0.3934659090909091,
    "predict_law_recall": 0.5676229508196722,
    "predict_library_f1": 0.597609561752988,
    "predict_library_number": 357,
    "predict_library_precision": 0.5681818181818182,
    "predict_library_recall": 0.6302521008403361,
    "predict_livingthing_f1": 0.5246753246753247,
    "predict_livingthing_number": 865,
    "predict_livingthing_precision": 0.47641509433962265,
    "predict_livingthing_recall": 0.5838150289017341,
    "predict_loss": 0.5217227935791016,
    "predict_media/newspaper_f1": 0.5376903082064611,
    "predict_media/newspaper_number": 1234,
    "predict_media/newspaper_precision": 0.4962302947224126,
    "predict_media/newspaper_recall": 0.586709886547812,
    "predict_medical_f1": 0.3760217983651226,
    "predict_medical_number": 397,
    "predict_medical_precision": 0.4094955489614243,
    "predict_medical_recall": 0.34760705289672544,
    "predict_mountain_f1": 0.5846833578792342,
    "predict_mountain_number": 681,
    "predict_mountain_precision": 0.5864106351550961,
    "predict_mountain_recall": 0.5829662261380323,
    "predict_music_f1": 0.643126177024482,
    "predict_music_number": 1041,
    "predict_music_precision": 0.6306555863342567,
    "predict_music_recall": 0.6560999039385207,
    "predict_other_f1": 0.46201529645238254,
    "predict_other_number": 21035,
    "predict_other_precision": 0.4350747522257685,
    "predict_other_recall": 0.4925124792013311,
    "predict_overall_accuracy": 0.902783115865085,
    "predict_overall_f1": 0.5734206283285289,
    "predict_overall_precision": 0.5444617639963629,
    "predict_overall_recall": 0.6056330760021468,
    "predict_painting_f1": 0.3652173913043478,
    "predict_painting_number": 58,
    "predict_painting_precision": 0.3684210526315789,
    "predict_painting_recall": 0.3620689655172414,
    "predict_park_f1": 0.4110756123535676,
    "predict_park_number": 458,