{
    "predict_GPE_f1": 0.7604893434005543,
    "predict_GPE_number": 20409,
    "predict_GPE_precision": 0.7421536165648464,
    "predict_GPE_recall": 0.7797540300847665,
    "predict_actor_f1": 0.7037256061502069,
    "predict_actor_number": 1638,
    "predict_actor_precision": 0.6823394495412844,
    "predict_actor_recall": 0.7264957264957265,
    "predict_airplane_f1": 0.5152253349573691,
    "predict_airplane_number": 794,
    "predict_airplane_precision": 0.4988207547169811,
    "predict_airplane_recall": 0.5327455919395466,
    "predict_airport_f1": 0.6915167095115681,
    "predict_airport_number": 364,
    "predict_airport_precision": 0.6497584541062802,
    "predict_airport_recall": 0.739010989010989,
    "predict_artist/author_f1": 0.560426882030574,
    "predict_artist/author_number": 3464,
    "predict_artist/author_precision": 0.559942363112392,
    "predict_artist/author_recall": 0.5609122401847575,
    "predict_astronomything_f1": 0.6611796982167353,
    "predict_astronomything_number": 678,
    "predict_astronomything_precision": 0.617948717948718,
    "predict_astronomything_recall": 0.7109144542772862,
    "predict_athlete_f1": 0.7762133510021535,
    "predict_athlete_number": 2907,
    "predict_athlete_precision": 0.7485623003194888,
    "predict_athlete_recall": 0.8059855521155831,
    "predict_attack/battle/war/militaryconflict_f1": 0.5938759065269944,
    "predict_attack/battle/war/militaryconflict_number": 1099,
    "predict_attack/battle/war/militaryconflict_precision": 0.5328994938539408,
    "predict_attack/battle/war/militaryconflict_recall": 0.6706096451319381,
    "predict_award_f1": 0.4431314623338257,
    "predict_award_number": 941,
    "predict_award_precision": 0.41284403669724773,
    "predict_award_recall": 0.4782146652497343,
    "predict_biologything_f1": 0.5287234042553192,
    "predict_biologything_number": 1875,
    "predict_biologything_precision": 0.5273209549071618,
    "predict_biologything_recall": 0.5301333333333333,
    "predict_bodiesofwater_f1": 0.5865809562073121,
    "predict_bodiesofwater_number": 1169,
    "predict_bodiesofwater_precision": 0.553030303030303,
    "predict_bodiesofwater_recall": 0.6244653550042771,
    "predict_broadcastprogram_f1": 0.46215780998389694,
    "predict_broadcastprogram_number": 605,
    "predict_broadcastprogram_precision": 0.45054945054945056,
    "predict_broadcastprogram_recall": 0.4743801652892562,
    "predict_car_f1": 0.6036671368124118,
    "predict_car_number": 688,
    "predict_car_precision": 0.5863013698630137,
    "predict_car_recall": 0.622093023255814,
    "predict_chemicalthing_f1": 0.48322147651006714,
    "predict_chemicalthing_number": 1014,
    "predict_chemicalthing_precision": 0.44226044226044225,
    "predict_chemicalthing_recall": 0.5325443786982249,
    "predict_company_f1": 0.5855418688565385,
    "predict_company_number": 3903,
    "predict_company_precision": 0.5691823899371069,
    "predict_company_recall": 0.6028695874967973,
    "predict_currency_f1": 0.6588759042849194,
    "predict_currency_number": 799,
    "predict_currency_precision": 0.593186372745491,
    "predict_currency_recall": 0.7409261576971214,
    "predict_director_f1": 0.5507487520798668,
    "predict_director_number": 554,
    "predict_director_precision": 0.5108024691358025,
    "predict_director_recall": 0.5974729241877257,
    "predict_disaster_f1": 0.34714003944773175,
    "predict_disaster_number": 207,
    "predict_disaster_precision": 0.29333333333333333,
    "predict_disaster_recall": 0.4251207729468599,
    "predict_disease_f1": 0.5388888888888889,
    "predict_disease_number": 750,
    "predict_disease_precision": 0.46190476190476193,
    "predict_disease_recall": 0.6466666666666666,
    "predict_education_f1": 0.6697695035460993,
    "predict_education_number": 2082,
    "predict_education_precision": 0.6218106995884773,
    "predict_education_recall": 0.7257444764649376,
    "predict_educationaldegree_f1": 0.39019407558733404,
    "predict_educationaldegree_number": 367,
    "predict_educationaldegree_precision": 0.31209150326797386,
    "predict_educationaldegree_recall": 0.5204359673024523,
    "predict_election_f1": 0.12727272727272726,
    "predict_election_number": 184,
    "predict_election_precision": 0.14383561643835616,
    "predict_election_recall": 0.11413043478260869,
    "predict_film_f1": 0.5832784726793943,
    "predict_film_number": 759,
    "predict_film_precision": 0.5828947368421052,
    "predict_film_recall": 0.5836627140974967,
    "predict_food_f1": 0.4548736462093863,
    "predict_food_number": 432,
    "predict_food_precision": 0.3727810650887574,
    "predict_food_recall": 0.5833333333333334,
    "predict_game_f1": 0.5793244626407369,
    "predict_game_number": 496,
    "predict_game_precision": 0.5883575883575883,
    "predict_game_recall": 0.5705645161290323,
    "predict_god_f1": 0.5795620437956205,
    "predict_god_number": 635,
    "predict_god_precision": 0.5401360544217687,
    "predict_god_recall": 0.6251968503937008,
    "predict_government/governmentagency_f1": 0.3186964926815797,
    "predict_government/governmentagency_number": 1535,
    "predict_government/governmentagency_precision": 0.2766059443911793,
    "predict_government/governmentagency_recall": 0.3758957654723127,
    "predict_hospital_f1": 0.5915119363395226,
    "predict_hospital_number": 364,
    "predict_hospital_precision": 0.5717948717948718,
    "predict_hospital_recall": 0.6126373626373627,
    "predict_hotel_f1": 0.5175097276264591,
    "predict_hotel_number": 265,
    "predict_hotel_precision": 0.5341365461847389,
    "predict_hotel_recall": 0.5018867924528302,
    "predict_island_f1": 0.543640897755611,
    "predict_island_number": 646,
    "predict_island_precision": 0.5870736086175943,
    "predict_island_recall": 0.5061919504643962,
    "predict_language_f1": 0.6134453781512604,
    "predict_language_number": 753,
    "predict_language_precision": 0.5596933187294633,
    "predict_language_recall": 0.6786188579017264,
    "predict_law_f1": 0.4502875924404272,
    "predict_law_number": 488,
    "predict_law_precision": 0.37585733882030176,
    "predict_law_recall": 0.5614754098360656,
    "predict_library_f1": 0.6012422360248447,
    "predict_library_number": 357,
    "predict_library_precision": 0.5401785714285714,
    "predict_library_recall": 0.6778711484593838,
    "predict_livingthing_f1": 0.4795321637426901,
    "predict_livingthing_number": 865,
    "predict_livingthing_precision": 0.4438976377952756,
    "predict_livingthing_recall": 0.5213872832369942,
    "predict_loss": 0.5250416994094849,
    "predict_media/newspaper_f1": 0.5502152080344334,
    "predict_media/newspaper_number": 1234,
    "predict_media/newspaper_precision": 0.49356499356499356,
    "predict_media/newspaper_recall": 0.6215559157212318,
    "predict_medical_f1": 0.3826578699340245,
    "predict_medical_number": 397,
    "predict_medical_precision": 0.3057228915662651,
    "predict_medical_recall": 0.5113350125944585,
    "predict_mountain_f1": 0.5405405405405405,
    "predict_mountain_number": 681,
    "predict_mountain_precision": 0.5377906976744186,
    "predict_mountain_recall": 0.5433186490455213,
    "predict_music_f1": 0.6460513796384396,
    "predict_music_number": 1041,
    "predict_music_precision": 0.6399622997172478,
    "predict_music_recall": 0.6522574447646494,
    "predict_other_f1": 0.4652177670238507,
    "predict_other_number": 21035,
    "predict_other_precision": 0.4263651843345345,
    "predict_other_recall": 0.5118611837413835,
    "predict_overall_accuracy": 0.9015041463366968,
    "predict_overall_f1": 0.5717805216345455,
    "predict_overall_precision": 0.5393116571825883,
    "predict_overall_recall": 0.6084093630021055,
    "predict_painting_f1": 0.0,
    "predict_painting_number": 58,
    "predict_painting_precision": 0.0,
    "predict_painting_recall": 0.0,
    "predict_park_f1": 0.4088050314465409,
    "predict_park_number": 458,