{
    "predict_GPE_f1": 0.7588921822897369,
    "predict_GPE_number": 20409,
    "predict_GPE_precision": 0.7194731064763996,
    "predict_GPE_recall": 0.8028810818756431,
    "predict_actor_f1": 0.6744998412194347,
    "predict_actor_number": 1638,
    "predict_actor_precision": 0.7028457974851092,
    "predict_actor_recall": 0.6483516483516484,
    "predict_airplane_f1": 0.5093378607809846,
    "predict_airplane_number": 794,
    "predict_airplane_precision": 0.4624871531346352,
    "predict_airplane_recall": 0.5667506297229219,
    "predict_airport_f1": 0.6725,
    "predict_airport_number": 364,
    "predict_airport_precision": 0.6169724770642202,
    "predict_airport_recall": 0.739010989010989,
    "predict_artist/author_f1": 0.5599687459304598,
    "predict_artist/author_number": 3464,
    "predict_artist/author_precision": 0.5100830367734283,
    "predict_artist/author_recall": 0.6206697459584296,
    "predict_astronomything_f1": 0.5567567567567566,
    "predict_astronomything_number": 678,
    "predict_astronomything_precision": 0.513715710723192,
    "predict_astronomything_recall": 0.6076696165191741,
    "predict_athlete_f1": 0.7740507406776774,
    "predict_athlete_number": 2907,
    "predict_athlete_precision": 0.7663519892110586,
    "predict_athlete_recall": 0.781905744754042,
    "predict_attack/battle/war/militaryconflict_f1": 0.5895953757225433,
    "predict_attack/battle/war/militaryconflict_number": 1099,
    "predict_attack/battle/war/militaryconflict_precision": 0.5396825396825397,
    "predict_attack/battle/war/militaryconflict_recall": 0.6496815286624203,
    "predict_award_f1": 0.4160887656033287,
    "predict_award_number": 941,
    "predict_award_precision": 0.36824877250409166,
    "predict_award_recall": 0.4782146652497343,
    "predict_biologything_f1": 0.5369797859690844,
    "predict_biologything_number": 1875,
    "predict_biologything_precision": 0.48454935622317596,
    "predict_biologything_recall": 0.6021333333333333,
    "predict_bodiesofwater_f1": 0.6064092029580936,
    "predict_bodiesofwater_number": 1169,
    "predict_bodiesofwater_precision": 0.583399209486166,
    "predict_bodiesofwater_recall": 0.6313088109495295,
    "predict_broadcastprogram_f1": 0.45021037868162694,
    "predict_broadcastprogram_number": 605,
    "predict_broadcastprogram_precision": 0.3909866017052375,
    "predict_broadcastprogram_recall": 0.5305785123966942,
    "predict_car_f1": 0.58295380611581,
    "predict_car_number": 688,
    "predict_car_precision": 0.5276796230859835,
    "predict_car_recall": 0.6511627906976745,
    "predict_chemicalthing_f1": 0.4789956542732979,
    "predict_chemicalthing_number": 1014,
    "predict_chemicalthing_precision": 0.4692526017029328,
    "predict_chemicalthing_recall": 0.4891518737672584,
    "predict_company_f1": 0.5783189502305237,
    "predict_company_number": 3903,
    "predict_company_precision": 0.5368744512730466,
    "predict_company_recall": 0.6266974122469895,
    "predict_currency_f1": 0.6074498567335244,
    "predict_currency_number": 799,
    "predict_currency_precision": 0.5602536997885835,
    "predict_currency_recall": 0.6633291614518148,
    "predict_director_f1": 0.5045871559633028,
    "predict_director_number": 554,
    "predict_director_precision": 0.5130597014925373,
    "predict_director_recall": 0.4963898916967509,
    "predict_disaster_f1": 0.3549060542797494,
    "predict_disaster_number": 207,
    "predict_disaster_precision": 0.3125,
    "predict_disaster_recall": 0.4106280193236715,
    "predict_disease_f1": 0.5100162425554954,
    "predict_disease_number": 750,
    "predict_disease_precision": 0.4293527803099362,
    "predict_disease_recall": 0.628,
    "predict_education_f1": 0.6427457098283931,
    "predict_education_number": 2082,
    "predict_education_precision": 0.5995841995841996,
    "predict_education_recall": 0.6926032660902978,
    "predict_educationaldegree_f1": 0.43902439024390244,
    "predict_educationaldegree_number": 367,
    "predict_educationaldegree_precision": 0.359375,
    "predict_educationaldegree_recall": 0.5640326975476839,
    "predict_election_f1": 0.12314225053078556,
    "predict_election_number": 184,
    "predict_election_precision": 0.10104529616724739,
    "predict_election_recall": 0.15760869565217392,
    "predict_film_f1": 0.5799739921976593,
    "predict_film_number": 759,
    "predict_film_precision": 0.5725288831835686,
    "predict_film_recall": 0.5876152832674572,
    "predict_food_f1": 0.40334572490706316,
    "predict_food_number": 432,
    "predict_food_precision": 0.33695652173913043,
    "predict_food_recall": 0.5023148148148148,
    "predict_game_f1": 0.5025641025641026,
    "predict_game_number": 496,
    "predict_game_precision": 0.511482254697286,
    "predict_game_recall": 0.4939516129032258,
    "predict_god_f1": 0.5858290723155588,
    "predict_god_number": 635,
    "predict_god_precision": 0.5463215258855586,
    "predict_god_recall": 0.631496062992126,
    "predict_government/governmentagency_f1": 0.303492808922806,
    "predict_government/governmentagency_number": 1535,
    "predict_government/governmentagency_precision": 0.2761752136752137,
    "predict_government/governmentagency_recall": 0.33680781758957656,
    "predict_hospital_f1": 0.6013363028953229,
    "predict_hospital_number": 364,
    "predict_hospital_precision": 0.5056179775280899,
    "predict_hospital_recall": 0.7417582417582418,
    "predict_hotel_f1": 0.5704697986577182,
    "predict_hotel_number": 265,
    "predict_hotel_precision": 0.513595166163142,
    "predict_hotel_recall": 0.6415094339622641,
    "predict_island_f1": 0.5182311869666407,
    "predict_island_number": 646,
    "predict_island_precision": 0.5194401244167963,
    "predict_island_recall": 0.5170278637770898,
    "predict_language_f1": 0.6366863905325444,
    "predict_language_number": 753,
    "predict_language_precision": 0.5741728922091782,
    "predict_language_recall": 0.7144754316069057,
    "predict_law_f1": 0.3182579564489112,
    "predict_law_number": 488,
    "predict_law_precision": 0.26912181303116145,
    "predict_law_recall": 0.38934426229508196,
    "predict_library_f1": 0.5598991172761664,
    "predict_library_number": 357,
    "predict_library_precision": 0.5091743119266054,
    "predict_library_recall": 0.6218487394957983,
    "predict_livingthing_f1": 0.4960917144346013,
    "predict_livingthing_number": 865,
    "predict_livingthing_precision": 0.45161290322580644,
    "predict_livingthing_recall": 0.5502890173410404,
    "predict_loss": 0.439596951007843,
    "predict_media/newspaper_f1": 0.529037092544024,
    "predict_media/newspaper_number": 1234,
    "predict_media/newspaper_precision": 0.49198606271777,
    "predict_media/newspaper_recall": 0.5721231766612642,
    "predict_medical_f1": 0.4285714285714286,
    "predict_medical_number": 397,
    "predict_medical_precision": 0.40043763676148797,
    "predict_medical_recall": 0.4609571788413098,
    "predict_mountain_f1": 0.5524331734064428,
    "predict_mountain_number": 681,
    "predict_mountain_precision": 0.5179948586118251,
    "predict_mountain_recall": 0.591776798825257,
    "predict_music_f1": 0.6208178438661711,
    "predict_music_number": 1041,
    "predict_music_precision": 0.6012601260126013,
    "predict_music_recall": 0.6416906820365034,
    "predict_other_f1": 0.44688660986407414,
    "predict_other_number": 21035,
    "predict_other_precision": 0.4199698946312092,
    "predict_other_recall": 0.4774898977893986,
    "predict_overall_accuracy": 0.9020969454559667,
    "predict_overall_f1": 0.5643259179844546,
    "predict_overall_precision": 0.5261682910285245,
    "predict_overall_recall": 0.6084506460801717,
    "predict_painting_f1": 0.0,
    "predict_painting_number": 58,
    "predict_painting_precision": 0.0,
    "predict_painting_recall": 0.0,
    "predict_park_f1": 0.4144672531769306,
    "predict_park_number": 458,
    "predict_park_precision": 0.3752212389380531,