{
    "predict_GPE_f1": 0.7518320180383314,
    "predict_GPE_number": 20409,
    "predict_GPE_precision": 0.722019217756124,
    "predict_GPE_recall": 0.7842128472732618,
    "predict_actor_f1": 0.710951526032316,
    "predict_actor_number": 1638,
    "predict_actor_precision": 0.6971830985915493,
    "predict_actor_recall": 0.7252747252747253,
    "predict_airplane_f1": 0.5008839127872716,
    "predict_airplane_number": 794,
    "predict_airplane_precision": 0.4706533776301218,
    "predict_airplane_recall": 0.535264483627204,
    "predict_airport_f1": 0.6275449101796406,
    "predict_airport_number": 364,
    "predict_airport_precision": 0.5562632696390658,
    "predict_airport_recall": 0.7197802197802198,
    "predict_artist/author_f1": 0.5990559676331759,
    "predict_artist/author_number": 3464,
    "predict_artist/author_precision": 0.5621361680587194,
    "predict_artist/author_recall": 0.6411662817551963,
    "predict_astronomything_f1": 0.5944798301486199,
    "predict_astronomything_number": 678,
    "predict_astronomything_precision": 0.5714285714285714,
    "predict_astronomything_recall": 0.6194690265486725,
    "predict_athlete_f1": 0.7874772237866491,
    "predict_athlete_number": 2907,
    "predict_athlete_precision": 0.7594249201277955,
    "predict_athlete_recall": 0.8176814585483316,
    "predict_attack/battle/war/militaryconflict_f1": 0.5916167664670658,
    "predict_attack/battle/war/militaryconflict_number": 1099,
    "predict_attack/battle/war/militaryconflict_precision": 0.527027027027027,
    "predict_attack/battle/war/militaryconflict_recall": 0.6742493175614195,
    "predict_award_f1": 0.3946146703806871,
    "predict_award_number": 941,
    "predict_award_precision": 0.3503709810387469,
    "predict_award_recall": 0.45164718384697133,
    "predict_biologything_f1": 0.5461293743372216,
    "predict_biologything_number": 1875,
    "predict_biologything_precision": 0.5429625724828677,
    "predict_biologything_recall": 0.5493333333333333,
    "predict_bodiesofwater_f1": 0.6094249201277956,
    "predict_bodiesofwater_number": 1169,
    "predict_bodiesofwater_precision": 0.5715355805243446,
    "predict_bodiesofwater_recall": 0.6526946107784432,
    "predict_broadcastprogram_f1": 0.41237113402061853,
    "predict_broadcastprogram_number": 605,
    "predict_broadcastprogram_precision": 0.39634146341463417,
    "predict_broadcastprogram_recall": 0.4297520661157025,
    "predict_car_f1": 0.6124082721814543,
    "predict_car_number": 688,
    "predict_car_precision": 0.5659679408138101,
    "predict_car_recall": 0.6671511627906976,
    "predict_chemicalthing_f1": 0.49776586237712245,
    "predict_chemicalthing_number": 1014,
    "predict_chemicalthing_precision": 0.4550653594771242,
    "predict_chemicalthing_recall": 0.5493096646942801,
    "predict_company_f1": 0.5553970518307181,
    "predict_company_number": 3903,
    "predict_company_precision": 0.5180749611887336,
    "predict_company_recall": 0.5985139636177299,
    "predict_currency_f1": 0.6713532513181019,
    "predict_currency_number": 799,
    "predict_currency_precision": 0.6310572687224669,
    "predict_currency_recall": 0.7171464330413017,
    "predict_director_f1": 0.5829528158295283,
    "predict_director_number": 554,
    "predict_director_precision": 0.5039473684210526,
    "predict_director_recall": 0.6913357400722022,
    "predict_disaster_f1": 0.3946188340807175,
    "predict_disaster_number": 207,
    "predict_disaster_precision": 0.3682008368200837,
    "predict_disaster_recall": 0.4251207729468599,
    "predict_disease_f1": 0.5295404814004376,
    "predict_disease_number": 750,
    "predict_disease_precision": 0.4489795918367347,
    "predict_disease_recall": 0.6453333333333333,
    "predict_education_f1": 0.6382881857500569,
    "predict_education_number": 2082,
    "predict_education_precision": 0.606663781912592,
    "predict_education_recall": 0.6733909702209414,
    "predict_educationaldegree_f1": 0.4603691639522258,
    "predict_educationaldegree_number": 367,
    "predict_educationaldegree_precision": 0.38267148014440433,
    "predict_educationaldegree_recall": 0.5776566757493188,
    "predict_election_f1": 0.17535545023696683,
    "predict_election_number": 184,
    "predict_election_precision": 0.15546218487394958,
    "predict_election_recall": 0.20108695652173914,
    "predict_film_f1": 0.5741857659831122,
    "predict_film_number": 759,
    "predict_film_precision": 0.5294771968854283,
    "predict_film_recall": 0.6271409749670619,
    "predict_food_f1": 0.37264957264957266,
    "predict_food_number": 432,
    "predict_food_precision": 0.2953929539295393,
    "predict_food_recall": 0.5046296296296297,
    "predict_game_f1": 0.5484581497797357,
    "predict_game_number": 496,
    "predict_game_precision": 0.6043689320388349,
    "predict_game_recall": 0.5020161290322581,
    "predict_god_f1": 0.5795918367346938,
    "predict_god_number": 635,
    "predict_god_precision": 0.5101796407185629,
    "predict_god_recall": 0.6708661417322834,
    "predict_government/governmentagency_f1": 0.29436501261564335,
    "predict_government/governmentagency_number": 1535,
    "predict_government/governmentagency_precision": 0.25836614173228345,
    "predict_government/governmentagency_recall": 0.34201954397394135,
    "predict_hospital_f1": 0.5467980295566502,
    "predict_hospital_number": 364,
    "predict_hospital_precision": 0.4955357142857143,
    "predict_hospital_recall": 0.6098901098901099,
    "predict_hotel_f1": 0.5352112676056338,
    "predict_hotel_number": 265,
    "predict_hotel_precision": 0.5016501650165016,
    "predict_hotel_recall": 0.5735849056603773,
    "predict_island_f1": 0.5388272583201269,
    "predict_island_number": 646,
    "predict_island_precision": 0.551948051948052,
    "predict_island_recall": 0.5263157894736842,
    "predict_language_f1": 0.6108927568781582,
    "predict_language_number": 753,
    "predict_language_precision": 0.5291828793774319,
    "predict_language_recall": 0.7224435590969456,
    "predict_law_f1": 0.4519966015293118,
    "predict_law_number": 488,
    "predict_law_precision": 0.386066763425254,
    "predict_law_recall": 0.5450819672131147,
    "predict_library_f1": 0.5387547649301144,
    "predict_library_number": 357,
    "predict_library_precision": 0.4930232558139535,
    "predict_library_recall": 0.5938375350140056,
    "predict_livingthing_f1": 0.5211796246648793,
    "predict_livingthing_number": 865,
    "predict_livingthing_precision": 0.486,
    "predict_livingthing_recall": 0.561849710982659,
    "predict_loss": 0.5053873658180237,
    "predict_media/newspaper_f1": 0.5220671444737836,
    "predict_media/newspaper_number": 1234,
    "predict_media/newspaper_precision": 0.4883556810162315,
    "predict_media/newspaper_recall": 0.5607779578606159,
    "predict_medical_f1": 0.3642384105960265,
    "predict_medical_number": 397,
    "predict_medical_precision": 0.3241650294695481,
    "predict_medical_recall": 0.4156171284634761,
    "predict_mountain_f1": 0.5684647302904564,
    "predict_mountain_number": 681,
    "predict_mountain_precision": 0.5372549019607843,
    "predict_mountain_recall": 0.6035242290748899,
    "predict_music_f1": 0.6005719733079123,
    "predict_music_number": 1041,
    "predict_music_precision": 0.5960264900662252,
    "predict_music_recall": 0.6051873198847262,
    "predict_other_f1": 0.45042855880533705,
    "predict_other_number": 21035,
    "predict_other_precision": 0.42070729996286055,
    "predict_other_recall": 0.4846684097932018,
    "predict_overall_accuracy": 0.9022011738725417,
    "predict_overall_f1": 0.5673746618315777,
    "predict_overall_precision": 0.5300222254086607,
    "predict_overall_recall": 0.6103909507492878,
    "predict_painting_f1": 0.12499999999999997,
    "predict_painting_number": 58,
    "predict_painting_precision": 0.09322033898305085,
    "predict_painting_recall": 0.1896551724137931,
    "predict_park_f1": 0.38645418326693226,