{
    "predict_GPE_f1": 0.7637086346439346,
    "predict_GPE_number": 20409,
    "predict_GPE_precision": 0.7468271437268768,
    "predict_GPE_recall": 0.7813709637904845,
    "predict_actor_f1": 0.7072058376406203,
    "predict_actor_number": 1638,
    "predict_actor_precision": 0.7044215626892792,
    "predict_actor_recall": 0.71001221001221,
    "predict_airplane_f1": 0.5118702953097858,
    "predict_airplane_number": 794,
    "predict_airplane_precision": 0.4737406216505895,
    "predict_airplane_recall": 0.5566750629722922,
    "predict_airport_f1": 0.6804123711340206,
    "predict_airport_number": 364,
    "predict_airport_precision": 0.6407766990291263,
    "predict_airport_recall": 0.7252747252747253,
    "predict_artist/author_f1": 0.5944359010205508,
    "predict_artist/author_number": 3464,
    "predict_artist/author_precision": 0.5763079425318515,
    "predict_artist/author_recall": 0.6137413394919169,
    "predict_astronomything_f1": 0.6064782908339077,
    "predict_astronomything_number": 678,
    "predict_astronomything_precision": 0.5692108667529108,
    "predict_astronomything_recall": 0.6489675516224189,
    "predict_athlete_f1": 0.7583490323685563,
    "predict_athlete_number": 2907,
    "predict_athlete_precision": 0.7551159618008185,
    "predict_athlete_recall": 0.7616099071207431,
    "predict_attack/battle/war/militaryconflict_f1": 0.6089935760171306,
    "predict_attack/battle/war/militaryconflict_number": 1099,
    "predict_attack/battle/war/militaryconflict_precision": 0.5752427184466019,
    "predict_attack/battle/war/militaryconflict_recall": 0.6469517743403094,
    "predict_award_f1": 0.4660739354234909,
    "predict_award_number": 941,
    "predict_award_precision": 0.41638795986622074,
    "predict_award_recall": 0.5292242295430393,
    "predict_biologything_f1": 0.511123470522803,
    "predict_biologything_number": 1875,
    "predict_biologything_precision": 0.5339918651946542,
    "predict_biologything_recall": 0.4901333333333333,
    "predict_bodiesofwater_f1": 0.6403580146460537,
    "predict_bodiesofwater_number": 1169,
    "predict_bodiesofwater_precision": 0.6105508145849495,
    "predict_bodiesofwater_recall": 0.6732249786142002,
    "predict_broadcastprogram_f1": 0.4591754244139046,
    "predict_broadcastprogram_number": 605,
    "predict_broadcastprogram_precision": 0.44936708860759494,
    "predict_broadcastprogram_recall": 0.46942148760330576,
    "predict_car_f1": 0.5738278516445066,
    "predict_car_number": 688,
    "predict_car_precision": 0.553306342780027,
    "predict_car_recall": 0.5959302325581395,
    "predict_chemicalthing_f1": 0.46851385390428213,
    "predict_chemicalthing_number": 1014,
    "predict_chemicalthing_precision": 0.40789473684210525,
    "predict_chemicalthing_recall": 0.5502958579881657,
    "predict_company_f1": 0.5430033703657471,
    "predict_company_number": 3903,
    "predict_company_precision": 0.5294547224926972,
    "predict_company_recall": 0.5572636433512682,
    "predict_currency_f1": 0.6538678712591756,
    "predict_currency_number": 799,
    "predict_currency_precision": 0.595679012345679,
    "predict_currency_recall": 0.7246558197747184,
    "predict_director_f1": 0.596774193548387,
    "predict_director_number": 554,
    "predict_director_precision": 0.5393586005830904,
    "predict_director_recall": 0.6678700361010831,
    "predict_disaster_f1": 0.3964757709251101,
    "predict_disaster_number": 207,
    "predict_disaster_precision": 0.3643724696356275,
    "predict_disaster_recall": 0.43478260869565216,
    "predict_disease_f1": 0.5060975609756097,
    "predict_disease_number": 750,
    "predict_disease_precision": 0.46629213483146065,
    "predict_disease_recall": 0.5533333333333333,
    "predict_education_f1": 0.6551246537396122,
    "predict_education_number": 2082,
    "predict_education_precision": 0.6306666666666667,
    "predict_education_recall": 0.6815561959654178,
    "predict_educationaldegree_f1": 0.4217118997912317,
    "predict_educationaldegree_number": 367,
    "predict_educationaldegree_precision": 0.34179357021996615,
    "predict_educationaldegree_recall": 0.5504087193460491,
    "predict_election_f1": 0.15544041450777202,
    "predict_election_number": 184,
    "predict_election_precision": 0.1485148514851485,
    "predict_election_recall": 0.16304347826086957,
    "predict_film_f1": 0.6015523932729624,
    "predict_film_number": 759,
    "predict_film_precision": 0.590851334180432,
    "predict_film_recall": 0.6126482213438735,
    "predict_food_f1": 0.3833494675701839,
    "predict_food_number": 432,
    "predict_food_precision": 0.32945091514143093,
    "predict_food_recall": 0.4583333333333333,
    "predict_game_f1": 0.5329341317365268,
    "predict_game_number": 496,
    "predict_game_precision": 0.5276679841897233,
    "predict_game_recall": 0.5383064516129032,
    "predict_god_f1": 0.5523661753297129,
    "predict_god_number": 635,
    "predict_god_precision": 0.5443425076452599,
    "predict_god_recall": 0.5606299212598426,
    "predict_government/governmentagency_f1": 0.29652042360060515,
    "predict_government/governmentagency_number": 1535,
    "predict_government/governmentagency_precision": 0.2768361581920904,
    "predict_government/governmentagency_recall": 0.31921824104234525,
    "predict_hospital_f1": 0.6020408163265306,
    "predict_hospital_number": 364,
    "predict_hospital_precision": 0.5619047619047619,
    "predict_hospital_recall": 0.6483516483516484,
    "predict_hotel_f1": 0.459412780656304,
    "predict_hotel_number": 265,
    "predict_hotel_precision": 0.42356687898089174,
    "predict_hotel_recall": 0.5018867924528302,
    "predict_island_f1": 0.5492307692307692,
    "predict_island_number": 646,
    "predict_island_precision": 0.5458715596330275,
    "predict_island_recall": 0.5526315789473685,
    "predict_language_f1": 0.6077015643802647,
    "predict_language_number": 753,
    "predict_language_precision": 0.5555555555555556,
    "predict_language_recall": 0.6706507304116865,
    "predict_law_f1": 0.4186046511627907,
    "predict_law_number": 488,
    "predict_law_precision": 0.3833049403747871,
    "predict_law_recall": 0.4610655737704918,
    "predict_library_f1": 0.5607476635514018,
    "predict_library_number": 357,
    "predict_library_precision": 0.5357142857142857,
    "predict_library_recall": 0.5882352941176471,
    "predict_livingthing_f1": 0.5294117647058822,
    "predict_livingthing_number": 865,
    "predict_livingthing_precision": 0.4925373134328358,
    "predict_livingthing_recall": 0.5722543352601156,
    "predict_loss": 0.6287566423416138,
    "predict_media/newspaper_f1": 0.5189437428243399,
    "predict_media/newspaper_number": 1234,
    "predict_media/newspaper_precision": 0.4916606236403191,
    "predict_media/newspaper_recall": 0.5494327390599676,
    "predict_medical_f1": 0.37450199203187257,
    "predict_medical_number": 397,
    "predict_medical_precision": 0.3960674157303371,
    "predict_medical_recall": 0.35516372795969775,
    "predict_mountain_f1": 0.5563583815028902,
    "predict_mountain_number": 681,
    "predict_mountain_precision": 0.5476529160739687,
    "predict_mountain_recall": 0.5653450807635829,
    "predict_music_f1": 0.6548076923076923,
    "predict_music_number": 1041,
    "predict_music_precision": 0.6554379210779596,
    "predict_music_recall": 0.654178674351585,
    "predict_other_f1": 0.46315789473684216,
    "predict_other_number": 21035,
    "predict_other_precision": 0.431425641025641,
    "predict_other_recall": 0.49992869027810793,
    "predict_overall_accuracy": 0.9022011738725417,
    "predict_overall_f1": 0.5712892548957799,
    "predict_overall_precision": 0.5464009798379499,
    "predict_overall_recall": 0.5985530281137762,
    "predict_painting_f1": 0.2702702702702703,
    "predict_painting_number": 58,
    "predict_painting_precision": 0.2830188679245283,
    "predict_painting_recall": 0.25862068965517243,