{
    "predict_GPE_f1": 0.7667995444191343,
    "predict_GPE_number": 20409,
    "predict_GPE_precision": 0.7434092477570738,
    "predict_GPE_recall": 0.7917095399088637,
    "predict_actor_f1": 0.6784114661092865,
    "predict_actor_number": 1638,
    "predict_actor_precision": 0.6639392168322619,
    "predict_actor_recall": 0.6935286935286935,
    "predict_airplane_f1": 0.5291536050156739,
    "predict_airplane_number": 794,
    "predict_airplane_precision": 0.5268414481897628,
    "predict_airplane_recall": 0.5314861460957179,
    "predict_airport_f1": 0.6714285714285715,
    "predict_airport_number": 364,
    "predict_airport_precision": 0.592436974789916,
    "predict_airport_recall": 0.7747252747252747,
    "predict_artist/author_f1": 0.5962665213244311,
    "predict_artist/author_number": 3464,
    "predict_artist/author_precision": 0.5646451612903226,
    "predict_artist/author_recall": 0.6316397228637414,
    "predict_astronomything_f1": 0.6607929515418502,
    "predict_astronomything_number": 678,
    "predict_astronomything_precision": 0.6578947368421053,
    "predict_astronomything_recall": 0.6637168141592921,
    "predict_athlete_f1": 0.7727349417918004,
    "predict_athlete_number": 2907,
    "predict_athlete_precision": 0.7582781456953642,
    "predict_athlete_recall": 0.7877536979704163,
    "predict_attack/battle/war/militaryconflict_f1": 0.6212839293408013,
    "predict_attack/battle/war/militaryconflict_number": 1099,
    "predict_attack/battle/war/militaryconflict_precision": 0.5900163666121113,
    "predict_attack/battle/war/militaryconflict_recall": 0.6560509554140127,
    "predict_award_f1": 0.46364883401920437,
    "predict_award_number": 941,
    "predict_award_precision": 0.4069020866773676,
    "predict_award_recall": 0.538788522848034,
    "predict_biologything_f1": 0.5196154845414395,
    "predict_biologything_number": 1875,
    "predict_biologything_precision": 0.5065856129685917,
    "predict_biologything_recall": 0.5333333333333333,
    "predict_bodiesofwater_f1": 0.6409638554216868,
    "predict_bodiesofwater_number": 1169,
    "predict_bodiesofwater_precision": 0.6040878122634368,
    "predict_bodiesofwater_recall": 0.6826347305389222,
    "predict_broadcastprogram_f1": 0.3820598006644518,
    "predict_broadcastprogram_number": 605,
    "predict_broadcastprogram_precision": 0.38397328881469117,
    "predict_broadcastprogram_recall": 0.38016528925619836,
    "predict_car_f1": 0.5649171270718231,
    "predict_car_number": 688,
    "predict_car_precision": 0.5381578947368421,
    "predict_car_recall": 0.5944767441860465,
    "predict_chemicalthing_f1": 0.4899701237729407,
    "predict_chemicalthing_number": 1014,
    "predict_chemicalthing_precision": 0.43190368698269377,
    "predict_chemicalthing_recall": 0.5660749506903353,
    "predict_company_f1": 0.56825,
    "predict_company_number": 3903,
    "predict_company_precision": 0.5547961923358555,
    "predict_company_recall": 0.582372533948245,
    "predict_currency_f1": 0.671420083184789,
    "predict_currency_number": 799,
    "predict_currency_precision": 0.6391402714932126,
    "predict_currency_recall": 0.7071339173967459,
    "predict_director_f1": 0.5647668393782382,
    "predict_director_number": 554,
    "predict_director_precision": 0.5413907284768212,
    "predict_director_recall": 0.5902527075812274,
    "predict_disaster_f1": 0.3849372384937238,
    "predict_disaster_number": 207,
    "predict_disaster_precision": 0.33948339483394835,
    "predict_disaster_recall": 0.4444444444444444,
    "predict_disease_f1": 0.50701065619742,
    "predict_disease_number": 750,
    "predict_disease_precision": 0.43756050338818975,
    "predict_disease_recall": 0.6026666666666667,
    "predict_education_f1": 0.6713540485370832,
    "predict_education_number": 2082,
    "predict_education_precision": 0.6360120326600773,
    "predict_education_recall": 0.7108549471661864,
    "predict_educationaldegree_f1": 0.414027149321267,
    "predict_educationaldegree_number": 367,
    "predict_educationaldegree_precision": 0.3539651837524178,
    "predict_educationaldegree_recall": 0.4986376021798365,
    "predict_election_f1": 0.2277432712215321,
    "predict_election_number": 184,
    "predict_election_precision": 0.18394648829431437,
    "predict_election_recall": 0.29891304347826086,
    "predict_film_f1": 0.5760197775030903,
    "predict_film_number": 759,
    "predict_film_precision": 0.5424912689173458,
    "predict_film_recall": 0.613965744400527,
    "predict_food_f1": 0.43597262952101656,
    "predict_food_number": 432,
    "predict_food_precision": 0.377326565143824,
    "predict_food_recall": 0.5162037037037037,
    "predict_game_f1": 0.5726227795193312,
    "predict_game_number": 496,
    "predict_game_precision": 0.5943600867678959,
    "predict_game_recall": 0.5524193548387096,
    "predict_god_f1": 0.551314673452078,
    "predict_god_number": 635,
    "predict_god_precision": 0.5974264705882353,
    "predict_god_recall": 0.5118110236220472,
    "predict_government/governmentagency_f1": 0.3129172714078374,
    "predict_government/governmentagency_number": 1535,
    "predict_government/governmentagency_precision": 0.28219895287958113,
    "predict_government/governmentagency_recall": 0.3511400651465798,
    "predict_hospital_f1": 0.5580182529335072,
    "predict_hospital_number": 364,
    "predict_hospital_precision": 0.5310173697270472,
    "predict_hospital_recall": 0.5879120879120879,
    "predict_hotel_f1": 0.5282331511839709,
    "predict_hotel_number": 265,
    "predict_hotel_precision": 0.5105633802816901,
    "predict_hotel_recall": 0.5471698113207547,
    "predict_island_f1": 0.5575853852263701,
    "predict_island_number": 646,
    "predict_island_precision": 0.5725938009787929,
    "predict_island_recall": 0.5433436532507739,
    "predict_language_f1": 0.6101281269066504,
    "predict_language_number": 753,
    "predict_language_precision": 0.5643340857787811,
    "predict_language_recall": 0.6640106241699867,
    "predict_law_f1": 0.4815465729349736,
    "predict_law_number": 488,
    "predict_law_precision": 0.42153846153846153,
    "predict_law_recall": 0.5614754098360656,
    "predict_library_f1": 0.572538860103627,
    "predict_library_number": 357,
    "predict_library_precision": 0.5325301204819277,
    "predict_library_recall": 0.6190476190476191,
    "predict_livingthing_f1": 0.5253456221198157,
    "predict_livingthing_number": 865,
    "predict_livingthing_precision": 0.47150735294117646,
    "predict_livingthing_recall": 0.5930635838150289,
    "predict_loss": 0.6254744529724121,
    "predict_media/newspaper_f1": 0.5504186385147434,
    "predict_media/newspaper_number": 1234,
    "predict_media/newspaper_precision": 0.4996695307336418,
    "predict_media/newspaper_recall": 0.6126418152350082,
    "predict_medical_f1": 0.34540389972144847,
    "predict_medical_number": 397,
    "predict_medical_precision": 0.3862928348909657,
    "predict_medical_recall": 0.3123425692695214,
    "predict_mountain_f1": 0.5724533715925394,
    "predict_mountain_number": 681,
    "predict_mountain_precision": 0.5596072931276297,
    "predict_mountain_recall": 0.5859030837004405,
    "predict_music_f1": 0.6339370829361295,
    "predict_music_number": 1041,
    "predict_music_precision": 0.6291390728476821,
    "predict_music_recall": 0.6388088376560999,
    "predict_other_f1": 0.46616845081801656,
    "predict_other_number": 21035,
    "predict_other_precision": 0.4415065465056963,
    "predict_other_recall": 0.4937485143807939,
    "predict_overall_accuracy": 0.9027700873130131,
    "predict_overall_f1": 0.5755654599924491,
    "predict_overall_precision": 0.5482406568463529,
    "predict_overall_recall": 0.6057569252363456,
    "predict_painting_f1": 0.32653061224489793,
    "predict_painting_number": 58,
    "predict_painting_precision": 0.4,
    "predict_painting_recall": 0.27586206896551724,
    "predict_park_f1": 0.4241164241164241,