{
    "predict_GPE_f1": 0.7505096660808436,
    "predict_GPE_number": 20409,
    "predict_GPE_precision": 0.7192131500943142,
    "predict_GPE_recall": 0.7846538291930031,
    "predict_actor_f1": 0.6370820668693008,
    "predict_actor_number": 1638,
    "predict_actor_precision": 0.6343825665859564,
    "predict_actor_recall": 0.6398046398046398,
    "predict_airplane_f1": 0.5129358830146231,
    "predict_airplane_number": 794,
    "predict_airplane_precision": 0.4634146341463415,
    "predict_airplane_recall": 0.5743073047858942,
    "predict_airport_f1": 0.623279098873592,
    "predict_airport_number": 364,
    "predict_airport_precision": 0.5724137931034483,
    "predict_airport_recall": 0.6840659340659341,
    "predict_artist/author_f1": 0.5269461077844311,
    "predict_artist/author_number": 3464,
    "predict_artist/author_precision": 0.5332545078332841,
    "predict_artist/author_recall": 0.5207852193995381,
    "predict_astronomything_f1": 0.5302013422818793,
    "predict_astronomything_number": 678,
    "predict_astronomything_precision": 0.48645320197044334,
    "predict_astronomything_recall": 0.5825958702064897,
    "predict_athlete_f1": 0.7734414597060315,
    "predict_athlete_number": 2907,
    "predict_athlete_precision": 0.7599601593625498,
    "predict_athlete_recall": 0.7874097007223942,
    "predict_attack/battle/war/militaryconflict_f1": 0.6029539530842746,
    "predict_attack/battle/war/militaryconflict_number": 1099,
    "predict_attack/battle/war/militaryconflict_precision": 0.5768911055694098,
    "predict_attack/battle/war/militaryconflict_recall": 0.6314831665150137,
    "predict_award_f1": 0.43770415305646293,
    "predict_award_number": 941,
    "predict_award_precision": 0.39018302828618967,
    "predict_award_recall": 0.49840595111583424,
    "predict_biologything_f1": 0.5149620366234926,
    "predict_biologything_number": 1875,
    "predict_biologything_precision": 0.4429504417979255,
    "predict_biologything_recall": 0.6149333333333333,
    "predict_bodiesofwater_f1": 0.5701715794104708,
    "predict_bodiesofwater_number": 1169,
    "predict_bodiesofwater_precision": 0.5869565217391305,
    "predict_bodiesofwater_recall": 0.5543199315654406,
    "predict_broadcastprogram_f1": 0.3241542092840284,
    "predict_broadcastprogram_number": 605,
    "predict_broadcastprogram_precision": 0.30930930930930933,
    "predict_broadcastprogram_recall": 0.34049586776859503,
    "predict_car_f1": 0.5529411764705883,
    "predict_car_number": 688,
    "predict_car_precision": 0.5595238095238095,
    "predict_car_recall": 0.5465116279069767,
    "predict_chemicalthing_f1": 0.462890625,
    "predict_chemicalthing_number": 1014,
    "predict_chemicalthing_precision": 0.4584139264990329,
    "predict_chemicalthing_recall": 0.46745562130177515,
    "predict_company_f1": 0.5465731512243139,
    "predict_company_number": 3903,
    "predict_company_precision": 0.5258049242424242,
    "predict_company_recall": 0.5690494491416859,
    "predict_currency_f1": 0.6204188481675392,
    "predict_currency_number": 799,
    "predict_currency_precision": 0.6502057613168725,
    "predict_currency_recall": 0.5932415519399249,
    "predict_director_f1": 0.4332460732984294,
    "predict_director_number": 554,
    "predict_director_precision": 0.3398357289527721,
    "predict_director_recall": 0.5974729241877257,
    "predict_disaster_f1": 0.39012345679012345,
    "predict_disaster_number": 207,
    "predict_disaster_precision": 0.398989898989899,
    "predict_disaster_recall": 0.38164251207729466,
    "predict_disease_f1": 0.4358243011979464,
    "predict_disease_number": 750,
    "predict_disease_precision": 0.38085742771684944,
    "predict_disease_recall": 0.5093333333333333,
    "predict_education_f1": 0.6035714285714285,
    "predict_education_number": 2082,
    "predict_education_precision": 0.5638031693077564,
    "predict_education_recall": 0.6493756003842459,
    "predict_educationaldegree_f1": 0.36267232237539765,
    "predict_educationaldegree_number": 367,
    "predict_educationaldegree_precision": 0.296875,
    "predict_educationaldegree_recall": 0.4659400544959128,
    "predict_election_f1": 0.1897810218978102,
    "predict_election_number": 184,
    "predict_election_precision": 0.14285714285714285,
    "predict_election_recall": 0.2826086956521739,
    "predict_film_f1": 0.4516496018202503,
    "predict_film_number": 759,
    "predict_film_precision": 0.3973973973973974,
    "predict_film_recall": 0.5230566534914362,
    "predict_food_f1": 0.3647912885662432,
    "predict_food_number": 432,
    "predict_food_precision": 0.3,
    "predict_food_recall": 0.4652777777777778,
    "predict_game_f1": 0.32114882506527415,
    "predict_game_number": 496,
    "predict_game_precision": 0.45555555555555555,
    "predict_game_recall": 0.24798387096774194,
    "predict_god_f1": 0.5274900398406374,
    "predict_god_number": 635,
    "predict_god_precision": 0.5338709677419354,
    "predict_god_recall": 0.521259842519685,
    "predict_government/governmentagency_f1": 0.2754321337489374,
    "predict_government/governmentagency_number": 1535,
    "predict_government/governmentagency_precision": 0.24373119358074222,
    "predict_government/governmentagency_recall": 0.3166123778501629,
    "predict_hospital_f1": 0.5019379844961239,
    "predict_hospital_number": 364,
    "predict_hospital_precision": 0.38772455089820357,
    "predict_hospital_recall": 0.7115384615384616,
    "predict_hotel_f1": 0.517829457364341,
    "predict_hotel_number": 265,
    "predict_hotel_precision": 0.4394736842105263,
    "predict_hotel_recall": 0.630188679245283,
    "predict_island_f1": 0.5148833467417538,
    "predict_island_number": 646,
    "predict_island_precision": 0.5360134003350083,
    "predict_island_recall": 0.4953560371517028,
    "predict_language_f1": 0.5170489770613763,
    "predict_language_number": 753,
    "predict_language_precision": 0.4848837209302326,
    "predict_language_recall": 0.5537848605577689,
    "predict_law_f1": 0.43144104803493444,
    "predict_law_number": 488,
    "predict_law_precision": 0.3759512937595129,
    "predict_law_recall": 0.5061475409836066,
    "predict_library_f1": 0.46650124069478904,
    "predict_library_number": 357,
    "predict_library_precision": 0.41870824053452116,
    "predict_library_recall": 0.5266106442577031,
    "predict_livingthing_f1": 0.5174683544303796,
    "predict_livingthing_number": 865,
    "predict_livingthing_precision": 0.4603603603603604,
    "predict_livingthing_recall": 0.5907514450867052,
    "predict_loss": 0.5225658416748047,
    "predict_media/newspaper_f1": 0.5278940027894004,
    "predict_media/newspaper_number": 1234,
    "predict_media/newspaper_precision": 0.46328029375764995,
    "predict_media/newspaper_recall": 0.6134521880064829,
    "predict_medical_f1": 0.3894297635605007,
    "predict_medical_number": 397,
    "predict_medical_precision": 0.43478260869565216,
    "predict_medical_recall": 0.3526448362720403,
    "predict_mountain_f1": 0.5270758122743681,
    "predict_mountain_number": 681,
    "predict_mountain_precision": 0.5184659090909091,
    "predict_mountain_recall": 0.5359765051395007,
    "predict_music_f1": 0.5714285714285715,
    "predict_music_number": 1041,
    "predict_music_precision": 0.5253827558420628,
    "predict_music_recall": 0.6263208453410183,
    "predict_other_f1": 0.4203130130239685,
    "predict_other_number": 21035,
    "predict_other_precision": 0.38949290060851927,
    "predict_other_recall": 0.4564297599239363,
    "predict_overall_accuracy": 0.8954686695894052,
    "predict_overall_f1": 0.5384043703188944,
    "predict_overall_precision": 0.5056288749501469,
    "predict_overall_recall": 0.575723485943112,
    "predict_painting_f1": 0.0,
    "predict_painting_number": 58,
    "predict_painting_precision": 0.0,
    "predict_painting_recall": 0.0,
    "predict_park_f1": 0.3658536585365853,
    "predict_park_number": 458,