{
    "predict_GPE_f1": 0.7569181949694339,
    "predict_GPE_number": 20409,
    "predict_GPE_precision": 0.7225266158848946,
    "predict_GPE_recall": 0.7947474153559704,
    "predict_actor_f1": 0.6827354260089685,
    "predict_actor_number": 1638,
    "predict_actor_precision": 0.6310880829015544,
    "predict_actor_recall": 0.7435897435897436,
    "predict_airplane_f1": 0.5250596658711217,
    "predict_airplane_number": 794,
    "predict_airplane_precision": 0.4988662131519274,
    "predict_airplane_recall": 0.5541561712846348,
    "predict_airport_f1": 0.6509433962264151,
    "predict_airport_number": 364,
    "predict_airport_precision": 0.5702479338842975,
    "predict_airport_recall": 0.7582417582417582,
    "predict_artist/author_f1": 0.5758120248790602,
    "predict_artist/author_number": 3464,
    "predict_artist/author_precision": 0.5523733757623972,
    "predict_artist/author_recall": 0.6013279445727483,
    "predict_astronomything_f1": 0.6119298245614035,
    "predict_astronomything_number": 678,
    "predict_astronomything_precision": 0.5836680053547524,
    "predict_astronomything_recall": 0.6430678466076696,
    "predict_athlete_f1": 0.767158851208827,
    "predict_athlete_number": 2907,
    "predict_athlete_precision": 0.726044226044226,
    "predict_athlete_recall": 0.8132094943240454,
    "predict_attack/battle/war/militaryconflict_f1": 0.6011115861479265,
    "predict_attack/battle/war/militaryconflict_number": 1099,
    "predict_attack/battle/war/militaryconflict_precision": 0.5669354838709677,
    "predict_attack/battle/war/militaryconflict_recall": 0.6396724294813467,
    "predict_award_f1": 0.4527956003666361,
    "predict_award_number": 941,
    "predict_award_precision": 0.3980660757453666,
    "predict_award_recall": 0.5249734325185972,
    "predict_biologything_f1": 0.5441248171623598,
    "predict_biologything_number": 1875,
    "predict_biologything_precision": 0.5011225864391559,
    "predict_biologything_recall": 0.5952,
    "predict_bodiesofwater_f1": 0.6151187904967602,
    "predict_bodiesofwater_number": 1169,
    "predict_bodiesofwater_precision": 0.6212914485165794,
    "predict_bodiesofwater_recall": 0.6090675791274593,
    "predict_broadcastprogram_f1": 0.44070512820512825,
    "predict_broadcastprogram_number": 605,
    "predict_broadcastprogram_precision": 0.4276827371695179,
    "predict_broadcastprogram_recall": 0.45454545454545453,
    "predict_car_f1": 0.5635202271114266,
    "predict_car_number": 688,
    "predict_car_precision": 0.550624133148405,
    "predict_car_recall": 0.5770348837209303,
    "predict_chemicalthing_f1": 0.4646766169154229,
    "predict_chemicalthing_number": 1014,
    "predict_chemicalthing_precision": 0.46887550200803213,
    "predict_chemicalthing_recall": 0.46055226824457596,
    "predict_company_f1": 0.565169769989047,
    "predict_company_number": 3903,
    "predict_company_precision": 0.5382475660639777,
    "predict_company_recall": 0.5949269792467333,
    "predict_currency_f1": 0.629608621667612,
    "predict_currency_number": 799,
    "predict_currency_precision": 0.5757261410788381,
    "predict_currency_recall": 0.6946182728410513,
    "predict_director_f1": 0.5829514207149404,
    "predict_director_number": 554,
    "predict_director_precision": 0.5921787709497207,
    "predict_director_recall": 0.5740072202166066,
    "predict_disaster_f1": 0.30985915492957744,
    "predict_disaster_number": 207,
    "predict_disaster_precision": 0.2655172413793103,
    "predict_disaster_recall": 0.3719806763285024,
    "predict_disease_f1": 0.5385047779651491,
    "predict_disease_number": 750,
    "predict_disease_precision": 0.4655004859086492,
    "predict_disease_recall": 0.6386666666666667,
    "predict_education_f1": 0.6566763587564304,
    "predict_education_number": 2082,
    "predict_education_precision": 0.6144830473001256,
    "predict_education_recall": 0.7050912584053795,
    "predict_educationaldegree_f1": 0.4739130434782609,
    "predict_educationaldegree_number": 367,
    "predict_educationaldegree_precision": 0.39421338155515373,
    "predict_educationaldegree_recall": 0.5940054495912807,
    "predict_election_f1": 0.2107843137254902,
    "predict_election_number": 184,
    "predict_election_precision": 0.19196428571428573,
    "predict_election_recall": 0.23369565217391305,
    "predict_film_f1": 0.5957930642410459,
    "predict_film_number": 759,
    "predict_film_precision": 0.524,
    "predict_film_recall": 0.6903820816864296,
    "predict_food_f1": 0.3822714681440443,
    "predict_food_number": 432,
    "predict_food_precision": 0.31797235023041476,
    "predict_food_recall": 0.4791666666666667,
    "predict_game_f1": 0.5359999999999999,
    "predict_game_number": 496,
    "predict_game_precision": 0.5317460317460317,
    "predict_game_recall": 0.5403225806451613,
    "predict_god_f1": 0.5336289726533628,
    "predict_god_number": 635,
    "predict_god_precision": 0.5027855153203342,
    "predict_god_recall": 0.568503937007874,
    "predict_government/governmentagency_f1": 0.32895522388059706,
    "predict_government/governmentagency_number": 1535,
    "predict_government/governmentagency_precision": 0.30358126721763085,
    "predict_government/governmentagency_recall": 0.358957654723127,
    "predict_hospital_f1": 0.5928571428571429,
    "predict_hospital_number": 364,
    "predict_hospital_precision": 0.523109243697479,
    "predict_hospital_recall": 0.6840659340659341,
    "predict_hotel_f1": 0.5206349206349206,
    "predict_hotel_number": 265,
    "predict_hotel_precision": 0.44931506849315067,
    "predict_hotel_recall": 0.6188679245283019,
    "predict_island_f1": 0.5552825552825552,
    "predict_island_number": 646,
    "predict_island_precision": 0.5895652173913043,
    "predict_island_recall": 0.5247678018575851,
    "predict_language_f1": 0.5813528336380256,
    "predict_language_number": 753,
    "predict_language_precision": 0.5371621621621622,
    "predict_language_recall": 0.6334661354581673,
    "predict_law_f1": 0.4537205081669691,
    "predict_law_number": 488,
    "predict_law_precision": 0.40716612377850164,
    "predict_law_recall": 0.5122950819672131,
    "predict_library_f1": 0.5136741973840666,
    "predict_library_number": 357,
    "predict_library_precision": 0.4462809917355372,
    "predict_library_recall": 0.6050420168067226,
    "predict_livingthing_f1": 0.5208012326656395,
    "predict_livingthing_number": 865,
    "predict_livingthing_precision": 0.4685767097966728,
    "predict_livingthing_recall": 0.5861271676300578,
    "predict_loss": 0.6340999007225037,
    "predict_media/newspaper_f1": 0.5100154083204931,
    "predict_media/newspaper_number": 1234,
    "predict_media/newspaper_precision": 0.48604992657856094,
    "predict_media/newspaper_recall": 0.5364667747163695,
    "predict_medical_f1": 0.4066587395957194,
    "predict_medical_number": 397,
    "predict_medical_precision": 0.38513513513513514,
    "predict_medical_recall": 0.43073047858942065,
    "predict_mountain_f1": 0.5312239800166528,
    "predict_mountain_number": 681,
    "predict_mountain_precision": 0.6134615384615385,
    "predict_mountain_recall": 0.4684287812041116,
    "predict_music_f1": 0.6632221700328793,
    "predict_music_number": 1041,
    "predict_music_precision": 0.6488970588235294,
    "predict_music_recall": 0.6781940441882806,
    "predict_other_f1": 0.4508670520231214,
    "predict_other_number": 21035,
    "predict_other_precision": 0.42936395303831765,
    "predict_other_recall": 0.47463750891371526,
    "predict_overall_accuracy": 0.9015139177507507,
    "predict_overall_f1": 0.5691971987733698,
    "predict_overall_precision": 0.5378737083811711,
    "predict_overall_recall": 0.6043945836601577,
    "predict_painting_f1": 0.2585034013605442,
    "predict_painting_number": 58,
    "predict_painting_precision": 0.21348314606741572,
    "predict_painting_recall": 0.3275862068965517,
    "predict_park_f1": 0.44682926829268294,