{
    "predict_GPE_f1": 0.787687265917603,
    "predict_GPE_number": 20409,
    "predict_GPE_precision": 0.7541123212765004,
    "predict_GPE_recall": 0.8243911999608016,
    "predict_actor_f1": 0.7107533064979874,
    "predict_actor_number": 1638,
    "predict_actor_precision": 0.6717391304347826,
    "predict_actor_recall": 0.7545787545787546,
    "predict_airplane_f1": 0.5120772946859903,
    "predict_airplane_number": 794,
    "predict_airplane_precision": 0.4153605015673981,
    "predict_airplane_recall": 0.6675062972292192,
    "predict_airport_f1": 0.7234042553191489,
    "predict_airport_number": 364,
    "predict_airport_precision": 0.8095238095238095,
    "predict_airport_recall": 0.6538461538461539,
    "predict_artist/author_f1": 0.6181413741967375,
    "predict_artist/author_number": 3464,
    "predict_artist/author_precision": 0.5404062229904927,
    "predict_artist/author_recall": 0.7219976905311778,
    "predict_astronomything_f1": 0.5330915684496826,
    "predict_astronomything_number": 678,
    "predict_astronomything_precision": 0.691764705882353,
    "predict_astronomything_recall": 0.4336283185840708,
    "predict_athlete_f1": 0.7920629714660544,
    "predict_athlete_number": 2907,
    "predict_athlete_precision": 0.7568160451269195,
    "predict_athlete_recall": 0.8307533539731682,
    "predict_attack/battle/war/militaryconflict_f1": 0.6123778501628665,
    "predict_attack/battle/war/militaryconflict_number": 1099,
    "predict_attack/battle/war/militaryconflict_precision": 0.5084134615384616,
    "predict_attack/battle/war/militaryconflict_recall": 0.7697907188353048,
    "predict_award_f1": 0.4906234161175875,
    "predict_award_number": 941,
    "predict_award_precision": 0.4689922480620155,
    "predict_award_recall": 0.5143464399574921,
    "predict_biologything_f1": 0.5240772427279394,
    "predict_biologything_number": 1875,
    "predict_biologything_precision": 0.48375451263537905,
    "predict_biologything_recall": 0.5717333333333333,
    "predict_bodiesofwater_f1": 0.6365437970669837,
    "predict_bodiesofwater_number": 1169,
    "predict_bodiesofwater_precision": 0.5930576070901034,
    "predict_bodiesofwater_recall": 0.6869118905047049,
    "predict_broadcastprogram_f1": 0.4130019120458891,
    "predict_broadcastprogram_number": 605,
    "predict_broadcastprogram_precision": 0.4897959183673469,
    "predict_broadcastprogram_recall": 0.35702479338842974,
    "predict_car_f1": 0.6150712830957229,
    "predict_car_number": 688,
    "predict_car_precision": 0.5770700636942675,
    "predict_car_recall": 0.6584302325581395,
    "predict_chemicalthing_f1": 0.4751598622725037,
    "predict_chemicalthing_number": 1014,
    "predict_chemicalthing_precision": 0.47399411187438667,
    "predict_chemicalthing_recall": 0.47633136094674555,
    "predict_company_f1": 0.6080283353010626,
    "predict_company_number": 3903,
    "predict_company_precision": 0.5638274578497919,
    "predict_company_recall": 0.6597489110940302,
    "predict_currency_f1": 0.6327616794795978,
    "predict_currency_number": 799,
    "predict_currency_precision": 0.5997757847533632,
    "predict_currency_recall": 0.6695869837296621,
    "predict_director_f1": 0.167192429022082,
    "predict_director_number": 554,
    "predict_director_precision": 0.6625,
    "predict_director_recall": 0.09566787003610108,
    "predict_disaster_f1": 0.27972027972027974,
    "predict_disaster_number": 207,
    "predict_disaster_precision": 0.5063291139240507,
    "predict_disaster_recall": 0.1932367149758454,
    "predict_disease_f1": 0.5011709601873536,
    "predict_disease_number": 750,
    "predict_disease_precision": 0.44676409185803756,
    "predict_disease_recall": 0.5706666666666667,
    "predict_education_f1": 0.7151403589507593,
    "predict_education_number": 2082,
    "predict_education_precision": 0.6863957597173145,
    "predict_education_recall": 0.7463976945244957,
    "predict_educationaldegree_f1": 0.41947565543071164,
    "predict_educationaldegree_number": 367,
    "predict_educationaldegree_precision": 0.3870967741935484,
    "predict_educationaldegree_recall": 0.45776566757493187,
    "predict_election_f1": 0.18947368421052632,
    "predict_election_number": 184,
    "predict_election_precision": 0.1836734693877551,
    "predict_election_recall": 0.1956521739130435,
    "predict_film_f1": 0.563794983642312,
    "predict_film_number": 759,
    "predict_film_precision": 0.48093023255813955,
    "predict_film_recall": 0.6811594202898551,
    "predict_food_f1": 0.44511581067472306,
    "predict_food_number": 432,
    "predict_food_precision": 0.3939393939393939,
    "predict_food_recall": 0.5115740740740741,
    "predict_game_f1": 0.5955056179775281,
    "predict_game_number": 496,
    "predict_game_precision": 0.6725888324873096,
    "predict_game_recall": 0.5342741935483871,
    "predict_god_f1": 0.0,
    "predict_god_number": 635,
    "predict_god_precision": 0.0,
    "predict_god_recall": 0.0,
    "predict_government/governmentagency_f1": 0.3250437828371278,
    "predict_government/governmentagency_number": 1535,
    "predict_government/governmentagency_precision": 0.3515151515151515,
    "predict_government/governmentagency_recall": 0.3022801302931596,
    "predict_hospital_f1": 0.7244094488188976,
    "predict_hospital_number": 364,
    "predict_hospital_precision": 0.6934673366834171,
    "predict_hospital_recall": 0.7582417582417582,
    "predict_hotel_f1": 0.57421875,
    "predict_hotel_number": 265,
    "predict_hotel_precision": 0.5951417004048583,
    "predict_hotel_recall": 0.5547169811320755,
    "predict_island_f1": 0.5332211942809083,
    "predict_island_number": 646,
    "predict_island_precision": 0.583793738489871,
    "predict_island_recall": 0.4907120743034056,
    "predict_language_f1": 0.6231221423905944,
    "predict_language_number": 753,
    "predict_language_precision": 0.6131105398457584,
    "predict_language_recall": 0.6334661354581673,
    "predict_law_f1": 0.5113739763421291,
    "predict_law_number": 488,
    "predict_law_precision": 0.45990180032733224,
    "predict_law_recall": 0.5758196721311475,
    "predict_library_f1": 0.6878453038674033,
    "predict_library_number": 357,
    "predict_library_precision": 0.6784741144414169,
    "predict_library_recall": 0.6974789915966386,
    "predict_livingthing_f1": 0.5444566410537871,
    "predict_livingthing_number": 865,
    "predict_livingthing_precision": 0.5182863113897597,
    "predict_livingthing_recall": 0.5734104046242775,
    "predict_loss": 0.36796411871910095,
    "predict_media/newspaper_f1": 0.5941605839416058,
    "predict_media/newspaper_number": 1234,
    "predict_media/newspaper_precision": 0.5405046480743692,
    "predict_media/newspaper_recall": 0.6596434359805511,
    "predict_medical_f1": 0.0,
    "predict_medical_number": 397,
    "predict_medical_precision": 0.0,
    "predict_medical_recall": 0.0,
    "predict_mountain_f1": 0.5868544600938966,
    "predict_mountain_number": 681,
    "predict_mountain_precision": 0.628140703517588,
    "predict_mountain_recall": 0.5506607929515418,
    "predict_music_f1": 0.6733944954128441,
    "predict_music_number": 1041,
    "predict_music_precision": 0.6444249341527656,
    "predict_music_recall": 0.7050912584053795,
    "predict_other_f1": 0.5031944857908357,
    "predict_other_number": 21035,
    "predict_other_precision": 0.4854201643545109,
    "predict_other_recall": 0.5223199429522225,
    "predict_overall_accuracy": 0.9094743630666606,
    "predict_overall_f1": 0.6005289555866576,
    "predict_overall_precision": 0.5803274901088746,
    "predict_overall_recall": 0.6221875903067333,
    "predict_painting_f1": 0.0,
    "predict_painting_number": 58,
    "predict_painting_precision": 0.0,
    "predict_painting_recall": 0.0,
    "predict_park_f1": 0.3940620782726046,
    "predict_park_number": 458,
    "predict_park_precision": 0.5159010600706714,
    "predict_park_recall": 0.31877729257641924,