{
    "predict_GPE_f1": 0.7620189425728331,
    "predict_GPE_number": 20409,
    "predict_GPE_precision": 0.7461495116453795,
    "predict_GPE_recall": 0.7785780782987898,
    "predict_actor_f1": 0.6955777460770327,
    "predict_actor_number": 1638,
    "predict_actor_precision": 0.6529191215854312,
    "predict_actor_recall": 0.7442002442002442,
    "predict_airplane_f1": 0.5031810294968191,
    "predict_airplane_number": 794,
    "predict_airplane_precision": 0.46524064171123,
    "predict_airplane_recall": 0.5478589420654912,
    "predict_airport_f1": 0.6552984165651644,
    "predict_airport_number": 364,
    "predict_airport_precision": 0.5886214442013129,
    "predict_airport_recall": 0.739010989010989,
    "predict_artist/author_f1": 0.5908077994428971,
    "predict_artist/author_number": 3464,
    "predict_artist/author_precision": 0.5707750269106566,
    "predict_artist/author_recall": 0.6122979214780601,
    "predict_astronomything_f1": 0.5911680911680911,
    "predict_astronomything_number": 678,
    "predict_astronomything_precision": 0.571625344352617,
    "predict_astronomything_recall": 0.612094395280236,
    "predict_athlete_f1": 0.7933299646286003,
    "predict_athlete_number": 2907,
    "predict_athlete_precision": 0.7772277227722773,
    "predict_athlete_recall": 0.8101135190918473,
    "predict_attack/battle/war/militaryconflict_f1": 0.6018555869302138,
    "predict_attack/battle/war/militaryconflict_number": 1099,
    "predict_attack/battle/war/militaryconflict_precision": 0.5405797101449276,
    "predict_attack/battle/war/militaryconflict_recall": 0.6787989080982711,
    "predict_award_f1": 0.43386727688787186,
    "predict_award_number": 941,
    "predict_award_precision": 0.38102893890675243,
    "predict_award_recall": 0.5037194473963869,
    "predict_biologything_f1": 0.5418693982074264,
    "predict_biologything_number": 1875,
    "predict_biologything_precision": 0.5211822660098522,
    "predict_biologything_recall": 0.5642666666666667,
    "predict_bodiesofwater_f1": 0.6203432398493094,
    "predict_bodiesofwater_number": 1169,
    "predict_bodiesofwater_precision": 0.6073770491803279,
    "predict_bodiesofwater_recall": 0.6338751069289992,
    "predict_broadcastprogram_f1": 0.40278853601859027,
    "predict_broadcastprogram_number": 605,
    "predict_broadcastprogram_precision": 0.37900874635568516,
    "predict_broadcastprogram_recall": 0.4297520661157025,
    "predict_car_f1": 0.5873347251217814,
    "predict_car_number": 688,
    "predict_car_precision": 0.5634178905206942,
    "predict_car_recall": 0.6133720930232558,
    "predict_chemicalthing_f1": 0.5075555555555555,
    "predict_chemicalthing_number": 1014,
    "predict_chemicalthing_precision": 0.46197411003236244,
    "predict_chemicalthing_recall": 0.5631163708086785,
    "predict_company_f1": 0.5629453681710214,
    "predict_company_number": 3903,
    "predict_company_precision": 0.5246845251272969,
    "predict_company_recall": 0.6072252113758647,
    "predict_currency_f1": 0.6495626822157434,
    "predict_currency_number": 799,
    "predict_currency_precision": 0.6080786026200873,
    "predict_currency_recall": 0.6971214017521903,
    "predict_director_f1": 0.5565217391304348,
    "predict_director_number": 554,
    "predict_director_precision": 0.4648910411622276,
    "predict_director_recall": 0.6931407942238267,
    "predict_disaster_f1": 0.38752783964365256,
    "predict_disaster_number": 207,
    "predict_disaster_precision": 0.359504132231405,
    "predict_disaster_recall": 0.42028985507246375,
    "predict_disease_f1": 0.5317417254476396,
    "predict_disease_number": 750,
    "predict_disease_precision": 0.44830741079597436,
    "predict_disease_recall": 0.6533333333333333,
    "predict_education_f1": 0.6637069922308546,
    "predict_education_number": 2082,
    "predict_education_precision": 0.6170037144036319,
    "predict_education_recall": 0.718059558117195,
    "predict_educationaldegree_f1": 0.4482758620689656,
    "predict_educationaldegree_number": 367,
    "predict_educationaldegree_precision": 0.38767395626242546,
    "predict_educationaldegree_recall": 0.5313351498637602,
    "predict_election_f1": 0.23582766439909295,
    "predict_election_number": 184,
    "predict_election_precision": 0.20233463035019456,
    "predict_election_recall": 0.2826086956521739,
    "predict_film_f1": 0.589185829707893,
    "predict_film_number": 759,
    "predict_film_precision": 0.5576470588235294,
    "predict_film_recall": 0.6245059288537549,
    "predict_food_f1": 0.3835616438356165,
    "predict_food_number": 432,
    "predict_food_precision": 0.30434782608695654,
    "predict_food_recall": 0.5185185185185185,
    "predict_game_f1": 0.5937834941050375,
    "predict_game_number": 496,
    "predict_game_precision": 0.6338672768878718,
    "predict_game_recall": 0.5584677419354839,
    "predict_god_f1": 0.5672436750998668,
    "predict_god_number": 635,
    "predict_god_precision": 0.4913494809688581,
    "predict_god_recall": 0.6708661417322834,
    "predict_government/governmentagency_f1": 0.3240349394195548,
    "predict_government/governmentagency_number": 1535,
    "predict_government/governmentagency_precision": 0.2855014895729891,
    "predict_government/governmentagency_recall": 0.3745928338762215,
    "predict_hospital_f1": 0.5888324873096447,
    "predict_hospital_number": 364,
    "predict_hospital_precision": 0.5471698113207547,
    "predict_hospital_recall": 0.6373626373626373,
    "predict_hotel_f1": 0.5484949832775919,
    "predict_hotel_number": 265,
    "predict_hotel_precision": 0.4924924924924925,
    "predict_hotel_recall": 0.6188679245283019,
    "predict_island_f1": 0.5566188197767146,
    "predict_island_number": 646,
    "predict_island_precision": 0.5740131578947368,
    "predict_island_recall": 0.5402476780185759,
    "predict_language_f1": 0.6243794815223387,
    "predict_language_number": 753,
    "predict_language_precision": 0.5339622641509434,
    "predict_language_recall": 0.751660026560425,
    "predict_law_f1": 0.42114384748700173,
    "predict_law_number": 488,
    "predict_law_precision": 0.36486486486486486,
    "predict_law_recall": 0.4979508196721312,
    "predict_library_f1": 0.5508365508365508,
    "predict_library_number": 357,
    "predict_library_precision": 0.5095238095238095,
    "predict_library_recall": 0.5994397759103641,
    "predict_livingthing_f1": 0.5374259558427572,
    "predict_livingthing_number": 865,
    "predict_livingthing_precision": 0.5030241935483871,
    "predict_livingthing_recall": 0.576878612716763,
    "predict_loss": 0.5203925967216492,
    "predict_media/newspaper_f1": 0.5169753086419753,
    "predict_media/newspaper_number": 1234,
    "predict_media/newspaper_precision": 0.49337260677466865,
    "predict_media/newspaper_recall": 0.5429497568881686,
    "predict_medical_f1": 0.3686087990487515,
    "predict_medical_number": 397,
    "predict_medical_precision": 0.3490990990990991,
    "predict_medical_recall": 0.3904282115869018,
    "predict_mountain_f1": 0.5512027491408935,
    "predict_mountain_number": 681,
    "predict_mountain_precision": 0.5180878552971576,
    "predict_mountain_recall": 0.5888399412628488,
    "predict_music_f1": 0.6133076181292189,
    "predict_music_number": 1041,
    "predict_music_precision": 0.6156824782187803,
    "predict_music_recall": 0.6109510086455331,
    "predict_other_f1": 0.45356400758876136,
    "predict_other_number": 21035,
    "predict_other_precision": 0.43203820833871176,
    "predict_other_recall": 0.47734727834561447,
    "predict_overall_accuracy": 0.9023846593142204,
    "predict_overall_f1": 0.5726779135156099,
    "predict_overall_precision": 0.539967820967565,
    "predict_overall_recall": 0.6096065722660281,
    "predict_painting_f1": 0.22352941176470587,
    "predict_painting_number": 58,
    "predict_painting_precision": 0.16964285714285715,
    "predict_painting_recall": 0.3275862068965517,