{
    "predict_GPE_f1": 0.7551123393007328,
    "predict_GPE_number": 20409,
    "predict_GPE_precision": 0.7409223804583609,
    "predict_GPE_recall": 0.7698564358861286,
    "predict_actor_f1": 0.6202071088720963,
    "predict_actor_number": 1638,
    "predict_actor_precision": 0.572609819121447,
    "predict_actor_recall": 0.6764346764346765,
    "predict_airplane_f1": 0.46867469879518076,
    "predict_airplane_number": 794,
    "predict_airplane_precision": 0.4491916859122402,
    "predict_airplane_recall": 0.4899244332493703,
    "predict_airport_f1": 0.668407310704961,
    "predict_airport_number": 364,
    "predict_airport_precision": 0.6368159203980099,
    "predict_airport_recall": 0.7032967032967034,
    "predict_artist/author_f1": 0.5068032187271397,
    "predict_artist/author_number": 3464,
    "predict_artist/author_precision": 0.5137941263719964,
    "predict_artist/author_recall": 0.5,
    "predict_astronomything_f1": 0.5394366197183099,
    "predict_astronomything_number": 678,
    "predict_astronomything_precision": 0.5161725067385444,
    "predict_astronomything_recall": 0.5648967551622419,
    "predict_athlete_f1": 0.7790871369294605,
    "predict_athlete_number": 2907,
    "predict_athlete_precision": 0.7527261064785119,
    "predict_athlete_recall": 0.8073615411076711,
    "predict_attack/battle/war/militaryconflict_f1": 0.5597243491577335,
    "predict_attack/battle/war/militaryconflict_number": 1099,
    "predict_attack/battle/war/militaryconflict_precision": 0.48314606741573035,
    "predict_attack/battle/war/militaryconflict_recall": 0.6651501364877161,
    "predict_award_f1": 0.4185836716283266,
    "predict_award_number": 941,
    "predict_award_precision": 0.36363636363636365,
    "predict_award_recall": 0.49309245483528164,
    "predict_biologything_f1": 0.4605411499436302,
    "predict_biologything_number": 1875,
    "predict_biologything_precision": 0.488344291691572,
    "predict_biologything_recall": 0.4357333333333333,
    "predict_bodiesofwater_f1": 0.6187707641196013,
    "predict_bodiesofwater_number": 1169,
    "predict_bodiesofwater_precision": 0.6012913640032284,
    "predict_bodiesofwater_recall": 0.6372968349016254,
    "predict_broadcastprogram_f1": 0.3374045801526718,
    "predict_broadcastprogram_number": 605,
    "predict_broadcastprogram_precision": 0.31347517730496455,
    "predict_broadcastprogram_recall": 0.3652892561983471,
    "predict_car_f1": 0.5464684014869888,
    "predict_car_number": 688,
    "predict_car_precision": 0.4762419006479482,
    "predict_car_recall": 0.6409883720930233,
    "predict_chemicalthing_f1": 0.4664701547531319,
    "predict_chemicalthing_number": 1014,
    "predict_chemicalthing_precision": 0.3723529411764706,
    "predict_chemicalthing_recall": 0.6242603550295858,
    "predict_company_f1": 0.5628686010851616,
    "predict_company_number": 3903,
    "predict_company_precision": 0.5215300546448087,
    "predict_company_recall": 0.6113246220855753,
    "predict_currency_f1": 0.6240097501523462,
    "predict_currency_number": 799,
    "predict_currency_precision": 0.6080760095011877,
    "predict_currency_recall": 0.6408010012515645,
    "predict_director_f1": 0.4258608573436402,
    "predict_director_number": 554,
    "predict_director_precision": 0.3486766398158803,
    "predict_director_recall": 0.5469314079422383,
    "predict_disaster_f1": 0.31443298969072164,
    "predict_disaster_number": 207,
    "predict_disaster_precision": 0.3370165745856354,
    "predict_disaster_recall": 0.2946859903381642,
    "predict_disease_f1": 0.49549549549549543,
    "predict_disease_number": 750,
    "predict_disease_precision": 0.42884990253411304,
    "predict_disease_recall": 0.5866666666666667,
    "predict_education_f1": 0.6637554585152838,
    "predict_education_number": 2082,
    "predict_education_precision": 0.6364037020713971,
    "predict_education_recall": 0.6935638808837656,
    "predict_educationaldegree_f1": 0.42446043165467623,
    "predict_educationaldegree_number": 367,
    "predict_educationaldegree_precision": 0.37901498929336186,
    "predict_educationaldegree_recall": 0.4822888283378747,
    "predict_election_f1": 0.06722689075630252,
    "predict_election_number": 184,
    "predict_election_precision": 0.06936416184971098,
    "predict_election_recall": 0.06521739130434782,
    "predict_film_f1": 0.47619047619047616,
    "predict_film_number": 759,
    "predict_film_precision": 0.40404040404040403,
    "predict_film_recall": 0.5797101449275363,
    "predict_food_f1": 0.34466588511137164,
    "predict_food_number": 432,
    "predict_food_precision": 0.3491686460807601,
    "predict_food_recall": 0.3402777777777778,
    "predict_game_f1": 0.4930555555555556,
    "predict_game_number": 496,
    "predict_game_precision": 0.5788043478260869,
    "predict_game_recall": 0.42943548387096775,
    "predict_god_f1": 0.5194598888006354,
    "predict_god_number": 635,
    "predict_god_precision": 0.5240384615384616,
    "predict_god_recall": 0.5149606299212598,
    "predict_government/governmentagency_f1": 0.25163593099345627,
    "predict_government/governmentagency_number": 1535,
    "predict_government/governmentagency_precision": 0.2315270935960591,
    "predict_government/governmentagency_recall": 0.2755700325732899,
    "predict_hospital_f1": 0.5931818181818181,
    "predict_hospital_number": 364,
    "predict_hospital_precision": 0.5058139534883721,
    "predict_hospital_recall": 0.717032967032967,
    "predict_hotel_f1": 0.572463768115942,
    "predict_hotel_number": 265,
    "predict_hotel_precision": 0.5505226480836237,
    "predict_hotel_recall": 0.5962264150943396,
    "predict_island_f1": 0.471830985915493,
    "predict_island_number": 646,
    "predict_island_precision": 0.43281653746770027,
    "predict_island_recall": 0.5185758513931888,
    "predict_language_f1": 0.5895564289724874,
    "predict_language_number": 753,
    "predict_language_precision": 0.5107003891050583,
    "predict_language_recall": 0.6972111553784861,
    "predict_law_f1": 0.4067226890756303,
    "predict_law_number": 488,
    "predict_law_precision": 0.34472934472934474,
    "predict_law_recall": 0.4959016393442623,
    "predict_library_f1": 0.46390168970814133,
    "predict_library_number": 357,
    "predict_library_precision": 0.5136054421768708,
    "predict_library_recall": 0.42296918767507,
    "predict_livingthing_f1": 0.48468271334792123,
    "predict_livingthing_number": 865,
    "predict_livingthing_precision": 0.46002076843198336,
    "predict_livingthing_recall": 0.5121387283236994,
    "predict_loss": 0.5180583000183105,
    "predict_media/newspaper_f1": 0.46269278866194247,
    "predict_media/newspaper_number": 1234,
    "predict_media/newspaper_precision": 0.47639484978540775,
    "predict_media/newspaper_recall": 0.4497568881685575,
    "predict_medical_f1": 0.31918505942275044,
    "predict_medical_number": 397,
    "predict_medical_precision": 0.4895833333333333,
    "predict_medical_recall": 0.2367758186397985,
    "predict_mountain_f1": 0.5339739190116678,
    "predict_mountain_number": 681,
    "predict_mountain_precision": 0.5012886597938144,
    "predict_mountain_recall": 0.5712187958883994,
    "predict_music_f1": 0.62546468401487,
    "predict_music_number": 1041,
    "predict_music_precision": 0.6057605760576058,
    "predict_music_recall": 0.6464937560038425,
    "predict_other_f1": 0.43177586665484524,
    "predict_other_number": 21035,
    "predict_other_precision": 0.40446825297952743,
    "predict_other_recall": 0.4630377941526028,
    "predict_overall_accuracy": 0.8966358107125098,
    "predict_overall_f1": 0.5454263265108159,
    "predict_overall_precision": 0.5144938145084548,
    "predict_overall_recall": 0.5803162283779879,
    "predict_painting_f1": 0.024096385542168676,
    "predict_painting_number": 58,
    "predict_painting_precision": 0.04,
    "predict_painting_recall": 0.017241379310344827,
    "predict_park_f1": 0.3087362171331636,