{
    "predict_GPE_f1": 0.7999331598672746,
    "predict_GPE_number": 20409,
    "predict_GPE_precision": 0.7799553114235174,
    "predict_GPE_recall": 0.820961340585036,
    "predict_actor_f1": 0.7729468599033816,
    "predict_actor_number": 1638,
    "predict_actor_precision": 0.7646356033452808,
    "predict_actor_recall": 0.7814407814407814,
    "predict_airplane_f1": 0.6145648312611013,
    "predict_airplane_number": 794,
    "predict_airplane_precision": 0.5798882681564246,
    "predict_airplane_recall": 0.6536523929471033,
    "predict_airport_f1": 0.7912687585266028,
    "predict_airport_number": 364,
    "predict_airport_precision": 0.7859078590785907,
    "predict_airport_recall": 0.7967032967032966,
    "predict_artist/author_f1": 0.6815718157181573,
    "predict_artist/author_number": 3464,
    "predict_artist/author_precision": 0.6422369765066395,
    "predict_artist/author_recall": 0.726039260969977,
    "predict_astronomything_f1": 0.7094076655052265,
    "predict_astronomything_number": 678,
    "predict_astronomything_precision": 0.6723910171730515,
    "predict_astronomything_recall": 0.7507374631268436,
    "predict_athlete_f1": 0.8137861803580392,
    "predict_athlete_number": 2907,
    "predict_athlete_precision": 0.7921824104234527,
    "predict_athlete_recall": 0.8366013071895425,
    "predict_attack/battle/war/militaryconflict_f1": 0.6836646499567847,
    "predict_attack/battle/war/militaryconflict_number": 1099,
    "predict_attack/battle/war/militaryconflict_precision": 0.6510288065843621,
    "predict_attack/battle/war/militaryconflict_recall": 0.7197452229299363,
    "predict_award_f1": 0.5561122244488977,
    "predict_award_number": 941,
    "predict_award_precision": 0.5260663507109005,
    "predict_award_recall": 0.589798087141339,
    "predict_biologything_f1": 0.5914315569487983,
    "predict_biologything_number": 1875,
    "predict_biologything_precision": 0.579621095750128,
    "predict_biologything_recall": 0.6037333333333333,
    "predict_bodiesofwater_f1": 0.7020139745170572,
    "predict_bodiesofwater_number": 1169,
    "predict_bodiesofwater_precision": 0.6756329113924051,
    "predict_bodiesofwater_recall": 0.7305389221556886,
    "predict_broadcastprogram_f1": 0.5431893687707641,
    "predict_broadcastprogram_number": 605,
    "predict_broadcastprogram_precision": 0.5459098497495827,
    "predict_broadcastprogram_recall": 0.540495867768595,
    "predict_car_f1": 0.6704225352112675,
    "predict_car_number": 688,
    "predict_car_precision": 0.6502732240437158,
    "predict_car_recall": 0.6918604651162791,
    "predict_chemicalthing_f1": 0.5238540692235735,
    "predict_chemicalthing_number": 1014,
    "predict_chemicalthing_precision": 0.498220640569395,
    "predict_chemicalthing_recall": 0.5522682445759369,
    "predict_company_f1": 0.6554538708879546,
    "predict_company_number": 3903,
    "predict_company_precision": 0.6335166148697108,
    "predict_company_recall": 0.6789648987957981,
    "predict_currency_f1": 0.7044307347167694,
    "predict_currency_number": 799,
    "predict_currency_precision": 0.6382113821138211,
    "predict_currency_recall": 0.785982478097622,
    "predict_director_f1": 0.6615384615384615,
    "predict_director_number": 554,
    "predict_director_precision": 0.6282467532467533,
    "predict_director_recall": 0.6985559566787004,
    "predict_disaster_f1": 0.4565217391304348,
    "predict_disaster_number": 207,
    "predict_disaster_precision": 0.4150197628458498,
    "predict_disaster_recall": 0.5072463768115942,
    "predict_disease_f1": 0.6090961427748993,
    "predict_disease_number": 750,
    "predict_disease_precision": 0.53596757852077,
    "predict_disease_recall": 0.7053333333333334,
    "predict_education_f1": 0.7311475409836067,
    "predict_education_number": 2082,
    "predict_education_precision": 0.7134369287020109,
    "predict_education_recall": 0.7497598463016331,
    "predict_educationaldegree_f1": 0.4884004884004884,
    "predict_educationaldegree_number": 367,
    "predict_educationaldegree_precision": 0.4424778761061947,
    "predict_educationaldegree_recall": 0.5449591280653951,
    "predict_election_f1": 0.2725060827250608,
    "predict_election_number": 184,
    "predict_election_precision": 0.24669603524229075,
    "predict_election_recall": 0.30434782608695654,
    "predict_film_f1": 0.6756583172768145,
    "predict_film_number": 759,
    "predict_film_precision": 0.6591478696741855,
    "predict_film_recall": 0.6930171277997365,
    "predict_food_f1": 0.5056526207605344,
    "predict_food_number": 432,
    "predict_food_precision": 0.45471349353049906,
    "predict_food_recall": 0.5694444444444444,
    "predict_game_f1": 0.6599394550958628,
    "predict_game_number": 496,
    "predict_game_precision": 0.6606060606060606,
    "predict_game_recall": 0.6592741935483871,
    "predict_god_f1": 0.5957120980091883,
    "predict_god_number": 635,
    "predict_god_precision": 0.5797317436661699,
    "predict_god_recall": 0.6125984251968504,
    "predict_government/governmentagency_f1": 0.4087363494539782,
    "predict_government/governmentagency_number": 1535,
    "predict_government/governmentagency_precision": 0.39221556886227543,
    "predict_government/governmentagency_recall": 0.42671009771986973,
    "predict_hospital_f1": 0.7020725388601037,
    "predict_hospital_number": 364,
    "predict_hospital_precision": 0.6642156862745098,
    "predict_hospital_recall": 0.7445054945054945,
    "predict_hotel_f1": 0.6486486486486486,
    "predict_hotel_number": 265,
    "predict_hotel_precision": 0.6206896551724138,
    "predict_hotel_recall": 0.6792452830188679,
    "predict_island_f1": 0.6525490196078432,
    "predict_island_number": 646,
    "predict_island_precision": 0.6613672496025437,
    "predict_island_recall": 0.6439628482972136,
    "predict_language_f1": 0.6895734597156399,
    "predict_language_number": 753,
    "predict_language_precision": 0.6224598930481283,
    "predict_language_recall": 0.7729083665338645,
    "predict_law_f1": 0.5682242990654206,
    "predict_law_number": 488,
    "predict_law_precision": 0.5223367697594502,
    "predict_law_recall": 0.6229508196721312,
    "predict_library_f1": 0.67828418230563,
    "predict_library_number": 357,
    "predict_library_precision": 0.6503856041131105,
    "predict_library_recall": 0.7086834733893558,
    "predict_livingthing_f1": 0.5738045738045738,
    "predict_livingthing_number": 865,
    "predict_livingthing_precision": 0.5212464589235127,
    "predict_livingthing_recall": 0.638150289017341,
    "predict_loss": 0.33950844407081604,
    "predict_media/newspaper_f1": 0.5783410138248848,
    "predict_media/newspaper_number": 1234,
    "predict_media/newspaper_precision": 0.5496350364963504,
    "predict_media/newspaper_recall": 0.6102106969205835,
    "predict_medical_f1": 0.39154616240266965,
    "predict_medical_number": 397,
    "predict_medical_precision": 0.350597609561753,
    "predict_medical_recall": 0.4433249370277078,
    "predict_mountain_f1": 0.6580086580086582,
    "predict_mountain_number": 681,
    "predict_mountain_precision": 0.6468085106382979,
    "predict_mountain_recall": 0.6696035242290749,
    "predict_music_f1": 0.7477086348287507,
    "predict_music_number": 1041,
    "predict_music_precision": 0.750968992248062,
    "predict_music_recall": 0.74447646493756,
    "predict_other_f1": 0.5431203816294079,
    "predict_other_number": 21035,
    "predict_other_precision": 0.5344470523263841,
    "predict_other_recall": 0.5520798668885192,
    "predict_overall_accuracy": 0.9191904057742543,
    "predict_overall_f1": 0.6468363477535785,
    "predict_overall_precision": 0.6230494148244473,
    "predict_overall_recall": 0.6725116624695537,
    "predict_painting_f1": 0.5161290322580646,
    "predict_painting_number": 58,
    "predict_painting_precision": 0.48484848484848486,
    "predict_painting_recall": 0.5517241379310345,
    "predict_park_f1": 0.6193548387096774,