{
    "predict_GPE_f1": 0.7403843908362718,
    "predict_GPE_number": 20409,
    "predict_GPE_precision": 0.7072996608959486,
    "predict_GPE_recall": 0.7767161546376599,
    "predict_actor_f1": 0.6276202219482121,
    "predict_actor_number": 1638,
    "predict_actor_precision": 0.6338729763387297,
    "predict_actor_recall": 0.6214896214896215,
    "predict_airplane_f1": 0.5024038461538463,
    "predict_airplane_number": 794,
    "predict_airplane_precision": 0.4804597701149425,
    "predict_airplane_recall": 0.5264483627204031,
    "predict_airport_f1": 0.615909090909091,
    "predict_airport_number": 364,
    "predict_airport_precision": 0.5251937984496124,
    "predict_airport_recall": 0.7445054945054945,
    "predict_artist/author_f1": 0.5180327868852459,
    "predict_artist/author_number": 3464,
    "predict_artist/author_precision": 0.491701244813278,
    "predict_artist/author_recall": 0.5473441108545035,
    "predict_astronomything_f1": 0.5880701754385965,
    "predict_astronomything_number": 678,
    "predict_astronomything_precision": 0.5609103078982597,
    "predict_astronomything_recall": 0.6179941002949852,
    "predict_athlete_f1": 0.7648308547148227,
    "predict_athlete_number": 2907,
    "predict_athlete_precision": 0.7285180572851806,
    "predict_athlete_recall": 0.804953560371517,
    "predict_attack/battle/war/militaryconflict_f1": 0.5877305877305878,
    "predict_attack/battle/war/militaryconflict_number": 1099,
    "predict_attack/battle/war/militaryconflict_precision": 0.5560064935064936,
    "predict_attack/battle/war/militaryconflict_recall": 0.6232939035486806,
    "predict_award_f1": 0.39928218932256615,
    "predict_award_number": 941,
    "predict_award_precision": 0.3454968944099379,
    "predict_award_recall": 0.4729011689691817,
    "predict_biologything_f1": 0.5155440414507771,
    "predict_biologything_number": 1875,
    "predict_biologything_precision": 0.5012594458438288,
    "predict_biologything_recall": 0.5306666666666666,
    "predict_bodiesofwater_f1": 0.5859342488555972,
    "predict_bodiesofwater_number": 1169,
    "predict_bodiesofwater_precision": 0.5705024311183144,
    "predict_bodiesofwater_recall": 0.602224123182207,
    "predict_broadcastprogram_f1": 0.3769470404984424,
    "predict_broadcastprogram_number": 605,
    "predict_broadcastprogram_precision": 0.35640648011782033,
    "predict_broadcastprogram_recall": 0.4,
    "predict_car_f1": 0.5716137394685677,
    "predict_car_number": 688,
    "predict_car_precision": 0.5157894736842106,
    "predict_car_recall": 0.6409883720930233,
    "predict_chemicalthing_f1": 0.3460135487232934,
    "predict_chemicalthing_number": 1014,
    "predict_chemicalthing_precision": 0.36685082872928176,
    "predict_chemicalthing_recall": 0.32741617357001973,
    "predict_company_f1": 0.5471698113207547,
    "predict_company_number": 3903,
    "predict_company_precision": 0.5124133303511519,
    "predict_company_recall": 0.5869843709966692,
    "predict_currency_f1": 0.6719908727895038,
    "predict_currency_number": 799,
    "predict_currency_precision": 0.6174004192872118,
    "predict_currency_recall": 0.737171464330413,
    "predict_director_f1": 0.47573587907716786,
    "predict_director_number": 554,
    "predict_director_precision": 0.42532005689900426,
    "predict_director_recall": 0.5397111913357401,
    "predict_disaster_f1": 0.27053140096618356,
    "predict_disaster_number": 207,
    "predict_disaster_precision": 0.27053140096618356,
    "predict_disaster_recall": 0.27053140096618356,
    "predict_disease_f1": 0.49205414949970566,
    "predict_disease_number": 750,
    "predict_disease_precision": 0.440463645943098,
    "predict_disease_recall": 0.5573333333333333,
    "predict_education_f1": 0.6196660482374768,
    "predict_education_number": 2082,
    "predict_education_precision": 0.5991031390134529,
    "predict_education_recall": 0.6416906820365034,
    "predict_educationaldegree_f1": 0.4013605442176871,
    "predict_educationaldegree_number": 367,
    "predict_educationaldegree_precision": 0.34368932038834954,
    "predict_educationaldegree_recall": 0.4822888283378747,
    "predict_election_f1": 0.1588785046728972,
    "predict_election_number": 184,
    "predict_election_precision": 0.13934426229508196,
    "predict_election_recall": 0.18478260869565216,
    "predict_film_f1": 0.43194600674915634,
    "predict_film_number": 759,
    "predict_film_precision": 0.37684003925417076,
    "predict_film_recall": 0.5059288537549407,
    "predict_food_f1": 0.38012205754141243,
    "predict_food_number": 432,
    "predict_food_precision": 0.3048951048951049,
    "predict_food_recall": 0.5046296296296297,
    "predict_game_f1": 0.2727272727272727,
    "predict_game_number": 496,
    "predict_game_precision": 0.40476190476190477,
    "predict_game_recall": 0.2056451612903226,
    "predict_god_f1": 0.504032258064516,
    "predict_god_number": 635,
    "predict_god_precision": 0.4396248534583822,
    "predict_god_recall": 0.5905511811023622,
    "predict_government/governmentagency_f1": 0.31309724564362,
    "predict_government/governmentagency_number": 1535,
    "predict_government/governmentagency_precision": 0.27533366287691546,
    "predict_government/governmentagency_recall": 0.3628664495114006,
    "predict_hospital_f1": 0.4888888888888889,
    "predict_hospital_number": 364,
    "predict_hospital_precision": 0.4439461883408072,
    "predict_hospital_recall": 0.5439560439560439,
    "predict_hotel_f1": 0.5044722719141324,
    "predict_hotel_number": 265,
    "predict_hotel_precision": 0.47959183673469385,
    "predict_hotel_recall": 0.5320754716981132,
    "predict_island_f1": 0.4636636636636637,
    "predict_island_number": 646,
    "predict_island_precision": 0.3788027477919529,
    "predict_island_recall": 0.5975232198142415,
    "predict_language_f1": 0.6131563065781532,
    "predict_language_number": 753,
    "predict_language_precision": 0.5619469026548672,
    "predict_language_recall": 0.6746347941567065,
    "predict_law_f1": 0.4009397024275646,
    "predict_law_number": 488,
    "predict_law_precision": 0.3244613434727503,
    "predict_law_recall": 0.5245901639344263,
    "predict_library_f1": 0.5401459854014599,
    "predict_library_number": 357,
    "predict_library_precision": 0.4774193548387097,
    "predict_library_recall": 0.6218487394957983,
    "predict_livingthing_f1": 0.498046875,
    "predict_livingthing_number": 865,
    "predict_livingthing_precision": 0.43110735418427726,
    "predict_livingthing_recall": 0.5895953757225434,
    "predict_loss": 0.7032569050788879,
    "predict_media/newspaper_f1": 0.4961303462321792,
    "predict_media/newspaper_number": 1234,
    "predict_media/newspaper_precision": 0.4987714987714988,
    "predict_media/newspaper_recall": 0.49351701782820095,
    "predict_medical_f1": 0.3103448275862069,
    "predict_medical_number": 397,
    "predict_medical_precision": 0.21367521367521367,
    "predict_medical_recall": 0.5667506297229219,
    "predict_mountain_f1": 0.5116918844566712,
    "predict_mountain_number": 681,
    "predict_mountain_precision": 0.48124191461837,
    "predict_mountain_recall": 0.5462555066079295,
    "predict_music_f1": 0.5963391136801541,
    "predict_music_number": 1041,
    "predict_music_precision": 0.5980676328502416,
    "predict_music_recall": 0.5946205571565802,
    "predict_other_f1": 0.43287270851690274,
    "predict_other_number": 21035,
    "predict_other_precision": 0.3950031377470976,
    "predict_other_recall": 0.47877347278345617,
    "predict_overall_accuracy": 0.8950256988189618,
    "predict_overall_f1": 0.5394421401118764,
    "predict_overall_precision": 0.5002999823539792,
    "predict_overall_recall": 0.5852289146678776,
    "predict_painting_f1": 0.0,
    "predict_painting_number": 58,
    "predict_painting_precision": 0.0,
    "predict_painting_recall": 0.0,
    "predict_park_f1": 0.2379310344827586,
    "predict_park_number": 458,