{
    "predict_GPE_f1": 0.7398067405137874,
    "predict_GPE_number": 20409,
    "predict_GPE_precision": 0.7127287589119476,
    "predict_GPE_recall": 0.7690234700377284,
    "predict_actor_f1": 0.6427718040621268,
    "predict_actor_number": 1638,
    "predict_actor_precision": 0.6292397660818714,
    "predict_actor_recall": 0.6568986568986569,
    "predict_airplane_f1": 0.49687322342239915,
    "predict_airplane_number": 794,
    "predict_airplane_precision": 0.45284974093264246,
    "predict_airplane_recall": 0.5503778337531486,
    "predict_airport_f1": 0.6257982120051087,
    "predict_airport_number": 364,
    "predict_airport_precision": 0.5847255369928401,
    "predict_airport_recall": 0.6730769230769231,
    "predict_artist/author_f1": 0.5495114866649062,
    "predict_artist/author_number": 3464,
    "predict_artist/author_precision": 0.5063260340632604,
    "predict_artist/author_recall": 0.6007505773672055,
    "predict_astronomything_f1": 0.56973293768546,
    "predict_astronomything_number": 678,
    "predict_astronomything_precision": 0.573134328358209,
    "predict_astronomything_recall": 0.5663716814159292,
    "predict_athlete_f1": 0.7523204689789936,
    "predict_athlete_number": 2907,
    "predict_athlete_precision": 0.7142857142857143,
    "predict_athlete_recall": 0.7946336429308566,
    "predict_attack/battle/war/militaryconflict_f1": 0.5856526852214818,
    "predict_attack/battle/war/militaryconflict_number": 1099,
    "predict_attack/battle/war/militaryconflict_precision": 0.5144628099173554,
    "predict_attack/battle/war/militaryconflict_recall": 0.6797088262056415,
    "predict_award_f1": 0.44368600682593856,
    "predict_award_number": 941,
    "predict_award_precision": 0.4099099099099099,
    "predict_award_recall": 0.48352816153028694,
    "predict_biologything_f1": 0.5394107277763788,
    "predict_biologything_number": 1875,
    "predict_biologything_precision": 0.5109732824427481,
    "predict_biologything_recall": 0.5712,
    "predict_bodiesofwater_f1": 0.5952281289242362,
    "predict_bodiesofwater_number": 1169,
    "predict_bodiesofwater_precision": 0.5827868852459016,
    "predict_bodiesofwater_recall": 0.6082121471343028,
    "predict_broadcastprogram_f1": 0.35453100158982515,
    "predict_broadcastprogram_number": 605,
    "predict_broadcastprogram_precision": 0.34150076569678406,
    "predict_broadcastprogram_recall": 0.3685950413223141,
    "predict_car_f1": 0.5187969924812029,
    "predict_car_number": 688,
    "predict_car_precision": 0.45594713656387664,
    "predict_car_recall": 0.6017441860465116,
    "predict_chemicalthing_f1": 0.44034917555771097,
    "predict_chemicalthing_number": 1014,
    "predict_chemicalthing_precision": 0.43320610687022904,
    "predict_chemicalthing_recall": 0.4477317554240631,
    "predict_company_f1": 0.5131865473022018,
    "predict_company_number": 3903,
    "predict_company_precision": 0.4861333944533578,
    "predict_company_recall": 0.5434281322059954,
    "predict_currency_f1": 0.6715658564160543,
    "predict_currency_number": 799,
    "predict_currency_precision": 0.6123711340206186,
    "predict_currency_recall": 0.7434292866082604,
    "predict_director_f1": 0.5273368606701939,
    "predict_director_number": 554,
    "predict_director_precision": 0.5155172413793103,
    "predict_director_recall": 0.5397111913357401,
    "predict_disaster_f1": 0.3597430406852249,
    "predict_disaster_number": 207,
    "predict_disaster_precision": 0.3230769230769231,
    "predict_disaster_recall": 0.4057971014492754,
    "predict_disease_f1": 0.512573568753344,
    "predict_disease_number": 750,
    "predict_disease_precision": 0.4280607685433423,
    "predict_disease_recall": 0.6386666666666667,
    "predict_education_f1": 0.5944986690328306,
    "predict_education_number": 2082,
    "predict_education_precision": 0.5523495465787304,
    "predict_education_recall": 0.643611911623439,
    "predict_educationaldegree_f1": 0.4022222222222222,
    "predict_educationaldegree_number": 367,
    "predict_educationaldegree_precision": 0.3395872420262664,
    "predict_educationaldegree_recall": 0.49318801089918257,
    "predict_election_f1": 0.15639810426540285,
    "predict_election_number": 184,
    "predict_election_precision": 0.13865546218487396,
    "predict_election_recall": 0.1793478260869565,
    "predict_film_f1": 0.5145985401459853,
    "predict_film_number": 759,
    "predict_film_precision": 0.47796610169491527,
    "predict_film_recall": 0.5573122529644269,
    "predict_food_f1": 0.41290322580645156,
    "predict_food_number": 432,
    "predict_food_precision": 0.3430321592649311,
    "predict_food_recall": 0.5185185185185185,
    "predict_game_f1": 0.5118483412322274,
    "predict_game_number": 496,
    "predict_game_precision": 0.48300536672629696,
    "predict_game_recall": 0.5443548387096774,
    "predict_god_f1": 0.4954128440366972,
    "predict_god_number": 635,
    "predict_god_precision": 0.44884910485933505,
    "predict_god_recall": 0.552755905511811,
    "predict_government/governmentagency_f1": 0.2949452840020845,
    "predict_government/governmentagency_number": 1535,
    "predict_government/governmentagency_precision": 0.2457663916630482,
    "predict_government/governmentagency_recall": 0.36872964169381106,
    "predict_hospital_f1": 0.5194174757281554,
    "predict_hospital_number": 364,
    "predict_hospital_precision": 0.4652173913043478,
    "predict_hospital_recall": 0.5879120879120879,
    "predict_hotel_f1": 0.45245901639344266,
    "predict_hotel_number": 265,
    "predict_hotel_precision": 0.4,
    "predict_hotel_recall": 0.5207547169811321,
    "predict_island_f1": 0.517217146872804,
    "predict_island_number": 646,
    "predict_island_precision": 0.47361647361647363,
    "predict_island_recall": 0.5696594427244582,
    "predict_language_f1": 0.6280522430437252,
    "predict_language_number": 753,
    "predict_language_precision": 0.5486111111111112,
    "predict_language_recall": 0.7343957503320053,
    "predict_law_f1": 0.37346437346437344,
    "predict_law_number": 488,
    "predict_law_precision": 0.31105047748976805,
    "predict_law_recall": 0.4672131147540984,
    "predict_library_f1": 0.5374233128834356,
    "predict_library_number": 357,
    "predict_library_precision": 0.4781659388646288,
    "predict_library_recall": 0.6134453781512605,
    "predict_livingthing_f1": 0.5010570824524313,
    "predict_livingthing_number": 865,
    "predict_livingthing_precision": 0.46153846153846156,
    "predict_livingthing_recall": 0.5479768786127167,
    "predict_loss": 0.6268117427825928,
    "predict_media/newspaper_f1": 0.48680582906656167,
    "predict_media/newspaper_number": 1234,
    "predict_media/newspaper_precision": 0.4735632183908046,
    "predict_media/newspaper_recall": 0.5008103727714749,
    "predict_medical_f1": 0.40829015544041447,
    "predict_medical_number": 397,
    "predict_medical_precision": 0.34683098591549294,
    "predict_medical_recall": 0.49622166246851385,
    "predict_mountain_f1": 0.5487214927436075,
    "predict_mountain_number": 681,
    "predict_mountain_precision": 0.5182767624020888,
    "predict_mountain_recall": 0.5829662261380323,
    "predict_music_f1": 0.600177304964539,
    "predict_music_number": 1041,
    "predict_music_precision": 0.557201646090535,
    "predict_music_recall": 0.6503362151777138,
    "predict_other_f1": 0.4286208088489457,
    "predict_other_number": 21035,
    "predict_other_precision": 0.3928246148972399,
    "predict_other_recall": 0.47159496077965296,
    "predict_overall_accuracy": 0.8968822674892026,
    "predict_overall_f1": 0.5417514110838554,
    "predict_overall_precision": 0.5030295525107693,
    "predict_overall_recall": 0.5869318416381125,
    "predict_painting_f1": 0.20183486238532108,
    "predict_painting_number": 58,
    "predict_painting_precision": 0.21568627450980393,
    "predict_painting_recall": 0.1896551724137931,
    "predict_park_f1": 0.41773399014778323,