{
    "predict_GPE_f1": 0.7628154432381911,
    "predict_GPE_number": 20409,
    "predict_GPE_precision": 0.7465522094005066,
    "predict_GPE_recall": 0.7798030280758489,
    "predict_actor_f1": 0.6916784203102961,
    "predict_actor_number": 1638,
    "predict_actor_precision": 0.6428945988463556,
    "predict_actor_recall": 0.7484737484737485,
    "predict_airplane_f1": 0.5669669669669669,
    "predict_airplane_number": 794,
    "predict_airplane_precision": 0.5419058553386912,
    "predict_airplane_recall": 0.5944584382871536,
    "predict_airport_f1": 0.6675461741424802,
    "predict_airport_number": 364,
    "predict_airport_precision": 0.6421319796954315,
    "predict_airport_recall": 0.695054945054945,
    "predict_artist/author_f1": 0.5815025766205587,
    "predict_artist/author_number": 3464,
    "predict_artist/author_precision": 0.5483375959079284,
    "predict_artist/author_recall": 0.6189376443418014,
    "predict_astronomything_f1": 0.6342899190581309,
    "predict_astronomything_number": 678,
    "predict_astronomything_precision": 0.6328928046989721,
    "predict_astronomything_recall": 0.6356932153392331,
    "predict_athlete_f1": 0.7746361050694328,
    "predict_athlete_number": 2907,
    "predict_athlete_precision": 0.754071661237785,
    "predict_athlete_recall": 0.7963536291709666,
    "predict_attack/battle/war/militaryconflict_f1": 0.6351118760757314,
    "predict_attack/battle/war/militaryconflict_number": 1099,
    "predict_attack/battle/war/militaryconflict_precision": 0.6024489795918367,
    "predict_attack/battle/war/militaryconflict_recall": 0.6715195632393085,
    "predict_award_f1": 0.48782816229116943,
    "predict_award_number": 941,
    "predict_award_precision": 0.44280762564991333,
    "predict_award_recall": 0.5430393198724761,
    "predict_biologything_f1": 0.5059139784946237,
    "predict_biologything_number": 1875,
    "predict_biologything_precision": 0.5100271002710027,
    "predict_biologything_recall": 0.5018666666666667,
    "predict_bodiesofwater_f1": 0.6055603822762816,
    "predict_bodiesofwater_number": 1169,
    "predict_bodiesofwater_precision": 0.6151809355692851,
    "predict_bodiesofwater_recall": 0.5962360992301112,
    "predict_broadcastprogram_f1": 0.4583663758921491,
    "predict_broadcastprogram_number": 605,
    "predict_broadcastprogram_precision": 0.4405487804878049,
    "predict_broadcastprogram_recall": 0.47768595041322315,
    "predict_car_f1": 0.5920431557653405,
    "predict_car_number": 688,
    "predict_car_precision": 0.5522012578616352,
    "predict_car_recall": 0.6380813953488372,
    "predict_chemicalthing_f1": 0.4640883977900553,
    "predict_chemicalthing_number": 1014,
    "predict_chemicalthing_precision": 0.4077669902912621,
    "predict_chemicalthing_recall": 0.5384615384615384,
    "predict_company_f1": 0.5818780055682106,
    "predict_company_number": 3903,
    "predict_company_precision": 0.5748937234308578,
    "predict_company_recall": 0.5890340763515245,
    "predict_currency_f1": 0.622089552238806,
    "predict_currency_number": 799,
    "predict_currency_precision": 0.5947488584474886,
    "predict_currency_recall": 0.6520650813516896,
    "predict_director_f1": 0.49410029498525077,
    "predict_director_number": 554,
    "predict_director_precision": 0.4177057356608479,
    "predict_director_recall": 0.6046931407942239,
    "predict_disaster_f1": 0.3788546255506608,
    "predict_disaster_number": 207,
    "predict_disaster_precision": 0.3481781376518219,
    "predict_disaster_recall": 0.41545893719806765,
    "predict_disease_f1": 0.5266106442577031,
    "predict_disease_number": 750,
    "predict_disease_precision": 0.45410628019323673,
    "predict_disease_recall": 0.6266666666666667,
    "predict_education_f1": 0.6736842105263158,
    "predict_education_number": 2082,
    "predict_education_precision": 0.6433566433566433,
    "predict_education_recall": 0.7070124879923151,
    "predict_educationaldegree_f1": 0.46637744034707157,
    "predict_educationaldegree_number": 367,
    "predict_educationaldegree_precision": 0.38738738738738737,
    "predict_educationaldegree_recall": 0.5858310626702997,
    "predict_election_f1": 0.1425287356321839,
    "predict_election_number": 184,
    "predict_election_precision": 0.12350597609561753,
    "predict_election_recall": 0.16847826086956522,
    "predict_film_f1": 0.5602570969469738,
    "predict_film_number": 759,
    "predict_film_precision": 0.4720216606498195,
    "predict_film_recall": 0.689064558629776,
    "predict_food_f1": 0.3986194995685936,
    "predict_food_number": 432,
    "predict_food_precision": 0.3177441540577717,
    "predict_food_recall": 0.5347222222222222,
    "predict_game_f1": 0.5414258188824663,
    "predict_game_number": 496,
    "predict_game_precision": 0.518450184501845,
    "predict_game_recall": 0.5665322580645161,
    "predict_god_f1": 0.47335423197492166,
    "predict_god_number": 635,
    "predict_god_precision": 0.4711388455538221,
    "predict_god_recall": 0.4755905511811024,
    "predict_government/governmentagency_f1": 0.3207599888236938,
    "predict_government/governmentagency_number": 1535,
    "predict_government/governmentagency_precision": 0.2808219178082192,
    "predict_government/governmentagency_recall": 0.3739413680781759,
    "predict_hospital_f1": 0.6206030150753769,
    "predict_hospital_number": 364,
    "predict_hospital_precision": 0.5717592592592593,
    "predict_hospital_recall": 0.6785714285714286,
    "predict_hotel_f1": 0.559322033898305,
    "predict_hotel_number": 265,
    "predict_hotel_precision": 0.5076923076923077,
    "predict_hotel_recall": 0.6226415094339622,
    "predict_island_f1": 0.5237388724035608,
    "predict_island_number": 646,
    "predict_island_precision": 0.5028490028490028,
    "predict_island_recall": 0.5464396284829721,
    "predict_language_f1": 0.5975994946304486,
    "predict_language_number": 753,
    "predict_language_precision": 0.5698795180722892,
    "predict_language_recall": 0.6281540504648074,
    "predict_law_f1": 0.4185303514376997,
    "predict_law_number": 488,
    "predict_law_precision": 0.34293193717277487,
    "predict_law_recall": 0.5368852459016393,
    "predict_library_f1": 0.5669856459330144,
    "predict_library_number": 357,
    "predict_library_precision": 0.49478079331941544,
    "predict_library_recall": 0.6638655462184874,
    "predict_livingthing_f1": 0.525395958492627,
    "predict_livingthing_number": 865,
    "predict_livingthing_precision": 0.4979296066252588,
    "predict_livingthing_recall": 0.5560693641618497,
    "predict_loss": 0.5294284224510193,
    "predict_media/newspaper_f1": 0.5506134969325154,
    "predict_media/newspaper_number": 1234,
    "predict_media/newspaper_precision": 0.5225618631732168,
    "predict_media/newspaper_recall": 0.5818476499189628,
    "predict_medical_f1": 0.34850455136540964,
    "predict_medical_number": 397,
    "predict_medical_precision": 0.3602150537634409,
    "predict_medical_recall": 0.33753148614609574,
    "predict_mountain_f1": 0.5813097866077997,
    "predict_mountain_number": 681,
    "predict_mountain_precision": 0.5825958702064897,
    "predict_mountain_recall": 0.580029368575624,
    "predict_music_f1": 0.625506072874494,
    "predict_music_number": 1041,
    "predict_music_precision": 0.6609625668449198,
    "predict_music_recall": 0.5936599423631124,
    "predict_other_f1": 0.45216325974998295,
    "predict_other_number": 21035,
    "predict_other_precision": 0.4324711396580158,
    "predict_other_recall": 0.4737342524364155,
    "predict_overall_accuracy": 0.9017082603191561,
    "predict_overall_f1": 0.5701403541408633,
    "predict_overall_precision": 0.5423042178492601,
    "predict_overall_recall": 0.6009887297196879,
    "predict_painting_f1": 0.02941176470588235,
    "predict_painting_number": 58,
    "predict_painting_precision": 0.1,
    "predict_painting_recall": 0.017241379310344827,
    "predict_park_f1": 0.477859778597786,