{
    "predict_GPE_f1": 0.7694767996944817,
    "predict_GPE_number": 20409,
    "predict_GPE_precision": 0.7501745241308698,
    "predict_GPE_recall": 0.7897986182566514,
    "predict_actor_f1": 0.6440677966101694,
    "predict_actor_number": 1638,
    "predict_actor_precision": 0.5831683168316831,
    "predict_actor_recall": 0.7191697191697192,
    "predict_airplane_f1": 0.5199501246882793,
    "predict_airplane_number": 794,
    "predict_airplane_precision": 0.5148148148148148,
    "predict_airplane_recall": 0.5251889168765743,
    "predict_airport_f1": 0.7621696801112656,
    "predict_airport_number": 364,
    "predict_airport_precision": 0.7718309859154929,
    "predict_airport_recall": 0.7527472527472527,
    "predict_artist/author_f1": 0.5246887075998281,
    "predict_artist/author_number": 3464,
    "predict_artist/author_precision": 0.5202952029520295,
    "predict_artist/author_recall": 0.5291570438799076,
    "predict_astronomything_f1": 0.571619812583668,
    "predict_astronomything_number": 678,
    "predict_astronomything_precision": 0.5232843137254902,
    "predict_astronomything_recall": 0.6297935103244838,
    "predict_athlete_f1": 0.6775678679155421,
    "predict_athlete_number": 2907,
    "predict_athlete_precision": 0.629127358490566,
    "predict_athlete_recall": 0.7340901272789818,
    "predict_attack/battle/war/militaryconflict_f1": 0.6146220570012391,
    "predict_attack/battle/war/militaryconflict_number": 1099,
    "predict_attack/battle/war/militaryconflict_precision": 0.5627836611195158,
    "predict_attack/battle/war/militaryconflict_recall": 0.6769790718835305,
    "predict_award_f1": 0.4750679963735267,
    "predict_award_number": 941,
    "predict_award_precision": 0.4142292490118577,
    "predict_award_recall": 0.5568544102019128,
    "predict_biologything_f1": 0.525096525096525,
    "predict_biologything_number": 1875,
    "predict_biologything_precision": 0.5074626865671642,
    "predict_biologything_recall": 0.544,
    "predict_bodiesofwater_f1": 0.6452938758734074,
    "predict_bodiesofwater_number": 1169,
    "predict_bodiesofwater_precision": 0.6210443037974683,
    "predict_bodiesofwater_recall": 0.6715141146278871,
    "predict_broadcastprogram_f1": 0.35532994923857864,
    "predict_broadcastprogram_number": 605,
    "predict_broadcastprogram_precision": 0.36395147313691506,
    "predict_broadcastprogram_recall": 0.34710743801652894,
    "predict_car_f1": 0.5313601127554615,
    "predict_car_number": 688,
    "predict_car_precision": 0.5157318741450069,
    "predict_car_recall": 0.5479651162790697,
    "predict_chemicalthing_f1": 0.4653916211293261,
    "predict_chemicalthing_number": 1014,
    "predict_chemicalthing_precision": 0.4323181049069374,
    "predict_chemicalthing_recall": 0.5039447731755424,
    "predict_company_f1": 0.5566906293353511,
    "predict_company_number": 3903,
    "predict_company_precision": 0.5481867858917039,
    "predict_company_recall": 0.5654624647706892,
    "predict_currency_f1": 0.6376638855780691,
    "predict_currency_number": 799,
    "predict_currency_precision": 0.608646188850967,
    "predict_currency_recall": 0.6695869837296621,
    "predict_director_f1": 0.5374907201187825,
    "predict_director_number": 554,
    "predict_director_precision": 0.45649432534678436,
    "predict_director_recall": 0.6534296028880866,
    "predict_disaster_f1": 0.39999999999999997,
    "predict_disaster_number": 207,
    "predict_disaster_precision": 0.3739495798319328,
    "predict_disaster_recall": 0.42995169082125606,
    "predict_disease_f1": 0.5485519591141397,
    "predict_disease_number": 750,
    "predict_disease_precision": 0.47774480712166173,
    "predict_disease_recall": 0.644,
    "predict_education_f1": 0.6718499885662017,
    "predict_education_number": 2082,
    "predict_education_precision": 0.6412047140986469,
    "predict_education_recall": 0.7055715658021133,
    "predict_educationaldegree_f1": 0.42345276872964166,
    "predict_educationaldegree_number": 367,
    "predict_educationaldegree_precision": 0.351985559566787,
    "predict_educationaldegree_recall": 0.5313351498637602,
    "predict_election_f1": 0.19025522041763343,
    "predict_election_number": 184,
    "predict_election_precision": 0.1659919028340081,
    "predict_election_recall": 0.22282608695652173,
    "predict_film_f1": 0.45041816009557945,
    "predict_film_number": 759,
    "predict_film_precision": 0.41202185792349727,
    "predict_film_recall": 0.49670619235836627,
    "predict_food_f1": 0.3983488132094943,
    "predict_food_number": 432,
    "predict_food_precision": 0.35940409683426444,
    "predict_food_recall": 0.44675925925925924,
    "predict_game_f1": 0.5267326732673268,
    "predict_game_number": 496,
    "predict_game_precision": 0.5175097276264592,
    "predict_game_recall": 0.5362903225806451,
    "predict_god_f1": 0.5129280223619846,
    "predict_god_number": 635,
    "predict_god_precision": 0.4610552763819096,
    "predict_god_recall": 0.5779527559055118,
    "predict_government/governmentagency_f1": 0.29082628497072216,
    "predict_government/governmentagency_number": 1535,
    "predict_government/governmentagency_precision": 0.290448343079922,
    "predict_government/governmentagency_recall": 0.29120521172638436,
    "predict_hospital_f1": 0.6202365308804206,
    "predict_hospital_number": 364,
    "predict_hospital_precision": 0.5944584382871536,
    "predict_hospital_recall": 0.6483516483516484,
    "predict_hotel_f1": 0.6177024482109228,
    "predict_hotel_number": 265,
    "predict_hotel_precision": 0.6165413533834586,
    "predict_hotel_recall": 0.6188679245283019,
    "predict_island_f1": 0.5444444444444445,
    "predict_island_number": 646,
    "predict_island_precision": 0.5586319218241043,
    "predict_island_recall": 0.5309597523219814,
    "predict_language_f1": 0.6165320074580485,
    "predict_language_number": 753,
    "predict_language_precision": 0.5794392523364486,
    "predict_language_recall": 0.6586985391766268,
    "predict_law_f1": 0.45528455284552843,
    "predict_law_number": 488,
    "predict_law_precision": 0.407108239095315,
    "predict_law_recall": 0.5163934426229508,
    "predict_library_f1": 0.6229086229086228,
    "predict_library_number": 357,
    "predict_library_precision": 0.5761904761904761,
    "predict_library_recall": 0.6778711484593838,
    "predict_livingthing_f1": 0.47677386421643697,
    "predict_livingthing_number": 865,
    "predict_livingthing_precision": 0.42687385740402195,
    "predict_livingthing_recall": 0.5398843930635838,
    "predict_loss": 0.6144930720329285,
    "predict_media/newspaper_f1": 0.5292825768667643,
    "predict_media/newspaper_number": 1234,
    "predict_media/newspaper_precision": 0.4826435246995995,
    "predict_media/newspaper_recall": 0.5858995137763371,
    "predict_medical_f1": 0.39678284182305634,
    "predict_medical_number": 397,
    "predict_medical_precision": 0.42406876790830944,
    "predict_medical_recall": 0.37279596977329976,
    "predict_mountain_f1": 0.5872576177285319,
    "predict_mountain_number": 681,
    "predict_mountain_precision": 0.5557011795543906,
    "predict_mountain_recall": 0.6226138032305433,
    "predict_music_f1": 0.4885231702035513,
    "predict_music_number": 1041,
    "predict_music_precision": 0.444794952681388,
    "predict_music_recall": 0.5417867435158501,
    "predict_other_f1": 0.45932309340953736,
    "predict_other_number": 21035,
    "predict_other_precision": 0.4330092183356484,
    "predict_other_recall": 0.4890420727359163,
    "predict_overall_accuracy": 0.9000123771244682,
    "predict_overall_f1": 0.5619259223087628,
    "predict_overall_precision": 0.5332783405781654,
    "predict_overall_recall": 0.5938261156751847,
    "predict_painting_f1": 0.1904761904761905,
    "predict_painting_number": 58,
    "predict_painting_precision": 0.15730337078651685,
    "predict_painting_recall": 0.2413793103448276,
    "predict_park_f1": 0.5375253549695741,