{
    "predict_GPE_f1": 0.7701082580298827,
    "predict_GPE_number": 20409,
    "predict_GPE_precision": 0.708465368945224,
    "predict_GPE_recall": 0.8435004164829242,
    "predict_actor_f1": 0.5940766550522648,
    "predict_actor_number": 1638,
    "predict_actor_precision": 0.5664451827242525,
    "predict_actor_recall": 0.6245421245421245,
    "predict_airplane_f1": 0.46408839779005523,
    "predict_airplane_number": 794,
    "predict_airplane_precision": 0.36574746008708275,
    "predict_airplane_recall": 0.6347607052896725,
    "predict_airport_f1": 0.0,
    "predict_airport_number": 364,
    "predict_airport_precision": 0.0,
    "predict_airport_recall": 0.0,
    "predict_artist/author_f1": 0.5123152709359606,
    "predict_artist/author_number": 3464,
    "predict_artist/author_precision": 0.4869927159209157,
    "predict_artist/author_recall": 0.5404157043879908,
    "predict_astronomything_f1": 0.40521564694082246,
    "predict_astronomything_number": 678,
    "predict_astronomything_precision": 0.6332288401253918,
    "predict_astronomything_recall": 0.29793510324483774,
    "predict_athlete_f1": 0.7885862516212712,
    "predict_athlete_number": 2907,
    "predict_athlete_precision": 0.7457835019932536,
    "predict_athlete_recall": 0.8366013071895425,
    "predict_attack/battle/war/militaryconflict_f1": 0.5834222696549272,
    "predict_attack/battle/war/militaryconflict_number": 1099,
    "predict_attack/battle/war/militaryconflict_precision": 0.47897196261682246,
    "predict_attack/battle/war/militaryconflict_recall": 0.7461328480436761,
    "predict_award_f1": 0.47959697732997486,
    "predict_award_number": 941,
    "predict_award_precision": 0.4559386973180077,
    "predict_award_recall": 0.5058448459086079,
    "predict_biologything_f1": 0.39635995955510617,
    "predict_biologything_number": 1875,
    "predict_biologything_precision": 0.3767419509851033,
    "predict_biologything_recall": 0.41813333333333336,
    "predict_bodiesofwater_f1": 0.578907435508346,
    "predict_bodiesofwater_number": 1169,
    "predict_bodiesofwater_precision": 0.520109066121336,
    "predict_bodiesofwater_recall": 0.6526946107784432,
    "predict_broadcastprogram_f1": 0.0065040650406504065,
    "predict_broadcastprogram_number": 605,
    "predict_broadcastprogram_precision": 0.2,
    "predict_broadcastprogram_recall": 0.003305785123966942,
    "predict_car_f1": 0.42721217887725976,
    "predict_car_number": 688,
    "predict_car_precision": 0.3175388967468175,
    "predict_car_recall": 0.6526162790697675,
    "predict_chemicalthing_f1": 0.3972750089637863,
    "predict_chemicalthing_number": 1014,
    "predict_chemicalthing_precision": 0.312112676056338,
    "predict_chemicalthing_recall": 0.5463510848126233,
    "predict_company_f1": 0.580019398642095,
    "predict_company_number": 3903,
    "predict_company_precision": 0.5005580357142857,
    "predict_company_recall": 0.6894696387394312,
    "predict_currency_f1": 0.28858447488584477,
    "predict_currency_number": 799,
    "predict_currency_precision": 0.5337837837837838,
    "predict_currency_recall": 0.19774718397997496,
    "predict_director_f1": 0.0,
    "predict_director_number": 554,
    "predict_director_precision": 0.0,
    "predict_director_recall": 0.0,
    "predict_disaster_f1": 0.0,
    "predict_disaster_number": 207,
    "predict_disaster_precision": 0.0,
    "predict_disaster_recall": 0.0,
    "predict_disease_f1": 0.27402135231316727,
    "predict_disease_number": 750,
    "predict_disease_precision": 0.4117647058823529,
    "predict_disease_recall": 0.20533333333333334,
    "predict_education_f1": 0.6939134256207428,
    "predict_education_number": 2082,
    "predict_education_precision": 0.6395301741595788,
    "predict_education_recall": 0.7584053794428435,
    "predict_educationaldegree_f1": 0.3865546218487395,
    "predict_educationaldegree_number": 367,
    "predict_educationaldegree_precision": 0.3976945244956772,
    "predict_educationaldegree_recall": 0.3760217983651226,
    "predict_election_f1": 0.0,
    "predict_election_number": 184,
    "predict_election_precision": 0.0,
    "predict_election_recall": 0.0,
    "predict_film_f1": 0.3227383863080685,
    "predict_film_number": 759,
    "predict_film_precision": 0.25660964230171074,
    "predict_film_recall": 0.43478260869565216,
    "predict_food_f1": 0.030303030303030304,
    "predict_food_number": 432,
    "predict_food_precision": 0.23333333333333334,
    "predict_food_recall": 0.016203703703703703,
    "predict_game_f1": 0.0,
    "predict_game_number": 496,
    "predict_game_precision": 0.0,
    "predict_game_recall": 0.0,
    "predict_god_f1": 0.0,
    "predict_god_number": 635,
    "predict_god_precision": 0.0,
    "predict_god_recall": 0.0,
    "predict_government/governmentagency_f1": 0.20427350427350427,
    "predict_government/governmentagency_number": 1535,
    "predict_government/governmentagency_precision": 0.2968944099378882,
    "predict_government/governmentagency_recall": 0.15570032573289902,
    "predict_hospital_f1": 0.3252336448598131,
    "predict_hospital_number": 364,
    "predict_hospital_precision": 0.5087719298245614,
    "predict_hospital_recall": 0.23901098901098902,
    "predict_hotel_f1": 0.0,
    "predict_hotel_number": 265,
    "predict_hotel_precision": 0.0,
    "predict_hotel_recall": 0.0,
    "predict_island_f1": 0.0,
    "predict_island_number": 646,
    "predict_island_precision": 0.0,
    "predict_island_recall": 0.0,
    "predict_language_f1": 0.45166163141993954,
    "predict_language_number": 753,
    "predict_language_precision": 0.5236427320490368,
    "predict_language_recall": 0.39707835325365204,
    "predict_law_f1": 0.4448246364414029,
    "predict_law_number": 488,
    "predict_law_precision": 0.38179148311306904,
    "predict_law_recall": 0.5327868852459017,
    "predict_library_f1": 0.0,
    "predict_library_number": 357,
    "predict_library_precision": 0.0,
    "predict_library_recall": 0.0,
    "predict_livingthing_f1": 0.3371428571428572,
    "predict_livingthing_number": 865,
    "predict_livingthing_precision": 0.3333333333333333,
    "predict_livingthing_recall": 0.34104046242774566,
    "predict_loss": 0.43633437156677246,
    "predict_media/newspaper_f1": 0.500554528650647,
    "predict_media/newspaper_number": 1234,
    "predict_media/newspaper_precision": 0.460231135282121,
    "predict_media/newspaper_recall": 0.5486223662884927,
    "predict_medical_f1": 0.0,
    "predict_medical_number": 397,
    "predict_medical_precision": 0.0,
    "predict_medical_recall": 0.0,
    "predict_mountain_f1": 0.48930710008554323,
    "predict_mountain_number": 681,
    "predict_mountain_precision": 0.5860655737704918,
    "predict_mountain_recall": 0.4199706314243759,
    "predict_music_f1": 0.556701030927835,
    "predict_music_number": 1041,
    "predict_music_precision": 0.47400405131667794,
    "predict_music_recall": 0.6743515850144092,
    "predict_other_f1": 0.4554686487187244,
    "predict_other_number": 21035,
    "predict_other_precision": 0.4174753436051808,
    "predict_other_recall": 0.5010696458283813,
    "predict_overall_accuracy": 0.8937619292679908,
    "predict_overall_f1": 0.5340963758819757,
    "predict_overall_precision": 0.5190921488408338,
    "predict_overall_recall": 0.5499938075382901,
    "predict_painting_f1": 0.0,
    "predict_painting_number": 58,
    "predict_painting_precision": 0.0,
    "predict_painting_recall": 0.0,
    "predict_park_f1": 0.0,
    "predict_park_number": 458,
    "predict_park_precision": 0.0,
    "predict_park_recall": 0.0,
    "predict_politicalparty_f1": 0.5861915367483297,
    "predict_politicalparty_number": 1057,
    "predict_politicalparty_precision": 0.5538720538720538,
    "predict_politicalparty_recall": 0.6225165562913907,
    "predict_politician_f1": 0.5463755458515285,
    "predict_politician_number": 2859,
    "predict_politician_precision": 0.5457083042568039,